label_id,kind,text,source,url
001e1185b2ad,district_311,"311 received 21,403 complaints about heat, hot water and other apartment conditions in our district from September 2025 through August 2026. That is the 13th highest rate per resident among the city's 59 community districts.","311 Service Requests, as counted for the planner",https://data.cityofnewyork.us/d/erm2-nwe9
00296f8c5f65,street_trees,"As of February 2025, NYC Parks' tree inventory listed 873 empty street tree beds in our district.","NYC Parks, Forestry Planting Spaces",https://data.cityofnewyork.us/d/82zj-84is
0029d4520f40,street_trees,"As of February 2025, NYC Parks' tree inventory listed 765 empty street tree beds in our district.","NYC Parks, Forestry Planting Spaces",https://data.cityofnewyork.us/d/82zj-84is
0061e27dd1a8,district_311,"311 received 4,076 complaints about litter, dumping and missed collection in our district from September 2025 through August 2026. That is the ninth highest number among the city's 59 community districts.","311 Service Requests, as counted for the planner",https://data.cityofnewyork.us/d/erm2-nwe9
00791ede395c@a78fed,school,"The School Construction Authority's latest Enrollment, Capacity and Utilization report shows 775 students at P.S. 105.","School Construction Authority, Enrollment, Capacity and Utilization",https://data.cityofnewyork.us/d/gkd7-3vk7
00815e9a4ba7@04061b,crashes,NYPD crash reports show 6 crashes at or near the intersection of Wyona Street and Livonia Avenue from June 2023 through May 2026. Those crashes injured 7 people.,"NYPD, Motor Vehicle Collisions",https://data.cityofnewyork.us/d/h9gi-nx95
009293bf2e19,district_311,"311 received 1,526 complaints about construction and illegal building use in our district from September 2025 through August 2026. That is the tenth highest number among the city's 59 community districts.","311 Service Requests, as counted for the planner",https://data.cityofnewyork.us/d/erm2-nwe9
00973065e1c5,district_311,311 received 940 complaints about sidewalks and curbs in our district from September 2025 through August 2026. That is the ninth highest number among the city's 59 community districts.,"311 Service Requests, as counted for the planner",https://data.cityofnewyork.us/d/erm2-nwe9
009d81e67132,district_311,"311 received 1,084 complaints about sewers, catch basins and flooding in our district from September 2025 through August 2026. That is the 14th highest rate per resident among the city's 59 community districts.","311 Service Requests, as counted for the planner",https://data.cityofnewyork.us/d/erm2-nwe9
00a3262d409d@4eb8b9,district_311,"311 received 1,491 complaints about sewers, catch basins and flooding in our district from September 2025 through August 2026. That is the highest rate per resident among the city's 59 community districts.","311 Service Requests, as counted for the planner",https://data.cityofnewyork.us/d/erm2-nwe9
00a3262d409d@4eb8b9,site_311,311 received 9 reports of street flooding or clogged catch basins along 128th Street between 116th Avenue and Rockaway Boulevard from September 2023 through August 2026.,311 Service Requests,https://data.cityofnewyork.us/d/erm2-nwe9
00a87b167ff2,district_311,"311 received 3,074 complaints about litter, dumping and missed collection in our district from September 2025 through August 2026. That is the 12th highest rate per resident among the city's 59 community districts.","311 Service Requests, as counted for the planner",https://data.cityofnewyork.us/d/erm2-nwe9
00dc3691e942,district_311,"311 received 1,194 complaints about sewers, catch basins and flooding in our district from September 2025 through August 2026. That is the 11th highest rate per resident among the city's 59 community districts. Two years earlier the number was 930.","311 Service Requests, as counted for the planner",https://data.cityofnewyork.us/d/erm2-nwe9
00df0e34c096@2277c2,district_311,311 received 660 complaints about rats and other pests in our district from September 2025 through August 2026. That is the fifth highest rate per resident among the city's 59 community districts.,"311 Service Requests, as counted for the planner",https://data.cityofnewyork.us/d/erm2-nwe9
00fa9d6092b3,park_inspection,NYC Parks inspectors rated Loreto Playground unacceptable overall in 2 of 5 inspections from August 2024 through July 2026.,"NYC Parks, Parks Inspection Program",https://data.cityofnewyork.us/d/yg3y-7juh
0105293e2016,district_311,"311 received 3,108 complaints about litter, dumping and missed collection in our district from September 2025 through August 2026. Two years earlier the number was 2,058.","311 Service Requests, as counted for the planner",https://data.cityofnewyork.us/d/erm2-nwe9
0109cb2d0258,district_311,"311 received 3,728 complaints about litter, dumping and missed collection in our district from September 2025 through August 2026. That is the 12th highest number among the city's 59 community districts.","311 Service Requests, as counted for the planner",https://data.cityofnewyork.us/d/erm2-nwe9
011969de5b4c,district_311,"311 received 3,977 requests for help for homeless people or about encampments in our district from September 2025 through August 2026. That is the seventh highest rate per resident among the city's 59 community districts. Two years earlier the number was 2,911.","311 Service Requests, as counted for the planner",https://data.cityofnewyork.us/d/erm2-nwe9
01355c506a6e,district_311,"311 received 3,074 complaints about litter, dumping and missed collection in our district from September 2025 through August 2026. That is the 12th highest rate per resident among the city's 59 community districts.","311 Service Requests, as counted for the planner",https://data.cityofnewyork.us/d/erm2-nwe9
016a1b80d28b,district_311,311 received 644 complaints about park maintenance in our district from September 2025 through August 2026. That is the tenth highest number among the city's 59 community districts.,"311 Service Requests, as counted for the planner",https://data.cityofnewyork.us/d/erm2-nwe9
01824bba9388,district_311,"311 received 1,194 complaints about sewers, catch basins and flooding in our district from September 2025 through August 2026. That is the 11th highest rate per resident among the city's 59 community districts. Two years earlier the number was 930.","311 Service Requests, as counted for the planner",https://data.cityofnewyork.us/d/erm2-nwe9
018f9b8203c2,district_311,"311 received 1,399 complaints about potholes and other street conditions in our district from September 2025 through August 2026. That is the 11th highest rate per resident among the city's 59 community districts. Two years earlier the number was 993.","311 Service Requests, as counted for the planner",https://data.cityofnewyork.us/d/erm2-nwe9
01a66d311988,district_311,"311 received 3,281 complaints about potholes and other street conditions in our district from September 2025 through August 2026. That is the third highest rate per resident among the city's 59 community districts. Two years earlier the number was 1,502.","311 Service Requests, as counted for the planner",https://data.cityofnewyork.us/d/erm2-nwe9
01b045753994,district_311,"311 received 5,004 requests for help for homeless people or about encampments in our district from September 2025 through August 2026. That is the sixth highest rate per resident among the city's 59 community districts.","311 Service Requests, as counted for the planner",https://data.cityofnewyork.us/d/erm2-nwe9
01bf3a634256,district_311,311 received 610 complaints about sidewalks and curbs in our district from September 2025 through August 2026. That is the 13th highest rate per resident among the city's 59 community districts.,"311 Service Requests, as counted for the planner",https://data.cityofnewyork.us/d/erm2-nwe9
01daf8c65e58@0b2426,crashes,"NYPD crash reports show 13 crashes at or near the intersection of Broadway and Quincy Street from June 2023 through May 2026. Those crashes injured 7 people, including 1 pedestrian and 1 cyclist.","NYPD, Motor Vehicle Collisions",https://data.cityofnewyork.us/d/h9gi-nx95
01dcd0215d06,park_inspection,NYC Parks inspectors rated Rosemary's Playground unacceptable overall in 2 of 5 inspections from August 2024 through July 2026. They rated its paved surfaces unacceptable in 2 of 5 inspections.,"NYC Parks, Parks Inspection Program",https://data.cityofnewyork.us/d/yg3y-7juh
01e1314520dd@0ca1b2,district_311,"311 received 4,782 complaints about potholes and other street conditions in our district from September 2025 through August 2026. That is the 13th highest rate per resident among the city's 59 community districts. Two years earlier the number was 2,431.","311 Service Requests, as counted for the planner",https://data.cityofnewyork.us/d/erm2-nwe9
01e1314520dd@e1b13c,district_311,"311 received 4,782 complaints about potholes and other street conditions in our district from September 2025 through August 2026. That is the 13th highest rate per resident among the city's 59 community districts. Two years earlier the number was 2,431.","311 Service Requests, as counted for the planner",https://data.cityofnewyork.us/d/erm2-nwe9
01e3ec0d539e,district_311,"311 received 1,330 complaints about rats and other pests in our district from September 2025 through August 2026. That is the fourth highest rate per resident among the city's 59 community districts.","311 Service Requests, as counted for the planner",https://data.cityofnewyork.us/d/erm2-nwe9
022d824d82de,district_311,311 received 431 complaints about street lights in our district from September 2025 through August 2026. Two years earlier the number was 208.,"311 Service Requests, as counted for the planner",https://data.cityofnewyork.us/d/erm2-nwe9
02436327eee2@f7d3dc,crashes,"NYPD crash reports show 28 crashes at or near the intersection of Ocean Avenue and Flatbush Avenue from June 2023 through May 2026. Those crashes injured 19 people, including 5 cyclists.","NYPD, Motor Vehicle Collisions",https://data.cityofnewyork.us/d/h9gi-nx95
02513e884a95,district_311,"311 received 7,879 noise complaints in our district from September 2025 through August 2026. That is the seventh highest rate per resident among the city's 59 community districts.","311 Service Requests, as counted for the planner",https://data.cityofnewyork.us/d/erm2-nwe9
025323a894d3,district_311,"311 received 2,821 complaints about litter, dumping and missed collection in our district from September 2025 through August 2026. Two years earlier the number was 2,149.","311 Service Requests, as counted for the planner",https://data.cityofnewyork.us/d/erm2-nwe9
02826477ea2b,district_311,"311 received 20,094 noise complaints in our district from September 2025 through August 2026. That is the 12th highest rate per resident among the city's 59 community districts.","311 Service Requests, as counted for the planner",https://data.cityofnewyork.us/d/erm2-nwe9
02dd3cf42416,district_311,311 received 780 complaints about sidewalks and curbs in our district from September 2025 through August 2026. Two years earlier the number was 602.,"311 Service Requests, as counted for the planner",https://data.cityofnewyork.us/d/erm2-nwe9
02efc84a491e,park_inspection,NYC Parks inspectors rated Harvey Park unacceptable overall in 2 of 5 inspections from August 2024 through July 2026.,"NYC Parks, Parks Inspection Program",https://data.cityofnewyork.us/d/yg3y-7juh
0300b823ab31,district_311,"311 received 22,687 complaints about illegal parking and blocked driveways in our district from September 2025 through August 2026. That is the ninth highest rate per resident among the city's 59 community districts.","311 Service Requests, as counted for the planner",https://data.cityofnewyork.us/d/erm2-nwe9
0308c7784cd5,district_311,311 received 940 complaints about sidewalks and curbs in our district from September 2025 through August 2026. That is the ninth highest number among the city's 59 community districts.,"311 Service Requests, as counted for the planner",https://data.cityofnewyork.us/d/erm2-nwe9
0312e1f34424,district_311,"311 received 540 complaints about sewers, catch basins and flooding in our district from September 2025 through August 2026. Two years earlier the number was 408.","311 Service Requests, as counted for the planner",https://data.cityofnewyork.us/d/erm2-nwe9
0314d565c5ed,district_311,"311 received 4,076 complaints about litter, dumping and missed collection in our district from September 2025 through August 2026. That is the ninth highest number among the city's 59 community districts.","311 Service Requests, as counted for the planner",https://data.cityofnewyork.us/d/erm2-nwe9
032f75a7697b@f597c0,school,"The School Construction Authority's latest Enrollment, Capacity and Utilization report shows P.S. 40 with 499 students, 110% of its target capacity.","School Construction Authority, Enrollment, Capacity and Utilization",https://data.cityofnewyork.us/d/gkd7-3vk7
03681ae11df3,district_311,"311 received 21,403 complaints about heat, hot water and other apartment conditions in our district from September 2025 through August 2026. That is the 13th highest rate per resident among the city's 59 community districts.","311 Service Requests, as counted for the planner",https://data.cityofnewyork.us/d/erm2-nwe9
038a0b711840,district_311,"311 received 1,309 complaints about potholes and other street conditions in our district from September 2025 through August 2026. Two years earlier the number was 1,020.","311 Service Requests, as counted for the planner",https://data.cityofnewyork.us/d/erm2-nwe9
039f6b7289b8,crashes,"NYPD crash reports show 311 crashes on 9th Avenue between West 34th Street and West 47th Street from June 2023 through May 2026. Those crashes injured 155 people, including 63 pedestrians and 38 cyclists, and killed 1 person.","NYPD, Motor Vehicle Collisions",https://data.cityofnewyork.us/d/h9gi-nx95
03c4003b8502,district_311,"311 received 1,884 complaints about litter, dumping and missed collection in our district from September 2025 through August 2026. That is the highest rate per resident among the city's 59 community districts.","311 Service Requests, as counted for the planner",https://data.cityofnewyork.us/d/erm2-nwe9
03d7364034cd,district_311,"311 received 4,980 complaints about litter, dumping and missed collection in our district from September 2025 through August 2026. That is the eighth highest rate per resident among the city's 59 community districts.","311 Service Requests, as counted for the planner",https://data.cityofnewyork.us/d/erm2-nwe9
04030a1b1442@09ed61,district_311,311 received 336 complaints about street lights in our district from September 2025 through August 2026. Two years earlier the number was 242.,"311 Service Requests, as counted for the planner",https://data.cityofnewyork.us/d/erm2-nwe9
04030a1b1442@2fb933,district_311,311 received 336 complaints about street lights in our district from September 2025 through August 2026. Two years earlier the number was 242.,"311 Service Requests, as counted for the planner",https://data.cityofnewyork.us/d/erm2-nwe9
041be080a074,district_311,"311 received 3,074 complaints about litter, dumping and missed collection in our district from September 2025 through August 2026. That is the 12th highest rate per resident among the city's 59 community districts.","311 Service Requests, as counted for the planner",https://data.cityofnewyork.us/d/erm2-nwe9
044dfdd3ab98,district_311,"311 received 4,182 complaints about litter, dumping and missed collection in our district from September 2025 through August 2026. That is the eighth highest number among the city's 59 community districts.","311 Service Requests, as counted for the planner",https://data.cityofnewyork.us/d/erm2-nwe9
048569d0a027@f9aaed,district_311,"311 received 1,366 complaints about sewers, catch basins and flooding in our district from September 2025 through August 2026. That is the seventh highest rate per resident among the city's 59 community districts.","311 Service Requests, as counted for the planner",https://data.cityofnewyork.us/d/erm2-nwe9
049af85fa8f0,park_inspection,NYC Parks inspectors rated Devoe Park unacceptable overall in 2 of 4 inspections from August 2024 through July 2026.,"NYC Parks, Parks Inspection Program",https://data.cityofnewyork.us/d/yg3y-7juh
049cd65e6d06,district_311,"311 received 5,230 complaints about potholes and other street conditions in our district from September 2025 through August 2026. That is the fourth highest rate per resident among the city's 59 community districts. Two years earlier the number was 3,022.","311 Service Requests, as counted for the planner",https://data.cityofnewyork.us/d/erm2-nwe9
04a9a49d02be,district_311,"311 received 248 complaints about sewers, catch basins and flooding in our district from September 2025 through August 2026. Two years earlier the number was 165.","311 Service Requests, as counted for the planner",https://data.cityofnewyork.us/d/erm2-nwe9
04bce7d218a7,district_311,311 received 558 complaints about rats and other pests in our district from September 2025 through August 2026. That is the 11th highest rate per resident among the city's 59 community districts.,"311 Service Requests, as counted for the planner",https://data.cityofnewyork.us/d/erm2-nwe9
04dc9eb90927,district_311,"311 received 21,403 complaints about heat, hot water and other apartment conditions in our district from September 2025 through August 2026. That is the 13th highest rate per resident among the city's 59 community districts.","311 Service Requests, as counted for the planner",https://data.cityofnewyork.us/d/erm2-nwe9
04ee4be251b3@23fa65,district_311,"311 received 1,366 complaints about sewers, catch basins and flooding in our district from September 2025 through August 2026. That is the seventh highest rate per resident among the city's 59 community districts.","311 Service Requests, as counted for the planner",https://data.cityofnewyork.us/d/erm2-nwe9
04ee4be251b3@23fa65,site_311,311 received 21 reports of street flooding or clogged catch basins along Avenue M between East 66th Street and Bergen Avenue from September 2023 through August 2026.,311 Service Requests,https://data.cityofnewyork.us/d/erm2-nwe9
0526313cf4ae,district_311,"311 received 7,829 complaints about abandoned and derelict vehicles in our district from September 2025 through August 2026. That is the highest rate per resident among the city's 59 community districts.","311 Service Requests, as counted for the planner",https://data.cityofnewyork.us/d/erm2-nwe9
054822e3a6ac@e4af69,district_311,"311 received 3,666 complaints about potholes and other street conditions in our district from September 2025 through August 2026. That is the seventh highest rate per resident among the city's 59 community districts. Two years earlier the number was 1,585.","311 Service Requests, as counted for the planner",https://data.cityofnewyork.us/d/erm2-nwe9
054822e3a6ac@e50cb5,district_311,"311 received 3,666 complaints about potholes and other street conditions in our district from September 2025 through August 2026. That is the seventh highest rate per resident among the city's 59 community districts. Two years earlier the number was 1,585.","311 Service Requests, as counted for the planner",https://data.cityofnewyork.us/d/erm2-nwe9
0565ebb9351b@c4d727,district_311,"311 received 540 complaints about sewers, catch basins and flooding in our district from September 2025 through August 2026. Two years earlier the number was 408.","311 Service Requests, as counted for the planner",https://data.cityofnewyork.us/d/erm2-nwe9
0593576abb2b,district_311,"311 received 4,076 complaints about litter, dumping and missed collection in our district from September 2025 through August 2026. That is the ninth highest number among the city's 59 community districts.","311 Service Requests, as counted for the planner",https://data.cityofnewyork.us/d/erm2-nwe9
059cd0fc4d6a@b979a4,district_311,"311 received 978 complaints about sewers, catch basins and flooding in our district from September 2025 through August 2026. That is the sixth highest rate per resident among the city's 59 community districts.","311 Service Requests, as counted for the planner",https://data.cityofnewyork.us/d/erm2-nwe9
05bc7d2cb950,district_311,"311 received 3,256 complaints about street trees in our district from September 2025 through August 2026. That is the ninth highest rate per resident among the city's 59 community districts.","311 Service Requests, as counted for the planner",https://data.cityofnewyork.us/d/erm2-nwe9
05f85b9c6f31,district_311,"311 received 1,884 complaints about litter, dumping and missed collection in our district from September 2025 through August 2026. That is the highest rate per resident among the city's 59 community districts.","311 Service Requests, as counted for the planner",https://data.cityofnewyork.us/d/erm2-nwe9
05fa017d4783,school,"The School Construction Authority's latest Enrollment, Capacity and Utilization report shows 591 students at P.S. 5.","School Construction Authority, Enrollment, Capacity and Utilization",https://data.cityofnewyork.us/d/gkd7-3vk7
0661f3eb3903,district_311,"311 received 754 complaints about sewers, catch basins and flooding in our district from September 2025 through August 2026. That is the 15th highest rate per resident among the city's 59 community districts.","311 Service Requests, as counted for the planner",https://data.cityofnewyork.us/d/erm2-nwe9
0691f2ca60fe@2c7496,district_311,"311 received 3,672 complaints about potholes and other street conditions in our district from September 2025 through August 2026. That is the second highest rate per resident among the city's 59 community districts. Two years earlier the number was 1,979.","311 Service Requests, as counted for the planner",https://data.cityofnewyork.us/d/erm2-nwe9
06ba7d551c44@b3426f,district_311,"311 received 1,188 complaints about sidewalks and curbs in our district from September 2025 through August 2026. That is the fourth highest rate per resident among the city's 59 community districts. Two years earlier the number was 836.","311 Service Requests, as counted for the planner",https://data.cityofnewyork.us/d/erm2-nwe9
06c161e0ada5,crashes,"NYPD crash reports show 19 crashes at or near the intersection of West Houston Street and West Street from June 2023 through May 2026. Those crashes injured 19 people, including 1 pedestrian and 2 cyclists.","NYPD, Motor Vehicle Collisions",https://data.cityofnewyork.us/d/h9gi-nx95
06f5427719df,district_311,311 received 504 complaints about park maintenance in our district from September 2025 through August 2026. Two years earlier the number was 296.,"311 Service Requests, as counted for the planner",https://data.cityofnewyork.us/d/erm2-nwe9
070b1e069eb6,district_311,"311 received 3,753 complaints about street trees in our district from September 2025 through August 2026. That is the second highest rate per resident among the city's 59 community districts.","311 Service Requests, as counted for the planner",https://data.cityofnewyork.us/d/erm2-nwe9
072a99f3d69c@fe8264,district_311,"311 received 4,027 complaints about litter, dumping and missed collection in our district from September 2025 through August 2026. That is the tenth highest rate per resident among the city's 59 community districts.","311 Service Requests, as counted for the planner",https://data.cityofnewyork.us/d/erm2-nwe9
07346c1d7fab@84322c,district_311,"311 received 1,366 complaints about sewers, catch basins and flooding in our district from September 2025 through August 2026. That is the seventh highest rate per resident among the city's 59 community districts.","311 Service Requests, as counted for the planner",https://data.cityofnewyork.us/d/erm2-nwe9
0740a7a2c428,district_311,"311 received 754 complaints about sewers, catch basins and flooding in our district from September 2025 through August 2026. That is the 15th highest rate per resident among the city's 59 community districts.","311 Service Requests, as counted for the planner",https://data.cityofnewyork.us/d/erm2-nwe9
07535ee19a37@0be838,district_311,"311 received 1,109 complaints about potholes and other street conditions in our district from September 2025 through August 2026. Two years earlier the number was 706.","311 Service Requests, as counted for the planner",https://data.cityofnewyork.us/d/erm2-nwe9
0775beadced1,district_311,"311 received 1,421 complaints about rats and other pests in our district from September 2025 through August 2026. That is the second highest rate per resident among the city's 59 community districts.","311 Service Requests, as counted for the planner",https://data.cityofnewyork.us/d/erm2-nwe9
078463ade8a9@adb601,crashes,"NYPD crash reports show 16 crashes at or near the intersection of Winthrop Street and Flatbush Avenue from June 2023 through May 2026. Those crashes injured 8 people, including 5 pedestrians and 1 cyclist.","NYPD, Motor Vehicle Collisions",https://data.cityofnewyork.us/d/h9gi-nx95
078463ade8a9@fb39d5,crashes,"NYPD crash reports show 65 crashes on Winthrop Street between Flatbush Avenue and Nostrand Avenue from June 2023 through May 2026. Those crashes injured 33 people, including 13 pedestrians and 3 cyclists.","NYPD, Motor Vehicle Collisions",https://data.cityofnewyork.us/d/h9gi-nx95
0785470052a7,district_311,311 received 397 complaints about street lights in our district from September 2025 through August 2026. Two years earlier the number was 315.,"311 Service Requests, as counted for the planner",https://data.cityofnewyork.us/d/erm2-nwe9
07b56cf18ad0@34293e,district_311,"311 received 1,366 complaints about sewers, catch basins and flooding in our district from September 2025 through August 2026. That is the seventh highest rate per resident among the city's 59 community districts.","311 Service Requests, as counted for the planner",https://data.cityofnewyork.us/d/erm2-nwe9
07b56cf18ad0@34293e,site_311,311 received 9 reports of street flooding or clogged catch basins within 300 feet of the intersection of Avenue M and East 66th Street from September 2023 through August 2026.,311 Service Requests,https://data.cityofnewyork.us/d/erm2-nwe9
07b742965083@6c5b8c,school,"The School Construction Authority's latest Enrollment, Capacity and Utilization report shows 436 students at P.S. 116.","School Construction Authority, Enrollment, Capacity and Utilization",https://data.cityofnewyork.us/d/gkd7-3vk7
07bf47f6701d,district_311,"311 received 2,590 complaints about litter, dumping and missed collection in our district from September 2025 through August 2026. That is the 11th highest rate per resident among the city's 59 community districts.","311 Service Requests, as counted for the planner",https://data.cityofnewyork.us/d/erm2-nwe9
07c9409a7d9d,district_311,"311 received 2,280 complaints about street trees in our district from September 2025 through August 2026. That is the 13th highest rate per resident among the city's 59 community districts.","311 Service Requests, as counted for the planner",https://data.cityofnewyork.us/d/erm2-nwe9
07cead9d3f6f,district_311,311 received 490 complaints about sidewalks and curbs in our district from September 2025 through August 2026. That is the third highest rate per resident among the city's 59 community districts.,"311 Service Requests, as counted for the planner",https://data.cityofnewyork.us/d/erm2-nwe9
07edf04bfdea,district_311,"311 received 5,367 requests for help for homeless people or about encampments in our district from September 2025 through August 2026. That is the fourth highest rate per resident among the city's 59 community districts. Two years earlier the number was 3,162.","311 Service Requests, as counted for the planner",https://data.cityofnewyork.us/d/erm2-nwe9
07f7184e5047@337719,district_311,"311 received 1,366 complaints about sewers, catch basins and flooding in our district from September 2025 through August 2026. That is the seventh highest rate per resident among the city's 59 community districts.","311 Service Requests, as counted for the planner",https://data.cityofnewyork.us/d/erm2-nwe9
07f83de91c4a,district_311,311 received 675 complaints about rats and other pests in our district from September 2025 through August 2026. That is the 11th highest number among the city's 59 community districts.,"311 Service Requests, as counted for the planner",https://data.cityofnewyork.us/d/erm2-nwe9
0812e3cfc989,district_311,"311 received 3,412 complaints about potholes and other street conditions in our district from September 2025 through August 2026. That is the fifth highest rate per resident among the city's 59 community districts. Two years earlier the number was 1,686.","311 Service Requests, as counted for the planner",https://data.cityofnewyork.us/d/erm2-nwe9
0816cbe810d8@5e8fad,crashes,"NYPD crash reports show 26 crashes at or near the intersection of Flatbush Avenue Extension and Willoughby Street from June 2023 through May 2026. Those crashes injured 13 people, including 5 pedestrians and 1 cyclist.","NYPD, Motor Vehicle Collisions",https://data.cityofnewyork.us/d/h9gi-nx95
081b2c9a5e08,district_311,"311 received 5,367 requests for help for homeless people or about encampments in our district from September 2025 through August 2026. That is the fourth highest rate per resident among the city's 59 community districts. Two years earlier the number was 3,162.","311 Service Requests, as counted for the planner",https://data.cityofnewyork.us/d/erm2-nwe9
0826880887f1,street_trees,"As of February 2025, NYC Parks' tree inventory listed 1,948 empty street tree beds in our district.","NYC Parks, Forestry Planting Spaces",https://data.cityofnewyork.us/d/82zj-84is
08ed15c9f8b7,district_311,"311 received 2,417 complaints about street trees in our district from September 2025 through August 2026. That is the 15th highest number among the city's 59 community districts.","311 Service Requests, as counted for the planner",https://data.cityofnewyork.us/d/erm2-nwe9
08f5a7d02b22,district_311,"311 received 2,058 complaints about potholes and other street conditions in our district from September 2025 through August 2026. Two years earlier the number was 1,223.","311 Service Requests, as counted for the planner",https://data.cityofnewyork.us/d/erm2-nwe9
090571fa32a0,district_311,"311 received 1,082 complaints about sewers, catch basins and flooding in our district from September 2025 through August 2026. That is the 13th highest rate per resident among the city's 59 community districts.","311 Service Requests, as counted for the planner",https://data.cityofnewyork.us/d/erm2-nwe9
0907374c887a@fc9f58,district_311,"311 received 11,838 complaints about illegal parking and blocked driveways in our district from September 2025 through August 2026. Two years earlier the number was 7,482.","311 Service Requests, as counted for the planner",https://data.cityofnewyork.us/d/erm2-nwe9
09186e3be187,park_inspection,NYC Parks inspectors rated Beach 30th Street Playground unacceptable overall in 3 of 5 inspections from August 2024 through July 2026. They rated its play equipment unacceptable in 2 of 5 inspections.,"NYC Parks, Parks Inspection Program",https://data.cityofnewyork.us/d/yg3y-7juh
0939f3613e3e,school,"The School Construction Authority's latest Enrollment, Capacity and Utilization report shows P.S. 56 with 357 students, 106% of its target capacity.","School Construction Authority, Enrollment, Capacity and Utilization",https://data.cityofnewyork.us/d/gkd7-3vk7
0943f2d8f4bf,district_311,"311 received 978 complaints about sewers, catch basins and flooding in our district from September 2025 through August 2026. That is the sixth highest rate per resident among the city's 59 community districts.","311 Service Requests, as counted for the planner",https://data.cityofnewyork.us/d/erm2-nwe9
096514018fd2,district_311,"311 received 978 complaints about sewers, catch basins and flooding in our district from September 2025 through August 2026. That is the sixth highest rate per resident among the city's 59 community districts.","311 Service Requests, as counted for the planner",https://data.cityofnewyork.us/d/erm2-nwe9
09775ab76421,district_311,311 received 484 complaints about rats and other pests in our district from September 2025 through August 2026. That is the 15th highest rate per resident among the city's 59 community districts.,"311 Service Requests, as counted for the planner",https://data.cityofnewyork.us/d/erm2-nwe9
09a491f47475,district_311,"311 received 4,358 complaints about potholes and other street conditions in our district from September 2025 through August 2026. That is the third highest number among the city's 59 community districts. Two years earlier the number was 2,854.","311 Service Requests, as counted for the planner",https://data.cityofnewyork.us/d/erm2-nwe9
09c7f9b9f199,district_311,"311 received 1,068 complaints about rats and other pests in our district from September 2025 through August 2026. That is the eighth highest rate per resident among the city's 59 community districts.","311 Service Requests, as counted for the planner",https://data.cityofnewyork.us/d/erm2-nwe9
09c90c037fa8,park_inspection,NYC Parks inspectors rated the play equipment at Newtown Playground unacceptable in 3 of 5 inspections from August 2024 through July 2026.,"NYC Parks, Parks Inspection Program",https://data.cityofnewyork.us/d/yg3y-7juh
09d8e145ce77,district_311,"311 received 1,884 complaints about litter, dumping and missed collection in our district from September 2025 through August 2026. That is the highest rate per resident among the city's 59 community districts.","311 Service Requests, as counted for the planner",https://data.cityofnewyork.us/d/erm2-nwe9
09e2398d0958,crashes,NYPD crash reports show 29 crashes at or near the intersection of 3rd Avenue and 17th Street from June 2023 through May 2026. Those crashes injured 22 people.,"NYPD, Motor Vehicle Collisions",https://data.cityofnewyork.us/d/h9gi-nx95
09e950aa42c3,crashes,"NYPD crash reports show 31 crashes at or near the intersection of Parkside Avenue and Flatbush Avenue from June 2023 through May 2026. Those crashes injured 22 people, including 12 pedestrians and 2 cyclists.","NYPD, Motor Vehicle Collisions",https://data.cityofnewyork.us/d/h9gi-nx95
09f87731d7b4,district_311,"311 received 34,621 noise complaints in our district from September 2025 through August 2026. That is the third highest rate per resident among the city's 59 community districts.","311 Service Requests, as counted for the planner",https://data.cityofnewyork.us/d/erm2-nwe9
0a029d5ed311@6ea632,crashes,"NYPD crash reports show 14 crashes at or near the intersection of 6th Avenue and West 8th Street from June 2023 through May 2026. Those crashes injured 13 people, including 7 pedestrians and 1 cyclist.","NYPD, Motor Vehicle Collisions",https://data.cityofnewyork.us/d/h9gi-nx95
0a18421baa49@50594c,district_311,"311 received 1,027 complaints about sidewalks and curbs in our district from September 2025 through August 2026. That is the 11th highest rate per resident among the city's 59 community districts.","311 Service Requests, as counted for the planner",https://data.cityofnewyork.us/d/erm2-nwe9
0a3272ee2182@3c6cad,district_311,"311 received 281 complaints about sewers, catch basins and flooding in our district from September 2025 through August 2026. Two years earlier the number was 208.","311 Service Requests, as counted for the planner",https://data.cityofnewyork.us/d/erm2-nwe9
0a59fa8f9a09,district_311,"311 received 2,527 complaints about potholes and other street conditions in our district from September 2025 through August 2026. That is the 14th highest number among the city's 59 community districts. Two years earlier the number was 1,189.","311 Service Requests, as counted for the planner",https://data.cityofnewyork.us/d/erm2-nwe9
0a6e78d3a6b2,district_311,"311 received 3,619 complaints about potholes and other street conditions in our district from September 2025 through August 2026. That is the ninth highest rate per resident among the city's 59 community districts. Two years earlier the number was 1,834.","311 Service Requests, as counted for the planner",https://data.cityofnewyork.us/d/erm2-nwe9
0a985d6ba72d@c7194f,district_311,"311 received 1,109 complaints about potholes and other street conditions in our district from September 2025 through August 2026. Two years earlier the number was 706.","311 Service Requests, as counted for the planner",https://data.cityofnewyork.us/d/erm2-nwe9
0aa449c8b97e@82bbde,crashes,"NYPD crash reports show 10 crashes at or near the intersection of Rogers Avenue and Lefferts Avenue from June 2023 through May 2026. Those crashes injured 11 people, including 1 pedestrian.","NYPD, Motor Vehicle Collisions",https://data.cityofnewyork.us/d/h9gi-nx95
0ac2a4749a24,street_trees,"As of February 2025, NYC Parks' tree inventory listed 700 empty street tree beds in our district.","NYC Parks, Forestry Planting Spaces",https://data.cityofnewyork.us/d/82zj-84is
0acf99f47cd5,district_311,"311 received 754 complaints about sewers, catch basins and flooding in our district from September 2025 through August 2026. That is the 15th highest rate per resident among the city's 59 community districts.","311 Service Requests, as counted for the planner",https://data.cityofnewyork.us/d/erm2-nwe9
0ae1dbcbdb7a,district_311,"311 received 2,590 complaints about litter, dumping and missed collection in our district from September 2025 through August 2026. That is the 11th highest rate per resident among the city's 59 community districts.","311 Service Requests, as counted for the planner",https://data.cityofnewyork.us/d/erm2-nwe9
0af052ab8dc9,district_311,311 received 504 complaints about park maintenance in our district from September 2025 through August 2026. Two years earlier the number was 296.,"311 Service Requests, as counted for the planner",https://data.cityofnewyork.us/d/erm2-nwe9
0b044a1787c2,park_inspection,NYC Parks inspectors rated Gorman Playground unacceptable overall in 2 of 5 inspections from August 2024 through July 2026.,"NYC Parks, Parks Inspection Program",https://data.cityofnewyork.us/d/yg3y-7juh
0b35b542613e,district_311,"311 received 594 complaints about sewers, catch basins and flooding in our district from September 2025 through August 2026. Two years earlier the number was 427.","311 Service Requests, as counted for the planner",https://data.cityofnewyork.us/d/erm2-nwe9
0b3df8d379fa,district_311,"311 received 1,020 complaints about sewers, catch basins and flooding in our district from September 2025 through August 2026. That is the 12th highest rate per resident among the city's 59 community districts. Two years earlier the number was 802.","311 Service Requests, as counted for the planner",https://data.cityofnewyork.us/d/erm2-nwe9
0bbadc39a6ec,district_311,"311 received 1,366 complaints about sewers, catch basins and flooding in our district from September 2025 through August 2026. That is the seventh highest rate per resident among the city's 59 community districts.","311 Service Requests, as counted for the planner",https://data.cityofnewyork.us/d/erm2-nwe9
0bbadc39a6ec@52703e,district_311,"311 received 1,366 complaints about sewers, catch basins and flooding in our district from September 2025 through August 2026. That is the seventh highest rate per resident among the city's 59 community districts.","311 Service Requests, as counted for the planner",https://data.cityofnewyork.us/d/erm2-nwe9
0be1f278b414,school,"The School Construction Authority's latest Enrollment, Capacity and Utilization report shows 184 students at P.S. 41.","School Construction Authority, Enrollment, Capacity and Utilization",https://data.cityofnewyork.us/d/gkd7-3vk7
0bf63b07d0b8@f77f8e,crashes,"NYPD crash reports show 10 crashes at or near the intersection of Bradford Street and Livonia Avenue from June 2023 through May 2026. Those crashes injured 4 people, including 1 pedestrian.","NYPD, Motor Vehicle Collisions",https://data.cityofnewyork.us/d/h9gi-nx95
0c03b64e4077,district_311,"311 received 1,084 complaints about sewers, catch basins and flooding in our district from September 2025 through August 2026. That is the 14th highest rate per resident among the city's 59 community districts.","311 Service Requests, as counted for the planner",https://data.cityofnewyork.us/d/erm2-nwe9
0c1ca3efaf67@8cdccb,district_311,"311 received 1,733 complaints about potholes and other street conditions in our district from September 2025 through August 2026. Two years earlier the number was 878.","311 Service Requests, as counted for the planner",https://data.cityofnewyork.us/d/erm2-nwe9
0c1ca3efaf67@ad0bb6,district_311,"311 received 1,733 complaints about potholes and other street conditions in our district from September 2025 through August 2026. Two years earlier the number was 878.","311 Service Requests, as counted for the planner",https://data.cityofnewyork.us/d/erm2-nwe9
0c664a9ad54a,district_311,"311 received 4,358 complaints about potholes and other street conditions in our district from September 2025 through August 2026. That is the third highest number among the city's 59 community districts. Two years earlier the number was 2,854.","311 Service Requests, as counted for the planner",https://data.cityofnewyork.us/d/erm2-nwe9
0c939ec22f4b,park_inspection,NYC Parks inspectors rated Rosemary's Playground unacceptable overall in 2 of 5 inspections from August 2024 through July 2026. They rated its paved surfaces unacceptable in 2 of 5 inspections.,"NYC Parks, Parks Inspection Program",https://data.cityofnewyork.us/d/yg3y-7juh
0ca091fe5cac,school,"The School Construction Authority's latest Enrollment, Capacity and Utilization report shows 591 students at P.S. 5.","School Construction Authority, Enrollment, Capacity and Utilization",https://data.cityofnewyork.us/d/gkd7-3vk7
0ca091fe5cac@357716,school,"The School Construction Authority's latest Enrollment, Capacity and Utilization report shows 591 students at P.S. 5.","School Construction Authority, Enrollment, Capacity and Utilization",https://data.cityofnewyork.us/d/gkd7-3vk7
0cc9152ce99a,district_311,"311 received 1,905 complaints about potholes and other street conditions in our district from September 2025 through August 2026. That is the highest rate per resident among the city's 59 community districts. Two years earlier the number was 1,516.","311 Service Requests, as counted for the planner",https://data.cityofnewyork.us/d/erm2-nwe9
0d01ccf63723,district_311,"311 received 1,147 complaints about sewers, catch basins and flooding in our district from September 2025 through August 2026. That is the seventh highest number among the city's 59 community districts.","311 Service Requests, as counted for the planner",https://data.cityofnewyork.us/d/erm2-nwe9
0d08c7fa128a,crashes,NYPD crash reports show 14 crashes on Vermont Street between Hegeman Avenue and New Lots Avenue from June 2023 through May 2026. Those crashes injured 7 people.,"NYPD, Motor Vehicle Collisions",https://data.cityofnewyork.us/d/h9gi-nx95
0d1605ccafbc,district_311,"311 received 4,782 complaints about potholes and other street conditions in our district from September 2025 through August 2026. That is the 13th highest rate per resident among the city's 59 community districts. Two years earlier the number was 2,431.","311 Service Requests, as counted for the planner",https://data.cityofnewyork.us/d/erm2-nwe9
0d19e596cac3,district_311,"311 received 1,068 complaints about rats and other pests in our district from September 2025 through August 2026. That is the eighth highest rate per resident among the city's 59 community districts.","311 Service Requests, as counted for the planner",https://data.cityofnewyork.us/d/erm2-nwe9
0d76f407aad2@0268f8,crashes,"NYPD crash reports show 9 crashes at or near the intersection of Washington Avenue and Montgomery Street from June 2023 through May 2026. Those crashes injured 3 people, including 1 pedestrian.","NYPD, Motor Vehicle Collisions",https://data.cityofnewyork.us/d/h9gi-nx95
0d76f407aad2@e1292d,crashes,"NYPD crash reports show 15 crashes on Washington Avenue between Montgomery Street and Sullivan Place from June 2023 through May 2026. Those crashes injured 4 people, including 1 pedestrian.","NYPD, Motor Vehicle Collisions",https://data.cityofnewyork.us/d/h9gi-nx95
0d795aa5b9ee,district_311,"311 received 3,728 complaints about litter, dumping and missed collection in our district from September 2025 through August 2026. That is the 12th highest number among the city's 59 community districts.","311 Service Requests, as counted for the planner",https://data.cityofnewyork.us/d/erm2-nwe9
0d89c6f7ceb1,school,"The School Construction Authority's latest Enrollment, Capacity and Utilization report shows P.S. 153 with 490 students, 101% of its target capacity.","School Construction Authority, Enrollment, Capacity and Utilization",https://data.cityofnewyork.us/d/gkd7-3vk7
0d89c6f7ceb1@c0b605,school,"The School Construction Authority's latest Enrollment, Capacity and Utilization report shows P.S. 153 with 490 students, 101% of its target capacity.","School Construction Authority, Enrollment, Capacity and Utilization",https://data.cityofnewyork.us/d/gkd7-3vk7
0d98622aba4c,district_311,"311 received 248 complaints about sewers, catch basins and flooding in our district from September 2025 through August 2026. Two years earlier the number was 165.","311 Service Requests, as counted for the planner",https://data.cityofnewyork.us/d/erm2-nwe9
0da81df735f2,district_311,"311 received 1,194 complaints about sewers, catch basins and flooding in our district from September 2025 through August 2026. That is the 11th highest rate per resident among the city's 59 community districts. Two years earlier the number was 930.","311 Service Requests, as counted for the planner",https://data.cityofnewyork.us/d/erm2-nwe9
0da81df735f2,site_311,311 received 30 reports of street flooding or clogged catch basins along 77th Avenue between 76th Street and 88th Street from September 2023 through August 2026.,311 Service Requests,https://data.cityofnewyork.us/d/erm2-nwe9
0dc7fe21a8f7,district_311,"311 received 2,095 requests for help for homeless people or about encampments in our district from September 2025 through August 2026. That is the tenth highest rate per resident among the city's 59 community districts.","311 Service Requests, as counted for the planner",https://data.cityofnewyork.us/d/erm2-nwe9
0dd7206cf4e7@736a17,school,"The School Construction Authority's latest Enrollment, Capacity and Utilization report shows P.S. 81 with 703 students, 137% of its target capacity.","School Construction Authority, Enrollment, Capacity and Utilization",https://data.cityofnewyork.us/d/gkd7-3vk7
0dd728d56c6d,district_311,311 received 836 complaints about rats and other pests in our district from September 2025 through August 2026. That is the third highest rate per resident among the city's 59 community districts.,"311 Service Requests, as counted for the planner",https://data.cityofnewyork.us/d/erm2-nwe9
0df01b58afac@0a96a5,district_311,"311 received 3,883 requests for help for homeless people or about encampments in our district from September 2025 through August 2026. That is the third highest rate per resident among the city's 59 community districts.","311 Service Requests, as counted for the planner",https://data.cityofnewyork.us/d/erm2-nwe9
0df140870014,district_311,"311 received 1,733 complaints about potholes and other street conditions in our district from September 2025 through August 2026. Two years earlier the number was 878.","311 Service Requests, as counted for the planner",https://data.cityofnewyork.us/d/erm2-nwe9
0df1d1175453@1663a2,district_311,"311 received 1,020 complaints about sewers, catch basins and flooding in our district from September 2025 through August 2026. That is the 12th highest rate per resident among the city's 59 community districts. Two years earlier the number was 802.","311 Service Requests, as counted for the planner",https://data.cityofnewyork.us/d/erm2-nwe9
0df94e7764e6,district_311,311 received 408 complaints about street lights in our district from September 2025 through August 2026. That is the fifth highest rate per resident among the city's 59 community districts.,"311 Service Requests, as counted for the planner",https://data.cityofnewyork.us/d/erm2-nwe9
0e05f536b573@0de720,district_311,"311 received 6,127 complaints about litter, dumping and missed collection in our district from September 2025 through August 2026. That is the seventh highest rate per resident among the city's 59 community districts.","311 Service Requests, as counted for the planner",https://data.cityofnewyork.us/d/erm2-nwe9
0e45af6aee5a@373199,district_311,311 received 968 complaints about street lights in our district from September 2025 through August 2026. That is the fourth highest rate per resident among the city's 59 community districts.,"311 Service Requests, as counted for the planner",https://data.cityofnewyork.us/d/erm2-nwe9
0e45af6aee5a@373199,site_311,311 received 68 reports of street lights out or damaged along Westchester Avenue between East Tremont Avenue and Castle Hill Avenue from September 2023 through August 2026.,311 Service Requests,https://data.cityofnewyork.us/d/erm2-nwe9
0e45af6aee5a@8c7839,district_311,311 received 968 complaints about street lights in our district from September 2025 through August 2026. That is the fourth highest rate per resident among the city's 59 community districts.,"311 Service Requests, as counted for the planner",https://data.cityofnewyork.us/d/erm2-nwe9
0e45af6aee5a@8c7839,site_311,311 received 5 reports of street lights out or damaged within 150 feet of the intersection of Westchester Avenue and East Tremont Avenue from September 2023 through August 2026.,311 Service Requests,https://data.cityofnewyork.us/d/erm2-nwe9
0e5540547712,district_311,311 received 402 complaints about street lights in our district from September 2025 through August 2026. Two years earlier the number was 275.,"311 Service Requests, as counted for the planner",https://data.cityofnewyork.us/d/erm2-nwe9
0ea2921174c6,district_311,"311 received 1,606 requests for help for homeless people or about encampments in our district from September 2025 through August 2026. That is the 13th highest rate per resident among the city's 59 community districts.","311 Service Requests, as counted for the planner",https://data.cityofnewyork.us/d/erm2-nwe9
0eb05d153f37,district_311,"311 received 411 complaints about sewers, catch basins and flooding in our district from September 2025 through August 2026. Two years earlier the number was 226.","311 Service Requests, as counted for the planner",https://data.cityofnewyork.us/d/erm2-nwe9
0ebf6c5f20b0,district_311,"311 received 2,590 complaints about litter, dumping and missed collection in our district from September 2025 through August 2026. That is the 11th highest rate per resident among the city's 59 community districts.","311 Service Requests, as counted for the planner",https://data.cityofnewyork.us/d/erm2-nwe9
0f22ba954229@f597c0,school,"The School Construction Authority's latest Enrollment, Capacity and Utilization report shows P.S. 40 with 499 students, 110% of its target capacity.","School Construction Authority, Enrollment, Capacity and Utilization",https://data.cityofnewyork.us/d/gkd7-3vk7
0f3ab611e3b5@ba434c,district_311,"311 received 540 complaints about sewers, catch basins and flooding in our district from September 2025 through August 2026. Two years earlier the number was 408.","311 Service Requests, as counted for the planner",https://data.cityofnewyork.us/d/erm2-nwe9
0f48c9dbbe67,park_inspection,NYC Parks inspectors rated the play equipment at Bensonhurst Park unacceptable in 2 of 5 inspections from August 2024 through July 2026.,"NYC Parks, Parks Inspection Program",https://data.cityofnewyork.us/d/yg3y-7juh
0f73f4c5df6f@43846e,crashes,"NYPD crash reports show 18 crashes at or near the intersection of Lincoln Road and Flatbush Avenue from June 2023 through May 2026. Those crashes injured 10 people, including 3 pedestrians and 1 cyclist.","NYPD, Motor Vehicle Collisions",https://data.cityofnewyork.us/d/h9gi-nx95
0f73f4c5df6f@f00dc5,crashes,"NYPD crash reports show 29 crashes on Lincoln Road between Flatbush Avenue and Ocean Avenue from June 2023 through May 2026. Those crashes injured 19 people, including 4 pedestrians and 2 cyclists.","NYPD, Motor Vehicle Collisions",https://data.cityofnewyork.us/d/h9gi-nx95
0f85bec2c608,district_311,"311 received 2,590 complaints about litter, dumping and missed collection in our district from September 2025 through August 2026. That is the 11th highest rate per resident among the city's 59 community districts.","311 Service Requests, as counted for the planner",https://data.cityofnewyork.us/d/erm2-nwe9
0f8bf33b5f4f,district_311,311 received 408 complaints about street lights in our district from September 2025 through August 2026. That is the fifth highest rate per resident among the city's 59 community districts.,"311 Service Requests, as counted for the planner",https://data.cityofnewyork.us/d/erm2-nwe9
0fcf89a00e4f@985212,district_311,311 received 904 complaints about sidewalks and curbs in our district from September 2025 through August 2026. That is the tenth highest number among the city's 59 community districts.,"311 Service Requests, as counted for the planner",https://data.cityofnewyork.us/d/erm2-nwe9
0fcf89a00e4f@f21aa2,district_311,311 received 904 complaints about sidewalks and curbs in our district from September 2025 through August 2026. That is the tenth highest number among the city's 59 community districts.,"311 Service Requests, as counted for the planner",https://data.cityofnewyork.us/d/erm2-nwe9
0fe2212922b5,district_311,"311 received 2,912 complaints about litter, dumping and missed collection in our district from September 2025 through August 2026. That is the ninth highest rate per resident among the city's 59 community districts.","311 Service Requests, as counted for the planner",https://data.cityofnewyork.us/d/erm2-nwe9
0ff8cb113148,park_inspection,NYC Parks inspectors rated the play equipment at Bensonhurst Park unacceptable in 2 of 5 inspections from August 2024 through July 2026.,"NYC Parks, Parks Inspection Program",https://data.cityofnewyork.us/d/yg3y-7juh
10038721e12b,school,"The School Construction Authority's latest Enrollment, Capacity and Utilization report shows 150 students at P.S. 971.","School Construction Authority, Enrollment, Capacity and Utilization",https://data.cityofnewyork.us/d/gkd7-3vk7
100b78bb990a@fc6add,district_311,311 received 195 requests for help for homeless people or about encampments in our district from September 2025 through August 2026. Two years earlier the number was 143.,"311 Service Requests, as counted for the planner",https://data.cityofnewyork.us/d/erm2-nwe9
101f7d6e3318,crashes,"NYPD crash reports show 73 crashes on Greenwich Avenue between 6th Avenue and 8th Avenue from June 2023 through May 2026. Those crashes injured 36 people, including 9 pedestrians and 18 cyclists, and killed 1 person.","NYPD, Motor Vehicle Collisions",https://data.cityofnewyork.us/d/h9gi-nx95
102676fc989a,district_311,"311 received 411 complaints about sewers, catch basins and flooding in our district from September 2025 through August 2026. Two years earlier the number was 226.","311 Service Requests, as counted for the planner",https://data.cityofnewyork.us/d/erm2-nwe9
104e48715fbc@1bea89,district_311,"311 received 5,230 complaints about potholes and other street conditions in our district from September 2025 through August 2026. That is the fourth highest rate per resident among the city's 59 community districts. Two years earlier the number was 3,022.","311 Service Requests, as counted for the planner",https://data.cityofnewyork.us/d/erm2-nwe9
104e48715fbc@1bea89,site_311,311 received 15 reports of street flooding or clogged catch basins along Commonwealth Boulevard between 87th Avenue and 88th Road from September 2023 through August 2026.,311 Service Requests,https://data.cityofnewyork.us/d/erm2-nwe9
1066ac6c80b7,district_311,311 received 732 complaints about street lights in our district from September 2025 through August 2026. That is the 13th highest number among the city's 59 community districts. Two years earlier the number was 574.,"311 Service Requests, as counted for the planner",https://data.cityofnewyork.us/d/erm2-nwe9
10675b1227b0,district_311,311 received 993 complaints about park maintenance in our district from September 2025 through August 2026. That is the third highest rate per resident among the city's 59 community districts.,"311 Service Requests, as counted for the planner",https://data.cityofnewyork.us/d/erm2-nwe9
10a552b85612,district_311,"311 received 362 complaints about sewers, catch basins and flooding in our district from September 2025 through August 2026. That is the ninth highest rate per resident among the city's 59 community districts. Two years earlier the number was 288.","311 Service Requests, as counted for the planner",https://data.cityofnewyork.us/d/erm2-nwe9
10d8c1a03257,street_trees,"As of February 2025, NYC Parks' tree inventory listed 1,928 empty street tree beds in our district.","NYC Parks, Forestry Planting Spaces",https://data.cityofnewyork.us/d/82zj-84is
10d9e5ec6f2b,district_311,"311 received 2,541 complaints about street trees in our district from September 2025 through August 2026. That is the tenth highest rate per resident among the city's 59 community districts.","311 Service Requests, as counted for the planner",https://data.cityofnewyork.us/d/erm2-nwe9
10f1dd2d9f19,crashes,"NYPD crash reports show 14 crashes at or near the intersection of White Plains Road and Lafayette Avenue from June 2023 through May 2026. Those crashes injured 8 people, including 3 pedestrians.","NYPD, Motor Vehicle Collisions",https://data.cityofnewyork.us/d/h9gi-nx95
10faee5cc343@6c9489,crashes,"NYPD crash reports show 123 crashes on Steinway Street between 30th Avenue and 34th Avenue from June 2023 through May 2026. Those crashes injured 88 people, including 22 pedestrians and 11 cyclists.","NYPD, Motor Vehicle Collisions",https://data.cityofnewyork.us/d/h9gi-nx95
1105ab732e0b@f26fe6,district_311,311 received 783 complaints about sidewalks and curbs in our district from September 2025 through August 2026. That is the 15th highest number among the city's 59 community districts.,"311 Service Requests, as counted for the planner",https://data.cityofnewyork.us/d/erm2-nwe9
1109b4aa1b77@e316d3,site_311,311 received 11 reports of street lights out or damaged along Union Turnpike between Woodhaven Boulevard and Myrtle Avenue from September 2023 through August 2026.,311 Service Requests,https://data.cityofnewyork.us/d/erm2-nwe9
110c806874a6,school,"The School Construction Authority's latest Enrollment, Capacity and Utilization report shows P.S. 51 with 436 students, 103% of its target capacity.","School Construction Authority, Enrollment, Capacity and Utilization",https://data.cityofnewyork.us/d/gkd7-3vk7
110d7adc29d1,district_311,"311 received 3,672 complaints about potholes and other street conditions in our district from September 2025 through August 2026. That is the second highest rate per resident among the city's 59 community districts. Two years earlier the number was 1,979.","311 Service Requests, as counted for the planner",https://data.cityofnewyork.us/d/erm2-nwe9
1125ecc7bd06@ceebab,school,"The School Construction Authority's latest Enrollment, Capacity and Utilization report shows P.S. 24 with 758 students, 107% of its target capacity.","School Construction Authority, Enrollment, Capacity and Utilization",https://data.cityofnewyork.us/d/gkd7-3vk7
112ef82796ed,district_311,"311 received 14,142 requests for help for homeless people or about encampments in our district from September 2025 through August 2026. That is the highest rate per resident among the city's 59 community districts.","311 Service Requests, as counted for the planner",https://data.cityofnewyork.us/d/erm2-nwe9
113447cd1e27,school,"The School Construction Authority's latest Enrollment, Capacity and Utilization report shows P.S. 173 with 898 students, 118% of its target capacity.","School Construction Authority, Enrollment, Capacity and Utilization",https://data.cityofnewyork.us/d/gkd7-3vk7
1138f426952c,school,"The School Construction Authority's latest Enrollment, Capacity and Utilization report shows P.S. 66 with 472 students, 142% of its target capacity.","School Construction Authority, Enrollment, Capacity and Utilization",https://data.cityofnewyork.us/d/gkd7-3vk7
117bd8b09f69,district_311,311 received 528 complaints about rats and other pests in our district from September 2025 through August 2026. That is the 13th highest rate per resident among the city's 59 community districts.,"311 Service Requests, as counted for the planner",https://data.cityofnewyork.us/d/erm2-nwe9
11a05a122058,street_trees,"As of February 2025, NYC Parks' tree inventory listed 1,928 empty street tree beds in our district.","NYC Parks, Forestry Planting Spaces",https://data.cityofnewyork.us/d/82zj-84is
11af891f2b2e,district_311,"311 received 4,308 complaints about litter, dumping and missed collection in our district from September 2025 through August 2026. That is the 13th highest rate per resident among the city's 59 community districts.","311 Service Requests, as counted for the planner",https://data.cityofnewyork.us/d/erm2-nwe9
11cba06eb1f6,district_311,311 received 841 complaints about street lights in our district from September 2025 through August 2026. That is the seventh highest number among the city's 59 community districts.,"311 Service Requests, as counted for the planner",https://data.cityofnewyork.us/d/erm2-nwe9
11f30ef1195b,district_311,"311 received 1,317 complaints about construction and illegal building use in our district from September 2025 through August 2026. That is the 15th highest number among the city's 59 community districts.","311 Service Requests, as counted for the planner",https://data.cityofnewyork.us/d/erm2-nwe9
121e050c36ae@288722,district_311,"311 received 625 complaints about sewers, catch basins and flooding in our district from September 2025 through August 2026. Two years earlier the number was 461.","311 Service Requests, as counted for the planner",https://data.cityofnewyork.us/d/erm2-nwe9
1233b0fceee1,district_311,"311 received 1,005 requests for help for homeless people or about encampments in our district from September 2025 through August 2026. That is the 14th highest rate per resident among the city's 59 community districts.","311 Service Requests, as counted for the planner",https://data.cityofnewyork.us/d/erm2-nwe9
1239351ddfac@1358fc,district_311,"311 received 2,590 complaints about litter, dumping and missed collection in our district from September 2025 through August 2026. That is the 11th highest rate per resident among the city's 59 community districts.","311 Service Requests, as counted for the planner",https://data.cityofnewyork.us/d/erm2-nwe9
1239351ddfac@8fb36d,district_311,"311 received 2,590 complaints about litter, dumping and missed collection in our district from September 2025 through August 2026. That is the 11th highest rate per resident among the city's 59 community districts.","311 Service Requests, as counted for the planner",https://data.cityofnewyork.us/d/erm2-nwe9
1239351ddfac@ae9df6,district_311,"311 received 2,590 complaints about litter, dumping and missed collection in our district from September 2025 through August 2026. That is the 11th highest rate per resident among the city's 59 community districts.","311 Service Requests, as counted for the planner",https://data.cityofnewyork.us/d/erm2-nwe9
1247a6316af9@d52d24,district_311,"311 received 4,027 complaints about litter, dumping and missed collection in our district from September 2025 through August 2026. That is the tenth highest rate per resident among the city's 59 community districts.","311 Service Requests, as counted for the planner",https://data.cityofnewyork.us/d/erm2-nwe9
1251541f96f2,district_311,"311 received 1,383 requests for help for homeless people or about encampments in our district from September 2025 through August 2026. That is the ninth highest rate per resident among the city's 59 community districts.","311 Service Requests, as counted for the planner",https://data.cityofnewyork.us/d/erm2-nwe9
125455358d49,park_inspection,NYC Parks inspectors rated the play equipment at Bensonhurst Park unacceptable in 2 of 5 inspections from August 2024 through July 2026.,"NYC Parks, Parks Inspection Program",https://data.cityofnewyork.us/d/yg3y-7juh
1257c878aff7,district_311,311 received 660 complaints about rats and other pests in our district from September 2025 through August 2026. That is the fifth highest rate per resident among the city's 59 community districts.,"311 Service Requests, as counted for the planner",https://data.cityofnewyork.us/d/erm2-nwe9
12585ea2276d,park_inspection,NYC Parks inspectors rated Mott Playground unacceptable overall in 3 of 5 inspections from August 2024 through July 2026.,"NYC Parks, Parks Inspection Program",https://data.cityofnewyork.us/d/yg3y-7juh
126474813055,district_311,"311 received 2,590 complaints about litter, dumping and missed collection in our district from September 2025 through August 2026. That is the 11th highest rate per resident among the city's 59 community districts.","311 Service Requests, as counted for the planner",https://data.cityofnewyork.us/d/erm2-nwe9
126b4ab35054@1ad1fa,district_311,"311 received 1,147 complaints about sewers, catch basins and flooding in our district from September 2025 through August 2026. That is the seventh highest number among the city's 59 community districts.","311 Service Requests, as counted for the planner",https://data.cityofnewyork.us/d/erm2-nwe9
1289d24b9af7,district_311,"311 received 248 complaints about sewers, catch basins and flooding in our district from September 2025 through August 2026. Two years earlier the number was 165.","311 Service Requests, as counted for the planner",https://data.cityofnewyork.us/d/erm2-nwe9
12a0c8f8b651@9a053d,district_311,311 received 841 complaints about street lights in our district from September 2025 through August 2026. That is the seventh highest number among the city's 59 community districts.,"311 Service Requests, as counted for the planner",https://data.cityofnewyork.us/d/erm2-nwe9
12a0c8f8b651@a100b3,district_311,311 received 841 complaints about street lights in our district from September 2025 through August 2026. That is the seventh highest number among the city's 59 community districts.,"311 Service Requests, as counted for the planner",https://data.cityofnewyork.us/d/erm2-nwe9
12c512ee72fe@8cdccb,district_311,"311 received 1,733 complaints about potholes and other street conditions in our district from September 2025 through August 2026. Two years earlier the number was 878.","311 Service Requests, as counted for the planner",https://data.cityofnewyork.us/d/erm2-nwe9
12d5d09010d8,district_311,"311 received 8,457 complaints about heat, hot water and other apartment conditions in our district from September 2025 through August 2026. Two years earlier the number was 5,815.","311 Service Requests, as counted for the planner",https://data.cityofnewyork.us/d/erm2-nwe9
12e6ff2a6735,district_311,311 received 504 complaints about park maintenance in our district from September 2025 through August 2026. Two years earlier the number was 296.,"311 Service Requests, as counted for the planner",https://data.cityofnewyork.us/d/erm2-nwe9
12ef947f68ae,school,"The School Construction Authority's latest Enrollment, Capacity and Utilization report shows 629 students at P.S. 11.","School Construction Authority, Enrollment, Capacity and Utilization",https://data.cityofnewyork.us/d/gkd7-3vk7
12fba0961352@a78242,district_311,"311 received 1,366 complaints about sewers, catch basins and flooding in our district from September 2025 through August 2026. That is the seventh highest rate per resident among the city's 59 community districts.","311 Service Requests, as counted for the planner",https://data.cityofnewyork.us/d/erm2-nwe9
13143196009a,district_311,"311 received 4,782 complaints about potholes and other street conditions in our district from September 2025 through August 2026. That is the 13th highest rate per resident among the city's 59 community districts. Two years earlier the number was 2,431.","311 Service Requests, as counted for the planner",https://data.cityofnewyork.us/d/erm2-nwe9
131e170ca935,school,"The School Construction Authority's latest Enrollment, Capacity and Utilization report shows 193 students at P.S. 129.","School Construction Authority, Enrollment, Capacity and Utilization",https://data.cityofnewyork.us/d/gkd7-3vk7
134cff3e08cc,district_311,"311 received 248 complaints about sewers, catch basins and flooding in our district from September 2025 through August 2026. Two years earlier the number was 165.","311 Service Requests, as counted for the planner",https://data.cityofnewyork.us/d/erm2-nwe9
135b1e874876,crashes,NYPD crash reports show 39 crashes at or near the intersection of 114th Street and Astoria Boulevard from June 2023 through May 2026. Those crashes injured 15 people.,"NYPD, Motor Vehicle Collisions",https://data.cityofnewyork.us/d/h9gi-nx95
1369ad35f8ba,school,"The School Construction Authority's latest Enrollment, Capacity and Utilization report shows 336 students at P.S. 198.","School Construction Authority, Enrollment, Capacity and Utilization",https://data.cityofnewyork.us/d/gkd7-3vk7
138891932928,district_311,"311 received 1,884 complaints about litter, dumping and missed collection in our district from September 2025 through August 2026. That is the highest rate per resident among the city's 59 community districts.","311 Service Requests, as counted for the planner",https://data.cityofnewyork.us/d/erm2-nwe9
13c05a60048b,crashes,"NYPD crash reports show 9 crashes at or near the intersection of Lincoln Road and Nostrand Avenue from June 2023 through May 2026. Those crashes injured 7 people, including 1 pedestrian.","NYPD, Motor Vehicle Collisions",https://data.cityofnewyork.us/d/h9gi-nx95
13dd0de36225,crashes,"NYPD crash reports show 18 crashes on South End Avenue between Liberty Street and West Thames Street from June 2023 through May 2026. Those crashes injured 14 people, including 6 pedestrians and 6 cyclists.","NYPD, Motor Vehicle Collisions",https://data.cityofnewyork.us/d/h9gi-nx95
1405e60a1b34@f6210a,district_311,"311 received 1,109 complaints about potholes and other street conditions in our district from September 2025 through August 2026. Two years earlier the number was 706.","311 Service Requests, as counted for the planner",https://data.cityofnewyork.us/d/erm2-nwe9
14182d2981fd@af2034,district_311,"311 received 4,027 complaints about litter, dumping and missed collection in our district from September 2025 through August 2026. That is the tenth highest rate per resident among the city's 59 community districts.","311 Service Requests, as counted for the planner",https://data.cityofnewyork.us/d/erm2-nwe9
1434bfa90974,district_311,311 received 443 complaints about park maintenance in our district from September 2025 through August 2026. That is the fourth highest rate per resident among the city's 59 community districts. Two years earlier the number was 262.,"311 Service Requests, as counted for the planner",https://data.cityofnewyork.us/d/erm2-nwe9
143a6ce21828,district_311,311 received 732 complaints about street lights in our district from September 2025 through August 2026. That is the 13th highest number among the city's 59 community districts. Two years earlier the number was 574.,"311 Service Requests, as counted for the planner",https://data.cityofnewyork.us/d/erm2-nwe9
144eae032e42,district_311,"311 received 22,687 complaints about illegal parking and blocked driveways in our district from September 2025 through August 2026. That is the ninth highest rate per resident among the city's 59 community districts.","311 Service Requests, as counted for the planner",https://data.cityofnewyork.us/d/erm2-nwe9
14c1d45c0241@fe3ecd,district_311,311 received 541 complaints about potholes and other street conditions in our district from September 2025 through August 2026. Two years earlier the number was 405.,"311 Service Requests, as counted for the planner",https://data.cityofnewyork.us/d/erm2-nwe9
14c6e70b89dd,park_inspection,NYC Parks inspectors rated Seward Park unacceptable overall in 4 of 5 inspections from August 2024 through July 2026. They rated its play equipment unacceptable in 3 of 5 inspections.,"NYC Parks, Parks Inspection Program",https://data.cityofnewyork.us/d/yg3y-7juh
14e01718b3fa,district_311,"311 received 1,194 complaints about sewers, catch basins and flooding in our district from September 2025 through August 2026. That is the 11th highest rate per resident among the city's 59 community districts. Two years earlier the number was 930.","311 Service Requests, as counted for the planner",https://data.cityofnewyork.us/d/erm2-nwe9
14e209bc62fc,district_311,311 received 408 complaints about street lights in our district from September 2025 through August 2026. That is the fifth highest rate per resident among the city's 59 community districts.,"311 Service Requests, as counted for the planner",https://data.cityofnewyork.us/d/erm2-nwe9
150cf84cc7c0@733404,street_trees,"As of February 2025, NYC Parks' tree inventory listed 369 empty street tree beds in our district.","NYC Parks, Forestry Planting Spaces",https://data.cityofnewyork.us/d/82zj-84is
151bbcf33f4a,street_trees,"As of February 2025, NYC Parks' tree inventory listed 2,284 empty street tree beds in our district.","NYC Parks, Forestry Planting Spaces",https://data.cityofnewyork.us/d/82zj-84is
1549dbafee38,district_311,311 received 408 complaints about street lights in our district from September 2025 through August 2026. That is the fifth highest rate per resident among the city's 59 community districts.,"311 Service Requests, as counted for the planner",https://data.cityofnewyork.us/d/erm2-nwe9
1549dbafee38,site_311,311 received 5 reports of street lights out or damaged along 47th Street between 5th Avenue and 6th Avenue from September 2023 through August 2026.,311 Service Requests,https://data.cityofnewyork.us/d/erm2-nwe9
1556ebee723b,district_311,"311 received 956 complaints about sewers, catch basins and flooding in our district from September 2025 through August 2026. That is the fifth highest rate per resident among the city's 59 community districts.","311 Service Requests, as counted for the planner",https://data.cityofnewyork.us/d/erm2-nwe9
1564f0766536,district_311,"311 received 2,197 complaints about potholes and other street conditions in our district from September 2025 through August 2026. That is the 15th highest rate per resident among the city's 59 community districts. Two years earlier the number was 1,197.","311 Service Requests, as counted for the planner",https://data.cityofnewyork.us/d/erm2-nwe9
156d4168f61e,district_311,"311 received 5,692 complaints about street trees in our district from September 2025 through August 2026. That is the highest rate per resident among the city's 59 community districts.","311 Service Requests, as counted for the planner",https://data.cityofnewyork.us/d/erm2-nwe9
157359644052,district_311,"311 received 1,945 complaints about construction and illegal building use in our district from September 2025 through August 2026. That is the ninth highest rate per resident among the city's 59 community districts.","311 Service Requests, as counted for the planner",https://data.cityofnewyork.us/d/erm2-nwe9
157833597e78,school,"The School Construction Authority's latest Enrollment, Capacity and Utilization report shows P.S. 60 with 922 students, 120% of its target capacity.","School Construction Authority, Enrollment, Capacity and Utilization",https://data.cityofnewyork.us/d/gkd7-3vk7
15bec23d01e5@714672,crashes,"NYPD crash reports show 15 crashes at or near the intersection of West 4th Street and 6th Avenue from June 2023 through May 2026. Those crashes injured 5 people, including 2 pedestrians and 2 cyclists, and killed 1 person.","NYPD, Motor Vehicle Collisions",https://data.cityofnewyork.us/d/h9gi-nx95
15ea16f66e69,district_311,"311 received 1,084 complaints about sewers, catch basins and flooding in our district from September 2025 through August 2026. That is the 14th highest rate per resident among the city's 59 community districts.","311 Service Requests, as counted for the planner",https://data.cityofnewyork.us/d/erm2-nwe9
163bb459d945,school,"The School Construction Authority's latest Enrollment, Capacity and Utilization report shows 532 students at P.S. 90.","School Construction Authority, Enrollment, Capacity and Utilization",https://data.cityofnewyork.us/d/gkd7-3vk7
16473ab48155,school,"The School Construction Authority's latest Enrollment, Capacity and Utilization report shows P.S. 175 with 278 students, 110% of its target capacity.","School Construction Authority, Enrollment, Capacity and Utilization",https://data.cityofnewyork.us/d/gkd7-3vk7
165e51b94b30@243943,district_311,311 received 940 complaints about sidewalks and curbs in our district from September 2025 through August 2026. That is the ninth highest number among the city's 59 community districts.,"311 Service Requests, as counted for the planner",https://data.cityofnewyork.us/d/erm2-nwe9
165e51b94b30@a79ab8,district_311,311 received 940 complaints about sidewalks and curbs in our district from September 2025 through August 2026. That is the ninth highest number among the city's 59 community districts.,"311 Service Requests, as counted for the planner",https://data.cityofnewyork.us/d/erm2-nwe9
1680876c12a2@352bb8,district_311,"311 received 1,194 complaints about sewers, catch basins and flooding in our district from September 2025 through August 2026. That is the 11th highest rate per resident among the city's 59 community districts. Two years earlier the number was 930.","311 Service Requests, as counted for the planner",https://data.cityofnewyork.us/d/erm2-nwe9
1680876c12a2@352bb8,site_311,311 received 30 reports of street flooding or clogged catch basins along 77th Avenue between 76th Street and 88th Street from September 2023 through August 2026.,311 Service Requests,https://data.cityofnewyork.us/d/erm2-nwe9
169292ad653a@758009,district_311,"311 received 5,230 complaints about potholes and other street conditions in our district from September 2025 through August 2026. That is the fourth highest rate per resident among the city's 59 community districts. Two years earlier the number was 3,022.","311 Service Requests, as counted for the planner",https://data.cityofnewyork.us/d/erm2-nwe9
16afda6f3d09,district_311,"311 received 8,457 complaints about heat, hot water and other apartment conditions in our district from September 2025 through August 2026. Two years earlier the number was 5,815.","311 Service Requests, as counted for the planner",https://data.cityofnewyork.us/d/erm2-nwe9
16b163be074e,district_311,311 received 940 complaints about sidewalks and curbs in our district from September 2025 through August 2026. That is the ninth highest number among the city's 59 community districts.,"311 Service Requests, as counted for the planner",https://data.cityofnewyork.us/d/erm2-nwe9
16ca7536883d,district_311,"311 received 1,020 complaints about sewers, catch basins and flooding in our district from September 2025 through August 2026. That is the 12th highest rate per resident among the city's 59 community districts. Two years earlier the number was 802.","311 Service Requests, as counted for the planner",https://data.cityofnewyork.us/d/erm2-nwe9
16ca7536883d,site_311,311 received 8 reports of street flooding or clogged catch basins along Shore Boulevard between Pembroke Street and West End Avenue from September 2023 through August 2026.,311 Service Requests,https://data.cityofnewyork.us/d/erm2-nwe9
16d8be4080a0,district_311,"311 received 6,127 complaints about litter, dumping and missed collection in our district from September 2025 through August 2026. That is the seventh highest rate per resident among the city's 59 community districts.","311 Service Requests, as counted for the planner",https://data.cityofnewyork.us/d/erm2-nwe9
17253be27a05,district_311,311 received 292 requests for help for homeless people or about encampments in our district from September 2025 through August 2026. Two years earlier the number was 130.,"311 Service Requests, as counted for the planner",https://data.cityofnewyork.us/d/erm2-nwe9
1745d0220815@727334,district_311,"311 received 1,436 complaints about park maintenance in our district from September 2025 through August 2026. That is the second highest rate per resident among the city's 59 community districts.","311 Service Requests, as counted for the planner",https://data.cityofnewyork.us/d/erm2-nwe9
174820401b7d,district_311,"311 received 3,666 complaints about potholes and other street conditions in our district from September 2025 through August 2026. That is the seventh highest rate per resident among the city's 59 community districts. Two years earlier the number was 1,585.","311 Service Requests, as counted for the planner",https://data.cityofnewyork.us/d/erm2-nwe9
177efb5bfc76,district_311,"311 received 30,360 complaints about heat, hot water and other apartment conditions in our district from September 2025 through August 2026. That is the 11th highest rate per resident among the city's 59 community districts. Two years earlier the number was 23,734.","311 Service Requests, as counted for the planner",https://data.cityofnewyork.us/d/erm2-nwe9
179345bad0ef,district_311,"311 received 1,383 requests for help for homeless people or about encampments in our district from September 2025 through August 2026. That is the ninth highest rate per resident among the city's 59 community districts.","311 Service Requests, as counted for the planner",https://data.cityofnewyork.us/d/erm2-nwe9
17c34c43f7fe@2df53d,crashes,"NYPD crash reports show 11 crashes at or near the intersection of Linden Boulevard and 195th Street from June 2023 through May 2026. Those crashes injured 8 people, including 2 cyclists.","NYPD, Motor Vehicle Collisions",https://data.cityofnewyork.us/d/h9gi-nx95
17d60c8e39ff@61f3c7,district_311,"311 received 1,366 complaints about sewers, catch basins and flooding in our district from September 2025 through August 2026. That is the seventh highest rate per resident among the city's 59 community districts.","311 Service Requests, as counted for the planner",https://data.cityofnewyork.us/d/erm2-nwe9
17d7f6eaf083@006630,crashes,"NYPD crash reports show 8 crashes at or near the intersection of South End Avenue and Liberty Street from June 2023 through May 2026. Those crashes injured 4 people, including 4 cyclists.","NYPD, Motor Vehicle Collisions",https://data.cityofnewyork.us/d/h9gi-nx95
17d7f6eaf083@6778b2,crashes,"NYPD crash reports show 18 crashes on South End Avenue between Liberty Street and West Thames Street from June 2023 through May 2026. Those crashes injured 14 people, including 6 pedestrians and 6 cyclists.","NYPD, Motor Vehicle Collisions",https://data.cityofnewyork.us/d/h9gi-nx95
1829e50b0c3b,district_311,"311 received 1,744 complaints about street trees in our district from September 2025 through August 2026. That is the 15th highest rate per resident among the city's 59 community districts.","311 Service Requests, as counted for the planner",https://data.cityofnewyork.us/d/erm2-nwe9
1829e50b0c3b,street_trees,"As of February 2025, NYC Parks' tree inventory listed 1,523 empty street tree beds in our district.","NYC Parks, Forestry Planting Spaces",https://data.cityofnewyork.us/d/82zj-84is
183bae88db0d,district_311,"311 received 3,412 complaints about potholes and other street conditions in our district from September 2025 through August 2026. That is the fifth highest rate per resident among the city's 59 community districts. Two years earlier the number was 1,686.","311 Service Requests, as counted for the planner",https://data.cityofnewyork.us/d/erm2-nwe9
185b6ae7f03d@aa5202,crashes,"NYPD crash reports show 198 crashes on 145th Street between Harlem River Drive and Bradhurst Avenue from June 2023 through May 2026. Those crashes injured 152 people, including 32 pedestrians and 30 cyclists.","NYPD, Motor Vehicle Collisions",https://data.cityofnewyork.us/d/h9gi-nx95
18a47d4b0ae2,district_311,311 received 490 complaints about sidewalks and curbs in our district from September 2025 through August 2026. That is the third highest rate per resident among the city's 59 community districts.,"311 Service Requests, as counted for the planner",https://data.cityofnewyork.us/d/erm2-nwe9
18bc6cf74ce5,district_311,"311 received 1,361 complaints about potholes and other street conditions in our district from September 2025 through August 2026. Two years earlier the number was 788.","311 Service Requests, as counted for the planner",https://data.cityofnewyork.us/d/erm2-nwe9
18bf929f3912@6b2ee2,school,"The School Construction Authority's latest Enrollment, Capacity and Utilization report shows 538 students at P.S. 33.","School Construction Authority, Enrollment, Capacity and Utilization",https://data.cityofnewyork.us/d/gkd7-3vk7
18c50d8b3a3c,district_311,"311 received 978 complaints about sewers, catch basins and flooding in our district from September 2025 through August 2026. That is the sixth highest rate per resident among the city's 59 community districts.","311 Service Requests, as counted for the planner",https://data.cityofnewyork.us/d/erm2-nwe9
18d4ebf9692f,district_311,"311 received 9,980 requests for help for homeless people or about encampments in our district from September 2025 through August 2026. That is the second highest rate per resident among the city's 59 community districts. Two years earlier the number was 6,541.","311 Service Requests, as counted for the planner",https://data.cityofnewyork.us/d/erm2-nwe9
1915e33bd43d@f9fe0d,district_311,311 received 654 complaints about sidewalks and curbs in our district from September 2025 through August 2026. That is the 12th highest rate per resident among the city's 59 community districts.,"311 Service Requests, as counted for the planner",https://data.cityofnewyork.us/d/erm2-nwe9
1918f9d413e9,district_311,311 received 813 complaints about rats and other pests in our district from September 2025 through August 2026. That is the seventh highest number among the city's 59 community districts.,"311 Service Requests, as counted for the planner",https://data.cityofnewyork.us/d/erm2-nwe9
192d3f9148cd,district_311,"311 received 1,194 complaints about sewers, catch basins and flooding in our district from September 2025 through August 2026. That is the 11th highest rate per resident among the city's 59 community districts. Two years earlier the number was 930.","311 Service Requests, as counted for the planner",https://data.cityofnewyork.us/d/erm2-nwe9
193591811aba,district_311,"311 received 978 complaints about sewers, catch basins and flooding in our district from September 2025 through August 2026. That is the sixth highest rate per resident among the city's 59 community districts.","311 Service Requests, as counted for the planner",https://data.cityofnewyork.us/d/erm2-nwe9
19564a598937@0ce767,district_311,"311 received 1,909 complaints about potholes and other street conditions in our district from September 2025 through August 2026. Two years earlier the number was 1,007.","311 Service Requests, as counted for the planner",https://data.cityofnewyork.us/d/erm2-nwe9
19564a598937@9b6b35,district_311,"311 received 1,909 complaints about potholes and other street conditions in our district from September 2025 through August 2026. Two years earlier the number was 1,007.","311 Service Requests, as counted for the planner",https://data.cityofnewyork.us/d/erm2-nwe9
1986444af5b4,district_311,"311 received 1,194 complaints about sewers, catch basins and flooding in our district from September 2025 through August 2026. That is the 11th highest rate per resident among the city's 59 community districts. Two years earlier the number was 930.","311 Service Requests, as counted for the planner",https://data.cityofnewyork.us/d/erm2-nwe9
199f0a985f6e,district_311,"311 received 4,071 complaints about litter, dumping and missed collection in our district from September 2025 through August 2026. That is the tenth highest number among the city's 59 community districts. Two years earlier the number was 3,088.","311 Service Requests, as counted for the planner",https://data.cityofnewyork.us/d/erm2-nwe9
19a9b12a6cb7,crashes,"NYPD crash reports show 9 crashes at or near the intersection of Washington Avenue and Montgomery Street from June 2023 through May 2026. Those crashes injured 3 people, including 1 pedestrian.","NYPD, Motor Vehicle Collisions",https://data.cityofnewyork.us/d/h9gi-nx95
19d8acaadd26@e8cf70,district_311,"311 received 4,027 complaints about litter, dumping and missed collection in our district from September 2025 through August 2026. That is the tenth highest rate per resident among the city's 59 community districts.","311 Service Requests, as counted for the planner",https://data.cityofnewyork.us/d/erm2-nwe9
19da1231d31f,district_311,"311 received 9,980 requests for help for homeless people or about encampments in our district from September 2025 through August 2026. That is the second highest rate per resident among the city's 59 community districts. Two years earlier the number was 6,541.","311 Service Requests, as counted for the planner",https://data.cityofnewyork.us/d/erm2-nwe9
19db1616684d,district_311,"311 received 978 complaints about sewers, catch basins and flooding in our district from September 2025 through August 2026. That is the sixth highest rate per resident among the city's 59 community districts.","311 Service Requests, as counted for the planner",https://data.cityofnewyork.us/d/erm2-nwe9
1a001f34ab57,school,"The School Construction Authority's latest Enrollment, Capacity and Utilization report shows P.S. 24 with 758 students, 107% of its target capacity.","School Construction Authority, Enrollment, Capacity and Utilization",https://data.cityofnewyork.us/d/gkd7-3vk7
1a21d19e314b,district_311,"311 received 1,675 complaints about potholes and other street conditions in our district from September 2025 through August 2026. Two years earlier the number was 1,092.","311 Service Requests, as counted for the planner",https://data.cityofnewyork.us/d/erm2-nwe9
1a3e8cd589c3@9274b1,district_311,"311 received 1,366 complaints about sewers, catch basins and flooding in our district from September 2025 through August 2026. That is the seventh highest rate per resident among the city's 59 community districts.","311 Service Requests, as counted for the planner",https://data.cityofnewyork.us/d/erm2-nwe9
1a3e8cd589c3@9274b1,site_311,311 received 19 reports of street flooding or clogged catch basins along Foster Avenue between Ralph Avenue and Rockaway Parkway from September 2023 through August 2026.,311 Service Requests,https://data.cityofnewyork.us/d/erm2-nwe9
1a5a080b53d1,district_311,"311 received 540 complaints about sewers, catch basins and flooding in our district from September 2025 through August 2026. Two years earlier the number was 408.","311 Service Requests, as counted for the planner",https://data.cityofnewyork.us/d/erm2-nwe9
1a5a080b53d1,site_311,311 received 11 reports of street flooding or clogged catch basins within 300 feet of the intersection of 111th Street and 44th Avenue from September 2023 through August 2026.,311 Service Requests,https://data.cityofnewyork.us/d/erm2-nwe9
1a742ed08da9,district_311,311 received 940 complaints about sidewalks and curbs in our district from September 2025 through August 2026. That is the ninth highest number among the city's 59 community districts.,"311 Service Requests, as counted for the planner",https://data.cityofnewyork.us/d/erm2-nwe9
1a789a95dc48,district_311,"311 received 754 complaints about sewers, catch basins and flooding in our district from September 2025 through August 2026. That is the 15th highest rate per resident among the city's 59 community districts.","311 Service Requests, as counted for the planner",https://data.cityofnewyork.us/d/erm2-nwe9
1ad1c56d13ad,district_311,"311 received 1,267 complaints about construction and illegal building use in our district from September 2025 through August 2026. That is the tenth highest rate per resident among the city's 59 community districts.","311 Service Requests, as counted for the planner",https://data.cityofnewyork.us/d/erm2-nwe9
1ae8d74dc60e,district_311,"311 received 34,621 noise complaints in our district from September 2025 through August 2026. That is the third highest rate per resident among the city's 59 community districts.","311 Service Requests, as counted for the planner",https://data.cityofnewyork.us/d/erm2-nwe9
1af0edec0534,district_311,311 received 993 complaints about park maintenance in our district from September 2025 through August 2026. That is the third highest rate per resident among the city's 59 community districts.,"311 Service Requests, as counted for the planner",https://data.cityofnewyork.us/d/erm2-nwe9
1b0e558e32f9,district_311,"311 received 3,074 complaints about litter, dumping and missed collection in our district from September 2025 through August 2026. That is the 12th highest rate per resident among the city's 59 community districts.","311 Service Requests, as counted for the planner",https://data.cityofnewyork.us/d/erm2-nwe9
1b18eb3dd1b6,district_311,"311 received 1,330 complaints about rats and other pests in our district from September 2025 through August 2026. That is the fourth highest rate per resident among the city's 59 community districts.","311 Service Requests, as counted for the planner",https://data.cityofnewyork.us/d/erm2-nwe9
1b2fad781a55,district_311,311 received 836 complaints about rats and other pests in our district from September 2025 through August 2026. That is the third highest rate per resident among the city's 59 community districts.,"311 Service Requests, as counted for the planner",https://data.cityofnewyork.us/d/erm2-nwe9
1b41ea20d506,district_311,"311 received 1,300 complaints about sidewalks and curbs in our district from September 2025 through August 2026. That is the highest rate per resident among the city's 59 community districts.","311 Service Requests, as counted for the planner",https://data.cityofnewyork.us/d/erm2-nwe9
1b448f802a1d@a80b78,district_311,311 received 992 complaints about sidewalks and curbs in our district from September 2025 through August 2026. That is the 15th highest rate per resident among the city's 59 community districts.,"311 Service Requests, as counted for the planner",https://data.cityofnewyork.us/d/erm2-nwe9
1b46f2de244a,district_311,"311 received 1,082 complaints about sewers, catch basins and flooding in our district from September 2025 through August 2026. That is the 13th highest rate per resident among the city's 59 community districts.","311 Service Requests, as counted for the planner",https://data.cityofnewyork.us/d/erm2-nwe9
1b881018a8d8,district_311,"311 received 4,358 complaints about potholes and other street conditions in our district from September 2025 through August 2026. That is the third highest number among the city's 59 community districts. Two years earlier the number was 2,854.","311 Service Requests, as counted for the planner",https://data.cityofnewyork.us/d/erm2-nwe9
1b89be03a4b5,district_311,"311 received 3,074 complaints about litter, dumping and missed collection in our district from September 2025 through August 2026. That is the 12th highest rate per resident among the city's 59 community districts.","311 Service Requests, as counted for the planner",https://data.cityofnewyork.us/d/erm2-nwe9
1b97dd7bfa7f,district_311,"311 received 10,648 complaints about heat, hot water and other apartment conditions in our district from September 2025 through August 2026. Two years earlier the number was 7,986.","311 Service Requests, as counted for the planner",https://data.cityofnewyork.us/d/erm2-nwe9
1bb8e3a73bcb@722c48,district_311,"311 received 4,750 complaints about litter, dumping and missed collection in our district from September 2025 through August 2026. That is the 15th highest rate per resident among the city's 59 community districts.","311 Service Requests, as counted for the planner",https://data.cityofnewyork.us/d/erm2-nwe9
1bb8e3a73bcb@f491dc,district_311,"311 received 4,750 complaints about litter, dumping and missed collection in our district from September 2025 through August 2026. That is the 15th highest rate per resident among the city's 59 community districts.","311 Service Requests, as counted for the planner",https://data.cityofnewyork.us/d/erm2-nwe9
1bc6f38a8ee0,district_311,"311 received 2,590 complaints about litter, dumping and missed collection in our district from September 2025 through August 2026. That is the 11th highest rate per resident among the city's 59 community districts.","311 Service Requests, as counted for the planner",https://data.cityofnewyork.us/d/erm2-nwe9
1bc9d8cd7d0b,district_311,"311 received 1,383 requests for help for homeless people or about encampments in our district from September 2025 through August 2026. That is the ninth highest rate per resident among the city's 59 community districts.","311 Service Requests, as counted for the planner",https://data.cityofnewyork.us/d/erm2-nwe9
1bdc6188ba5c,park_inspection,NYC Parks inspectors rated Dutch Kills Playground unacceptable overall in 2 of 5 inspections from August 2024 through July 2026.,"NYC Parks, Parks Inspection Program",https://data.cityofnewyork.us/d/yg3y-7juh
1bdc6188ba5c@8a0ab1,park_inspection,NYC Parks inspectors rated Dutch Kills Playground unacceptable overall in 2 of 5 inspections from August 2024 through July 2026.,"NYC Parks, Parks Inspection Program",https://data.cityofnewyork.us/d/yg3y-7juh
1bdc6188ba5c@956e24,park_inspection,NYC Parks inspectors rated Dutch Kills Playground unacceptable overall in 2 of 5 inspections from August 2024 through July 2026.,"NYC Parks, Parks Inspection Program",https://data.cityofnewyork.us/d/yg3y-7juh
1be026924932@7fdc3d,crashes,"NYPD crash reports show 109 crashes on 155th Street between Harlem River Drive and Bradhurst Avenue from June 2023 through May 2026. Those crashes injured 66 people, including 9 pedestrians and 5 cyclists.","NYPD, Motor Vehicle Collisions",https://data.cityofnewyork.us/d/h9gi-nx95
1bf0bf64f9f2,crashes,"NYPD crash reports show 17 crashes at or near the intersection of Brooklyn Avenue and Empire Boulevard from June 2023 through May 2026. Those crashes injured 8 people, including 1 pedestrian and 1 cyclist.","NYPD, Motor Vehicle Collisions",https://data.cityofnewyork.us/d/h9gi-nx95
1c0a26b1c532,district_311,311 received 884 requests for help for homeless people or about encampments in our district from September 2025 through August 2026. Two years earlier the number was 421.,"311 Service Requests, as counted for the planner",https://data.cityofnewyork.us/d/erm2-nwe9
1c3d1d71f116,district_311,"311 received 1,440 complaints about water mains, hydrants and water quality in our district from September 2025 through August 2026. Two years earlier the number was 962.","311 Service Requests, as counted for the planner",https://data.cityofnewyork.us/d/erm2-nwe9
1c3d9285208d@040557,crashes,"NYPD crash reports show 8 crashes at or near the intersection of New York Avenue and Maple Street from June 2023 through May 2026. Those crashes injured 3 people, including 1 cyclist.","NYPD, Motor Vehicle Collisions",https://data.cityofnewyork.us/d/h9gi-nx95
1c3d9285208d@283240,crashes,"NYPD crash reports show 8 crashes at or near the intersection of New York Avenue and Maple Street from June 2023 through May 2026. Those crashes injured 3 people, including 1 cyclist.","NYPD, Motor Vehicle Collisions",https://data.cityofnewyork.us/d/h9gi-nx95
1c5cfeeb9458@4d2baa,school,"The School Construction Authority's latest Enrollment, Capacity and Utilization report shows 146 students at P.S. 318.","School Construction Authority, Enrollment, Capacity and Utilization",https://data.cityofnewyork.us/d/gkd7-3vk7
1c7a4c1fa011,district_311,311 received 408 complaints about street lights in our district from September 2025 through August 2026. That is the fifth highest rate per resident among the city's 59 community districts.,"311 Service Requests, as counted for the planner",https://data.cityofnewyork.us/d/erm2-nwe9
1c8f9162dc53,district_311,"311 received 1,366 complaints about sewers, catch basins and flooding in our district from September 2025 through August 2026. That is the seventh highest rate per resident among the city's 59 community districts.","311 Service Requests, as counted for the planner",https://data.cityofnewyork.us/d/erm2-nwe9
1c90bda2bc76,school,"The School Construction Authority's latest Enrollment, Capacity and Utilization report shows 197 students at P.S. 63.","School Construction Authority, Enrollment, Capacity and Utilization",https://data.cityofnewyork.us/d/gkd7-3vk7
1ca2242e69d1,district_311,"311 received 3,247 complaints about street trees in our district from September 2025 through August 2026. That is the eighth highest rate per resident among the city's 59 community districts.","311 Service Requests, as counted for the planner",https://data.cityofnewyork.us/d/erm2-nwe9
1ca6327b09f5,district_311,"311 received 978 complaints about sewers, catch basins and flooding in our district from September 2025 through August 2026. That is the sixth highest rate per resident among the city's 59 community districts.","311 Service Requests, as counted for the planner",https://data.cityofnewyork.us/d/erm2-nwe9
1cb1b3ed2dc8,district_311,"311 received 1,393 complaints about potholes and other street conditions in our district from September 2025 through August 2026. Two years earlier the number was 798.","311 Service Requests, as counted for the planner",https://data.cityofnewyork.us/d/erm2-nwe9
1cf0bad2f722,district_311,"311 received 1,491 complaints about sewers, catch basins and flooding in our district from September 2025 through August 2026. That is the highest rate per resident among the city's 59 community districts.","311 Service Requests, as counted for the planner",https://data.cityofnewyork.us/d/erm2-nwe9
1d126c8eb58f,district_311,311 received 558 complaints about rats and other pests in our district from September 2025 through August 2026. That is the 11th highest rate per resident among the city's 59 community districts.,"311 Service Requests, as counted for the planner",https://data.cityofnewyork.us/d/erm2-nwe9
1d2b53f7b134,district_311,"311 received 2,590 complaints about litter, dumping and missed collection in our district from September 2025 through August 2026. That is the 11th highest rate per resident among the city's 59 community districts.","311 Service Requests, as counted for the planner",https://data.cityofnewyork.us/d/erm2-nwe9
1d3191c96b96@9565c9,school,"The School Construction Authority's latest Enrollment, Capacity and Utilization report shows 140 students at P.S. 287.","School Construction Authority, Enrollment, Capacity and Utilization",https://data.cityofnewyork.us/d/gkd7-3vk7
1d47a7c73c0b,school,"The School Construction Authority's latest Enrollment, Capacity and Utilization report shows P.S. 24 with 758 students, 107% of its target capacity.","School Construction Authority, Enrollment, Capacity and Utilization",https://data.cityofnewyork.us/d/gkd7-3vk7
1d5097c8dc01,district_311,"311 received 3,676 complaints about litter, dumping and missed collection in our district from September 2025 through August 2026. That is the third highest rate per resident among the city's 59 community districts.","311 Service Requests, as counted for the planner",https://data.cityofnewyork.us/d/erm2-nwe9
1d5a41025f30@e38e62,district_311,"311 received 1,399 complaints about potholes and other street conditions in our district from September 2025 through August 2026. That is the 11th highest rate per resident among the city's 59 community districts. Two years earlier the number was 993.","311 Service Requests, as counted for the planner",https://data.cityofnewyork.us/d/erm2-nwe9
1d5e1c6ffa45,district_311,"311 received 594 complaints about sewers, catch basins and flooding in our district from September 2025 through August 2026. Two years earlier the number was 427.","311 Service Requests, as counted for the planner",https://data.cityofnewyork.us/d/erm2-nwe9
1d5e2e3e40b4,district_311,"311 received 3,619 complaints about potholes and other street conditions in our district from September 2025 through August 2026. That is the ninth highest rate per resident among the city's 59 community districts. Two years earlier the number was 1,834.","311 Service Requests, as counted for the planner",https://data.cityofnewyork.us/d/erm2-nwe9
1d6630ed1054,district_311,"311 received 26,034 complaints about illegal parking and blocked driveways in our district from September 2025 through August 2026. That is the 12th highest rate per resident among the city's 59 community districts.","311 Service Requests, as counted for the planner",https://data.cityofnewyork.us/d/erm2-nwe9
1d78fe8642d6,park_inspection,NYC Parks inspectors rated Leif Ericson Park unacceptable overall in 3 of 6 inspections from August 2024 through July 2026.,"NYC Parks, Parks Inspection Program",https://data.cityofnewyork.us/d/yg3y-7juh
1d871d69113a,district_311,"311 received 2,095 requests for help for homeless people or about encampments in our district from September 2025 through August 2026. That is the tenth highest rate per resident among the city's 59 community districts.","311 Service Requests, as counted for the planner",https://data.cityofnewyork.us/d/erm2-nwe9
1d8b8269fce8@6b843c,crashes,NYPD crash reports show 10 crashes on Egan Street between Elton Street and Essex Street from June 2023 through May 2026. Those crashes injured 1 person.,"NYPD, Motor Vehicle Collisions",https://data.cityofnewyork.us/d/h9gi-nx95
1dbb6730092a,district_311,"311 received 34,621 noise complaints in our district from September 2025 through August 2026. That is the third highest rate per resident among the city's 59 community districts.","311 Service Requests, as counted for the planner",https://data.cityofnewyork.us/d/erm2-nwe9
1dd42861df8d,park_inspection,NYC Parks inspectors rated the safety surfacing at Benson Playground unacceptable in 2 of 6 inspections from August 2024 through July 2026.,"NYC Parks, Parks Inspection Program",https://data.cityofnewyork.us/d/yg3y-7juh
1df4ed1a5b5d,park_inspection,NYC Parks inspectors rated Leif Ericson Park unacceptable overall in 3 of 6 inspections from August 2024 through July 2026.,"NYC Parks, Parks Inspection Program",https://data.cityofnewyork.us/d/yg3y-7juh
1e20ce5f681e@adfce9,district_311,"311 received 2,590 complaints about litter, dumping and missed collection in our district from September 2025 through August 2026. That is the 11th highest rate per resident among the city's 59 community districts.","311 Service Requests, as counted for the planner",https://data.cityofnewyork.us/d/erm2-nwe9
1e4e90037e2e,district_311,311 received 718 complaints about street lights in our district from September 2025 through August 2026. That is the 14th highest number among the city's 59 community districts.,"311 Service Requests, as counted for the planner",https://data.cityofnewyork.us/d/erm2-nwe9
1e4f55c5adc8@238ca3,district_311,"311 received 1,536 complaints about water mains, hydrants and water quality in our district from September 2025 through August 2026. That is the 14th highest rate per resident among the city's 59 community districts. Two years earlier the number was 1,141.","311 Service Requests, as counted for the planner",https://data.cityofnewyork.us/d/erm2-nwe9
1e56958ab4fb,district_311,311 received 807 complaints about sidewalks and curbs in our district from September 2025 through August 2026. That is the 14th highest number among the city's 59 community districts.,"311 Service Requests, as counted for the planner",https://data.cityofnewyork.us/d/erm2-nwe9
1e8312fe3c5e@b802c9,crashes,"NYPD crash reports show 9 crashes at or near the intersection of Broadway and Lexington Avenue from June 2023 through May 2026. Those crashes injured 5 people, including 1 cyclist.","NYPD, Motor Vehicle Collisions",https://data.cityofnewyork.us/d/h9gi-nx95
1e868e179cf7@cda62e,district_311,"311 received 4,076 complaints about litter, dumping and missed collection in our district from September 2025 through August 2026. That is the ninth highest number among the city's 59 community districts.","311 Service Requests, as counted for the planner",https://data.cityofnewyork.us/d/erm2-nwe9
1e868e179cf7@de2de8,district_311,"311 received 4,076 complaints about litter, dumping and missed collection in our district from September 2025 through August 2026. That is the ninth highest number among the city's 59 community districts.","311 Service Requests, as counted for the planner",https://data.cityofnewyork.us/d/erm2-nwe9
1ea228d8c905,district_311,"311 received 1,399 complaints about potholes and other street conditions in our district from September 2025 through August 2026. That is the 11th highest rate per resident among the city's 59 community districts. Two years earlier the number was 993.","311 Service Requests, as counted for the planner",https://data.cityofnewyork.us/d/erm2-nwe9
1ea773f42203,district_311,311 received 691 complaints about sidewalks and curbs in our district from September 2025 through August 2026. That is the second highest rate per resident among the city's 59 community districts. Two years earlier the number was 422.,"311 Service Requests, as counted for the planner",https://data.cityofnewyork.us/d/erm2-nwe9
1eecb2ec21c1@1ce1b5,crashes,"NYPD crash reports show 22 crashes at or near the intersection of Castle Hill Avenue and East Tremont Avenue from June 2023 through May 2026. Those crashes injured 24 people, including 1 pedestrian and 1 cyclist.","NYPD, Motor Vehicle Collisions",https://data.cityofnewyork.us/d/h9gi-nx95
1f02d25cb97d,crashes,"NYPD crash reports show 13 crashes at or near the intersection of Metcalf Avenue and Watson Avenue from June 2023 through May 2026. Those crashes injured 8 people, including 2 pedestrians.","NYPD, Motor Vehicle Collisions",https://data.cityofnewyork.us/d/h9gi-nx95
1f069315455d,park_inspection,NYC Parks inspectors rated University Woods unacceptable overall in 4 of 5 inspections from August 2024 through July 2026.,"NYC Parks, Parks Inspection Program",https://data.cityofnewyork.us/d/yg3y-7juh
1f1d80dd8462,district_311,"311 received 3,573 complaints about street trees in our district from September 2025 through August 2026. That is the fifth highest number among the city's 59 community districts.","311 Service Requests, as counted for the planner",https://data.cityofnewyork.us/d/erm2-nwe9
1f246c4cb14e@e2b1ac,site_311,311 received 31 reports of sewer backups or manhole overflows along 10th Avenue between 77th Street and 86th Street from September 2023 through August 2026.,311 Service Requests,https://data.cityofnewyork.us/d/erm2-nwe9
1f475dccb0e6@5dc415,district_311,"311 received 1,366 complaints about sewers, catch basins and flooding in our district from September 2025 through August 2026. That is the seventh highest rate per resident among the city's 59 community districts.","311 Service Requests, as counted for the planner",https://data.cityofnewyork.us/d/erm2-nwe9
1f48b5926b2a,district_311,"311 received 5,004 requests for help for homeless people or about encampments in our district from September 2025 through August 2026. That is the sixth highest rate per resident among the city's 59 community districts.","311 Service Requests, as counted for the planner",https://data.cityofnewyork.us/d/erm2-nwe9
1f72fb1232c3,district_311,"311 received 2,095 requests for help for homeless people or about encampments in our district from September 2025 through August 2026. That is the tenth highest rate per resident among the city's 59 community districts.","311 Service Requests, as counted for the planner",https://data.cityofnewyork.us/d/erm2-nwe9
1f74938ba92c@8cdccb,crashes,"NYPD crash reports show 549 crashes on Broadway between Flushing Avenue and Saratoga Avenue from June 2023 through May 2026. Those crashes injured 319 people, including 75 pedestrians and 59 cyclists, and killed 3 people.","NYPD, Motor Vehicle Collisions",https://data.cityofnewyork.us/d/h9gi-nx95
1f74938ba92c@8cdccb,site_311,311 received 105 reports of street lights out or damaged along Broadway between Flushing Avenue and Saratoga Avenue from September 2023 through August 2026.,311 Service Requests,https://data.cityofnewyork.us/d/erm2-nwe9
1f9602f1f3ea,district_311,"311 received 3,281 complaints about potholes and other street conditions in our district from September 2025 through August 2026. That is the third highest rate per resident among the city's 59 community districts. Two years earlier the number was 1,502.","311 Service Requests, as counted for the planner",https://data.cityofnewyork.us/d/erm2-nwe9
1fd2cb2c14c3,school,"The School Construction Authority's latest Enrollment, Capacity and Utilization report shows 920 students at J.H.S. 190.","School Construction Authority, Enrollment, Capacity and Utilization",https://data.cityofnewyork.us/d/gkd7-3vk7
200247e305e5,district_311,"311 received 33,955 complaints about illegal parking and blocked driveways in our district from September 2025 through August 2026. That is the third highest rate per resident among the city's 59 community districts. Two years earlier the number was 26,438.","311 Service Requests, as counted for the planner",https://data.cityofnewyork.us/d/erm2-nwe9
201348a43d38,district_311,311 received 605 complaints about park maintenance in our district from September 2025 through August 2026. That is the 11th highest rate per resident among the city's 59 community districts. Two years earlier the number was 434.,"311 Service Requests, as counted for the planner",https://data.cityofnewyork.us/d/erm2-nwe9
2073421bdb07,school,"The School Construction Authority's latest Enrollment, Capacity and Utilization report shows 288 students at P.S. 212.","School Construction Authority, Enrollment, Capacity and Utilization",https://data.cityofnewyork.us/d/gkd7-3vk7
208b44d150f3,school,"The School Construction Authority's latest Enrollment, Capacity and Utilization report shows 346 students at P.S. 178.","School Construction Authority, Enrollment, Capacity and Utilization",https://data.cityofnewyork.us/d/gkd7-3vk7
209918ee4bd7,district_311,"311 received 3,845 complaints about potholes and other street conditions in our district from September 2025 through August 2026. That is the eighth highest rate per resident among the city's 59 community districts. Two years earlier the number was 2,634.","311 Service Requests, as counted for the planner",https://data.cityofnewyork.us/d/erm2-nwe9
20a51f96b987,district_311,"311 received 1,082 complaints about sewers, catch basins and flooding in our district from September 2025 through August 2026. That is the 13th highest rate per resident among the city's 59 community districts.","311 Service Requests, as counted for the planner",https://data.cityofnewyork.us/d/erm2-nwe9
210cd28c289d,district_311,"311 received 8,457 complaints about heat, hot water and other apartment conditions in our district from September 2025 through August 2026. Two years earlier the number was 5,815.","311 Service Requests, as counted for the planner",https://data.cityofnewyork.us/d/erm2-nwe9
21217b7db65b,district_311,"311 received 1,399 complaints about potholes and other street conditions in our district from September 2025 through August 2026. That is the 11th highest rate per resident among the city's 59 community districts. Two years earlier the number was 993.","311 Service Requests, as counted for the planner",https://data.cityofnewyork.us/d/erm2-nwe9
212ff72481d8@0360d4,district_311,311 received 408 complaints about street lights in our district from September 2025 through August 2026. That is the fifth highest rate per resident among the city's 59 community districts.,"311 Service Requests, as counted for the planner",https://data.cityofnewyork.us/d/erm2-nwe9
213b6f8f2fae,district_311,311 received 718 complaints about street lights in our district from September 2025 through August 2026. That is the 14th highest number among the city's 59 community districts.,"311 Service Requests, as counted for the planner",https://data.cityofnewyork.us/d/erm2-nwe9
215012868c45,district_311,"311 received 4,750 complaints about litter, dumping and missed collection in our district from September 2025 through August 2026. That is the 15th highest rate per resident among the city's 59 community districts.","311 Service Requests, as counted for the planner",https://data.cityofnewyork.us/d/erm2-nwe9
2153a58056c6@542ee6,crashes,"NYPD crash reports show 16 crashes on 38th Avenue between Main and Prince Streets from June 2023 through May 2026. Those crashes injured 7 people, including 4 pedestrians and 1 cyclist.","NYPD, Motor Vehicle Collisions",https://data.cityofnewyork.us/d/h9gi-nx95
2187efe732b2@ce51e1,district_311,"311 received 1,109 complaints about potholes and other street conditions in our district from September 2025 through August 2026. Two years earlier the number was 706.","311 Service Requests, as counted for the planner",https://data.cityofnewyork.us/d/erm2-nwe9
21d251304884@df3a45,crashes,"NYPD crash reports show 38 crashes at or near the intersection of Erskine Street and Seaview Avenue from June 2023 through May 2026. Those crashes injured 34 people, including 5 pedestrians.","NYPD, Motor Vehicle Collisions",https://data.cityofnewyork.us/d/h9gi-nx95
21f76d66ef3e@0c990e,district_311,"311 received 2,590 complaints about litter, dumping and missed collection in our district from September 2025 through August 2026. That is the 11th highest rate per resident among the city's 59 community districts.","311 Service Requests, as counted for the planner",https://data.cityofnewyork.us/d/erm2-nwe9
21f76d66ef3e@1e9709,district_311,"311 received 2,590 complaints about litter, dumping and missed collection in our district from September 2025 through August 2026. That is the 11th highest rate per resident among the city's 59 community districts.","311 Service Requests, as counted for the planner",https://data.cityofnewyork.us/d/erm2-nwe9
21f76d66ef3e@1ea10f,district_311,"311 received 2,590 complaints about litter, dumping and missed collection in our district from September 2025 through August 2026. That is the 11th highest rate per resident among the city's 59 community districts.","311 Service Requests, as counted for the planner",https://data.cityofnewyork.us/d/erm2-nwe9
21f76d66ef3e@c4e705,district_311,"311 received 2,590 complaints about litter, dumping and missed collection in our district from September 2025 through August 2026. That is the 11th highest rate per resident among the city's 59 community districts.","311 Service Requests, as counted for the planner",https://data.cityofnewyork.us/d/erm2-nwe9
2223a101ec31,district_311,"311 received 894 complaints about water mains, hydrants and water quality in our district from September 2025 through August 2026. That is the sixth highest rate per resident among the city's 59 community districts. Two years earlier the number was 591.","311 Service Requests, as counted for the planner",https://data.cityofnewyork.us/d/erm2-nwe9
223281e805f4,park_inspection,NYC Parks inspectors rated the play equipment at Power Playground unacceptable in 2 of 5 inspections from August 2024 through July 2026. They rated its benches unacceptable in 3 of 5 inspections.,"NYC Parks, Parks Inspection Program",https://data.cityofnewyork.us/d/yg3y-7juh
2249a229a7c6,school,"The School Construction Authority's latest Enrollment, Capacity and Utilization report shows 497 students at P.S. 130.","School Construction Authority, Enrollment, Capacity and Utilization",https://data.cityofnewyork.us/d/gkd7-3vk7
224ae3e94ac7,park_inspection,NYC Parks inspectors rated Seward Park unacceptable overall in 4 of 5 inspections from August 2024 through July 2026. They rated its play equipment unacceptable in 3 of 5 inspections.,"NYC Parks, Parks Inspection Program",https://data.cityofnewyork.us/d/yg3y-7juh
225bd816b1e3@5bd15d,district_311,"311 received 1,082 complaints about sewers, catch basins and flooding in our district from September 2025 through August 2026. That is the 13th highest rate per resident among the city's 59 community districts.","311 Service Requests, as counted for the planner",https://data.cityofnewyork.us/d/erm2-nwe9
225bd816b1e3@a11f55,district_311,"311 received 1,082 complaints about sewers, catch basins and flooding in our district from September 2025 through August 2026. That is the 13th highest rate per resident among the city's 59 community districts.","311 Service Requests, as counted for the planner",https://data.cityofnewyork.us/d/erm2-nwe9
2283086f9c85,district_311,"311 received 3,619 complaints about potholes and other street conditions in our district from September 2025 through August 2026. That is the ninth highest rate per resident among the city's 59 community districts. Two years earlier the number was 1,834.","311 Service Requests, as counted for the planner",https://data.cityofnewyork.us/d/erm2-nwe9
228fd2cd20c3@97f53a,district_311,"311 received 2,590 complaints about litter, dumping and missed collection in our district from September 2025 through August 2026. That is the 11th highest rate per resident among the city's 59 community districts.","311 Service Requests, as counted for the planner",https://data.cityofnewyork.us/d/erm2-nwe9
22aa094865dc@c22d16,site_311,311 received 10 reports of street lights out or damaged along Union Street between Nostrand Avenue and Brooklyn Avenue from September 2023 through August 2026.,311 Service Requests,https://data.cityofnewyork.us/d/erm2-nwe9
22b2d7ba4d51,park_inspection,NYC Parks inspectors rated Leif Ericson Park unacceptable overall in 3 of 6 inspections from August 2024 through July 2026.,"NYC Parks, Parks Inspection Program",https://data.cityofnewyork.us/d/yg3y-7juh
22b6b7a79036,district_311,"311 received 4,182 complaints about litter, dumping and missed collection in our district from September 2025 through August 2026. That is the eighth highest number among the city's 59 community districts.","311 Service Requests, as counted for the planner",https://data.cityofnewyork.us/d/erm2-nwe9
22bfa5202054,district_311,"311 received 9,980 requests for help for homeless people or about encampments in our district from September 2025 through August 2026. That is the second highest rate per resident among the city's 59 community districts. Two years earlier the number was 6,541.","311 Service Requests, as counted for the planner",https://data.cityofnewyork.us/d/erm2-nwe9
22fa3c98a903,school,"The School Construction Authority's latest Enrollment, Capacity and Utilization report shows 193 students at P.S. 129.","School Construction Authority, Enrollment, Capacity and Utilization",https://data.cityofnewyork.us/d/gkd7-3vk7
230fcceff2fd@fa5a86,school,"The School Construction Authority's latest Enrollment, Capacity and Utilization report shows 393 students at I.S. 45.","School Construction Authority, Enrollment, Capacity and Utilization",https://data.cityofnewyork.us/d/gkd7-3vk7
231e3377eabd,park_inspection,NYC Parks inspectors rated the athletic fields at Marx Brothers Playground unacceptable in 3 of 4 inspections from August 2024 through July 2026.,"NYC Parks, Parks Inspection Program",https://data.cityofnewyork.us/d/yg3y-7juh
232a2ebbf728,street_trees,"As of February 2025, NYC Parks' tree inventory listed 1,928 empty street tree beds in our district.","NYC Parks, Forestry Planting Spaces",https://data.cityofnewyork.us/d/82zj-84is
233493399bea,district_311,"311 received 1,366 complaints about sewers, catch basins and flooding in our district from September 2025 through August 2026. That is the seventh highest rate per resident among the city's 59 community districts.","311 Service Requests, as counted for the planner",https://data.cityofnewyork.us/d/erm2-nwe9
2356506a7583,district_311,311 received 558 complaints about rats and other pests in our district from September 2025 through August 2026. That is the 11th highest rate per resident among the city's 59 community districts.,"311 Service Requests, as counted for the planner",https://data.cityofnewyork.us/d/erm2-nwe9
236787962c2d@501a0e,crashes,"NYPD crash reports show 30 crashes on 11th Avenue between West 20th Street and West 23rd Street from June 2023 through May 2026. Those crashes injured 11 people, including 2 cyclists.","NYPD, Motor Vehicle Collisions",https://data.cityofnewyork.us/d/h9gi-nx95
2380c5a5248a@9154e9,district_311,"311 received 1,366 complaints about sewers, catch basins and flooding in our district from September 2025 through August 2026. That is the seventh highest rate per resident among the city's 59 community districts.","311 Service Requests, as counted for the planner",https://data.cityofnewyork.us/d/erm2-nwe9
2384985ce383@636480,district_311,"311 received 1,399 complaints about potholes and other street conditions in our district from September 2025 through August 2026. That is the 11th highest rate per resident among the city's 59 community districts. Two years earlier the number was 993.","311 Service Requests, as counted for the planner",https://data.cityofnewyork.us/d/erm2-nwe9
2384985ce383@f7fceb,district_311,"311 received 1,399 complaints about potholes and other street conditions in our district from September 2025 through August 2026. That is the 11th highest rate per resident among the city's 59 community districts. Two years earlier the number was 993.","311 Service Requests, as counted for the planner",https://data.cityofnewyork.us/d/erm2-nwe9
239f67b51613,school,"The School Construction Authority's latest Enrollment, Capacity and Utilization report shows 398 students at P.S. 111.","School Construction Authority, Enrollment, Capacity and Utilization",https://data.cityofnewyork.us/d/gkd7-3vk7
23d71d9fb397,district_311,"311 received 4,182 complaints about litter, dumping and missed collection in our district from September 2025 through August 2026. That is the eighth highest number among the city's 59 community districts.","311 Service Requests, as counted for the planner",https://data.cityofnewyork.us/d/erm2-nwe9
23e27c06ce2e,district_311,"311 received 2,590 complaints about litter, dumping and missed collection in our district from September 2025 through August 2026. That is the 11th highest rate per resident among the city's 59 community districts.","311 Service Requests, as counted for the planner",https://data.cityofnewyork.us/d/erm2-nwe9
23eac4b802bf,district_311,"311 received 22,687 complaints about illegal parking and blocked driveways in our district from September 2025 through August 2026. That is the ninth highest rate per resident among the city's 59 community districts.","311 Service Requests, as counted for the planner",https://data.cityofnewyork.us/d/erm2-nwe9
24323b5a07b4,district_311,"311 received 5,692 complaints about street trees in our district from September 2025 through August 2026. That is the highest rate per resident among the city's 59 community districts.","311 Service Requests, as counted for the planner",https://data.cityofnewyork.us/d/erm2-nwe9
2440db652897,district_311,"311 received 8,457 complaints about heat, hot water and other apartment conditions in our district from September 2025 through August 2026. Two years earlier the number was 5,815.","311 Service Requests, as counted for the planner",https://data.cityofnewyork.us/d/erm2-nwe9
24878893956c,district_311,"311 received 1,351 complaints about construction and illegal building use in our district from September 2025 through August 2026. That is the 14th highest number among the city's 59 community districts.","311 Service Requests, as counted for the planner",https://data.cityofnewyork.us/d/erm2-nwe9
248856b822c7,district_311,"311 received 2,095 requests for help for homeless people or about encampments in our district from September 2025 through August 2026. That is the tenth highest rate per resident among the city's 59 community districts.","311 Service Requests, as counted for the planner",https://data.cityofnewyork.us/d/erm2-nwe9
248d5419e6cb,district_311,"311 received 3,074 complaints about litter, dumping and missed collection in our district from September 2025 through August 2026. That is the 12th highest rate per resident among the city's 59 community districts.","311 Service Requests, as counted for the planner",https://data.cityofnewyork.us/d/erm2-nwe9
249b20badc85,district_311,"311 received 1,884 complaints about litter, dumping and missed collection in our district from September 2025 through August 2026. That is the highest rate per resident among the city's 59 community districts.","311 Service Requests, as counted for the planner",https://data.cityofnewyork.us/d/erm2-nwe9
249d42ab7702@b833a7,district_311,"311 received 1,084 complaints about sewers, catch basins and flooding in our district from September 2025 through August 2026. That is the 14th highest rate per resident among the city's 59 community districts.","311 Service Requests, as counted for the planner",https://data.cityofnewyork.us/d/erm2-nwe9
24c906adf5e0,district_311,311 received 884 requests for help for homeless people or about encampments in our district from September 2025 through August 2026. Two years earlier the number was 421.,"311 Service Requests, as counted for the planner",https://data.cityofnewyork.us/d/erm2-nwe9
24fca2155e2e,district_311,"311 received 2,465 complaints about street trees in our district from September 2025 through August 2026. That is the sixth highest rate per resident among the city's 59 community districts.","311 Service Requests, as counted for the planner",https://data.cityofnewyork.us/d/erm2-nwe9
25265a5e64d2,park_access,"By NYC Parks' Walk to a Park measure, about 28,300 of our district's residents, or 21%, live beyond walking distance of a park. Citywide the share is 16%.","NYC Parks, Walk to a Park Service Area, with 2020 Census blocks",https://data.cityofnewyork.us/d/99ii-hwh9
252ec71e8ac4,district_311,"311 received 3,634 complaints about litter, dumping and missed collection in our district from September 2025 through August 2026. That is the 14th highest number among the city's 59 community districts.","311 Service Requests, as counted for the planner",https://data.cityofnewyork.us/d/erm2-nwe9
25405ac1b705,school,"The School Construction Authority's latest Enrollment, Capacity and Utilization report shows P.S. 24 with 758 students, 107% of its target capacity.","School Construction Authority, Enrollment, Capacity and Utilization",https://data.cityofnewyork.us/d/gkd7-3vk7
255b5d4b2cfa,crashes,NYPD crash reports show 4 crashes at or near the intersection of East 38th Street and Glenwood Road from June 2023 through May 2026. Those crashes injured 1 person.,"NYPD, Motor Vehicle Collisions",https://data.cityofnewyork.us/d/h9gi-nx95
25662c4ebf63@6fc8aa,crashes,"NYPD crash reports show 9 crashes at or near the intersection of 11th Avenue and West 20th Street from June 2023 through May 2026. Those crashes injured 2 people, including 1 cyclist.","NYPD, Motor Vehicle Collisions",https://data.cityofnewyork.us/d/h9gi-nx95
256743a491c6@476b2c,district_311,311 received 614 complaints about sidewalks and curbs in our district from September 2025 through August 2026. That is the 14th highest rate per resident among the city's 59 community districts.,"311 Service Requests, as counted for the planner",https://data.cityofnewyork.us/d/erm2-nwe9
256743a491c6@c18445,district_311,311 received 614 complaints about sidewalks and curbs in our district from September 2025 through August 2026. That is the 14th highest rate per resident among the city's 59 community districts.,"311 Service Requests, as counted for the planner",https://data.cityofnewyork.us/d/erm2-nwe9
256aab8cdea0,district_311,"311 received 754 complaints about sewers, catch basins and flooding in our district from September 2025 through August 2026. That is the 15th highest rate per resident among the city's 59 community districts.","311 Service Requests, as counted for the planner",https://data.cityofnewyork.us/d/erm2-nwe9
258b3a8279b1,district_311,"311 received 6,539 complaints about heat, hot water and other apartment conditions in our district from September 2025 through August 2026. Two years earlier the number was 5,192.","311 Service Requests, as counted for the planner",https://data.cityofnewyork.us/d/erm2-nwe9
25ebd35286da,district_311,"311 received 3,074 complaints about litter, dumping and missed collection in our district from September 2025 through August 2026. That is the 12th highest rate per resident among the city's 59 community districts.","311 Service Requests, as counted for the planner",https://data.cityofnewyork.us/d/erm2-nwe9
25f1eadd97fc@8d2e21,district_311,"311 received 281 complaints about sewers, catch basins and flooding in our district from September 2025 through August 2026. Two years earlier the number was 208.","311 Service Requests, as counted for the planner",https://data.cityofnewyork.us/d/erm2-nwe9
265427890b66,district_311,311 received 513 complaints about park maintenance in our district from September 2025 through August 2026. That is the 12th highest rate per resident among the city's 59 community districts.,"311 Service Requests, as counted for the planner",https://data.cityofnewyork.us/d/erm2-nwe9
266c87d8e9f2,district_311,"311 received 1,516 requests for help for homeless people or about encampments in our district from September 2025 through August 2026. That is the eighth highest rate per resident among the city's 59 community districts.","311 Service Requests, as counted for the planner",https://data.cityofnewyork.us/d/erm2-nwe9
266e2a39e5c5@44ec12,district_311,"311 received 1,733 complaints about potholes and other street conditions in our district from September 2025 through August 2026. Two years earlier the number was 878.","311 Service Requests, as counted for the planner",https://data.cityofnewyork.us/d/erm2-nwe9
26a582930455,district_311,"311 received 1,311 complaints about water mains, hydrants and water quality in our district from September 2025 through August 2026. Two years earlier the number was 751.","311 Service Requests, as counted for the planner",https://data.cityofnewyork.us/d/erm2-nwe9
26d423950797,district_311,"311 received 1,538 complaints about potholes and other street conditions in our district from September 2025 through August 2026. Two years earlier the number was 1,044.","311 Service Requests, as counted for the planner",https://data.cityofnewyork.us/d/erm2-nwe9
26dada54c3d1,district_311,"311 received 41,429 complaints about heat, hot water and other apartment conditions in our district from September 2025 through August 2026. That is the highest rate per resident among the city's 59 community districts.","311 Service Requests, as counted for the planner",https://data.cityofnewyork.us/d/erm2-nwe9
26fb1f4422c2,district_311,311 received 908 complaints about rats and other pests in our district from September 2025 through August 2026. That is the sixth highest rate per resident among the city's 59 community districts.,"311 Service Requests, as counted for the planner",https://data.cityofnewyork.us/d/erm2-nwe9
2721d3bdd9dd,park_inspection,NYC Parks inspectors rated Corlears Hook Park unacceptable overall in 3 of 5 inspections from August 2024 through July 2026.,"NYC Parks, Parks Inspection Program",https://data.cityofnewyork.us/d/yg3y-7juh
276b68369a26,park_inspection,NYC Parks inspectors rated the play equipment at Drew Playground unacceptable in 2 of 5 inspections from August 2024 through July 2026.,"NYC Parks, Parks Inspection Program",https://data.cityofnewyork.us/d/yg3y-7juh
27914b720c21,district_311,"311 received 1,068 complaints about rats and other pests in our district from September 2025 through August 2026. That is the eighth highest rate per resident among the city's 59 community districts.","311 Service Requests, as counted for the planner",https://data.cityofnewyork.us/d/erm2-nwe9
2794557620fb,district_311,"311 received 1,267 complaints about construction and illegal building use in our district from September 2025 through August 2026. That is the tenth highest rate per resident among the city's 59 community districts.","311 Service Requests, as counted for the planner",https://data.cityofnewyork.us/d/erm2-nwe9
27986a012ca4,district_311,"311 received 2,590 complaints about litter, dumping and missed collection in our district from September 2025 through August 2026. That is the 11th highest rate per resident among the city's 59 community districts.","311 Service Requests, as counted for the planner",https://data.cityofnewyork.us/d/erm2-nwe9
27b1fcdf37f3,district_311,"311 received 1,491 complaints about sewers, catch basins and flooding in our district from September 2025 through August 2026. That is the highest rate per resident among the city's 59 community districts.","311 Service Requests, as counted for the planner",https://data.cityofnewyork.us/d/erm2-nwe9
27c3133828be,district_311,311 received 451 complaints about park maintenance in our district from September 2025 through August 2026. Two years earlier the number was 304.,"311 Service Requests, as counted for the planner",https://data.cityofnewyork.us/d/erm2-nwe9
27c4def0fd1f,street_trees,"As of February 2025, NYC Parks' tree inventory listed 833 empty street tree beds in our district.","NYC Parks, Forestry Planting Spaces",https://data.cityofnewyork.us/d/82zj-84is
27d736a946d4,district_311,"311 received 1,884 complaints about litter, dumping and missed collection in our district from September 2025 through August 2026. That is the highest rate per resident among the city's 59 community districts.","311 Service Requests, as counted for the planner",https://data.cityofnewyork.us/d/erm2-nwe9
27fd8291ee0a,district_311,"311 received 14,142 requests for help for homeless people or about encampments in our district from September 2025 through August 2026. That is the highest rate per resident among the city's 59 community districts.","311 Service Requests, as counted for the planner",https://data.cityofnewyork.us/d/erm2-nwe9
282b516122fb,district_311,311 received 336 complaints about street lights in our district from September 2025 through August 2026. Two years earlier the number was 242.,"311 Service Requests, as counted for the planner",https://data.cityofnewyork.us/d/erm2-nwe9
282b516122fb@38bb9c,district_311,311 received 336 complaints about street lights in our district from September 2025 through August 2026. Two years earlier the number was 242.,"311 Service Requests, as counted for the planner",https://data.cityofnewyork.us/d/erm2-nwe9
282b516122fb@38bb9c,site_311,311 received 5 reports of street lights out or damaged along Webster Avenue between 182nd Street and 183rd Street from September 2023 through August 2026.,311 Service Requests,https://data.cityofnewyork.us/d/erm2-nwe9
282b516122fb@b95379,district_311,311 received 336 complaints about street lights in our district from September 2025 through August 2026. Two years earlier the number was 242.,"311 Service Requests, as counted for the planner",https://data.cityofnewyork.us/d/erm2-nwe9
283441119f44,district_311,"311 received 4,308 complaints about litter, dumping and missed collection in our district from September 2025 through August 2026. That is the 13th highest rate per resident among the city's 59 community districts.","311 Service Requests, as counted for the planner",https://data.cityofnewyork.us/d/erm2-nwe9
283ce1eb1273,district_311,"311 received 6,255 complaints about construction and illegal building use in our district from September 2025 through August 2026. That is the highest rate per resident among the city's 59 community districts. Two years earlier the number was 2,625.","311 Service Requests, as counted for the planner",https://data.cityofnewyork.us/d/erm2-nwe9
284441f70229@f3689f,district_311,"311 received 3,619 complaints about potholes and other street conditions in our district from September 2025 through August 2026. That is the ninth highest rate per resident among the city's 59 community districts. Two years earlier the number was 1,834.","311 Service Requests, as counted for the planner",https://data.cityofnewyork.us/d/erm2-nwe9
285ffdf3070e,district_311,"311 received 4,182 complaints about litter, dumping and missed collection in our district from September 2025 through August 2026. That is the eighth highest number among the city's 59 community districts.","311 Service Requests, as counted for the planner",https://data.cityofnewyork.us/d/erm2-nwe9
2890e6f731bf,district_311,"311 received 4,071 complaints about litter, dumping and missed collection in our district from September 2025 through August 2026. That is the tenth highest number among the city's 59 community districts. Two years earlier the number was 3,088.","311 Service Requests, as counted for the planner",https://data.cityofnewyork.us/d/erm2-nwe9
289110cb0769,school,"The School Construction Authority's latest Enrollment, Capacity and Utilization report shows 160 students at P.S. 92.","School Construction Authority, Enrollment, Capacity and Utilization",https://data.cityofnewyork.us/d/gkd7-3vk7
289669c0dad6,district_311,"311 received 1,330 complaints about rats and other pests in our district from September 2025 through August 2026. That is the fourth highest rate per resident among the city's 59 community districts.","311 Service Requests, as counted for the planner",https://data.cityofnewyork.us/d/erm2-nwe9
28c6bd04b69e,crashes,"NYPD crash reports show 7 crashes at or near the intersection of Christopher Street and Waverly Place from June 2023 through May 2026. Those crashes injured 3 people, including 2 pedestrians.","NYPD, Motor Vehicle Collisions",https://data.cityofnewyork.us/d/h9gi-nx95
28e8c0c37002@f242de,district_311,"311 received 4,027 complaints about litter, dumping and missed collection in our district from September 2025 through August 2026. That is the tenth highest rate per resident among the city's 59 community districts.","311 Service Requests, as counted for the planner",https://data.cityofnewyork.us/d/erm2-nwe9
28efc361fd83,school,"The School Construction Authority's latest Enrollment, Capacity and Utilization report shows 390 students at P.S. 1.","School Construction Authority, Enrollment, Capacity and Utilization",https://data.cityofnewyork.us/d/gkd7-3vk7
29057022065e,district_311,"311 received 1,084 complaints about sewers, catch basins and flooding in our district from September 2025 through August 2026. That is the 14th highest rate per resident among the city's 59 community districts.","311 Service Requests, as counted for the planner",https://data.cityofnewyork.us/d/erm2-nwe9
294a396d62a8,district_311,311 received 762 complaints about street lights in our district from September 2025 through August 2026. That is the 11th highest number among the city's 59 community districts. Two years earlier the number was 603.,"311 Service Requests, as counted for the planner",https://data.cityofnewyork.us/d/erm2-nwe9
294a396d62a8@640c3f,district_311,311 received 762 complaints about street lights in our district from September 2025 through August 2026. That is the 11th highest number among the city's 59 community districts. Two years earlier the number was 603.,"311 Service Requests, as counted for the planner",https://data.cityofnewyork.us/d/erm2-nwe9
29b6f59bced4,district_311,"311 received 30,360 complaints about heat, hot water and other apartment conditions in our district from September 2025 through August 2026. That is the 11th highest rate per resident among the city's 59 community districts. Two years earlier the number was 23,734.","311 Service Requests, as counted for the planner",https://data.cityofnewyork.us/d/erm2-nwe9
29bea12d8cb9,district_311,"311 received 754 complaints about sewers, catch basins and flooding in our district from September 2025 through August 2026. That is the 15th highest rate per resident among the city's 59 community districts.","311 Service Requests, as counted for the planner",https://data.cityofnewyork.us/d/erm2-nwe9
29d29494ee33,district_311,311 received 654 complaints about sidewalks and curbs in our district from September 2025 through August 2026. That is the 12th highest rate per resident among the city's 59 community districts.,"311 Service Requests, as counted for the planner",https://data.cityofnewyork.us/d/erm2-nwe9
29d86d611ebd@158090,district_311,"311 received 5,230 complaints about potholes and other street conditions in our district from September 2025 through August 2026. That is the fourth highest rate per resident among the city's 59 community districts. Two years earlier the number was 3,022.","311 Service Requests, as counted for the planner",https://data.cityofnewyork.us/d/erm2-nwe9
29d86d611ebd@158090,site_311,311 received 18 reports of street flooding or clogged catch basins along Commonwealth Boulevard between Hillside Avenue and Jericho Turnpike from September 2023 through August 2026.,311 Service Requests,https://data.cityofnewyork.us/d/erm2-nwe9
2a1fbe1b8aa5,district_311,"311 received 1,760 complaints about construction and illegal building use in our district from September 2025 through August 2026. That is the 12th highest rate per resident among the city's 59 community districts.","311 Service Requests, as counted for the planner",https://data.cityofnewyork.us/d/erm2-nwe9
2a2ffa999561,crashes,"NYPD crash reports show 10 crashes on 27th Street between 7th Avenue and 8th Avenue from June 2023 through May 2026. Those crashes injured 4 people, including 2 pedestrians.","NYPD, Motor Vehicle Collisions",https://data.cityofnewyork.us/d/h9gi-nx95
2a549328e91b,district_311,"311 received 20,094 noise complaints in our district from September 2025 through August 2026. That is the 12th highest rate per resident among the city's 59 community districts.","311 Service Requests, as counted for the planner",https://data.cityofnewyork.us/d/erm2-nwe9
2a66b8c2e634,district_311,311 received 813 complaints about rats and other pests in our district from September 2025 through August 2026. That is the seventh highest number among the city's 59 community districts.,"311 Service Requests, as counted for the planner",https://data.cityofnewyork.us/d/erm2-nwe9
2abae5ca4f7b,district_311,311 received 940 complaints about sidewalks and curbs in our district from September 2025 through August 2026. That is the ninth highest number among the city's 59 community districts.,"311 Service Requests, as counted for the planner",https://data.cityofnewyork.us/d/erm2-nwe9
2abcbf7887d4@4fd14d,district_311,311 received 610 complaints about sidewalks and curbs in our district from September 2025 through August 2026. That is the 13th highest rate per resident among the city's 59 community districts.,"311 Service Requests, as counted for the planner",https://data.cityofnewyork.us/d/erm2-nwe9
2ad2372cb2f5,park_inspection,NYC Parks inspectors rated the fences at Breukelen Ballfields unacceptable in 3 of 6 inspections from August 2024 through July 2026.,"NYC Parks, Parks Inspection Program",https://data.cityofnewyork.us/d/yg3y-7juh
2adc30d00d13,crashes,"NYPD crash reports show 31 crashes on Broadway between 36th Street and 41st Street from June 2023 through May 2026. Those crashes injured 14 people, including 5 pedestrians and 3 cyclists.","NYPD, Motor Vehicle Collisions",https://data.cityofnewyork.us/d/h9gi-nx95
2aef317ed19b,district_311,"311 received 1,760 complaints about construction and illegal building use in our district from September 2025 through August 2026. That is the 12th highest rate per resident among the city's 59 community districts.","311 Service Requests, as counted for the planner",https://data.cityofnewyork.us/d/erm2-nwe9
2b17ffef750d,district_311,"311 received 3,074 complaints about litter, dumping and missed collection in our district from September 2025 through August 2026. That is the 12th highest rate per resident among the city's 59 community districts.","311 Service Requests, as counted for the planner",https://data.cityofnewyork.us/d/erm2-nwe9
2b2f7154c46f,district_311,"311 received 4,027 complaints about litter, dumping and missed collection in our district from September 2025 through August 2026. That is the tenth highest rate per resident among the city's 59 community districts.","311 Service Requests, as counted for the planner",https://data.cityofnewyork.us/d/erm2-nwe9
2b60b64767d5,district_311,"311 received 754 complaints about sewers, catch basins and flooding in our district from September 2025 through August 2026. That is the 15th highest rate per resident among the city's 59 community districts.","311 Service Requests, as counted for the planner",https://data.cityofnewyork.us/d/erm2-nwe9
2b63eafd7588,district_311,311 received 765 complaints about graffiti in our district from September 2025 through August 2026. That is the fourth highest rate per resident among the city's 59 community districts.,"311 Service Requests, as counted for the planner",https://data.cityofnewyork.us/d/erm2-nwe9
2b748d1320d2@5af56c,crashes,"NYPD crash reports show 4 crashes at or near the intersection of East 35th Street and Farragut Road from June 2023 through May 2026. Those crashes injured 1 person, including 1 pedestrian.","NYPD, Motor Vehicle Collisions",https://data.cityofnewyork.us/d/h9gi-nx95
2b748d1320d2@e5d4bc,crashes,"NYPD crash reports show 4 crashes at or near the intersection of East 35th Street and Farragut Road from June 2023 through May 2026. Those crashes injured 1 person, including 1 pedestrian.","NYPD, Motor Vehicle Collisions",https://data.cityofnewyork.us/d/h9gi-nx95
2b87f38eff81,district_311,"311 received 2,417 complaints about street trees in our district from September 2025 through August 2026. That is the 15th highest number among the city's 59 community districts.","311 Service Requests, as counted for the planner",https://data.cityofnewyork.us/d/erm2-nwe9
2b90d0186993,district_311,311 received 992 complaints about sidewalks and curbs in our district from September 2025 through August 2026. That is the 15th highest rate per resident among the city's 59 community districts.,"311 Service Requests, as counted for the planner",https://data.cityofnewyork.us/d/erm2-nwe9
2bb3693a2aa6,district_311,"311 received 9,980 requests for help for homeless people or about encampments in our district from September 2025 through August 2026. That is the second highest rate per resident among the city's 59 community districts. Two years earlier the number was 6,541.","311 Service Requests, as counted for the planner",https://data.cityofnewyork.us/d/erm2-nwe9
2bdafede576b@9565c9,school,"The School Construction Authority's latest Enrollment, Capacity and Utilization report shows 140 students at P.S. 287.","School Construction Authority, Enrollment, Capacity and Utilization",https://data.cityofnewyork.us/d/gkd7-3vk7
2c5fca16c8d4,park_inspection,NYC Parks inspectors rated Benson Playground unacceptable overall in 2 of 6 inspections from August 2024 through July 2026.,"NYC Parks, Parks Inspection Program",https://data.cityofnewyork.us/d/yg3y-7juh
2c605a464bb8,crashes,"NYPD crash reports show 10 crashes at or near the intersection of St. Nicholas Avenue and West 148th street from June 2023 through May 2026. Those crashes injured 7 people, including 6 pedestrians and 1 cyclist.","NYPD, Motor Vehicle Collisions",https://data.cityofnewyork.us/d/h9gi-nx95
2c9061206055@443bb7,district_311,"311 received 1,366 complaints about sewers, catch basins and flooding in our district from September 2025 through August 2026. That is the seventh highest rate per resident among the city's 59 community districts.","311 Service Requests, as counted for the planner",https://data.cityofnewyork.us/d/erm2-nwe9
2c9faa950cb1,district_311,311 received 993 complaints about park maintenance in our district from September 2025 through August 2026. That is the third highest rate per resident among the city's 59 community districts.,"311 Service Requests, as counted for the planner",https://data.cityofnewyork.us/d/erm2-nwe9
2ca7db0a41e3,district_311,311 received 270 complaints about graffiti in our district from September 2025 through August 2026. That is the ninth highest rate per resident among the city's 59 community districts. Two years earlier the number was 114.,"311 Service Requests, as counted for the planner",https://data.cityofnewyork.us/d/erm2-nwe9
2cc475d343d3,crashes,"NYPD crash reports show 10 crashes at or near the intersection of Rogers Avenue and Lefferts Avenue from June 2023 through May 2026. Those crashes injured 11 people, including 1 pedestrian.","NYPD, Motor Vehicle Collisions",https://data.cityofnewyork.us/d/h9gi-nx95
2cdb338202e0@21ef22,school,"The School Construction Authority's latest Enrollment, Capacity and Utilization report shows 775 students at P.S. 105.","School Construction Authority, Enrollment, Capacity and Utilization",https://data.cityofnewyork.us/d/gkd7-3vk7
2ceac6e38cc3,district_311,"311 received 1,020 complaints about sewers, catch basins and flooding in our district from September 2025 through August 2026. That is the 12th highest rate per resident among the city's 59 community districts. Two years earlier the number was 802.","311 Service Requests, as counted for the planner",https://data.cityofnewyork.us/d/erm2-nwe9
2cf6ae450854,district_311,311 received 807 complaints about sidewalks and curbs in our district from September 2025 through August 2026. That is the 14th highest number among the city's 59 community districts.,"311 Service Requests, as counted for the planner",https://data.cityofnewyork.us/d/erm2-nwe9
2d0ec746d506@66648d,site_311,311 received 14 reports of street flooding or clogged catch basins along Neptune Avenue between West 33rd Street and West 36th Street from September 2023 through August 2026.,311 Service Requests,https://data.cityofnewyork.us/d/erm2-nwe9
2d26cf9d3b48,district_311,"311 received 3,776 complaints about street trees in our district from September 2025 through August 2026. That is the 14th highest rate per resident among the city's 59 community districts.","311 Service Requests, as counted for the planner",https://data.cityofnewyork.us/d/erm2-nwe9
2d27e0525c41@ceebab,school,"The School Construction Authority's latest Enrollment, Capacity and Utilization report shows P.S. 24 with 758 students, 107% of its target capacity.","School Construction Authority, Enrollment, Capacity and Utilization",https://data.cityofnewyork.us/d/gkd7-3vk7
2d520b04af91@4db63d,district_311,311 received 813 complaints about rats and other pests in our district from September 2025 through August 2026. That is the seventh highest number among the city's 59 community districts.,"311 Service Requests, as counted for the planner",https://data.cityofnewyork.us/d/erm2-nwe9
2d7823167d4e@3d87eb,district_311,"311 received 1,658 complaints about potholes and other street conditions in our district from September 2025 through August 2026. Two years earlier the number was 1,147.","311 Service Requests, as counted for the planner",https://data.cityofnewyork.us/d/erm2-nwe9
2d7ba76bb0d2@b136f8,crashes,"NYPD crash reports show 58 crashes at or near the intersection of Avenue U and Flatbush Avenue from June 2023 through May 2026. Those crashes injured 30 people, including 5 pedestrians and 1 cyclist, and killed 1 person.","NYPD, Motor Vehicle Collisions",https://data.cityofnewyork.us/d/h9gi-nx95
2d8304646c78,park_inspection,NYC Parks inspectors rated Evergreen Park unacceptable overall in 5 of 5 inspections from August 2024 through July 2026.,"NYC Parks, Parks Inspection Program",https://data.cityofnewyork.us/d/yg3y-7juh
2d9105a0ca69,district_311,311 received 209 complaints about graffiti in our district from September 2025 through August 2026. That is the 12th highest rate per resident among the city's 59 community districts. Two years earlier the number was 124.,"311 Service Requests, as counted for the planner",https://data.cityofnewyork.us/d/erm2-nwe9
2db5f04c8f12,district_311,"311 received 3,281 complaints about potholes and other street conditions in our district from September 2025 through August 2026. That is the third highest rate per resident among the city's 59 community districts. Two years earlier the number was 1,502.","311 Service Requests, as counted for the planner",https://data.cityofnewyork.us/d/erm2-nwe9
2dc50f510988,district_311,"311 received 3,074 complaints about litter, dumping and missed collection in our district from September 2025 through August 2026. That is the 12th highest rate per resident among the city's 59 community districts.","311 Service Requests, as counted for the planner",https://data.cityofnewyork.us/d/erm2-nwe9
2dd501037fca@edcc83,district_311,"311 received 1,020 complaints about sewers, catch basins and flooding in our district from September 2025 through August 2026. That is the 12th highest rate per resident among the city's 59 community districts. Two years earlier the number was 802.","311 Service Requests, as counted for the planner",https://data.cityofnewyork.us/d/erm2-nwe9
2de2fda4aa23@35292a,district_311,"311 received 1,859 complaints about litter, dumping and missed collection in our district from September 2025 through August 2026. Two years earlier the number was 1,330.","311 Service Requests, as counted for the planner",https://data.cityofnewyork.us/d/erm2-nwe9
2e1acab61877,district_311,"311 received 4,308 complaints about litter, dumping and missed collection in our district from September 2025 through August 2026. That is the 13th highest rate per resident among the city's 59 community districts.","311 Service Requests, as counted for the planner",https://data.cityofnewyork.us/d/erm2-nwe9
2e1bc08b7f9f,district_311,311 received 469 complaints about sidewalks and curbs in our district from September 2025 through August 2026. Two years earlier the number was 345.,"311 Service Requests, as counted for the planner",https://data.cityofnewyork.us/d/erm2-nwe9
2e397f103713,street_trees,"As of February 2025, NYC Parks' tree inventory listed 2,792 empty street tree beds in our district.","NYC Parks, Forestry Planting Spaces",https://data.cityofnewyork.us/d/82zj-84is
2e3ce4222837@b228dd,district_311,"311 received 4,027 complaints about litter, dumping and missed collection in our district from September 2025 through August 2026. That is the tenth highest rate per resident among the city's 59 community districts.","311 Service Requests, as counted for the planner",https://data.cityofnewyork.us/d/erm2-nwe9
2e728c4e8929,district_311,311 received 940 complaints about sidewalks and curbs in our district from September 2025 through August 2026. That is the ninth highest number among the city's 59 community districts.,"311 Service Requests, as counted for the planner",https://data.cityofnewyork.us/d/erm2-nwe9
2ea4ba6030c5@9567cb,crashes,NYPD crash reports show 13 crashes on East 59th Street between Avenue J and Avenue M from June 2023 through May 2026. Those crashes injured 6 people.,"NYPD, Motor Vehicle Collisions",https://data.cityofnewyork.us/d/h9gi-nx95
2ea8ce151511,district_311,"311 received 1,084 complaints about sewers, catch basins and flooding in our district from September 2025 through August 2026. That is the 14th highest rate per resident among the city's 59 community districts.","311 Service Requests, as counted for the planner",https://data.cityofnewyork.us/d/erm2-nwe9
2eeee9dab464,district_311,"311 received 861 complaints about sewers, catch basins and flooding in our district from September 2025 through August 2026. That is the 15th highest number among the city's 59 community districts.","311 Service Requests, as counted for the planner",https://data.cityofnewyork.us/d/erm2-nwe9
2eefab866fb0@7708c2,crashes,"NYPD crash reports show 66 crashes at or near the intersection of Flatbush Avenue and Fulton Street from June 2023 through May 2026. Those crashes injured 36 people, including 10 pedestrians and 5 cyclists.","NYPD, Motor Vehicle Collisions",https://data.cityofnewyork.us/d/h9gi-nx95
2f1172ade8a7@7f5322,district_311,"311 received 978 complaints about sewers, catch basins and flooding in our district from September 2025 through August 2026. That is the sixth highest rate per resident among the city's 59 community districts.","311 Service Requests, as counted for the planner",https://data.cityofnewyork.us/d/erm2-nwe9
2f21d89f3df8@b31f19,crashes,"NYPD crash reports show 18 crashes on 130th Avenue between Brookville Boulevard and Laurelton Parkway from June 2023 through May 2026. Those crashes injured 20 people, including 4 pedestrians.","NYPD, Motor Vehicle Collisions",https://data.cityofnewyork.us/d/h9gi-nx95
2f21d89f3df8@ea5550,crashes,"NYPD crash reports show 11 crashes at or near the intersection of 130th Avenue and Brookville Boulevard from June 2023 through May 2026. Those crashes injured 12 people, including 2 pedestrians.","NYPD, Motor Vehicle Collisions",https://data.cityofnewyork.us/d/h9gi-nx95
2f34389288d7@816f91,crashes,"NYPD crash reports show 64 crashes at or near the intersection of Bronx River Avenue and Bruckner Boulevard from June 2023 through May 2026. Those crashes injured 52 people, including 6 pedestrians and 5 cyclists.","NYPD, Motor Vehicle Collisions",https://data.cityofnewyork.us/d/h9gi-nx95
2f54bbb4f73f,street_trees,"As of February 2025, NYC Parks' tree inventory listed 700 empty street tree beds in our district.","NYC Parks, Forestry Planting Spaces",https://data.cityofnewyork.us/d/82zj-84is
2f69f10fd87c,district_311,"311 received 1,698 complaints about potholes and other street conditions in our district from September 2025 through August 2026. Two years earlier the number was 1,244.","311 Service Requests, as counted for the planner",https://data.cityofnewyork.us/d/erm2-nwe9
2fa07f467d02,school,"The School Construction Authority's latest Enrollment, Capacity and Utilization report shows 344 students at P.S. 123.","School Construction Authority, Enrollment, Capacity and Utilization",https://data.cityofnewyork.us/d/gkd7-3vk7
2fae76e011c4,district_311,"311 received 5,367 requests for help for homeless people or about encampments in our district from September 2025 through August 2026. That is the fourth highest rate per resident among the city's 59 community districts. Two years earlier the number was 3,162.","311 Service Requests, as counted for the planner",https://data.cityofnewyork.us/d/erm2-nwe9
2fb01bfa0504@adfdeb,crashes,"NYPD crash reports show 100 crashes on White Plains Road between Bruckner Boulevard and Watson Avenue from June 2023 through May 2026. Those crashes injured 61 people, including 8 pedestrians and 3 cyclists.","NYPD, Motor Vehicle Collisions",https://data.cityofnewyork.us/d/h9gi-nx95
2fd45a220236@1796c7,crashes,NYPD crash reports show 11 crashes at or near the intersection of Arthur Kill Road and Clarke Avenue from June 2023 through May 2026. Those crashes injured 1 person.,"NYPD, Motor Vehicle Collisions",https://data.cityofnewyork.us/d/h9gi-nx95
2fd45a220236@1796c7,district_311,311 received 780 complaints about sidewalks and curbs in our district from September 2025 through August 2026. Two years earlier the number was 602.,"311 Service Requests, as counted for the planner",https://data.cityofnewyork.us/d/erm2-nwe9
2feee8450ff5,site_311,311 received 26 reports of street lights out or damaged along Roosevelt Avenue between 104th Street and 114th Street from September 2023 through August 2026.,311 Service Requests,https://data.cityofnewyork.us/d/erm2-nwe9
2fefdd802d56@8b54b2,district_311,"311 received 2,527 complaints about potholes and other street conditions in our district from September 2025 through August 2026. That is the 14th highest number among the city's 59 community districts. Two years earlier the number was 1,189.","311 Service Requests, as counted for the planner",https://data.cityofnewyork.us/d/erm2-nwe9
2fefdd802d56@a44035,district_311,"311 received 2,527 complaints about potholes and other street conditions in our district from September 2025 through August 2026. That is the 14th highest number among the city's 59 community districts. Two years earlier the number was 1,189.","311 Service Requests, as counted for the planner",https://data.cityofnewyork.us/d/erm2-nwe9
2ffc3118a5eb@22a20d,district_311,"311 received 4,027 complaints about litter, dumping and missed collection in our district from September 2025 through August 2026. That is the tenth highest rate per resident among the city's 59 community districts.","311 Service Requests, as counted for the planner",https://data.cityofnewyork.us/d/erm2-nwe9
300ad1c5cb17@e9140d,school,"The School Construction Authority's latest Enrollment, Capacity and Utilization report shows 247 students at P.S. 56.","School Construction Authority, Enrollment, Capacity and Utilization",https://data.cityofnewyork.us/d/gkd7-3vk7
30239d394759,district_311,311 received 541 complaints about potholes and other street conditions in our district from September 2025 through August 2026. Two years earlier the number was 405.,"311 Service Requests, as counted for the planner",https://data.cityofnewyork.us/d/erm2-nwe9
3029638942b8,district_311,"311 received 1,082 complaints about sewers, catch basins and flooding in our district from September 2025 through August 2026. That is the 13th highest rate per resident among the city's 59 community districts.","311 Service Requests, as counted for the planner",https://data.cityofnewyork.us/d/erm2-nwe9
3033b8b57794,district_311,"311 received 3,573 complaints about street trees in our district from September 2025 through August 2026. That is the fifth highest number among the city's 59 community districts.","311 Service Requests, as counted for the planner",https://data.cityofnewyork.us/d/erm2-nwe9
303b4cb79197,park_inspection,NYC Parks inspectors rated Harvey Park unacceptable overall in 2 of 5 inspections from August 2024 through July 2026.,"NYC Parks, Parks Inspection Program",https://data.cityofnewyork.us/d/yg3y-7juh
3074215a168b@d6e3e2,district_311,"311 received 2,004 complaints about potholes and other street conditions in our district from September 2025 through August 2026. Two years earlier the number was 1,348.","311 Service Requests, as counted for the planner",https://data.cityofnewyork.us/d/erm2-nwe9
308c1937b42a@d1324d,district_311,"311 received 2,157 complaints about sewers, catch basins and flooding in our district from September 2025 through August 2026. That is the third highest rate per resident among the city's 59 community districts.","311 Service Requests, as counted for the planner",https://data.cityofnewyork.us/d/erm2-nwe9
308cc25377a3,district_311,"311 received 3,247 complaints about street trees in our district from September 2025 through August 2026. That is the eighth highest rate per resident among the city's 59 community districts.","311 Service Requests, as counted for the planner",https://data.cityofnewyork.us/d/erm2-nwe9
308cc25377a3,street_trees,"As of February 2025, NYC Parks' tree inventory listed 3,040 empty street tree beds in our district.","NYC Parks, Forestry Planting Spaces",https://data.cityofnewyork.us/d/82zj-84is
308ce5558dbf,district_311,"311 received 952 complaints about sewers, catch basins and flooding in our district from September 2025 through August 2026. That is the tenth highest rate per resident among the city's 59 community districts.","311 Service Requests, as counted for the planner",https://data.cityofnewyork.us/d/erm2-nwe9
309a65994690,district_311,311 received 654 complaints about sidewalks and curbs in our district from September 2025 through August 2026. That is the 12th highest rate per resident among the city's 59 community districts.,"311 Service Requests, as counted for the planner",https://data.cityofnewyork.us/d/erm2-nwe9
30a0d0e03533,crashes,"NYPD crash reports show 16 crashes on 38th Avenue between Main and Prince Streets from June 2023 through May 2026. Those crashes injured 7 people, including 4 pedestrians and 1 cyclist.","NYPD, Motor Vehicle Collisions",https://data.cityofnewyork.us/d/h9gi-nx95
30a806a4e4a1,street_trees,"As of February 2025, NYC Parks' tree inventory listed 671 empty street tree beds in our district.","NYC Parks, Forestry Planting Spaces",https://data.cityofnewyork.us/d/82zj-84is
30a9374d1e1a@d1c59a,district_311,"311 received 2,157 complaints about sewers, catch basins and flooding in our district from September 2025 through August 2026. That is the third highest rate per resident among the city's 59 community districts.","311 Service Requests, as counted for the planner",https://data.cityofnewyork.us/d/erm2-nwe9
30d07e4d2e90,crashes,"NYPD crash reports show 24 crashes on Clarkson Street between West Street and Greenwich Street from June 2023 through May 2026. Those crashes injured 13 people, including 2 pedestrians and 2 cyclists.","NYPD, Motor Vehicle Collisions",https://data.cityofnewyork.us/d/h9gi-nx95
30f02af80d6e,district_311,"311 received 754 complaints about sewers, catch basins and flooding in our district from September 2025 through August 2026. That is the 15th highest rate per resident among the city's 59 community districts.","311 Service Requests, as counted for the planner",https://data.cityofnewyork.us/d/erm2-nwe9
31011bb8f199,district_311,"311 received 6,255 complaints about construction and illegal building use in our district from September 2025 through August 2026. That is the highest rate per resident among the city's 59 community districts. Two years earlier the number was 2,625.","311 Service Requests, as counted for the planner",https://data.cityofnewyork.us/d/erm2-nwe9
310c1bf214b3@a49544,district_311,"311 received 1,366 complaints about sewers, catch basins and flooding in our district from September 2025 through August 2026. That is the seventh highest rate per resident among the city's 59 community districts.","311 Service Requests, as counted for the planner",https://data.cityofnewyork.us/d/erm2-nwe9
310e99d16f4c,crashes,"NYPD crash reports show 45 crashes on West 14th Street between 9th Avenue and West Street from June 2023 through May 2026. Those crashes injured 15 people, including 2 pedestrians and 2 cyclists.","NYPD, Motor Vehicle Collisions",https://data.cityofnewyork.us/d/h9gi-nx95
3149ed50d50b,district_311,311 received 940 complaints about sidewalks and curbs in our district from September 2025 through August 2026. That is the ninth highest number among the city's 59 community districts.,"311 Service Requests, as counted for the planner",https://data.cityofnewyork.us/d/erm2-nwe9
315d6561da82,district_311,"311 received 1,035 complaints about sidewalks and curbs in our district from September 2025 through August 2026. That is the eighth highest rate per resident among the city's 59 community districts. Two years earlier the number was 622.","311 Service Requests, as counted for the planner",https://data.cityofnewyork.us/d/erm2-nwe9
31641a56ea4a,district_311,"311 received 1,082 complaints about sewers, catch basins and flooding in our district from September 2025 through August 2026. That is the 13th highest rate per resident among the city's 59 community districts.","311 Service Requests, as counted for the planner",https://data.cityofnewyork.us/d/erm2-nwe9
31698f7a1e15,district_311,"311 received 4,782 complaints about potholes and other street conditions in our district from September 2025 through August 2026. That is the 13th highest rate per resident among the city's 59 community districts. Two years earlier the number was 2,431.","311 Service Requests, as counted for the planner",https://data.cityofnewyork.us/d/erm2-nwe9
3171e50cc92c,district_311,"311 received 2,163 complaints about street lights in our district from September 2025 through August 2026. That is the second highest rate per resident among the city's 59 community districts. Two years earlier the number was 687.","311 Service Requests, as counted for the planner",https://data.cityofnewyork.us/d/erm2-nwe9
3182699da26f,district_311,"311 received 1,194 complaints about sewers, catch basins and flooding in our district from September 2025 through August 2026. That is the 11th highest rate per resident among the city's 59 community districts. Two years earlier the number was 930.","311 Service Requests, as counted for the planner",https://data.cityofnewyork.us/d/erm2-nwe9
319334159aec,district_311,"311 received 1,147 complaints about sewers, catch basins and flooding in our district from September 2025 through August 2026. That is the seventh highest number among the city's 59 community districts.","311 Service Requests, as counted for the planner",https://data.cityofnewyork.us/d/erm2-nwe9
319b4fc50ca7,district_311,311 received 408 complaints about street lights in our district from September 2025 through August 2026. That is the fifth highest rate per resident among the city's 59 community districts.,"311 Service Requests, as counted for the planner",https://data.cityofnewyork.us/d/erm2-nwe9
31a9ef86889d,district_311,"311 received 1,035 complaints about sidewalks and curbs in our district from September 2025 through August 2026. That is the eighth highest rate per resident among the city's 59 community districts. Two years earlier the number was 622.","311 Service Requests, as counted for the planner",https://data.cityofnewyork.us/d/erm2-nwe9
31b67d8978f5,park_inspection,NYC Parks inspectors rated Leif Ericson Park unacceptable overall in 3 of 6 inspections from August 2024 through July 2026.,"NYC Parks, Parks Inspection Program",https://data.cityofnewyork.us/d/yg3y-7juh
31d770f6b996@04061b,crashes,NYPD crash reports show 6 crashes at or near the intersection of Wyona Street and Livonia Avenue from June 2023 through May 2026. Those crashes injured 7 people.,"NYPD, Motor Vehicle Collisions",https://data.cityofnewyork.us/d/h9gi-nx95
31d770f6b996@04061b,district_311,311 received 763 complaints about street lights in our district from September 2025 through August 2026. That is the tenth highest number among the city's 59 community districts.,"311 Service Requests, as counted for the planner",https://data.cityofnewyork.us/d/erm2-nwe9
31d770f6b996@15a9f8,crashes,"NYPD crash reports show 40 crashes on Schenck Avenue between New Lots Avenue and Pitkin Avenue from June 2023 through May 2026. Those crashes injured 34 people, including 7 pedestrians and 3 cyclists.","NYPD, Motor Vehicle Collisions",https://data.cityofnewyork.us/d/h9gi-nx95
31d770f6b996@15a9f8,site_311,311 received 16 reports of street lights out or damaged along Schenck Avenue between New Lots Avenue and Pitkin Avenue from September 2023 through August 2026.,311 Service Requests,https://data.cityofnewyork.us/d/erm2-nwe9
31d770f6b996@4d6501,crashes,"NYPD crash reports show 66 crashes on Van Siclen Avenue between New Lots Avenue and Pitkin Avenue from June 2023 through May 2026. Those crashes injured 49 people, including 11 pedestrians and 4 cyclists.","NYPD, Motor Vehicle Collisions",https://data.cityofnewyork.us/d/h9gi-nx95
31d770f6b996@4d6501,site_311,311 received 25 reports of street lights out or damaged along Van Siclen Avenue between New Lots Avenue and Pitkin Avenue from September 2023 through August 2026.,311 Service Requests,https://data.cityofnewyork.us/d/erm2-nwe9
31d770f6b996@53a690,crashes,"NYPD crash reports show 51 crashes on Barbey Street between New Lots Avenue and Pitkin Avenue from June 2023 through May 2026. Those crashes injured 35 people, including 3 pedestrians and 2 cyclists.","NYPD, Motor Vehicle Collisions",https://data.cityofnewyork.us/d/h9gi-nx95
31d770f6b996@53a690,site_311,311 received 15 reports of street lights out or damaged along Barbey Street between New Lots Avenue and Pitkin Avenue from September 2023 through August 2026.,311 Service Requests,https://data.cityofnewyork.us/d/erm2-nwe9
31d770f6b996@5aca4b,crashes,"NYPD crash reports show 60 crashes on Hendrix Street between New Lots Avenue and Pitkin Avenue from June 2023 through May 2026. Those crashes injured 32 people, including 7 pedestrians and 2 cyclists.","NYPD, Motor Vehicle Collisions",https://data.cityofnewyork.us/d/h9gi-nx95
31d770f6b996@5aca4b,site_311,311 received 11 reports of street lights out or damaged along Hendrix Street between New Lots Avenue and Pitkin Avenue from September 2023 through August 2026.,311 Service Requests,https://data.cityofnewyork.us/d/erm2-nwe9
31d770f6b996@758c45,crashes,"NYPD crash reports show 154 crashes on Livonia Avenue between Van Sinderen Avenue and Cleveland Street from June 2023 through May 2026. Those crashes injured 97 people, including 34 pedestrians and 6 cyclists.","NYPD, Motor Vehicle Collisions",https://data.cityofnewyork.us/d/h9gi-nx95
31d770f6b996@758c45,site_311,311 received 62 reports of street lights out or damaged along Livonia Avenue between Van Sinderen Avenue and Cleveland Street from September 2023 through August 2026.,311 Service Requests,https://data.cityofnewyork.us/d/erm2-nwe9
31d770f6b996@99dee4,crashes,"NYPD crash reports show 61 crashes on Bradford Street between New Lots Avenue and Pitkin Avenue from June 2023 through May 2026. Those crashes injured 38 people, including 3 pedestrians and 2 cyclists.","NYPD, Motor Vehicle Collisions",https://data.cityofnewyork.us/d/h9gi-nx95
31d770f6b996@99dee4,site_311,311 received 18 reports of street lights out or damaged along Bradford Street between New Lots Avenue and Pitkin Avenue from September 2023 through August 2026.,311 Service Requests,https://data.cityofnewyork.us/d/erm2-nwe9
31d770f6b996@d37299,crashes,"NYPD crash reports show 61 crashes on Miller Avenue between New Lots Avenue and Pitkin Avenue from June 2023 through May 2026. Those crashes injured 40 people, including 9 pedestrians and 5 cyclists.","NYPD, Motor Vehicle Collisions",https://data.cityofnewyork.us/d/h9gi-nx95
31d770f6b996@d37299,site_311,311 received 13 reports of street lights out or damaged along Miller Avenue between New Lots Avenue and Pitkin Avenue from September 2023 through August 2026.,311 Service Requests,https://data.cityofnewyork.us/d/erm2-nwe9
31f2180c5ee6,district_311,"311 received 3,977 requests for help for homeless people or about encampments in our district from September 2025 through August 2026. That is the seventh highest rate per resident among the city's 59 community districts. Two years earlier the number was 2,911.","311 Service Requests, as counted for the planner",https://data.cityofnewyork.us/d/erm2-nwe9
31f3a0ad920a,district_311,"311 received 978 complaints about sewers, catch basins and flooding in our district from September 2025 through August 2026. That is the sixth highest rate per resident among the city's 59 community districts.","311 Service Requests, as counted for the planner",https://data.cityofnewyork.us/d/erm2-nwe9
31f5efe12823,district_311,"311 received 1,387 complaints about potholes and other street conditions in our district from September 2025 through August 2026. Two years earlier the number was 1,063.","311 Service Requests, as counted for the planner",https://data.cityofnewyork.us/d/erm2-nwe9
31fe747effd2@47db04,district_311,311 received 490 complaints about sidewalks and curbs in our district from September 2025 through August 2026. That is the third highest rate per resident among the city's 59 community districts.,"311 Service Requests, as counted for the planner",https://data.cityofnewyork.us/d/erm2-nwe9
3231ed1e820d,district_311,311 received 292 requests for help for homeless people or about encampments in our district from September 2025 through August 2026. Two years earlier the number was 130.,"311 Service Requests, as counted for the planner",https://data.cityofnewyork.us/d/erm2-nwe9
324c846300cd,district_311,"311 received 952 complaints about sewers, catch basins and flooding in our district from September 2025 through August 2026. That is the tenth highest rate per resident among the city's 59 community districts.","311 Service Requests, as counted for the planner",https://data.cityofnewyork.us/d/erm2-nwe9
3279d699b807,school,"The School Construction Authority's latest Enrollment, Capacity and Utilization report shows 184 students at P.S. 41.","School Construction Authority, Enrollment, Capacity and Utilization",https://data.cityofnewyork.us/d/gkd7-3vk7
3281c53d36a7@c9b5f1,district_311,311 received 759 complaints about potholes and other street conditions in our district from September 2025 through August 2026. Two years earlier the number was 369.,"311 Service Requests, as counted for the planner",https://data.cityofnewyork.us/d/erm2-nwe9
32873c778826@35e244,crashes,"NYPD crash reports show 28 crashes on Van Nest between Adams Street and Garfield Street from June 2023 through May 2026. Those crashes injured 15 people, including 1 pedestrian and 1 cyclist.","NYPD, Motor Vehicle Collisions",https://data.cityofnewyork.us/d/h9gi-nx95
32873c778826@35e244,site_311,311 received 15 reports of street lights out or damaged along Van Nest between Adams Street and Garfield Street from September 2023 through August 2026.,311 Service Requests,https://data.cityofnewyork.us/d/erm2-nwe9
328f05e087d5,district_311,311 received 605 complaints about park maintenance in our district from September 2025 through August 2026. That is the 11th highest rate per resident among the city's 59 community districts. Two years earlier the number was 434.,"311 Service Requests, as counted for the planner",https://data.cityofnewyork.us/d/erm2-nwe9
329195d96352,district_311,"311 received 21,403 complaints about heat, hot water and other apartment conditions in our district from September 2025 through August 2026. That is the 13th highest rate per resident among the city's 59 community districts.","311 Service Requests, as counted for the planner",https://data.cityofnewyork.us/d/erm2-nwe9
32a13e2a40c5,park_inspection,NYC Parks inspectors rated Seward Park unacceptable overall in 4 of 5 inspections from August 2024 through July 2026. They rated its play equipment unacceptable in 3 of 5 inspections.,"NYC Parks, Parks Inspection Program",https://data.cityofnewyork.us/d/yg3y-7juh
32ac85085b55,district_311,"311 received 1,267 complaints about potholes and other street conditions in our district from September 2025 through August 2026. Two years earlier the number was 650.","311 Service Requests, as counted for the planner",https://data.cityofnewyork.us/d/erm2-nwe9
32b48d149576,district_311,"311 received 6,102 complaints about litter, dumping and missed collection in our district from September 2025 through August 2026. That is the second highest number among the city's 59 community districts.","311 Service Requests, as counted for the planner",https://data.cityofnewyork.us/d/erm2-nwe9
32bb69947680@61fe8b,site_311,311 received 10 reports of street lights out or damaged along Jefferson Avenue between Nostrand Avenue and Marcy Avenue from September 2023 through August 2026.,311 Service Requests,https://data.cityofnewyork.us/d/erm2-nwe9
32bb93fa217c,district_311,"311 received 4,358 complaints about potholes and other street conditions in our district from September 2025 through August 2026. That is the third highest number among the city's 59 community districts. Two years earlier the number was 2,854.","311 Service Requests, as counted for the planner",https://data.cityofnewyork.us/d/erm2-nwe9
32ccd60992b3,school,"The School Construction Authority's latest Enrollment, Capacity and Utilization report shows 193 students at P.S. 154.","School Construction Authority, Enrollment, Capacity and Utilization",https://data.cityofnewyork.us/d/gkd7-3vk7
32d235335b5a,district_311,"311 received 9,308 complaints about heat, hot water and other apartment conditions in our district from September 2025 through August 2026. Two years earlier the number was 6,645.","311 Service Requests, as counted for the planner",https://data.cityofnewyork.us/d/erm2-nwe9
32d31752058c@84322c,district_311,"311 received 1,366 complaints about sewers, catch basins and flooding in our district from September 2025 through August 2026. That is the seventh highest rate per resident among the city's 59 community districts.","311 Service Requests, as counted for the planner",https://data.cityofnewyork.us/d/erm2-nwe9
3312458c5938@eb1ade,park_inspection,NYC Parks inspectors rated Evergreen Park unacceptable overall in 5 of 5 inspections from August 2024 through July 2026.,"NYC Parks, Parks Inspection Program",https://data.cityofnewyork.us/d/yg3y-7juh
331a7525d609,park_inspection,NYC Parks inspectors rated the paved surfaces at John Golden Park unacceptable in 2 of 5 inspections from August 2024 through July 2026.,"NYC Parks, Parks Inspection Program",https://data.cityofnewyork.us/d/yg3y-7juh
333df583d382@fd6f80,crashes,"NYPD crash reports show 30 crashes at or near the intersection of Steinway Street and 30th Avenue from June 2023 through May 2026. Those crashes injured 22 people, including 7 pedestrians and 3 cyclists.","NYPD, Motor Vehicle Collisions",https://data.cityofnewyork.us/d/h9gi-nx95
3346fe13279f,district_311,"311 received 1,063 complaints about park maintenance in our district from September 2025 through August 2026. That is the tenth highest rate per resident among the city's 59 community districts. Two years earlier the number was 604.","311 Service Requests, as counted for the planner",https://data.cityofnewyork.us/d/erm2-nwe9
334f714145bb@a78fed,school,"The School Construction Authority's latest Enrollment, Capacity and Utilization report shows 775 students at P.S. 105.","School Construction Authority, Enrollment, Capacity and Utilization",https://data.cityofnewyork.us/d/gkd7-3vk7
33737804f2c7@4843e3,district_311,"311 received 1,909 complaints about potholes and other street conditions in our district from September 2025 through August 2026. Two years earlier the number was 1,007.","311 Service Requests, as counted for the planner",https://data.cityofnewyork.us/d/erm2-nwe9
3377210b8d21@dc59ed,district_311,"311 received 3,412 complaints about potholes and other street conditions in our district from September 2025 through August 2026. That is the fifth highest rate per resident among the city's 59 community districts. Two years earlier the number was 1,686.","311 Service Requests, as counted for the planner",https://data.cityofnewyork.us/d/erm2-nwe9
338f73b68f9b,district_311,311 received 992 complaints about sidewalks and curbs in our district from September 2025 through August 2026. That is the 15th highest rate per resident among the city's 59 community districts.,"311 Service Requests, as counted for the planner",https://data.cityofnewyork.us/d/erm2-nwe9
33af3e2224b9,district_311,"311 received 3,239 complaints about street trees in our district from September 2025 through August 2026. That is the fourth highest rate per resident among the city's 59 community districts.","311 Service Requests, as counted for the planner",https://data.cityofnewyork.us/d/erm2-nwe9
33c57f6a711a@c8400d,park_inspection,NYC Parks inspectors rated Corlears Hook Park unacceptable overall in 3 of 5 inspections from August 2024 through July 2026.,"NYC Parks, Parks Inspection Program",https://data.cityofnewyork.us/d/yg3y-7juh
33d5080f8ba2@7ce7cc,district_311,"311 received 2,503 complaints about potholes and other street conditions in our district from September 2025 through August 2026. That is the 15th highest number among the city's 59 community districts. Two years earlier the number was 1,885.","311 Service Requests, as counted for the planner",https://data.cityofnewyork.us/d/erm2-nwe9
33e856a663e0,school,"The School Construction Authority's latest Enrollment, Capacity and Utilization report shows 146 students at I.S. 113.","School Construction Authority, Enrollment, Capacity and Utilization",https://data.cityofnewyork.us/d/gkd7-3vk7
34222ad3314c,district_311,"311 received 2,095 requests for help for homeless people or about encampments in our district from September 2025 through August 2026. That is the tenth highest rate per resident among the city's 59 community districts.","311 Service Requests, as counted for the planner",https://data.cityofnewyork.us/d/erm2-nwe9
343ef3230e23,district_311,311 received 651 requests for help for homeless people or about encampments in our district from September 2025 through August 2026. Two years earlier the number was 478.,"311 Service Requests, as counted for the planner",https://data.cityofnewyork.us/d/erm2-nwe9
3442928ca9af,district_311,"311 received 3,412 complaints about potholes and other street conditions in our district from September 2025 through August 2026. That is the fifth highest rate per resident among the city's 59 community districts. Two years earlier the number was 1,686.","311 Service Requests, as counted for the planner",https://data.cityofnewyork.us/d/erm2-nwe9
34432b2c9f42,district_311,"311 received 3,074 complaints about litter, dumping and missed collection in our district from September 2025 through August 2026. That is the 12th highest rate per resident among the city's 59 community districts.","311 Service Requests, as counted for the planner",https://data.cityofnewyork.us/d/erm2-nwe9
3465d1094e7d,district_311,"311 received 1,082 complaints about sewers, catch basins and flooding in our district from September 2025 through August 2026. That is the 13th highest rate per resident among the city's 59 community districts.","311 Service Requests, as counted for the planner",https://data.cityofnewyork.us/d/erm2-nwe9
34cc4b25b697,district_311,"311 received 1,491 complaints about sewers, catch basins and flooding in our district from September 2025 through August 2026. That is the highest rate per resident among the city's 59 community districts.","311 Service Requests, as counted for the planner",https://data.cityofnewyork.us/d/erm2-nwe9
34ef0cfcc43d@576349,district_311,"311 received 2,590 complaints about litter, dumping and missed collection in our district from September 2025 through August 2026. That is the 11th highest rate per resident among the city's 59 community districts.","311 Service Requests, as counted for the planner",https://data.cityofnewyork.us/d/erm2-nwe9
34ef0cfcc43d@adb601,district_311,"311 received 2,590 complaints about litter, dumping and missed collection in our district from September 2025 through August 2026. That is the 11th highest rate per resident among the city's 59 community districts.","311 Service Requests, as counted for the planner",https://data.cityofnewyork.us/d/erm2-nwe9
34faeeeb9a14,district_311,"311 received 3,281 complaints about potholes and other street conditions in our district from September 2025 through August 2026. That is the third highest rate per resident among the city's 59 community districts. Two years earlier the number was 1,502.","311 Service Requests, as counted for the planner",https://data.cityofnewyork.us/d/erm2-nwe9
3501818e6331,district_311,"311 received 41,429 complaints about heat, hot water and other apartment conditions in our district from September 2025 through August 2026. That is the highest rate per resident among the city's 59 community districts.","311 Service Requests, as counted for the planner",https://data.cityofnewyork.us/d/erm2-nwe9
352ba454a539,district_311,"311 received 594 complaints about sewers, catch basins and flooding in our district from September 2025 through August 2026. Two years earlier the number was 427.","311 Service Requests, as counted for the planner",https://data.cityofnewyork.us/d/erm2-nwe9
354547ec30dc,district_311,"311 received 2,821 complaints about litter, dumping and missed collection in our district from September 2025 through August 2026. Two years earlier the number was 2,149.","311 Service Requests, as counted for the planner",https://data.cityofnewyork.us/d/erm2-nwe9
35569b94050b@36b17a,district_311,"311 received 1,733 complaints about potholes and other street conditions in our district from September 2025 through August 2026. Two years earlier the number was 878.","311 Service Requests, as counted for the planner",https://data.cityofnewyork.us/d/erm2-nwe9
35569b94050b@82ba53,district_311,"311 received 1,733 complaints about potholes and other street conditions in our district from September 2025 through August 2026. Two years earlier the number was 878.","311 Service Requests, as counted for the planner",https://data.cityofnewyork.us/d/erm2-nwe9
355955f99e79,district_311,"311 received 4,358 complaints about potholes and other street conditions in our district from September 2025 through August 2026. That is the third highest number among the city's 59 community districts. Two years earlier the number was 2,854.","311 Service Requests, as counted for the planner",https://data.cityofnewyork.us/d/erm2-nwe9
357ee6d35dbb,district_311,"311 received 12,906 complaints about heat, hot water and other apartment conditions in our district from September 2025 through August 2026. Two years earlier the number was 8,759.","311 Service Requests, as counted for the planner",https://data.cityofnewyork.us/d/erm2-nwe9
35983bd80a3b@8e5d4c,district_311,311 received 504 complaints about park maintenance in our district from September 2025 through August 2026. Two years earlier the number was 296.,"311 Service Requests, as counted for the planner",https://data.cityofnewyork.us/d/erm2-nwe9
35d9ec59e1c6,park_inspection,"NYC Parks inspectors rated Phil ""Scooter"" Rizzuto Park unacceptable overall in 3 of 5 inspections from August 2024 through July 2026.","NYC Parks, Parks Inspection Program",https://data.cityofnewyork.us/d/yg3y-7juh
361539c0b78f@e3a3ec,district_311,"311 received 4,782 complaints about potholes and other street conditions in our district from September 2025 through August 2026. That is the 13th highest rate per resident among the city's 59 community districts. Two years earlier the number was 2,431.","311 Service Requests, as counted for the planner",https://data.cityofnewyork.us/d/erm2-nwe9
363e086411c3,park_inspection,NYC Parks inspectors rated Behagen Playground unacceptable overall in 3 of 5 inspections from August 2024 through July 2026. They rated its play equipment unacceptable in 2 of 5 inspections.,"NYC Parks, Parks Inspection Program",https://data.cityofnewyork.us/d/yg3y-7juh
364029414528,street_trees,"As of February 2025, NYC Parks' tree inventory listed 2,792 empty street tree beds in our district.","NYC Parks, Forestry Planting Spaces",https://data.cityofnewyork.us/d/82zj-84is
3640968893c8,district_311,"311 received 754 complaints about sewers, catch basins and flooding in our district from September 2025 through August 2026. That is the 15th highest rate per resident among the city's 59 community districts.","311 Service Requests, as counted for the planner",https://data.cityofnewyork.us/d/erm2-nwe9
367ec9b267e4,district_311,"311 received 4,182 complaints about litter, dumping and missed collection in our district from September 2025 through August 2026. That is the eighth highest number among the city's 59 community districts.","311 Service Requests, as counted for the planner",https://data.cityofnewyork.us/d/erm2-nwe9
3699493d6ddb,school,"The School Construction Authority's latest Enrollment, Capacity and Utilization report shows P.S. 173 with 898 students, 118% of its target capacity.","School Construction Authority, Enrollment, Capacity and Utilization",https://data.cityofnewyork.us/d/gkd7-3vk7
36b1593c543a,district_311,311 received 813 complaints about rats and other pests in our district from September 2025 through August 2026. That is the seventh highest number among the city's 59 community districts.,"311 Service Requests, as counted for the planner",https://data.cityofnewyork.us/d/erm2-nwe9
3753f6462369,district_311,"311 received 1,366 complaints about construction and illegal building use in our district from September 2025 through August 2026. That is the 13th highest number among the city's 59 community districts.","311 Service Requests, as counted for the planner",https://data.cityofnewyork.us/d/erm2-nwe9
375f3ba2145a@6080ce,district_311,"311 received 1,985 complaints about potholes and other street conditions in our district from September 2025 through August 2026. Two years earlier the number was 928.","311 Service Requests, as counted for the planner",https://data.cityofnewyork.us/d/erm2-nwe9
375f3ba2145a@8e132e,district_311,"311 received 1,985 complaints about potholes and other street conditions in our district from September 2025 through August 2026. Two years earlier the number was 928.","311 Service Requests, as counted for the planner",https://data.cityofnewyork.us/d/erm2-nwe9
37762aaabac1,crashes,"NYPD crash reports show 34 crashes on Broadway between 21st Street and 26th Street from June 2023 through May 2026. Those crashes injured 23 people, including 9 pedestrians and 7 cyclists.","NYPD, Motor Vehicle Collisions",https://data.cityofnewyork.us/d/h9gi-nx95
37d3aad643d4,district_311,311 received 651 requests for help for homeless people or about encampments in our district from September 2025 through August 2026. Two years earlier the number was 478.,"311 Service Requests, as counted for the planner",https://data.cityofnewyork.us/d/erm2-nwe9
37dbb99a9c00,district_311,311 received 173 complaints about sidewalks and curbs in our district from September 2025 through August 2026. Two years earlier the number was 115.,"311 Service Requests, as counted for the planner",https://data.cityofnewyork.us/d/erm2-nwe9
37dc682d398e,crashes,"NYPD crash reports show 21 crashes on Malta Street between Linden Boulevard and Stanley Avenue from June 2023 through May 2026. Those crashes injured 14 people, including 2 cyclists.","NYPD, Motor Vehicle Collisions",https://data.cityofnewyork.us/d/h9gi-nx95
37e31cf651d1,district_311,"311 received 1,005 requests for help for homeless people or about encampments in our district from September 2025 through August 2026. That is the 14th highest rate per resident among the city's 59 community districts.","311 Service Requests, as counted for the planner",https://data.cityofnewyork.us/d/erm2-nwe9
37e358a4e81b,crashes,"NYPD crash reports show 9 crashes at or near the intersection of Broadway and Lexington Avenue from June 2023 through May 2026. Those crashes injured 5 people, including 1 cyclist.","NYPD, Motor Vehicle Collisions",https://data.cityofnewyork.us/d/h9gi-nx95
37f85150bb99,district_311,311 received 545 complaints about park maintenance in our district from September 2025 through August 2026. That is the 15th highest rate per resident among the city's 59 community districts.,"311 Service Requests, as counted for the planner",https://data.cityofnewyork.us/d/erm2-nwe9
3804ef17da26,district_311,311 received 660 complaints about rats and other pests in our district from September 2025 through August 2026. That is the fifth highest rate per resident among the city's 59 community districts.,"311 Service Requests, as counted for the planner",https://data.cityofnewyork.us/d/erm2-nwe9
3810a6f4243c,district_311,"311 received 3,340 complaints about litter, dumping and missed collection in our district from September 2025 through August 2026. That is the sixth highest rate per resident among the city's 59 community districts.","311 Service Requests, as counted for the planner",https://data.cityofnewyork.us/d/erm2-nwe9
3823628e388b,district_311,"311 received 1,675 complaints about potholes and other street conditions in our district from September 2025 through August 2026. Two years earlier the number was 1,092.","311 Service Requests, as counted for the planner",https://data.cityofnewyork.us/d/erm2-nwe9
3830cac2897a,district_311,"311 received 754 complaints about sewers, catch basins and flooding in our district from September 2025 through August 2026. That is the 15th highest rate per resident among the city's 59 community districts.","311 Service Requests, as counted for the planner",https://data.cityofnewyork.us/d/erm2-nwe9
38374554f122,district_311,311 received 908 complaints about rats and other pests in our district from September 2025 through August 2026. That is the sixth highest rate per resident among the city's 59 community districts.,"311 Service Requests, as counted for the planner",https://data.cityofnewyork.us/d/erm2-nwe9
384daded13fa@f4fd19,district_311,"311 received 1,733 complaints about potholes and other street conditions in our district from September 2025 through August 2026. Two years earlier the number was 878.","311 Service Requests, as counted for the planner",https://data.cityofnewyork.us/d/erm2-nwe9
384daded13fa@ff4310,district_311,"311 received 1,733 complaints about potholes and other street conditions in our district from September 2025 through August 2026. Two years earlier the number was 878.","311 Service Requests, as counted for the planner",https://data.cityofnewyork.us/d/erm2-nwe9
387310d49a79,park_inspection,NYC Parks inspectors rated the safety surfacing at James Forten Playground unacceptable in 2 of 5 inspections from August 2024 through July 2026.,"NYC Parks, Parks Inspection Program",https://data.cityofnewyork.us/d/yg3y-7juh
38accea45c91,district_311,311 received 397 complaints about street lights in our district from September 2025 through August 2026. Two years earlier the number was 315.,"311 Service Requests, as counted for the planner",https://data.cityofnewyork.us/d/erm2-nwe9
38adc0278555,district_311,"311 received 3,074 complaints about litter, dumping and missed collection in our district from September 2025 through August 2026. That is the 12th highest rate per resident among the city's 59 community districts.","311 Service Requests, as counted for the planner",https://data.cityofnewyork.us/d/erm2-nwe9
38c7a5e26f07,district_311,"311 received 3,573 complaints about street trees in our district from September 2025 through August 2026. That is the fifth highest number among the city's 59 community districts.","311 Service Requests, as counted for the planner",https://data.cityofnewyork.us/d/erm2-nwe9
38e9cc1d7305,park_inspection,NYC Parks inspectors rated Bridge Park 3 unacceptable overall in 3 of 5 inspections from August 2024 through July 2026.,"NYC Parks, Parks Inspection Program",https://data.cityofnewyork.us/d/yg3y-7juh
392a3eec89fe,park_inspection,NYC Parks inspectors rated Leif Ericson Park unacceptable overall in 3 of 6 inspections from August 2024 through July 2026.,"NYC Parks, Parks Inspection Program",https://data.cityofnewyork.us/d/yg3y-7juh
39425f182cb5,district_311,"311 received 3,619 complaints about potholes and other street conditions in our district from September 2025 through August 2026. That is the ninth highest rate per resident among the city's 59 community districts. Two years earlier the number was 1,834.","311 Service Requests, as counted for the planner",https://data.cityofnewyork.us/d/erm2-nwe9
394a78de3400,district_311,311 received 759 complaints about potholes and other street conditions in our district from September 2025 through August 2026. Two years earlier the number was 369.,"311 Service Requests, as counted for the planner",https://data.cityofnewyork.us/d/erm2-nwe9
39504e013dc2,district_311,311 received 836 complaints about rats and other pests in our district from September 2025 through August 2026. That is the third highest rate per resident among the city's 59 community districts.,"311 Service Requests, as counted for the planner",https://data.cityofnewyork.us/d/erm2-nwe9
39634bb6e41f,district_311,311 received 292 requests for help for homeless people or about encampments in our district from September 2025 through August 2026. Two years earlier the number was 130.,"311 Service Requests, as counted for the planner",https://data.cityofnewyork.us/d/erm2-nwe9
3983bff5c67e,district_311,"311 received 362 complaints about sewers, catch basins and flooding in our district from September 2025 through August 2026. That is the ninth highest rate per resident among the city's 59 community districts. Two years earlier the number was 288.","311 Service Requests, as counted for the planner",https://data.cityofnewyork.us/d/erm2-nwe9
3983bff5c67e@4ed2c2,district_311,"311 received 362 complaints about sewers, catch basins and flooding in our district from September 2025 through August 2026. That is the ninth highest rate per resident among the city's 59 community districts. Two years earlier the number was 288.","311 Service Requests, as counted for the planner",https://data.cityofnewyork.us/d/erm2-nwe9
3983bff5c67e@e50213,district_311,"311 received 362 complaints about sewers, catch basins and flooding in our district from September 2025 through August 2026. That is the ninth highest rate per resident among the city's 59 community districts. Two years earlier the number was 288.","311 Service Requests, as counted for the planner",https://data.cityofnewyork.us/d/erm2-nwe9
39f3cc0321d2,district_311,311 received 115 complaints about park maintenance in our district from September 2025 through August 2026. Two years earlier the number was 55.,"311 Service Requests, as counted for the planner",https://data.cityofnewyork.us/d/erm2-nwe9
39f880d2fbe0@b0f34b,district_311,311 received 541 complaints about potholes and other street conditions in our district from September 2025 through August 2026. Two years earlier the number was 405.,"311 Service Requests, as counted for the planner",https://data.cityofnewyork.us/d/erm2-nwe9
39fa7d885e31,park_inspection,NYC Parks inspectors rated the athletic fields at St. John's Park unacceptable in 2 of 5 inspections from August 2024 through July 2026. They rated its fences unacceptable in 4 of 5 inspections.,"NYC Parks, Parks Inspection Program",https://data.cityofnewyork.us/d/yg3y-7juh
3a0e1d9e1b9a@b36eb8,district_311,"311 received 1,020 complaints about sewers, catch basins and flooding in our district from September 2025 through August 2026. That is the 12th highest rate per resident among the city's 59 community districts. Two years earlier the number was 802.","311 Service Requests, as counted for the planner",https://data.cityofnewyork.us/d/erm2-nwe9
3a0e1d9e1b9a@c2b9b4,district_311,"311 received 1,020 complaints about sewers, catch basins and flooding in our district from September 2025 through August 2026. That is the 12th highest rate per resident among the city's 59 community districts. Two years earlier the number was 802.","311 Service Requests, as counted for the planner",https://data.cityofnewyork.us/d/erm2-nwe9
3a0e1d9e1b9a@c2b9b4,site_311,311 received 8 reports of street flooding or clogged catch basins along Shore Boulevard between Pembroke Street and West End Avenue from September 2023 through August 2026.,311 Service Requests,https://data.cityofnewyork.us/d/erm2-nwe9
3a121d489b80,district_311,311 received 660 complaints about rats and other pests in our district from September 2025 through August 2026. That is the fifth highest rate per resident among the city's 59 community districts.,"311 Service Requests, as counted for the planner",https://data.cityofnewyork.us/d/erm2-nwe9
3a1b19efe21f,district_311,"311 received 1,884 complaints about litter, dumping and missed collection in our district from September 2025 through August 2026. That is the highest rate per resident among the city's 59 community districts.","311 Service Requests, as counted for the planner",https://data.cityofnewyork.us/d/erm2-nwe9
3a384f995948,district_311,311 received 884 requests for help for homeless people or about encampments in our district from September 2025 through August 2026. Two years earlier the number was 421.,"311 Service Requests, as counted for the planner",https://data.cityofnewyork.us/d/erm2-nwe9
3a47b0609f83,district_311,"311 received 2,465 complaints about street trees in our district from September 2025 through August 2026. That is the sixth highest rate per resident among the city's 59 community districts.","311 Service Requests, as counted for the planner",https://data.cityofnewyork.us/d/erm2-nwe9
3a4d3e3b52b6@5ea981,district_311,"311 received 1,733 complaints about potholes and other street conditions in our district from September 2025 through August 2026. Two years earlier the number was 878.","311 Service Requests, as counted for the planner",https://data.cityofnewyork.us/d/erm2-nwe9
3a51b2725456,district_311,"311 received 248 complaints about sewers, catch basins and flooding in our district from September 2025 through August 2026. Two years earlier the number was 165.","311 Service Requests, as counted for the planner",https://data.cityofnewyork.us/d/erm2-nwe9
3a5c3a9125ca,district_311,"311 received 2,912 complaints about litter, dumping and missed collection in our district from September 2025 through August 2026. That is the ninth highest rate per resident among the city's 59 community districts.","311 Service Requests, as counted for the planner",https://data.cityofnewyork.us/d/erm2-nwe9
3a7860da4341,district_311,"311 received 1,084 complaints about sewers, catch basins and flooding in our district from September 2025 through August 2026. That is the 14th highest rate per resident among the city's 59 community districts.","311 Service Requests, as counted for the planner",https://data.cityofnewyork.us/d/erm2-nwe9
3aba528551f6,district_311,"311 received 2,217 complaints about construction and illegal building use in our district from September 2025 through August 2026. That is the third highest rate per resident among the city's 59 community districts. Two years earlier the number was 1,708.","311 Service Requests, as counted for the planner",https://data.cityofnewyork.us/d/erm2-nwe9
3ac17960ab6f,district_311,"311 received 2,590 complaints about litter, dumping and missed collection in our district from September 2025 through August 2026. That is the 11th highest rate per resident among the city's 59 community districts.","311 Service Requests, as counted for the planner",https://data.cityofnewyork.us/d/erm2-nwe9
3acc54a9d8b1@0a96a5,district_311,"311 received 3,883 requests for help for homeless people or about encampments in our district from September 2025 through August 2026. That is the third highest rate per resident among the city's 59 community districts.","311 Service Requests, as counted for the planner",https://data.cityofnewyork.us/d/erm2-nwe9
3ad298fb3a07,district_311,"311 received 1,421 complaints about rats and other pests in our district from September 2025 through August 2026. That is the second highest rate per resident among the city's 59 community districts.","311 Service Requests, as counted for the planner",https://data.cityofnewyork.us/d/erm2-nwe9
3aedf8bad862@83fa6d,district_311,311 received 904 complaints about sidewalks and curbs in our district from September 2025 through August 2026. That is the tenth highest number among the city's 59 community districts.,"311 Service Requests, as counted for the planner",https://data.cityofnewyork.us/d/erm2-nwe9
3b19d2087613,district_311,"311 received 2,590 complaints about litter, dumping and missed collection in our district from September 2025 through August 2026. That is the 11th highest rate per resident among the city's 59 community districts.","311 Service Requests, as counted for the planner",https://data.cityofnewyork.us/d/erm2-nwe9
3b3e3d9cad9e,district_311,"311 received 1,733 complaints about potholes and other street conditions in our district from September 2025 through August 2026. Two years earlier the number was 878.","311 Service Requests, as counted for the planner",https://data.cityofnewyork.us/d/erm2-nwe9
3b4b1310c7f0,district_311,"311 received 1,366 complaints about sewers, catch basins and flooding in our district from September 2025 through August 2026. That is the seventh highest rate per resident among the city's 59 community districts.","311 Service Requests, as counted for the planner",https://data.cityofnewyork.us/d/erm2-nwe9
3b4b1310c7f0@609936,district_311,"311 received 1,366 complaints about sewers, catch basins and flooding in our district from September 2025 through August 2026. That is the seventh highest rate per resident among the city's 59 community districts.","311 Service Requests, as counted for the planner",https://data.cityofnewyork.us/d/erm2-nwe9
3b4b1310c7f0@609936,site_311,311 received 9 reports of street flooding or clogged catch basins within 300 feet of the intersection of Avenue M and East 66th Street from September 2023 through August 2026.,311 Service Requests,https://data.cityofnewyork.us/d/erm2-nwe9
3b5bce3e4ead,district_311,"311 received 952 complaints about sewers, catch basins and flooding in our district from September 2025 through August 2026. That is the tenth highest rate per resident among the city's 59 community districts.","311 Service Requests, as counted for the planner",https://data.cityofnewyork.us/d/erm2-nwe9
3b84e83fe6f5,district_311,"311 received 10,648 complaints about heat, hot water and other apartment conditions in our district from September 2025 through August 2026. Two years earlier the number was 7,986.","311 Service Requests, as counted for the planner",https://data.cityofnewyork.us/d/erm2-nwe9
3b8c7c341f32,district_311,311 received 388 complaints about sidewalks and curbs in our district from September 2025 through August 2026. Two years earlier the number was 273.,"311 Service Requests, as counted for the planner",https://data.cityofnewyork.us/d/erm2-nwe9
3b965b160199@d52d24,district_311,"311 received 4,027 complaints about litter, dumping and missed collection in our district from September 2025 through August 2026. That is the tenth highest rate per resident among the city's 59 community districts.","311 Service Requests, as counted for the planner",https://data.cityofnewyork.us/d/erm2-nwe9
3b965b160199@fe8264,district_311,"311 received 4,027 complaints about litter, dumping and missed collection in our district from September 2025 through August 2026. That is the tenth highest rate per resident among the city's 59 community districts.","311 Service Requests, as counted for the planner",https://data.cityofnewyork.us/d/erm2-nwe9
3bbd97584efe,district_311,"311 received 41,429 complaints about heat, hot water and other apartment conditions in our district from September 2025 through August 2026. That is the highest rate per resident among the city's 59 community districts.","311 Service Requests, as counted for the planner",https://data.cityofnewyork.us/d/erm2-nwe9
3bcc622726f0,district_311,"311 received 1,366 complaints about sewers, catch basins and flooding in our district from September 2025 through August 2026. That is the seventh highest rate per resident among the city's 59 community districts.","311 Service Requests, as counted for the planner",https://data.cityofnewyork.us/d/erm2-nwe9
3bcc622726f0@5dc415,district_311,"311 received 1,366 complaints about sewers, catch basins and flooding in our district from September 2025 through August 2026. That is the seventh highest rate per resident among the city's 59 community districts.","311 Service Requests, as counted for the planner",https://data.cityofnewyork.us/d/erm2-nwe9
3c19aebcb0d6,school,"The School Construction Authority's latest Enrollment, Capacity and Utilization report shows P.S. 173 with 898 students, 118% of its target capacity.","School Construction Authority, Enrollment, Capacity and Utilization",https://data.cityofnewyork.us/d/gkd7-3vk7
3c352affdb11@9b1c5b,district_311,"311 received 4,076 complaints about litter, dumping and missed collection in our district from September 2025 through August 2026. That is the ninth highest number among the city's 59 community districts.","311 Service Requests, as counted for the planner",https://data.cityofnewyork.us/d/erm2-nwe9
3c352affdb11@c3bded,district_311,"311 received 4,076 complaints about litter, dumping and missed collection in our district from September 2025 through August 2026. That is the ninth highest number among the city's 59 community districts.","311 Service Requests, as counted for the planner",https://data.cityofnewyork.us/d/erm2-nwe9
3c3ce8542b42,district_311,"311 received 5,230 complaints about potholes and other street conditions in our district from September 2025 through August 2026. That is the fourth highest rate per resident among the city's 59 community districts. Two years earlier the number was 3,022.","311 Service Requests, as counted for the planner",https://data.cityofnewyork.us/d/erm2-nwe9
3c3e9758cefb,district_311,"311 received 3,634 complaints about litter, dumping and missed collection in our district from September 2025 through August 2026. That is the 14th highest number among the city's 59 community districts.","311 Service Requests, as counted for the planner",https://data.cityofnewyork.us/d/erm2-nwe9
3c4371fb83a9,district_311,"311 received 2,912 complaints about litter, dumping and missed collection in our district from September 2025 through August 2026. That is the ninth highest rate per resident among the city's 59 community districts.","311 Service Requests, as counted for the planner",https://data.cityofnewyork.us/d/erm2-nwe9
3c560f1ca992,school,"The School Construction Authority's latest Enrollment, Capacity and Utilization report shows P.S. 60 with 922 students, 120% of its target capacity.","School Construction Authority, Enrollment, Capacity and Utilization",https://data.cityofnewyork.us/d/gkd7-3vk7
3c7272d79392,district_311,"311 received 3,883 requests for help for homeless people or about encampments in our district from September 2025 through August 2026. That is the third highest rate per resident among the city's 59 community districts.","311 Service Requests, as counted for the planner",https://data.cityofnewyork.us/d/erm2-nwe9
3c85988e2d6f,district_311,"311 received 1,042 complaints about park maintenance in our district from September 2025 through August 2026. That is the sixth highest rate per resident among the city's 59 community districts.","311 Service Requests, as counted for the planner",https://data.cityofnewyork.us/d/erm2-nwe9
3ca6d5eb9ad9,district_311,"311 received 1,082 complaints about sewers, catch basins and flooding in our district from September 2025 through August 2026. That is the 13th highest rate per resident among the city's 59 community districts.","311 Service Requests, as counted for the planner",https://data.cityofnewyork.us/d/erm2-nwe9
3ca7532678cb,district_311,311 received 369 complaints about potholes and other street conditions in our district from September 2025 through August 2026. Two years earlier the number was 186.,"311 Service Requests, as counted for the planner",https://data.cityofnewyork.us/d/erm2-nwe9
3cacd1046158,district_311,"311 received 1,194 complaints about sewers, catch basins and flooding in our district from September 2025 through August 2026. That is the 11th highest rate per resident among the city's 59 community districts. Two years earlier the number was 930.","311 Service Requests, as counted for the planner",https://data.cityofnewyork.us/d/erm2-nwe9
3cd02f41c68d,street_trees,"As of February 2025, NYC Parks' tree inventory listed 793 empty street tree beds in our district.","NYC Parks, Forestry Planting Spaces",https://data.cityofnewyork.us/d/82zj-84is
3ce94437f95f@e572a8,school,"The School Construction Authority's latest Enrollment, Capacity and Utilization report shows P.S. 24 with 758 students, 107% of its target capacity.","School Construction Authority, Enrollment, Capacity and Utilization",https://data.cityofnewyork.us/d/gkd7-3vk7
3cfe83fa24ac,district_311,"311 received 5,367 requests for help for homeless people or about encampments in our district from September 2025 through August 2026. That is the fourth highest rate per resident among the city's 59 community districts. Two years earlier the number was 3,162.","311 Service Requests, as counted for the planner",https://data.cityofnewyork.us/d/erm2-nwe9
3d0b895a87e5@eb1ade,park_inspection,NYC Parks inspectors rated Evergreen Park unacceptable overall in 5 of 5 inspections from August 2024 through July 2026.,"NYC Parks, Parks Inspection Program",https://data.cityofnewyork.us/d/yg3y-7juh
3d0d69128e37@0fc9e7,district_311,"311 received 1,393 complaints about potholes and other street conditions in our district from September 2025 through August 2026. Two years earlier the number was 798.","311 Service Requests, as counted for the planner",https://data.cityofnewyork.us/d/erm2-nwe9
3d41ac8b657d,park_inspection,NYC Parks inspectors rated Behagen Playground unacceptable overall in 3 of 5 inspections from August 2024 through July 2026. They rated its play equipment unacceptable in 2 of 5 inspections.,"NYC Parks, Parks Inspection Program",https://data.cityofnewyork.us/d/yg3y-7juh
3d59b5fdd972,district_311,"311 received 22,989 complaints about illegal parking and blocked driveways in our district from September 2025 through August 2026. That is the ninth highest number among the city's 59 community districts. Two years earlier the number was 16,792.","311 Service Requests, as counted for the planner",https://data.cityofnewyork.us/d/erm2-nwe9
3d68a9ba43f2,district_311,"311 received 5,004 requests for help for homeless people or about encampments in our district from September 2025 through August 2026. That is the sixth highest rate per resident among the city's 59 community districts.","311 Service Requests, as counted for the planner",https://data.cityofnewyork.us/d/erm2-nwe9
3dd5f58594a8,district_311,"311 received 1,516 requests for help for homeless people or about encampments in our district from September 2025 through August 2026. That is the eighth highest rate per resident among the city's 59 community districts.","311 Service Requests, as counted for the planner",https://data.cityofnewyork.us/d/erm2-nwe9
3df0a4e298b5@667b91,school,"The School Construction Authority's latest Enrollment, Capacity and Utilization report shows P.S. 11 with 1,038 students, 131% of its target capacity.","School Construction Authority, Enrollment, Capacity and Utilization",https://data.cityofnewyork.us/d/gkd7-3vk7
3df231f8f2e7,district_311,"311 received 9,980 requests for help for homeless people or about encampments in our district from September 2025 through August 2026. That is the second highest rate per resident among the city's 59 community districts. Two years earlier the number was 6,541.","311 Service Requests, as counted for the planner",https://data.cityofnewyork.us/d/erm2-nwe9
3df94bb7ec78,district_311,"311 received 29,372 complaints about heat, hot water and other apartment conditions in our district from September 2025 through August 2026. That is the 14th highest rate per resident among the city's 59 community districts.","311 Service Requests, as counted for the planner",https://data.cityofnewyork.us/d/erm2-nwe9
3e17ac5a2638,district_311,"311 received 31,710 complaints about illegal parking and blocked driveways in our district from September 2025 through August 2026. That is the highest rate per resident among the city's 59 community districts.","311 Service Requests, as counted for the planner",https://data.cityofnewyork.us/d/erm2-nwe9
3e2dc4f10c6e,district_311,"311 received 1,042 complaints about park maintenance in our district from September 2025 through August 2026. That is the sixth highest rate per resident among the city's 59 community districts.","311 Service Requests, as counted for the planner",https://data.cityofnewyork.us/d/erm2-nwe9
3e49ec0630e1,district_311,"311 received 1,366 complaints about sewers, catch basins and flooding in our district from September 2025 through August 2026. That is the seventh highest rate per resident among the city's 59 community districts.","311 Service Requests, as counted for the planner",https://data.cityofnewyork.us/d/erm2-nwe9
3e49ec0630e1@7d7a44,district_311,"311 received 1,366 complaints about sewers, catch basins and flooding in our district from September 2025 through August 2026. That is the seventh highest rate per resident among the city's 59 community districts.","311 Service Requests, as counted for the planner",https://data.cityofnewyork.us/d/erm2-nwe9
3e51b53bf683,district_311,"311 received 248 complaints about sewers, catch basins and flooding in our district from September 2025 through August 2026. Two years earlier the number was 165.","311 Service Requests, as counted for the planner",https://data.cityofnewyork.us/d/erm2-nwe9
3e5f57968d7f,district_311,"311 received 5,367 requests for help for homeless people or about encampments in our district from September 2025 through August 2026. That is the fourth highest rate per resident among the city's 59 community districts. Two years earlier the number was 3,162.","311 Service Requests, as counted for the planner",https://data.cityofnewyork.us/d/erm2-nwe9
3ee9d71c08c1,district_311,"311 received 1,147 complaints about sewers, catch basins and flooding in our district from September 2025 through August 2026. That is the seventh highest number among the city's 59 community districts.","311 Service Requests, as counted for the planner",https://data.cityofnewyork.us/d/erm2-nwe9
3efc701e8da0,district_311,"311 received 3,239 complaints about street trees in our district from September 2025 through August 2026. That is the fourth highest rate per resident among the city's 59 community districts.","311 Service Requests, as counted for the planner",https://data.cityofnewyork.us/d/erm2-nwe9
3f0a1b529de1,district_311,"311 received 14,142 requests for help for homeless people or about encampments in our district from September 2025 through August 2026. That is the highest rate per resident among the city's 59 community districts.","311 Service Requests, as counted for the planner",https://data.cityofnewyork.us/d/erm2-nwe9
3f0a1b529de1@675ab5,district_311,"311 received 14,142 requests for help for homeless people or about encampments in our district from September 2025 through August 2026. That is the highest rate per resident among the city's 59 community districts.","311 Service Requests, as counted for the planner",https://data.cityofnewyork.us/d/erm2-nwe9
3f240f13c731,district_311,"311 received 14,142 requests for help for homeless people or about encampments in our district from September 2025 through August 2026. That is the highest rate per resident among the city's 59 community districts.","311 Service Requests, as counted for the planner",https://data.cityofnewyork.us/d/erm2-nwe9
3f3605b87108,district_311,"311 received 21,862 complaints about heat, hot water and other apartment conditions in our district from September 2025 through August 2026. Two years earlier the number was 13,773.","311 Service Requests, as counted for the planner",https://data.cityofnewyork.us/d/erm2-nwe9
3f48cf03d2f5,park_inspection,NYC Parks inspectors rated Northern Playground unacceptable overall in 2 of 4 inspections from August 2024 through July 2026.,"NYC Parks, Parks Inspection Program",https://data.cityofnewyork.us/d/yg3y-7juh
3fa595daeeb9,district_311,"311 received 14,142 requests for help for homeless people or about encampments in our district from September 2025 through August 2026. That is the highest rate per resident among the city's 59 community districts.","311 Service Requests, as counted for the planner",https://data.cityofnewyork.us/d/erm2-nwe9
3fb7f6150893,district_311,"311 received 9,980 requests for help for homeless people or about encampments in our district from September 2025 through August 2026. That is the second highest rate per resident among the city's 59 community districts. Two years earlier the number was 6,541.","311 Service Requests, as counted for the planner",https://data.cityofnewyork.us/d/erm2-nwe9
3fc3657f729a@923c0e,district_311,"311 received 1,733 complaints about potholes and other street conditions in our district from September 2025 through August 2026. Two years earlier the number was 878.","311 Service Requests, as counted for the planner",https://data.cityofnewyork.us/d/erm2-nwe9
3fc7981596f8,district_311,"311 received 2,931 complaints about construction and illegal building use in our district from September 2025 through August 2026. That is the fifth highest rate per resident among the city's 59 community districts. Two years earlier the number was 2,254.","311 Service Requests, as counted for the planner",https://data.cityofnewyork.us/d/erm2-nwe9
400558e0c373,district_311,"311 received 48,623 complaints about heat, hot water and other apartment conditions in our district from September 2025 through August 2026. That is the seventh highest rate per resident among the city's 59 community districts.","311 Service Requests, as counted for the planner",https://data.cityofnewyork.us/d/erm2-nwe9
40278f6dc411,district_311,"311 received 1,453 complaints about potholes and other street conditions in our district from September 2025 through August 2026. Two years earlier the number was 927.","311 Service Requests, as counted for the planner",https://data.cityofnewyork.us/d/erm2-nwe9
407f28952cca,park_inspection,NYC Parks inspectors rated Crosson Green unacceptable overall in 2 of 3 inspections from August 2024 through July 2026.,"NYC Parks, Parks Inspection Program",https://data.cityofnewyork.us/d/yg3y-7juh
408ad87a7b20,district_311,"311 received 355 complaints about water mains, hydrants and water quality in our district from September 2025 through August 2026. Two years earlier the number was 219.","311 Service Requests, as counted for the planner",https://data.cityofnewyork.us/d/erm2-nwe9
409922bf4932,park_inspection,NYC Parks inspectors rated the paved surfaces at Sara D. Roosevelt Park unacceptable in 4 of 5 inspections from August 2024 through July 2026.,"NYC Parks, Parks Inspection Program",https://data.cityofnewyork.us/d/yg3y-7juh
40a140406ece,district_311,311 received 408 complaints about street lights in our district from September 2025 through August 2026. That is the fifth highest rate per resident among the city's 59 community districts.,"311 Service Requests, as counted for the planner",https://data.cityofnewyork.us/d/erm2-nwe9
40a3a5613419@4e0780,crashes,NYPD crash reports show 39 crashes at or near the intersection of 114th Street and Astoria Boulevard from June 2023 through May 2026. Those crashes injured 15 people.,"NYPD, Motor Vehicle Collisions",https://data.cityofnewyork.us/d/h9gi-nx95
40c06d83a536,district_311,"311 received 5,004 requests for help for homeless people or about encampments in our district from September 2025 through August 2026. That is the sixth highest rate per resident among the city's 59 community districts.","311 Service Requests, as counted for the planner",https://data.cityofnewyork.us/d/erm2-nwe9
40ff04966c20,district_311,"311 received 2,629 complaints about litter, dumping and missed collection in our district from September 2025 through August 2026. That is the second highest rate per resident among the city's 59 community districts.","311 Service Requests, as counted for the planner",https://data.cityofnewyork.us/d/erm2-nwe9
4103bb31e4c0,district_311,"311 received 2,912 complaints about litter, dumping and missed collection in our district from September 2025 through August 2026. That is the ninth highest rate per resident among the city's 59 community districts.","311 Service Requests, as counted for the planner",https://data.cityofnewyork.us/d/erm2-nwe9
413e048867fa@198ab2,district_311,"311 received 5,230 complaints about potholes and other street conditions in our district from September 2025 through August 2026. That is the fourth highest rate per resident among the city's 59 community districts. Two years earlier the number was 3,022.","311 Service Requests, as counted for the planner",https://data.cityofnewyork.us/d/erm2-nwe9
413e048867fa@198ab2,site_311,311 received 31 reports of street flooding or clogged catch basins along 147th Avenue between Brookville Boulevard and 232nd Street from September 2023 through August 2026.,311 Service Requests,https://data.cityofnewyork.us/d/erm2-nwe9
414ddf61a5de@ccace3,district_311,"311 received 1,985 complaints about potholes and other street conditions in our district from September 2025 through August 2026. Two years earlier the number was 928.","311 Service Requests, as counted for the planner",https://data.cityofnewyork.us/d/erm2-nwe9
414ddf61a5de@e06a29,district_311,"311 received 1,985 complaints about potholes and other street conditions in our district from September 2025 through August 2026. Two years earlier the number was 928.","311 Service Requests, as counted for the planner",https://data.cityofnewyork.us/d/erm2-nwe9
41a68589c2c2,district_311,"311 received 1,194 complaints about sewers, catch basins and flooding in our district from September 2025 through August 2026. That is the 11th highest rate per resident among the city's 59 community districts. Two years earlier the number was 930.","311 Service Requests, as counted for the planner",https://data.cityofnewyork.us/d/erm2-nwe9
41ad0c3feb95,district_311,"311 received 2,465 complaints about street trees in our district from September 2025 through August 2026. That is the sixth highest rate per resident among the city's 59 community districts.","311 Service Requests, as counted for the planner",https://data.cityofnewyork.us/d/erm2-nwe9
41b2f1974879@14b199,district_311,"311 received 11,967 complaints about illegal parking and blocked driveways in our district from September 2025 through August 2026. Two years earlier the number was 9,445.","311 Service Requests, as counted for the planner",https://data.cityofnewyork.us/d/erm2-nwe9
41b8c781ac22,district_311,"311 received 978 complaints about sewers, catch basins and flooding in our district from September 2025 through August 2026. That is the sixth highest rate per resident among the city's 59 community districts.","311 Service Requests, as counted for the planner",https://data.cityofnewyork.us/d/erm2-nwe9
41c104917e4b,district_311,"311 received 1,042 complaints about park maintenance in our district from September 2025 through August 2026. That is the sixth highest rate per resident among the city's 59 community districts.","311 Service Requests, as counted for the planner",https://data.cityofnewyork.us/d/erm2-nwe9
41c104917e4b@0e1f2a,district_311,"311 received 1,042 complaints about park maintenance in our district from September 2025 through August 2026. That is the sixth highest rate per resident among the city's 59 community districts.","311 Service Requests, as counted for the planner",https://data.cityofnewyork.us/d/erm2-nwe9
41ec7f01dd22,district_311,"311 received 2,157 complaints about sewers, catch basins and flooding in our district from September 2025 through August 2026. That is the third highest rate per resident among the city's 59 community districts.","311 Service Requests, as counted for the planner",https://data.cityofnewyork.us/d/erm2-nwe9
41f096224fd4@006630,crashes,"NYPD crash reports show 8 crashes at or near the intersection of South End Avenue and Liberty Street from June 2023 through May 2026. Those crashes injured 4 people, including 4 cyclists.","NYPD, Motor Vehicle Collisions",https://data.cityofnewyork.us/d/h9gi-nx95
41f096224fd4@6778b2,crashes,"NYPD crash reports show 18 crashes on South End Avenue between Liberty Street and West Thames Street from June 2023 through May 2026. Those crashes injured 14 people, including 6 pedestrians and 6 cyclists.","NYPD, Motor Vehicle Collisions",https://data.cityofnewyork.us/d/h9gi-nx95
42065d612ffe,district_311,"311 received 2,676 complaints about street trees in our district from September 2025 through August 2026. That is the seventh highest rate per resident among the city's 59 community districts.","311 Service Requests, as counted for the planner",https://data.cityofnewyork.us/d/erm2-nwe9
4208e73579de,district_311,"311 received 1,538 complaints about potholes and other street conditions in our district from September 2025 through August 2026. Two years earlier the number was 1,044.","311 Service Requests, as counted for the planner",https://data.cityofnewyork.us/d/erm2-nwe9
420f8d5dbbea@916c20,crashes,"NYPD crash reports show 7 crashes at or near the intersection of Waverly Place and Christopher Street from June 2023 through May 2026. Those crashes injured 3 people, including 2 pedestrians.","NYPD, Motor Vehicle Collisions",https://data.cityofnewyork.us/d/h9gi-nx95
4211444f325a@6c9489,crashes,"NYPD crash reports show 123 crashes on Steinway Street between 30th Avenue and 34th Avenue from June 2023 through May 2026. Those crashes injured 88 people, including 22 pedestrians and 11 cyclists.","NYPD, Motor Vehicle Collisions",https://data.cityofnewyork.us/d/h9gi-nx95
423e39a3de3d,district_311,311 received 904 complaints about sidewalks and curbs in our district from September 2025 through August 2026. That is the tenth highest number among the city's 59 community districts.,"311 Service Requests, as counted for the planner",https://data.cityofnewyork.us/d/erm2-nwe9
424cef2f2e43@56ca48,district_311,311 received 992 complaints about sidewalks and curbs in our district from September 2025 through August 2026. That is the 15th highest rate per resident among the city's 59 community districts.,"311 Service Requests, as counted for the planner",https://data.cityofnewyork.us/d/erm2-nwe9
424cef2f2e43@8b0ea9,district_311,311 received 992 complaints about sidewalks and curbs in our district from September 2025 through August 2026. That is the 15th highest rate per resident among the city's 59 community districts.,"311 Service Requests, as counted for the planner",https://data.cityofnewyork.us/d/erm2-nwe9
424cef2f2e43@a8734c,district_311,311 received 992 complaints about sidewalks and curbs in our district from September 2025 through August 2026. That is the 15th highest rate per resident among the city's 59 community districts.,"311 Service Requests, as counted for the planner",https://data.cityofnewyork.us/d/erm2-nwe9
424d33744c8c@1d3676,school,"The School Construction Authority's latest Enrollment, Capacity and Utilization report shows 612 students at P.S. 121.","School Construction Authority, Enrollment, Capacity and Utilization",https://data.cityofnewyork.us/d/gkd7-3vk7
4259fcddbcc2,district_311,"311 received 754 complaints about sewers, catch basins and flooding in our district from September 2025 through August 2026. That is the 15th highest rate per resident among the city's 59 community districts.","311 Service Requests, as counted for the planner",https://data.cityofnewyork.us/d/erm2-nwe9
4269e2c22d34@a624b3,school,"The School Construction Authority's latest Enrollment, Capacity and Utilization report shows 366 students at P.S. 28.","School Construction Authority, Enrollment, Capacity and Utilization",https://data.cityofnewyork.us/d/gkd7-3vk7
4274a1d678ef,district_311,"311 received 2,590 complaints about litter, dumping and missed collection in our district from September 2025 through August 2026. That is the 11th highest rate per resident among the city's 59 community districts.","311 Service Requests, as counted for the planner",https://data.cityofnewyork.us/d/erm2-nwe9
42793ae838b6,district_311,311 received 558 complaints about rats and other pests in our district from September 2025 through August 2026. That is the 11th highest rate per resident among the city's 59 community districts.,"311 Service Requests, as counted for the planner",https://data.cityofnewyork.us/d/erm2-nwe9
42809d6a22a4,district_311,"311 received 1,147 complaints about sewers, catch basins and flooding in our district from September 2025 through August 2026. That is the seventh highest number among the city's 59 community districts.","311 Service Requests, as counted for the planner",https://data.cityofnewyork.us/d/erm2-nwe9
42984f872439,district_311,"311 received 4,071 complaints about litter, dumping and missed collection in our district from September 2025 through August 2026. That is the tenth highest number among the city's 59 community districts. Two years earlier the number was 3,088.","311 Service Requests, as counted for the planner",https://data.cityofnewyork.us/d/erm2-nwe9
42ad9ee956da@0d3b50,crashes,"NYPD crash reports show 16 crashes at or near the intersection of Arthur Avenue and East Tremont Avenue from June 2023 through May 2026. Those crashes injured 17 people, including 4 pedestrians and 3 cyclists.","NYPD, Motor Vehicle Collisions",https://data.cityofnewyork.us/d/h9gi-nx95
42ea44aa5a05@93abca,district_311,"311 received 4,358 complaints about potholes and other street conditions in our district from September 2025 through August 2026. That is the third highest number among the city's 59 community districts. Two years earlier the number was 2,854.","311 Service Requests, as counted for the planner",https://data.cityofnewyork.us/d/erm2-nwe9
43026b797c1c@3207ae,site_311,311 received 75 reports of street lights out or damaged along Livonia Avenue between Junius Street and East 98th Street from September 2023 through August 2026.,311 Service Requests,https://data.cityofnewyork.us/d/erm2-nwe9
43026b797c1c@8fd87b,site_311,311 received 9 reports of street lights out or damaged within 150 feet of the intersection of Livonia Avenue and Junius Street from September 2023 through August 2026.,311 Service Requests,https://data.cityofnewyork.us/d/erm2-nwe9
43026b797c1c@e72027,site_311,311 received 75 reports of street lights out or damaged along Livonia Avenue between Junius Street and East 98th Street from September 2023 through August 2026.,311 Service Requests,https://data.cityofnewyork.us/d/erm2-nwe9
430cf62a0f4d@8c095a,district_311,"311 received 2,157 complaints about sewers, catch basins and flooding in our district from September 2025 through August 2026. That is the third highest rate per resident among the city's 59 community districts.","311 Service Requests, as counted for the planner",https://data.cityofnewyork.us/d/erm2-nwe9
43153490439b,district_311,"311 received 754 complaints about sewers, catch basins and flooding in our district from September 2025 through August 2026. That is the 15th highest rate per resident among the city's 59 community districts.","311 Service Requests, as counted for the planner",https://data.cityofnewyork.us/d/erm2-nwe9
432380341675@3311fe,district_311,311 received 490 complaints about sidewalks and curbs in our district from September 2025 through August 2026. That is the third highest rate per resident among the city's 59 community districts.,"311 Service Requests, as counted for the planner",https://data.cityofnewyork.us/d/erm2-nwe9
434872dba60c,district_311,"311 received 1,194 complaints about sewers, catch basins and flooding in our district from September 2025 through August 2026. That is the 11th highest rate per resident among the city's 59 community districts. Two years earlier the number was 930.","311 Service Requests, as counted for the planner",https://data.cityofnewyork.us/d/erm2-nwe9
434cdc219fe5,district_311,"311 received 25,515 complaints about heat, hot water and other apartment conditions in our district from September 2025 through August 2026. That is the tenth highest rate per resident among the city's 59 community districts. Two years earlier the number was 19,722.","311 Service Requests, as counted for the planner",https://data.cityofnewyork.us/d/erm2-nwe9
4387e096978f,district_311,"311 received 2,590 complaints about litter, dumping and missed collection in our district from September 2025 through August 2026. That is the 11th highest rate per resident among the city's 59 community districts.","311 Service Requests, as counted for the planner",https://data.cityofnewyork.us/d/erm2-nwe9
438dc9be1574,school,"The School Construction Authority's latest Enrollment, Capacity and Utilization report shows P.S. 173 with 898 students, 118% of its target capacity.","School Construction Authority, Enrollment, Capacity and Utilization",https://data.cityofnewyork.us/d/gkd7-3vk7
43af6f650f97,district_311,"311 received 754 complaints about sewers, catch basins and flooding in our district from September 2025 through August 2026. That is the 15th highest rate per resident among the city's 59 community districts.","311 Service Requests, as counted for the planner",https://data.cityofnewyork.us/d/erm2-nwe9
43b4cfb41d96,district_311,"311 received 1,516 requests for help for homeless people or about encampments in our district from September 2025 through August 2026. That is the eighth highest rate per resident among the city's 59 community districts.","311 Service Requests, as counted for the planner",https://data.cityofnewyork.us/d/erm2-nwe9
43eb41f25587,district_311,"311 received 2,026 complaints about litter, dumping and missed collection in our district from September 2025 through August 2026. Two years earlier the number was 1,381.","311 Service Requests, as counted for the planner",https://data.cityofnewyork.us/d/erm2-nwe9
440a314c72f1,district_311,"311 received 4,358 complaints about potholes and other street conditions in our district from September 2025 through August 2026. That is the third highest number among the city's 59 community districts. Two years earlier the number was 2,854.","311 Service Requests, as counted for the planner",https://data.cityofnewyork.us/d/erm2-nwe9
4417e2190e61,district_311,"311 received 1,399 complaints about potholes and other street conditions in our district from September 2025 through August 2026. That is the 11th highest rate per resident among the city's 59 community districts. Two years earlier the number was 993.","311 Service Requests, as counted for the planner",https://data.cityofnewyork.us/d/erm2-nwe9
445df05c481c,district_311,"311 received 1,084 complaints about sewers, catch basins and flooding in our district from September 2025 through August 2026. That is the 14th highest rate per resident among the city's 59 community districts.","311 Service Requests, as counted for the planner",https://data.cityofnewyork.us/d/erm2-nwe9
44698eea9c3d,district_311,"311 received 3,074 complaints about litter, dumping and missed collection in our district from September 2025 through August 2026. That is the 12th highest rate per resident among the city's 59 community districts.","311 Service Requests, as counted for the planner",https://data.cityofnewyork.us/d/erm2-nwe9
446c5713d5ef,district_311,"311 received 3,412 complaints about potholes and other street conditions in our district from September 2025 through August 2026. That is the fifth highest rate per resident among the city's 59 community districts. Two years earlier the number was 1,686.","311 Service Requests, as counted for the planner",https://data.cityofnewyork.us/d/erm2-nwe9
448deead3c17,district_311,"311 received 978 complaints about sewers, catch basins and flooding in our district from September 2025 through August 2026. That is the sixth highest rate per resident among the city's 59 community districts.","311 Service Requests, as counted for the planner",https://data.cityofnewyork.us/d/erm2-nwe9
44a8479abd68,district_311,"311 received 1,005 requests for help for homeless people or about encampments in our district from September 2025 through August 2026. That is the 14th highest rate per resident among the city's 59 community districts.","311 Service Requests, as counted for the planner",https://data.cityofnewyork.us/d/erm2-nwe9
44b23101e4a2,crashes,"NYPD crash reports show 100 crashes at or near the intersection of White Plains Road and Bruckner Boulevard from June 2023 through May 2026. Those crashes injured 62 people, including 9 pedestrians and 2 cyclists.","NYPD, Motor Vehicle Collisions",https://data.cityofnewyork.us/d/h9gi-nx95
4503169de431,street_trees,"As of February 2025, NYC Parks' tree inventory listed 1,176 empty street tree beds in our district.","NYC Parks, Forestry Planting Spaces",https://data.cityofnewyork.us/d/82zj-84is
45063d4f98b2,district_311,"311 received 2,058 complaints about potholes and other street conditions in our district from September 2025 through August 2026. Two years earlier the number was 1,223.","311 Service Requests, as counted for the planner",https://data.cityofnewyork.us/d/erm2-nwe9
4509dfc68908,district_311,"311 received 1,733 complaints about potholes and other street conditions in our district from September 2025 through August 2026. Two years earlier the number was 878.","311 Service Requests, as counted for the planner",https://data.cityofnewyork.us/d/erm2-nwe9
45149ad5e24e@a670c0,district_311,311 received 541 complaints about potholes and other street conditions in our district from September 2025 through August 2026. Two years earlier the number was 405.,"311 Service Requests, as counted for the planner",https://data.cityofnewyork.us/d/erm2-nwe9
4516f524de8c,district_311,311 received 908 complaints about rats and other pests in our district from September 2025 through August 2026. That is the sixth highest rate per resident among the city's 59 community districts.,"311 Service Requests, as counted for the planner",https://data.cityofnewyork.us/d/erm2-nwe9
45170bc68d6b,district_311,311 received 585 complaints about potholes and other street conditions in our district from September 2025 through August 2026. Two years earlier the number was 388.,"311 Service Requests, as counted for the planner",https://data.cityofnewyork.us/d/erm2-nwe9
451a53ef9d69,district_311,"311 received 1,082 complaints about sewers, catch basins and flooding in our district from September 2025 through August 2026. That is the 13th highest rate per resident among the city's 59 community districts.","311 Service Requests, as counted for the planner",https://data.cityofnewyork.us/d/erm2-nwe9
452b3fbd1a74,district_311,311 received 807 complaints about sidewalks and curbs in our district from September 2025 through August 2026. That is the 14th highest number among the city's 59 community districts.,"311 Service Requests, as counted for the planner",https://data.cityofnewyork.us/d/erm2-nwe9
453cd2254be3,district_311,"311 received 1,366 complaints about sewers, catch basins and flooding in our district from September 2025 through August 2026. That is the seventh highest rate per resident among the city's 59 community districts.","311 Service Requests, as counted for the planner",https://data.cityofnewyork.us/d/erm2-nwe9
45414ad274d9,district_311,"311 received 2,912 complaints about litter, dumping and missed collection in our district from September 2025 through August 2026. That is the ninth highest rate per resident among the city's 59 community districts.","311 Service Requests, as counted for the planner",https://data.cityofnewyork.us/d/erm2-nwe9
456ac47d12ae@171bef,crashes,"NYPD crash reports show 21 crashes on West 24th Street between 10th Avenue and 11th Avenue from June 2023 through May 2026. Those crashes injured 9 people, including 4 pedestrians and 3 cyclists.","NYPD, Motor Vehicle Collisions",https://data.cityofnewyork.us/d/h9gi-nx95
4583bc948a99,district_311,"311 received 1,366 complaints about construction and illegal building use in our district from September 2025 through August 2026. That is the 13th highest number among the city's 59 community districts.","311 Service Requests, as counted for the planner",https://data.cityofnewyork.us/d/erm2-nwe9
459c83cfc1dd,district_311,"311 received 3,074 complaints about litter, dumping and missed collection in our district from September 2025 through August 2026. That is the 12th highest rate per resident among the city's 59 community districts.","311 Service Requests, as counted for the planner",https://data.cityofnewyork.us/d/erm2-nwe9
45a35ef9e653,district_311,"311 received 1,130 complaints about construction and illegal building use in our district from September 2025 through August 2026. That is the 13th highest rate per resident among the city's 59 community districts.","311 Service Requests, as counted for the planner",https://data.cityofnewyork.us/d/erm2-nwe9
45aa0de17120,district_311,311 received 691 complaints about sidewalks and curbs in our district from September 2025 through August 2026. That is the second highest rate per resident among the city's 59 community districts. Two years earlier the number was 422.,"311 Service Requests, as counted for the planner",https://data.cityofnewyork.us/d/erm2-nwe9
45ac83f8d707,district_311,"311 received 978 complaints about sewers, catch basins and flooding in our district from September 2025 through August 2026. That is the sixth highest rate per resident among the city's 59 community districts.","311 Service Requests, as counted for the planner",https://data.cityofnewyork.us/d/erm2-nwe9
45b7a91f099f,district_311,"311 received 14,142 requests for help for homeless people or about encampments in our district from September 2025 through August 2026. That is the highest rate per resident among the city's 59 community districts.","311 Service Requests, as counted for the planner",https://data.cityofnewyork.us/d/erm2-nwe9
45c72ff5e4ca@8330e0,district_311,"311 received 1,366 complaints about sewers, catch basins and flooding in our district from September 2025 through August 2026. That is the seventh highest rate per resident among the city's 59 community districts.","311 Service Requests, as counted for the planner",https://data.cityofnewyork.us/d/erm2-nwe9
45d2cb2a919a@366d0d,district_311,"311 received 956 complaints about sewers, catch basins and flooding in our district from September 2025 through August 2026. That is the fifth highest rate per resident among the city's 59 community districts.","311 Service Requests, as counted for the planner",https://data.cityofnewyork.us/d/erm2-nwe9
45d2cb2a919a@c42344,district_311,"311 received 956 complaints about sewers, catch basins and flooding in our district from September 2025 through August 2026. That is the fifth highest rate per resident among the city's 59 community districts.","311 Service Requests, as counted for the planner",https://data.cityofnewyork.us/d/erm2-nwe9
45de987612bd,district_311,"311 received 2,912 complaints about litter, dumping and missed collection in our district from September 2025 through August 2026. That is the ninth highest rate per resident among the city's 59 community districts.","311 Service Requests, as counted for the planner",https://data.cityofnewyork.us/d/erm2-nwe9
45f44d6abedb,district_311,"311 received 6,255 complaints about construction and illegal building use in our district from September 2025 through August 2026. That is the highest rate per resident among the city's 59 community districts. Two years earlier the number was 2,625.","311 Service Requests, as counted for the planner",https://data.cityofnewyork.us/d/erm2-nwe9
461323f514a6,district_311,"311 received 4,980 complaints about litter, dumping and missed collection in our district from September 2025 through August 2026. That is the eighth highest rate per resident among the city's 59 community districts.","311 Service Requests, as counted for the planner",https://data.cityofnewyork.us/d/erm2-nwe9
4615cb5605c2,district_311,"311 received 3,108 complaints about litter, dumping and missed collection in our district from September 2025 through August 2026. Two years earlier the number was 2,058.","311 Service Requests, as counted for the planner",https://data.cityofnewyork.us/d/erm2-nwe9
464be5f55290,district_311,"311 received 21,403 complaints about heat, hot water and other apartment conditions in our district from September 2025 through August 2026. That is the 13th highest rate per resident among the city's 59 community districts.","311 Service Requests, as counted for the planner",https://data.cityofnewyork.us/d/erm2-nwe9
4663e1563e76,district_311,311 received 528 complaints about rats and other pests in our district from September 2025 through August 2026. That is the 13th highest rate per resident among the city's 59 community districts.,"311 Service Requests, as counted for the planner",https://data.cityofnewyork.us/d/erm2-nwe9
46727fbb2e8b,district_311,"311 received 3,776 complaints about street trees in our district from September 2025 through August 2026. That is the 14th highest rate per resident among the city's 59 community districts.","311 Service Requests, as counted for the planner",https://data.cityofnewyork.us/d/erm2-nwe9
467f4eaef95d,school,"The School Construction Authority's latest Enrollment, Capacity and Utilization report shows 269 students at P.S. 36.","School Construction Authority, Enrollment, Capacity and Utilization",https://data.cityofnewyork.us/d/gkd7-3vk7
46828a62ff8a,district_311,311 received 468 complaints about street lights in our district from September 2025 through August 2026. Two years earlier the number was 352.,"311 Service Requests, as counted for the planner",https://data.cityofnewyork.us/d/erm2-nwe9
46fa07b57dde,district_311,"311 received 1,361 complaints about potholes and other street conditions in our district from September 2025 through August 2026. Two years earlier the number was 788.","311 Service Requests, as counted for the planner",https://data.cityofnewyork.us/d/erm2-nwe9
4701f2abe35e,district_311,"311 received 1,194 complaints about sewers, catch basins and flooding in our district from September 2025 through August 2026. That is the 11th highest rate per resident among the city's 59 community districts. Two years earlier the number was 930.","311 Service Requests, as counted for the planner",https://data.cityofnewyork.us/d/erm2-nwe9
47077cfd5b0c,district_311,"311 received 1,267 complaints about potholes and other street conditions in our district from September 2025 through August 2026. Two years earlier the number was 650.","311 Service Requests, as counted for the planner",https://data.cityofnewyork.us/d/erm2-nwe9
470c661b7793,park_inspection,NYC Parks inspectors rated Martin Luther Playground unacceptable overall in 2 of 5 inspections from August 2024 through July 2026.,"NYC Parks, Parks Inspection Program",https://data.cityofnewyork.us/d/yg3y-7juh
471a50858377,district_311,"311 received 978 complaints about sewers, catch basins and flooding in our district from September 2025 through August 2026. That is the sixth highest rate per resident among the city's 59 community districts.","311 Service Requests, as counted for the planner",https://data.cityofnewyork.us/d/erm2-nwe9
471ffe51372a,district_311,"311 received 1,267 complaints about potholes and other street conditions in our district from September 2025 through August 2026. Two years earlier the number was 650.","311 Service Requests, as counted for the planner",https://data.cityofnewyork.us/d/erm2-nwe9
47368b5fa54e,school,"The School Construction Authority's latest Enrollment, Capacity and Utilization report shows 352 students at P.S. 138.","School Construction Authority, Enrollment, Capacity and Utilization",https://data.cityofnewyork.us/d/gkd7-3vk7
4738a0ea0d8a@14b199,district_311,"311 received 11,967 complaints about illegal parking and blocked driveways in our district from September 2025 through August 2026. Two years earlier the number was 9,445.","311 Service Requests, as counted for the planner",https://data.cityofnewyork.us/d/erm2-nwe9
47877cc6b219,district_311,311 received 644 complaints about park maintenance in our district from September 2025 through August 2026. That is the tenth highest number among the city's 59 community districts.,"311 Service Requests, as counted for the planner",https://data.cityofnewyork.us/d/erm2-nwe9
47cd63b97498,district_311,311 received 993 complaints about park maintenance in our district from September 2025 through August 2026. That is the third highest rate per resident among the city's 59 community districts.,"311 Service Requests, as counted for the planner",https://data.cityofnewyork.us/d/erm2-nwe9
47d68e023b05,district_311,311 received 115 complaints about park maintenance in our district from September 2025 through August 2026. Two years earlier the number was 55.,"311 Service Requests, as counted for the planner",https://data.cityofnewyork.us/d/erm2-nwe9
47f1b99eb696,district_311,311 received 979 complaints about construction and illegal building use in our district from September 2025 through August 2026. That is the 11th highest rate per resident among the city's 59 community districts.,"311 Service Requests, as counted for the planner",https://data.cityofnewyork.us/d/erm2-nwe9
47f984334311,district_311,311 received 922 complaints about construction and illegal building use in our district from September 2025 through August 2026. Two years earlier the number was 655.,"311 Service Requests, as counted for the planner",https://data.cityofnewyork.us/d/erm2-nwe9
481f9914c50c,district_311,"311 received 1,491 complaints about sewers, catch basins and flooding in our district from September 2025 through August 2026. That is the highest rate per resident among the city's 59 community districts.","311 Service Requests, as counted for the planner",https://data.cityofnewyork.us/d/erm2-nwe9
482c2807f608,district_311,"311 received 5,367 requests for help for homeless people or about encampments in our district from September 2025 through August 2026. That is the fourth highest rate per resident among the city's 59 community districts. Two years earlier the number was 3,162.","311 Service Requests, as counted for the planner",https://data.cityofnewyork.us/d/erm2-nwe9
482d8aa3c786@df3a45,crashes,"NYPD crash reports show 38 crashes at or near the intersection of Erskine Street and Seaview Avenue from June 2023 through May 2026. Those crashes injured 34 people, including 5 pedestrians.","NYPD, Motor Vehicle Collisions",https://data.cityofnewyork.us/d/h9gi-nx95
482da170cbdb,district_311,"311 received 2,217 complaints about construction and illegal building use in our district from September 2025 through August 2026. That is the third highest rate per resident among the city's 59 community districts. Two years earlier the number was 1,708.","311 Service Requests, as counted for the planner",https://data.cityofnewyork.us/d/erm2-nwe9
483146cba38a,park_access,"By NYC Parks' Walk to a Park measure, about 28,300 of our district's residents, or 21%, live beyond walking distance of a park. Citywide the share is 16%.","NYC Parks, Walk to a Park Service Area, with 2020 Census blocks",https://data.cityofnewyork.us/d/99ii-hwh9
48574283f4e3,district_311,311 received 360 requests for help for homeless people or about encampments in our district from September 2025 through August 2026. Two years earlier the number was 265.,"311 Service Requests, as counted for the planner",https://data.cityofnewyork.us/d/erm2-nwe9
4878fe5606cc,district_311,"311 received 34,621 noise complaints in our district from September 2025 through August 2026. That is the third highest rate per resident among the city's 59 community districts.","311 Service Requests, as counted for the planner",https://data.cityofnewyork.us/d/erm2-nwe9
4882be058fa6@5dc415,district_311,"311 received 1,366 complaints about sewers, catch basins and flooding in our district from September 2025 through August 2026. That is the seventh highest rate per resident among the city's 59 community districts.","311 Service Requests, as counted for the planner",https://data.cityofnewyork.us/d/erm2-nwe9
488fbd3df0bc,district_311,"311 received 30,360 complaints about heat, hot water and other apartment conditions in our district from September 2025 through August 2026. That is the 11th highest rate per resident among the city's 59 community districts. Two years earlier the number was 23,734.","311 Service Requests, as counted for the planner",https://data.cityofnewyork.us/d/erm2-nwe9
48dc8533b5bc@e19f63,crashes,"NYPD crash reports show 58 crashes at or near the intersection of Flatbush Avenue and Avenue U from June 2023 through May 2026. Those crashes injured 30 people, including 5 pedestrians and 1 cyclist, and killed 1 person.","NYPD, Motor Vehicle Collisions",https://data.cityofnewyork.us/d/h9gi-nx95
48f0f4bccaed,district_311,"311 received 2,157 complaints about sewers, catch basins and flooding in our district from September 2025 through August 2026. That is the third highest rate per resident among the city's 59 community districts.","311 Service Requests, as counted for the planner",https://data.cityofnewyork.us/d/erm2-nwe9
48f614ac6e32,school,"The School Construction Authority's latest Enrollment, Capacity and Utilization report shows 143 students at P.S. 194.","School Construction Authority, Enrollment, Capacity and Utilization",https://data.cityofnewyork.us/d/gkd7-3vk7
49040de83f3e,district_311,"311 received 1,084 complaints about sewers, catch basins and flooding in our district from September 2025 through August 2026. That is the 14th highest rate per resident among the city's 59 community districts.","311 Service Requests, as counted for the planner",https://data.cityofnewyork.us/d/erm2-nwe9
490a1cee18dd@d84afc,site_311,311 received 5 reports of street lights out or damaged within 150 feet of the intersection of Broadway and 74th Street from September 2023 through August 2026.,311 Service Requests,https://data.cityofnewyork.us/d/erm2-nwe9
491ac3749d4b,district_311,311 received 780 complaints about sidewalks and curbs in our district from September 2025 through August 2026. Two years earlier the number was 602.,"311 Service Requests, as counted for the planner",https://data.cityofnewyork.us/d/erm2-nwe9
493021abb358,district_311,"311 received 6,127 complaints about litter, dumping and missed collection in our district from September 2025 through August 2026. That is the seventh highest rate per resident among the city's 59 community districts.","311 Service Requests, as counted for the planner",https://data.cityofnewyork.us/d/erm2-nwe9
49385f506a0b@6b464a,district_311,311 received 336 complaints about street lights in our district from September 2025 through August 2026. Two years earlier the number was 242.,"311 Service Requests, as counted for the planner",https://data.cityofnewyork.us/d/erm2-nwe9
49385f506a0b@d16ef3,district_311,311 received 336 complaints about street lights in our district from September 2025 through August 2026. Two years earlier the number was 242.,"311 Service Requests, as counted for the planner",https://data.cityofnewyork.us/d/erm2-nwe9
4941e4fd2770,district_311,"311 received 4,980 complaints about litter, dumping and missed collection in our district from September 2025 through August 2026. That is the eighth highest rate per resident among the city's 59 community districts.","311 Service Requests, as counted for the planner",https://data.cityofnewyork.us/d/erm2-nwe9
4944d438cda2,district_311,"311 received 1,194 complaints about sewers, catch basins and flooding in our district from September 2025 through August 2026. That is the 11th highest rate per resident among the city's 59 community districts. Two years earlier the number was 930.","311 Service Requests, as counted for the planner",https://data.cityofnewyork.us/d/erm2-nwe9
498297167dd2,district_311,"311 received 1,859 complaints about litter, dumping and missed collection in our district from September 2025 through August 2026. Two years earlier the number was 1,330.","311 Service Requests, as counted for the planner",https://data.cityofnewyork.us/d/erm2-nwe9
49a2c62fb0ef,district_311,311 received 692 complaints about park maintenance in our district from September 2025 through August 2026. That is the seventh highest rate per resident among the city's 59 community districts. Two years earlier the number was 399.,"311 Service Requests, as counted for the planner",https://data.cityofnewyork.us/d/erm2-nwe9
49a2c62fb0ef@60d365,district_311,311 received 692 complaints about park maintenance in our district from September 2025 through August 2026. That is the seventh highest rate per resident among the city's 59 community districts. Two years earlier the number was 399.,"311 Service Requests, as counted for the planner",https://data.cityofnewyork.us/d/erm2-nwe9
49a2c62fb0ef@b366f4,district_311,311 received 692 complaints about park maintenance in our district from September 2025 through August 2026. That is the seventh highest rate per resident among the city's 59 community districts. Two years earlier the number was 399.,"311 Service Requests, as counted for the planner",https://data.cityofnewyork.us/d/erm2-nwe9
49ab923b15cc,district_311,311 received 922 complaints about construction and illegal building use in our district from September 2025 through August 2026. Two years earlier the number was 655.,"311 Service Requests, as counted for the planner",https://data.cityofnewyork.us/d/erm2-nwe9
49b3b178541b@a44035,district_311,"311 received 2,527 complaints about potholes and other street conditions in our district from September 2025 through August 2026. That is the 14th highest number among the city's 59 community districts. Two years earlier the number was 1,189.","311 Service Requests, as counted for the planner",https://data.cityofnewyork.us/d/erm2-nwe9
49c37f4d753f,district_311,"311 received 362 complaints about sewers, catch basins and flooding in our district from September 2025 through August 2026. That is the ninth highest rate per resident among the city's 59 community districts. Two years earlier the number was 288.","311 Service Requests, as counted for the planner",https://data.cityofnewyork.us/d/erm2-nwe9
4a8763a011d3,district_311,"311 received 4,358 complaints about potholes and other street conditions in our district from September 2025 through August 2026. That is the third highest number among the city's 59 community districts. Two years earlier the number was 2,854.","311 Service Requests, as counted for the planner",https://data.cityofnewyork.us/d/erm2-nwe9
4a946e753c23,crashes,"NYPD crash reports show 22 crashes at or near the intersection of St. Nicholas Avenue and West 124th Street from June 2023 through May 2026. Those crashes injured 12 people, including 2 pedestrians and 8 cyclists.","NYPD, Motor Vehicle Collisions",https://data.cityofnewyork.us/d/h9gi-nx95
4aa8810dd4a9,park_inspection,NYC Parks inspectors rated Woodruff Playground unacceptable overall in 2 of 5 inspections from August 2024 through July 2026. They rated its fences unacceptable in 3 of 5 inspections.,"NYC Parks, Parks Inspection Program",https://data.cityofnewyork.us/d/yg3y-7juh
4ad50ab30c32,street_trees,"As of February 2025, NYC Parks' tree inventory listed 3,421 empty street tree beds in our district.","NYC Parks, Forestry Planting Spaces",https://data.cityofnewyork.us/d/82zj-84is
4b29eba1aeaa,district_311,"311 received 1,366 complaints about sewers, catch basins and flooding in our district from September 2025 through August 2026. That is the seventh highest rate per resident among the city's 59 community districts.","311 Service Requests, as counted for the planner",https://data.cityofnewyork.us/d/erm2-nwe9
4b2aa78f7e7f,district_311,311 received 841 complaints about street lights in our district from September 2025 through August 2026. That is the seventh highest number among the city's 59 community districts.,"311 Service Requests, as counted for the planner",https://data.cityofnewyork.us/d/erm2-nwe9
4b30dfc64245@b87278,crashes,"NYPD crash reports show 143 crashes on Cozine Avenue between Fountain Avenue and Louisiana Avenue from June 2023 through May 2026. Those crashes injured 100 people, including 14 pedestrians and 10 cyclists.","NYPD, Motor Vehicle Collisions",https://data.cityofnewyork.us/d/h9gi-nx95
4b3a5ff4a163,district_311,"311 received 894 complaints about water mains, hydrants and water quality in our district from September 2025 through August 2026. That is the sixth highest rate per resident among the city's 59 community districts. Two years earlier the number was 591.","311 Service Requests, as counted for the planner",https://data.cityofnewyork.us/d/erm2-nwe9
4b45658e7ebe,district_311,"311 received 3,573 complaints about street trees in our district from September 2025 through August 2026. That is the fifth highest number among the city's 59 community districts.","311 Service Requests, as counted for the planner",https://data.cityofnewyork.us/d/erm2-nwe9
4b45ba328a67,district_311,311 received 659 complaints about street lights in our district from September 2025 through August 2026. That is the eighth highest rate per resident among the city's 59 community districts. Two years earlier the number was 377.,"311 Service Requests, as counted for the planner",https://data.cityofnewyork.us/d/erm2-nwe9
4b70a8ed86bb,district_311,"311 received 1,366 complaints about sewers, catch basins and flooding in our district from September 2025 through August 2026. That is the seventh highest rate per resident among the city's 59 community districts.","311 Service Requests, as counted for the planner",https://data.cityofnewyork.us/d/erm2-nwe9
4be1e1017d01,district_311,"311 received 2,527 complaints about potholes and other street conditions in our district from September 2025 through August 2026. That is the 14th highest number among the city's 59 community districts. Two years earlier the number was 1,189.","311 Service Requests, as counted for the planner",https://data.cityofnewyork.us/d/erm2-nwe9
4be93cad9c3c,district_311,"311 received 1,884 complaints about litter, dumping and missed collection in our district from September 2025 through August 2026. That is the highest rate per resident among the city's 59 community districts.","311 Service Requests, as counted for the planner",https://data.cityofnewyork.us/d/erm2-nwe9
4bf8bc44eab5,district_311,"311 received 4,308 complaints about litter, dumping and missed collection in our district from September 2025 through August 2026. That is the 13th highest rate per resident among the city's 59 community districts.","311 Service Requests, as counted for the planner",https://data.cityofnewyork.us/d/erm2-nwe9
4bfe5f7630e8,district_311,311 received 504 complaints about park maintenance in our district from September 2025 through August 2026. Two years earlier the number was 296.,"311 Service Requests, as counted for the planner",https://data.cityofnewyork.us/d/erm2-nwe9
4bfef7053cec,district_311,311 received 922 complaints about construction and illegal building use in our district from September 2025 through August 2026. Two years earlier the number was 655.,"311 Service Requests, as counted for the planner",https://data.cityofnewyork.us/d/erm2-nwe9
4bffa5fd5063,district_311,"311 received 2,058 complaints about potholes and other street conditions in our district from September 2025 through August 2026. Two years earlier the number was 1,223.","311 Service Requests, as counted for the planner",https://data.cityofnewyork.us/d/erm2-nwe9
4c0b5e3aaa5f,district_311,"311 received 3,619 complaints about potholes and other street conditions in our district from September 2025 through August 2026. That is the ninth highest rate per resident among the city's 59 community districts. Two years earlier the number was 1,834.","311 Service Requests, as counted for the planner",https://data.cityofnewyork.us/d/erm2-nwe9
4c14a910427f,district_311,311 received 765 complaints about graffiti in our district from September 2025 through August 2026. That is the fourth highest rate per resident among the city's 59 community districts.,"311 Service Requests, as counted for the planner",https://data.cityofnewyork.us/d/erm2-nwe9
4c198c779064,district_311,311 received 731 complaints about rats and other pests in our district from September 2025 through August 2026. That is the ninth highest rate per resident among the city's 59 community districts.,"311 Service Requests, as counted for the planner",https://data.cityofnewyork.us/d/erm2-nwe9
4c20f9abe073,district_311,"311 received 3,412 complaints about potholes and other street conditions in our district from September 2025 through August 2026. That is the fifth highest rate per resident among the city's 59 community districts. Two years earlier the number was 1,686.","311 Service Requests, as counted for the planner",https://data.cityofnewyork.us/d/erm2-nwe9
4c3a62212a4d,district_311,311 received 922 complaints about construction and illegal building use in our district from September 2025 through August 2026. Two years earlier the number was 655.,"311 Service Requests, as counted for the planner",https://data.cityofnewyork.us/d/erm2-nwe9
4c7390f3efe8,district_311,"311 received 4,071 complaints about litter, dumping and missed collection in our district from September 2025 through August 2026. That is the tenth highest number among the city's 59 community districts. Two years earlier the number was 3,088.","311 Service Requests, as counted for the planner",https://data.cityofnewyork.us/d/erm2-nwe9
4c95eeb5024f@25f560,district_311,"311 received 1,393 complaints about potholes and other street conditions in our district from September 2025 through August 2026. Two years earlier the number was 798.","311 Service Requests, as counted for the planner",https://data.cityofnewyork.us/d/erm2-nwe9
4ca5cc0a3c68,district_311,"311 received 1,042 complaints about park maintenance in our district from September 2025 through August 2026. That is the sixth highest rate per resident among the city's 59 community districts.","311 Service Requests, as counted for the planner",https://data.cityofnewyork.us/d/erm2-nwe9
4cace1ba5b0e@e03e41,district_311,"311 received 1,084 complaints about sewers, catch basins and flooding in our district from September 2025 through August 2026. That is the 14th highest rate per resident among the city's 59 community districts.","311 Service Requests, as counted for the planner",https://data.cityofnewyork.us/d/erm2-nwe9
4cba221f5bd3,district_311,"311 received 9,980 requests for help for homeless people or about encampments in our district from September 2025 through August 2026. That is the second highest rate per resident among the city's 59 community districts. Two years earlier the number was 6,541.","311 Service Requests, as counted for the planner",https://data.cityofnewyork.us/d/erm2-nwe9
4cf980946aab@4aeffb,district_311,"311 received 5,230 complaints about potholes and other street conditions in our district from September 2025 through August 2026. That is the fourth highest rate per resident among the city's 59 community districts. Two years earlier the number was 3,022.","311 Service Requests, as counted for the planner",https://data.cityofnewyork.us/d/erm2-nwe9
4d069556b1b9,district_311,"311 received 3,108 complaints about litter, dumping and missed collection in our district from September 2025 through August 2026. Two years earlier the number was 2,058.","311 Service Requests, as counted for the planner",https://data.cityofnewyork.us/d/erm2-nwe9
4d12de6847dc,district_311,"311 received 31,710 complaints about illegal parking and blocked driveways in our district from September 2025 through August 2026. That is the highest rate per resident among the city's 59 community districts.","311 Service Requests, as counted for the planner",https://data.cityofnewyork.us/d/erm2-nwe9
4d5d05778291,district_311,"311 received 1,147 complaints about sewers, catch basins and flooding in our district from September 2025 through August 2026. That is the seventh highest number among the city's 59 community districts.","311 Service Requests, as counted for the planner",https://data.cityofnewyork.us/d/erm2-nwe9
4d715af31c03,district_311,"311 received 3,247 complaints about street trees in our district from September 2025 through August 2026. That is the eighth highest rate per resident among the city's 59 community districts.","311 Service Requests, as counted for the planner",https://data.cityofnewyork.us/d/erm2-nwe9
4d715af31c03,street_trees,"As of February 2025, NYC Parks' tree inventory listed 3,040 empty street tree beds in our district.","NYC Parks, Forestry Planting Spaces",https://data.cityofnewyork.us/d/82zj-84is
4d8681776c33,district_311,"311 received 3,256 complaints about street trees in our district from September 2025 through August 2026. That is the ninth highest rate per resident among the city's 59 community districts.","311 Service Requests, as counted for the planner",https://data.cityofnewyork.us/d/erm2-nwe9
4d91de04ac0b,district_311,311 received 541 complaints about potholes and other street conditions in our district from September 2025 through August 2026. Two years earlier the number was 405.,"311 Service Requests, as counted for the planner",https://data.cityofnewyork.us/d/erm2-nwe9
4daedc513dd5,crashes,NYPD crash reports show 4 crashes at or near the intersection of Hamilton Terrace and West 141st street from June 2023 through May 2026. Those crashes injured 1 person.,"NYPD, Motor Vehicle Collisions",https://data.cityofnewyork.us/d/h9gi-nx95
4db4bf09a708@554779,district_311,"311 received 3,666 complaints about potholes and other street conditions in our district from September 2025 through August 2026. That is the seventh highest rate per resident among the city's 59 community districts. Two years earlier the number was 1,585.","311 Service Requests, as counted for the planner",https://data.cityofnewyork.us/d/erm2-nwe9
4dc04de0bc50,school,"The School Construction Authority's latest Enrollment, Capacity and Utilization report shows 713 students at P.S. 11.","School Construction Authority, Enrollment, Capacity and Utilization",https://data.cityofnewyork.us/d/gkd7-3vk7
4dc4f729b4ea,park_inspection,NYC Parks inspectors rated Gravesend Park unacceptable overall in 3 of 5 inspections from August 2024 through July 2026.,"NYC Parks, Parks Inspection Program",https://data.cityofnewyork.us/d/yg3y-7juh
4dc769f59f2b,district_311,"311 received 1,082 complaints about sewers, catch basins and flooding in our district from September 2025 through August 2026. That is the 13th highest rate per resident among the city's 59 community districts.","311 Service Requests, as counted for the planner",https://data.cityofnewyork.us/d/erm2-nwe9
4dd2ff83f397,district_311,"311 received 1,698 complaints about potholes and other street conditions in our district from September 2025 through August 2026. Two years earlier the number was 1,244.","311 Service Requests, as counted for the planner",https://data.cityofnewyork.us/d/erm2-nwe9
4de45af9abdc,park_inspection,NYC Parks inspectors rated Evergreen Park unacceptable overall in 5 of 5 inspections from August 2024 through July 2026.,"NYC Parks, Parks Inspection Program",https://data.cityofnewyork.us/d/yg3y-7juh
4deecfbd4ee1,district_311,"311 received 1,082 complaints about sewers, catch basins and flooding in our district from September 2025 through August 2026. That is the 13th highest rate per resident among the city's 59 community districts.","311 Service Requests, as counted for the planner",https://data.cityofnewyork.us/d/erm2-nwe9
4df3a5b64c93,district_311,311 received 388 complaints about sidewalks and curbs in our district from September 2025 through August 2026. Two years earlier the number was 273.,"311 Service Requests, as counted for the planner",https://data.cityofnewyork.us/d/erm2-nwe9
4e10db8f69e1,district_311,"311 received 3,353 complaints about water mains, hydrants and water quality in our district from September 2025 through August 2026. That is the highest rate per resident among the city's 59 community districts.","311 Service Requests, as counted for the planner",https://data.cityofnewyork.us/d/erm2-nwe9
4e14154a8576,district_311,"311 received 594 complaints about sewers, catch basins and flooding in our district from September 2025 through August 2026. Two years earlier the number was 427.","311 Service Requests, as counted for the planner",https://data.cityofnewyork.us/d/erm2-nwe9
4e5c5050ea63,district_311,"311 received 1,674 complaints about construction and illegal building use in our district from September 2025 through August 2026. That is the eighth highest rate per resident among the city's 59 community districts.","311 Service Requests, as counted for the planner",https://data.cityofnewyork.us/d/erm2-nwe9
4e96a02da55c,district_311,"311 received 26,303 complaints about heat, hot water and other apartment conditions in our district from September 2025 through August 2026. That is the fourth highest rate per resident among the city's 59 community districts.","311 Service Requests, as counted for the planner",https://data.cityofnewyork.us/d/erm2-nwe9
4e9bebd77ec8@2668df,crashes,"NYPD crash reports show 167 crashes on Myrtle Avenue between Fresh Pond Road and 82nd Street from June 2023 through May 2026. Those crashes injured 93 people, including 26 pedestrians and 21 cyclists.","NYPD, Motor Vehicle Collisions",https://data.cityofnewyork.us/d/h9gi-nx95
4e9bebd77ec8@2668df,district_311,"311 received 1,027 complaints about sidewalks and curbs in our district from September 2025 through August 2026. That is the 11th highest rate per resident among the city's 59 community districts.","311 Service Requests, as counted for the planner",https://data.cityofnewyork.us/d/erm2-nwe9
4edad45fe346@e4a79a,school,"The School Construction Authority's latest Enrollment, Capacity and Utilization report shows 542 students at P.S. 3.","School Construction Authority, Enrollment, Capacity and Utilization",https://data.cityofnewyork.us/d/gkd7-3vk7
4eea323a8902,district_311,"311 received 3,619 complaints about potholes and other street conditions in our district from September 2025 through August 2026. That is the ninth highest rate per resident among the city's 59 community districts. Two years earlier the number was 1,834.","311 Service Requests, as counted for the planner",https://data.cityofnewyork.us/d/erm2-nwe9
4f1172ccd7c2@524949,district_311,"311 received 1,130 complaints about sewers, catch basins and flooding in our district from September 2025 through August 2026. That is the eighth highest rate per resident among the city's 59 community districts. Two years earlier the number was 711.","311 Service Requests, as counted for the planner",https://data.cityofnewyork.us/d/erm2-nwe9
4f1af9d3c7bb,district_311,"311 received 540 complaints about sewers, catch basins and flooding in our district from September 2025 through August 2026. Two years earlier the number was 408.","311 Service Requests, as counted for the planner",https://data.cityofnewyork.us/d/erm2-nwe9
4f3149fa1ed1,district_311,"311 received 6,102 complaints about litter, dumping and missed collection in our district from September 2025 through August 2026. That is the second highest number among the city's 59 community districts.","311 Service Requests, as counted for the planner",https://data.cityofnewyork.us/d/erm2-nwe9
4f3c7e6ebccf,school,"The School Construction Authority's latest Enrollment, Capacity and Utilization report shows P.S. 304 with 557 students, 107% of its target capacity.","School Construction Authority, Enrollment, Capacity and Utilization",https://data.cityofnewyork.us/d/gkd7-3vk7
4f5deab76e7d@2915eb,district_311,"311 received 4,027 complaints about litter, dumping and missed collection in our district from September 2025 through August 2026. That is the tenth highest rate per resident among the city's 59 community districts.","311 Service Requests, as counted for the planner",https://data.cityofnewyork.us/d/erm2-nwe9
4f6cf9767502@0ca1b2,district_311,"311 received 4,782 complaints about potholes and other street conditions in our district from September 2025 through August 2026. That is the 13th highest rate per resident among the city's 59 community districts. Two years earlier the number was 2,431.","311 Service Requests, as counted for the planner",https://data.cityofnewyork.us/d/erm2-nwe9
4f8e40054ad1,school,"The School Construction Authority's latest Enrollment, Capacity and Utilization report shows 542 students at P.S. 3.","School Construction Authority, Enrollment, Capacity and Utilization",https://data.cityofnewyork.us/d/gkd7-3vk7
4f8e41978bd1,district_311,"311 received 3,676 complaints about litter, dumping and missed collection in our district from September 2025 through August 2026. That is the third highest rate per resident among the city's 59 community districts.","311 Service Requests, as counted for the planner",https://data.cityofnewyork.us/d/erm2-nwe9
4f96eaf9b6c2,district_311,311 received 780 complaints about sidewalks and curbs in our district from September 2025 through August 2026. Two years earlier the number was 602.,"311 Service Requests, as counted for the planner",https://data.cityofnewyork.us/d/erm2-nwe9
4fa9183240ed,district_311,"311 received 3,108 complaints about litter, dumping and missed collection in our district from September 2025 through August 2026. Two years earlier the number was 2,058.","311 Service Requests, as counted for the planner",https://data.cityofnewyork.us/d/erm2-nwe9
4fb055aa8d46@5e2d49,district_311,"311 received 2,157 complaints about sewers, catch basins and flooding in our district from September 2025 through August 2026. That is the third highest rate per resident among the city's 59 community districts.","311 Service Requests, as counted for the planner",https://data.cityofnewyork.us/d/erm2-nwe9
4fb104d3b53b,district_311,311 received 558 complaints about rats and other pests in our district from September 2025 through August 2026. That is the 11th highest rate per resident among the city's 59 community districts.,"311 Service Requests, as counted for the planner",https://data.cityofnewyork.us/d/erm2-nwe9
4fb6e412940c,park_inspection,NYC Parks inspectors rated the fences at Amersfort Park unacceptable in 2 of 4 inspections from August 2024 through July 2026.,"NYC Parks, Parks Inspection Program",https://data.cityofnewyork.us/d/yg3y-7juh
4fbfecf48ae6,district_311,"311 received 1,366 complaints about sewers, catch basins and flooding in our district from September 2025 through August 2026. That is the seventh highest rate per resident among the city's 59 community districts.","311 Service Requests, as counted for the planner",https://data.cityofnewyork.us/d/erm2-nwe9
4fbfecf48ae6@830691,district_311,"311 received 1,366 complaints about sewers, catch basins and flooding in our district from September 2025 through August 2026. That is the seventh highest rate per resident among the city's 59 community districts.","311 Service Requests, as counted for the planner",https://data.cityofnewyork.us/d/erm2-nwe9
4fec980bb78d,district_311,"311 received 3,977 requests for help for homeless people or about encampments in our district from September 2025 through August 2026. That is the seventh highest rate per resident among the city's 59 community districts. Two years earlier the number was 2,911.","311 Service Requests, as counted for the planner",https://data.cityofnewyork.us/d/erm2-nwe9
50237a47897f,district_311,"311 received 2,157 complaints about sewers, catch basins and flooding in our district from September 2025 through August 2026. That is the third highest rate per resident among the city's 59 community districts.","311 Service Requests, as counted for the planner",https://data.cityofnewyork.us/d/erm2-nwe9
503968499198,district_311,"311 received 1,084 complaints about sewers, catch basins and flooding in our district from September 2025 through August 2026. That is the 14th highest rate per resident among the city's 59 community districts.","311 Service Requests, as counted for the planner",https://data.cityofnewyork.us/d/erm2-nwe9
503cd8b1af15@9c7dc1,district_311,"311 received 952 complaints about sewers, catch basins and flooding in our district from September 2025 through August 2026. That is the tenth highest rate per resident among the city's 59 community districts.","311 Service Requests, as counted for the planner",https://data.cityofnewyork.us/d/erm2-nwe9
507d94a6e54b,park_inspection,NYC Parks inspectors rated Fort Independence Playground unacceptable overall in 2 of 5 inspections from August 2024 through July 2026.,"NYC Parks, Parks Inspection Program",https://data.cityofnewyork.us/d/yg3y-7juh
50b6c8e1357d,district_311,"311 received 3,108 complaints about litter, dumping and missed collection in our district from September 2025 through August 2026. Two years earlier the number was 2,058.","311 Service Requests, as counted for the planner",https://data.cityofnewyork.us/d/erm2-nwe9
50da3da5f125@f7d3dc,crashes,"NYPD crash reports show 28 crashes at or near the intersection of Ocean Avenue and Flatbush Avenue from June 2023 through May 2026. Those crashes injured 19 people, including 5 cyclists.","NYPD, Motor Vehicle Collisions",https://data.cityofnewyork.us/d/h9gi-nx95
51430ac89442,district_311,"311 received 2,095 requests for help for homeless people or about encampments in our district from September 2025 through August 2026. That is the tenth highest rate per resident among the city's 59 community districts.","311 Service Requests, as counted for the planner",https://data.cityofnewyork.us/d/erm2-nwe9
515063e8d82a,district_311,311 received 759 complaints about sidewalks and curbs in our district from September 2025 through August 2026. That is the ninth highest rate per resident among the city's 59 community districts.,"311 Service Requests, as counted for the planner",https://data.cityofnewyork.us/d/erm2-nwe9
517ba1a27e7f,district_311,"311 received 16,814 noise complaints in our district from September 2025 through August 2026. That is the 14th highest number among the city's 59 community districts.","311 Service Requests, as counted for the planner",https://data.cityofnewyork.us/d/erm2-nwe9
51855462b33e,school,"The School Construction Authority's latest Enrollment, Capacity and Utilization report shows 271 students at P.S. 125.","School Construction Authority, Enrollment, Capacity and Utilization",https://data.cityofnewyork.us/d/gkd7-3vk7
5189ecb4abb5,district_311,"311 received 4,358 complaints about potholes and other street conditions in our district from September 2025 through August 2026. That is the third highest number among the city's 59 community districts. Two years earlier the number was 2,854.","311 Service Requests, as counted for the planner",https://data.cityofnewyork.us/d/erm2-nwe9
518a04914351,district_311,"311 received 1,366 complaints about sewers, catch basins and flooding in our district from September 2025 through August 2026. That is the seventh highest rate per resident among the city's 59 community districts.","311 Service Requests, as counted for the planner",https://data.cityofnewyork.us/d/erm2-nwe9
518a04914351,site_311,311 received 9 reports of street flooding or clogged catch basins within 300 feet of the intersection of Avenue M and East 66th Street from September 2023 through August 2026.,311 Service Requests,https://data.cityofnewyork.us/d/erm2-nwe9
51be3308aab9,district_311,311 received 659 complaints about street lights in our district from September 2025 through August 2026. That is the eighth highest rate per resident among the city's 59 community districts. Two years earlier the number was 377.,"311 Service Requests, as counted for the planner",https://data.cityofnewyork.us/d/erm2-nwe9
5220dde04079,district_311,"311 received 3,247 complaints about street trees in our district from September 2025 through August 2026. That is the eighth highest rate per resident among the city's 59 community districts.","311 Service Requests, as counted for the planner",https://data.cityofnewyork.us/d/erm2-nwe9
5223c01b86a3@036c17,district_311,"311 received 956 complaints about sewers, catch basins and flooding in our district from September 2025 through August 2026. That is the fifth highest rate per resident among the city's 59 community districts.","311 Service Requests, as counted for the planner",https://data.cityofnewyork.us/d/erm2-nwe9
5223c01b86a3@b9be7f,district_311,"311 received 956 complaints about sewers, catch basins and flooding in our district from September 2025 through August 2026. That is the fifth highest rate per resident among the city's 59 community districts.","311 Service Requests, as counted for the planner",https://data.cityofnewyork.us/d/erm2-nwe9
522ec81609c3,district_311,"311 received 5,650 complaints about litter, dumping and missed collection in our district from September 2025 through August 2026. That is the fourth highest rate per resident among the city's 59 community districts.","311 Service Requests, as counted for the planner",https://data.cityofnewyork.us/d/erm2-nwe9
52506145d8b6@06605a,district_311,"311 received 1,366 complaints about sewers, catch basins and flooding in our district from September 2025 through August 2026. That is the seventh highest rate per resident among the city's 59 community districts.","311 Service Requests, as counted for the planner",https://data.cityofnewyork.us/d/erm2-nwe9
525145328277,district_311,"311 received 14,142 requests for help for homeless people or about encampments in our district from September 2025 through August 2026. That is the highest rate per resident among the city's 59 community districts.","311 Service Requests, as counted for the planner",https://data.cityofnewyork.us/d/erm2-nwe9
525a4434b956,district_311,311 received 292 requests for help for homeless people or about encampments in our district from September 2025 through August 2026. Two years earlier the number was 130.,"311 Service Requests, as counted for the planner",https://data.cityofnewyork.us/d/erm2-nwe9
5260f312bdd5,school,"The School Construction Authority's latest Enrollment, Capacity and Utilization report shows 205 students at P.S. 110.","School Construction Authority, Enrollment, Capacity and Utilization",https://data.cityofnewyork.us/d/gkd7-3vk7
526f0beb60b2,crashes,"NYPD crash reports show 30 crashes at or near the intersection of Steinway Street and 30th Avenue from June 2023 through May 2026. Those crashes injured 22 people, including 7 pedestrians and 3 cyclists.","NYPD, Motor Vehicle Collisions",https://data.cityofnewyork.us/d/h9gi-nx95
52a009c24e1b,district_311,"311 received 754 complaints about sewers, catch basins and flooding in our district from September 2025 through August 2026. That is the 15th highest rate per resident among the city's 59 community districts.","311 Service Requests, as counted for the planner",https://data.cityofnewyork.us/d/erm2-nwe9
52a03553b62e,park_inspection,NYC Parks inspectors rated Roebling Playground unacceptable overall in 3 of 5 inspections from August 2024 through July 2026.,"NYC Parks, Parks Inspection Program",https://data.cityofnewyork.us/d/yg3y-7juh
52a6216d47df,district_311,"311 received 1,084 complaints about sewers, catch basins and flooding in our district from September 2025 through August 2026. That is the 14th highest rate per resident among the city's 59 community districts.","311 Service Requests, as counted for the planner",https://data.cityofnewyork.us/d/erm2-nwe9
52ad2984a7de,district_311,"311 received 2,157 complaints about sewers, catch basins and flooding in our district from September 2025 through August 2026. That is the third highest rate per resident among the city's 59 community districts.","311 Service Requests, as counted for the planner",https://data.cityofnewyork.us/d/erm2-nwe9
52b43180097f,district_311,"311 received 6,255 complaints about construction and illegal building use in our district from September 2025 through August 2026. That is the highest rate per resident among the city's 59 community districts. Two years earlier the number was 2,625.","311 Service Requests, as counted for the planner",https://data.cityofnewyork.us/d/erm2-nwe9
52b6dd4f01e7@8e6e72,crashes,"NYPD crash reports show 6 crashes at or near the intersection of Ocean Parkway and Avenue K from June 2023 through May 2026. Those crashes injured 3 people, including 1 cyclist.","NYPD, Motor Vehicle Collisions",https://data.cityofnewyork.us/d/h9gi-nx95
52d6785671e3,district_311,"311 received 1,383 requests for help for homeless people or about encampments in our district from September 2025 through August 2026. That is the ninth highest rate per resident among the city's 59 community districts.","311 Service Requests, as counted for the planner",https://data.cityofnewyork.us/d/erm2-nwe9
52e6c70ebb87,park_inspection,NYC Parks inspectors rated the play equipment at Drew Playground unacceptable in 2 of 5 inspections from August 2024 through July 2026.,"NYC Parks, Parks Inspection Program",https://data.cityofnewyork.us/d/yg3y-7juh
5302928d34d8,district_311,"311 received 3,676 complaints about litter, dumping and missed collection in our district from September 2025 through August 2026. That is the third highest rate per resident among the city's 59 community districts.","311 Service Requests, as counted for the planner",https://data.cityofnewyork.us/d/erm2-nwe9
530bc42cfe59@a0efa0,district_311,311 received 841 complaints about street lights in our district from September 2025 through August 2026. That is the seventh highest number among the city's 59 community districts.,"311 Service Requests, as counted for the planner",https://data.cityofnewyork.us/d/erm2-nwe9
530ed55e5014,district_311,"311 received 2,157 complaints about sewers, catch basins and flooding in our district from September 2025 through August 2026. That is the third highest rate per resident among the city's 59 community districts.","311 Service Requests, as counted for the planner",https://data.cityofnewyork.us/d/erm2-nwe9
531ab7d6d407,crashes,"NYPD crash reports show 66 crashes at or near the intersection of Broadway and Myrtle Avenue from June 2023 through May 2026. Those crashes injured 45 people, including 20 pedestrians and 3 cyclists, and killed 1 person.","NYPD, Motor Vehicle Collisions",https://data.cityofnewyork.us/d/h9gi-nx95
5343bab35253,district_311,"311 received 14,142 requests for help for homeless people or about encampments in our district from September 2025 through August 2026. That is the highest rate per resident among the city's 59 community districts.","311 Service Requests, as counted for the planner",https://data.cityofnewyork.us/d/erm2-nwe9
53765d6a6e8d,district_311,"311 received 1,366 complaints about sewers, catch basins and flooding in our district from September 2025 through August 2026. That is the seventh highest rate per resident among the city's 59 community districts.","311 Service Requests, as counted for the planner",https://data.cityofnewyork.us/d/erm2-nwe9
53765d6a6e8d@0d7b64,district_311,"311 received 1,366 complaints about sewers, catch basins and flooding in our district from September 2025 through August 2026. That is the seventh highest rate per resident among the city's 59 community districts.","311 Service Requests, as counted for the planner",https://data.cityofnewyork.us/d/erm2-nwe9
539af5ce4887@5baf78,district_311,"311 received 2,031 complaints about potholes and other street conditions in our district from September 2025 through August 2026. Two years earlier the number was 1,149.","311 Service Requests, as counted for the planner",https://data.cityofnewyork.us/d/erm2-nwe9
53adb04d083c@675ab5,district_311,"311 received 14,142 requests for help for homeless people or about encampments in our district from September 2025 through August 2026. That is the highest rate per resident among the city's 59 community districts.","311 Service Requests, as counted for the planner",https://data.cityofnewyork.us/d/erm2-nwe9
53bdbe320891,district_311,"311 received 3,977 requests for help for homeless people or about encampments in our district from September 2025 through August 2026. That is the seventh highest rate per resident among the city's 59 community districts. Two years earlier the number was 2,911.","311 Service Requests, as counted for the planner",https://data.cityofnewyork.us/d/erm2-nwe9
53be2c3d5219@16b5b6,district_311,"311 received 1,109 complaints about potholes and other street conditions in our district from September 2025 through August 2026. Two years earlier the number was 706.","311 Service Requests, as counted for the planner",https://data.cityofnewyork.us/d/erm2-nwe9
53c3f1080a92,district_311,"311 received 1,082 complaints about sewers, catch basins and flooding in our district from September 2025 through August 2026. That is the 13th highest rate per resident among the city's 59 community districts.","311 Service Requests, as counted for the planner",https://data.cityofnewyork.us/d/erm2-nwe9
53d6e73a2923,district_311,"311 received 1,905 complaints about potholes and other street conditions in our district from September 2025 through August 2026. That is the highest rate per resident among the city's 59 community districts. Two years earlier the number was 1,516.","311 Service Requests, as counted for the planner",https://data.cityofnewyork.us/d/erm2-nwe9
53f9ce5a5bb2,crashes,"NYPD crash reports show 9 crashes at or near the intersection of Washington Avenue and Montgomery Street from June 2023 through May 2026. Those crashes injured 3 people, including 1 pedestrian.","NYPD, Motor Vehicle Collisions",https://data.cityofnewyork.us/d/h9gi-nx95
545eb3502f97,district_311,"311 received 9,308 complaints about heat, hot water and other apartment conditions in our district from September 2025 through August 2026. Two years earlier the number was 6,645.","311 Service Requests, as counted for the planner",https://data.cityofnewyork.us/d/erm2-nwe9
5468ba47ec72,district_311,"311 received 1,366 complaints about construction and illegal building use in our district from September 2025 through August 2026. That is the 13th highest number among the city's 59 community districts.","311 Service Requests, as counted for the planner",https://data.cityofnewyork.us/d/erm2-nwe9
5495d90ba232@c489d2,district_311,"311 received 1,130 complaints about sewers, catch basins and flooding in our district from September 2025 through August 2026. That is the eighth highest rate per resident among the city's 59 community districts. Two years earlier the number was 711.","311 Service Requests, as counted for the planner",https://data.cityofnewyork.us/d/erm2-nwe9
54962757fe43,crashes,"NYPD crash reports show 32 crashes at or near the intersection of Ocean Avenue and Parkside Avenue from June 2023 through May 2026. Those crashes injured 25 people, including 5 pedestrians and 4 cyclists.","NYPD, Motor Vehicle Collisions",https://data.cityofnewyork.us/d/h9gi-nx95
54999a9a4829,district_311,"311 received 2,912 complaints about litter, dumping and missed collection in our district from September 2025 through August 2026. That is the ninth highest rate per resident among the city's 59 community districts.","311 Service Requests, as counted for the planner",https://data.cityofnewyork.us/d/erm2-nwe9
54a045268359,district_311,"311 received 3,619 complaints about potholes and other street conditions in our district from September 2025 through August 2026. That is the ninth highest rate per resident among the city's 59 community districts. Two years earlier the number was 1,834.","311 Service Requests, as counted for the planner",https://data.cityofnewyork.us/d/erm2-nwe9
54a46a4aba17,district_311,"311 received 1,194 complaints about sewers, catch basins and flooding in our district from September 2025 through August 2026. That is the 11th highest rate per resident among the city's 59 community districts. Two years earlier the number was 930.","311 Service Requests, as counted for the planner",https://data.cityofnewyork.us/d/erm2-nwe9
54d9cc0a952d@f59dc9,district_311,"311 received 1,366 complaints about sewers, catch basins and flooding in our district from September 2025 through August 2026. That is the seventh highest rate per resident among the city's 59 community districts.","311 Service Requests, as counted for the planner",https://data.cityofnewyork.us/d/erm2-nwe9
55047d5cf516,district_311,311 received 694 complaints about park maintenance in our district from September 2025 through August 2026. That is the eighth highest rate per resident among the city's 59 community districts.,"311 Service Requests, as counted for the planner",https://data.cityofnewyork.us/d/erm2-nwe9
550c11350630,district_311,"311 received 30,360 complaints about heat, hot water and other apartment conditions in our district from September 2025 through August 2026. That is the 11th highest rate per resident among the city's 59 community districts. Two years earlier the number was 23,734.","311 Service Requests, as counted for the planner",https://data.cityofnewyork.us/d/erm2-nwe9
5534f29d6e00,district_311,"311 received 1,082 complaints about sewers, catch basins and flooding in our district from September 2025 through August 2026. That is the 13th highest rate per resident among the city's 59 community districts.","311 Service Requests, as counted for the planner",https://data.cityofnewyork.us/d/erm2-nwe9
553fb2d1805f,district_311,"311 received 1,082 complaints about sewers, catch basins and flooding in our district from September 2025 through August 2026. That is the 13th highest rate per resident among the city's 59 community districts.","311 Service Requests, as counted for the planner",https://data.cityofnewyork.us/d/erm2-nwe9
5542687b7cae@2a2a95,district_311,"311 received 1,733 complaints about potholes and other street conditions in our district from September 2025 through August 2026. Two years earlier the number was 878.","311 Service Requests, as counted for the planner",https://data.cityofnewyork.us/d/erm2-nwe9
554f0a7070d1@2668df,crashes,"NYPD crash reports show 167 crashes on Myrtle Avenue between Fresh Pond Road and 82nd Street from June 2023 through May 2026. Those crashes injured 93 people, including 26 pedestrians and 21 cyclists.","NYPD, Motor Vehicle Collisions",https://data.cityofnewyork.us/d/h9gi-nx95
554f0a7070d1@2668df,district_311,"311 received 1,027 complaints about sidewalks and curbs in our district from September 2025 through August 2026. That is the 11th highest rate per resident among the city's 59 community districts.","311 Service Requests, as counted for the planner",https://data.cityofnewyork.us/d/erm2-nwe9
558bcdd6fd10,district_311,311 received 332 complaints about sidewalks and curbs in our district from September 2025 through August 2026. Two years earlier the number was 225.,"311 Service Requests, as counted for the planner",https://data.cityofnewyork.us/d/erm2-nwe9
559eff7a875a@f9269f,district_311,"311 received 1,985 complaints about potholes and other street conditions in our district from September 2025 through August 2026. Two years earlier the number was 928.","311 Service Requests, as counted for the planner",https://data.cityofnewyork.us/d/erm2-nwe9
55c470037e7b,district_311,"311 received 754 complaints about sewers, catch basins and flooding in our district from September 2025 through August 2026. That is the 15th highest rate per resident among the city's 59 community districts.","311 Service Requests, as counted for the planner",https://data.cityofnewyork.us/d/erm2-nwe9
55c7d56c5eef@4846de,district_311,"311 received 1,366 complaints about sewers, catch basins and flooding in our district from September 2025 through August 2026. That is the seventh highest rate per resident among the city's 59 community districts.","311 Service Requests, as counted for the planner",https://data.cityofnewyork.us/d/erm2-nwe9
55de345977ae,district_311,"311 received 3,247 complaints about street trees in our district from September 2025 through August 2026. That is the eighth highest rate per resident among the city's 59 community districts.","311 Service Requests, as counted for the planner",https://data.cityofnewyork.us/d/erm2-nwe9
55e92b0f0b7a,park_inspection,NYC Parks inspectors rated Leif Ericson Park unacceptable overall in 3 of 6 inspections from August 2024 through July 2026.,"NYC Parks, Parks Inspection Program",https://data.cityofnewyork.us/d/yg3y-7juh
55fdfd9edfb3,district_311,"311 received 3,108 complaints about litter, dumping and missed collection in our district from September 2025 through August 2026. Two years earlier the number was 2,058.","311 Service Requests, as counted for the planner",https://data.cityofnewyork.us/d/erm2-nwe9
560204173cf2@2277c2,district_311,311 received 660 complaints about rats and other pests in our district from September 2025 through August 2026. That is the fifth highest rate per resident among the city's 59 community districts.,"311 Service Requests, as counted for the planner",https://data.cityofnewyork.us/d/erm2-nwe9
56047863e8e4,park_inspection,NYC Parks inspectors rated Challenge Playground unacceptable overall in 2 of 5 inspections from August 2024 through July 2026.,"NYC Parks, Parks Inspection Program",https://data.cityofnewyork.us/d/yg3y-7juh
5631fb0fb512,district_311,311 received 332 complaints about sidewalks and curbs in our district from September 2025 through August 2026. Two years earlier the number was 225.,"311 Service Requests, as counted for the planner",https://data.cityofnewyork.us/d/erm2-nwe9
56364cfad56d,district_311,311 received 490 complaints about sidewalks and curbs in our district from September 2025 through August 2026. That is the third highest rate per resident among the city's 59 community districts.,"311 Service Requests, as counted for the planner",https://data.cityofnewyork.us/d/erm2-nwe9
5657a025021f,park_inspection,NYC Parks inspectors rated Seward Park unacceptable overall in 4 of 5 inspections from August 2024 through July 2026. They rated it unacceptable for cleanliness in 4 of 5 inspections.,"NYC Parks, Parks Inspection Program",https://data.cityofnewyork.us/d/yg3y-7juh
5660f47d384b,district_311,"311 received 3,977 requests for help for homeless people or about encampments in our district from September 2025 through August 2026. That is the seventh highest rate per resident among the city's 59 community districts. Two years earlier the number was 2,911.","311 Service Requests, as counted for the planner",https://data.cityofnewyork.us/d/erm2-nwe9
56989b9ece12,district_311,"311 received 1,366 complaints about sewers, catch basins and flooding in our district from September 2025 through August 2026. That is the seventh highest rate per resident among the city's 59 community districts.","311 Service Requests, as counted for the planner",https://data.cityofnewyork.us/d/erm2-nwe9
569a9b9ae38d,district_311,311 received 336 complaints about street lights in our district from September 2025 through August 2026. Two years earlier the number was 242.,"311 Service Requests, as counted for the planner",https://data.cityofnewyork.us/d/erm2-nwe9
569a9b9ae38d@6b6653,district_311,311 received 336 complaints about street lights in our district from September 2025 through August 2026. Two years earlier the number was 242.,"311 Service Requests, as counted for the planner",https://data.cityofnewyork.us/d/erm2-nwe9
569a9b9ae38d@dce2bd,district_311,311 received 336 complaints about street lights in our district from September 2025 through August 2026. Two years earlier the number was 242.,"311 Service Requests, as counted for the planner",https://data.cityofnewyork.us/d/erm2-nwe9
56a1fd4a37a9@a1d2f9,district_311,311 received 606 complaints about potholes and other street conditions in our district from September 2025 through August 2026. Two years earlier the number was 400.,"311 Service Requests, as counted for the planner",https://data.cityofnewyork.us/d/erm2-nwe9
56df4509ca5e@fec930,district_311,"311 received 1,516 requests for help for homeless people or about encampments in our district from September 2025 through August 2026. That is the eighth highest rate per resident among the city's 59 community districts.","311 Service Requests, as counted for the planner",https://data.cityofnewyork.us/d/erm2-nwe9
56e3cc5c11cf@c7e0e1,district_311,"311 received 2,157 complaints about sewers, catch basins and flooding in our district from September 2025 through August 2026. That is the third highest rate per resident among the city's 59 community districts.","311 Service Requests, as counted for the planner",https://data.cityofnewyork.us/d/erm2-nwe9
5748d98859b7,school,"The School Construction Authority's latest Enrollment, Capacity and Utilization report shows 315 students at P.S. 446.","School Construction Authority, Enrollment, Capacity and Utilization",https://data.cityofnewyork.us/d/gkd7-3vk7
5758a368fa24@61f3c7,district_311,"311 received 1,366 complaints about sewers, catch basins and flooding in our district from September 2025 through August 2026. That is the seventh highest rate per resident among the city's 59 community districts.","311 Service Requests, as counted for the planner",https://data.cityofnewyork.us/d/erm2-nwe9
57949ae14da9@06b551,district_311,"311 received 1,366 complaints about sewers, catch basins and flooding in our district from September 2025 through August 2026. That is the seventh highest rate per resident among the city's 59 community districts.","311 Service Requests, as counted for the planner",https://data.cityofnewyork.us/d/erm2-nwe9
57949ae14da9@84322c,district_311,"311 received 1,366 complaints about sewers, catch basins and flooding in our district from September 2025 through August 2026. That is the seventh highest rate per resident among the city's 59 community districts.","311 Service Requests, as counted for the planner",https://data.cityofnewyork.us/d/erm2-nwe9
579c37f0074a,school,"The School Construction Authority's latest Enrollment, Capacity and Utilization report shows 197 students at P.S. 63.","School Construction Authority, Enrollment, Capacity and Utilization",https://data.cityofnewyork.us/d/gkd7-3vk7
57d3c00b937c,school,"The School Construction Authority's latest Enrollment, Capacity and Utilization report shows P.S. 47 with 758 students, 125% of its target capacity.","School Construction Authority, Enrollment, Capacity and Utilization",https://data.cityofnewyork.us/d/gkd7-3vk7
57e4df9e543f,district_311,311 received 439 requests for help for homeless people or about encampments in our district from September 2025 through August 2026. Two years earlier the number was 335.,"311 Service Requests, as counted for the planner",https://data.cityofnewyork.us/d/erm2-nwe9
57efe30f7b28@8127b0,crashes,"NYPD crash reports show 66 crashes at or near the intersection of Broadway and Myrtle Avenue from June 2023 through May 2026. Those crashes injured 45 people, including 20 pedestrians and 3 cyclists, and killed 1 person.","NYPD, Motor Vehicle Collisions",https://data.cityofnewyork.us/d/h9gi-nx95
581c916895ed,district_311,"311 received 978 complaints about sewers, catch basins and flooding in our district from September 2025 through August 2026. That is the sixth highest rate per resident among the city's 59 community districts.","311 Service Requests, as counted for the planner",https://data.cityofnewyork.us/d/erm2-nwe9
583d8d88f198@460886,district_311,"311 received 5,230 complaints about potholes and other street conditions in our district from September 2025 through August 2026. That is the fourth highest rate per resident among the city's 59 community districts. Two years earlier the number was 3,022.","311 Service Requests, as counted for the planner",https://data.cityofnewyork.us/d/erm2-nwe9
58671ac05254,district_311,311 received 490 complaints about sidewalks and curbs in our district from September 2025 through August 2026. That is the third highest rate per resident among the city's 59 community districts.,"311 Service Requests, as counted for the planner",https://data.cityofnewyork.us/d/erm2-nwe9
58808b2fcfb5,district_311,"311 received 3,412 complaints about potholes and other street conditions in our district from September 2025 through August 2026. That is the fifth highest rate per resident among the city's 59 community districts. Two years earlier the number was 1,686.","311 Service Requests, as counted for the planner",https://data.cityofnewyork.us/d/erm2-nwe9
58a0168ceda1,district_311,"311 received 2,217 complaints about construction and illegal building use in our district from September 2025 through August 2026. That is the third highest rate per resident among the city's 59 community districts. Two years earlier the number was 1,708.","311 Service Requests, as counted for the planner",https://data.cityofnewyork.us/d/erm2-nwe9
58c95ac90f7e,district_311,"311 received 1,084 complaints about sewers, catch basins and flooding in our district from September 2025 through August 2026. That is the 14th highest rate per resident among the city's 59 community districts.","311 Service Requests, as counted for the planner",https://data.cityofnewyork.us/d/erm2-nwe9
58d313afd5e2,district_311,311 received 691 complaints about sidewalks and curbs in our district from September 2025 through August 2026. That is the second highest rate per resident among the city's 59 community districts. Two years earlier the number was 422.,"311 Service Requests, as counted for the planner",https://data.cityofnewyork.us/d/erm2-nwe9
594e11b6c775,school,"The School Construction Authority's latest Enrollment, Capacity and Utilization report shows 435 students at P.S. 55.","School Construction Authority, Enrollment, Capacity and Utilization",https://data.cityofnewyork.us/d/gkd7-3vk7
595a3f40c75a,site_311,311 received 5 reports of street lights out or damaged within 150 feet of the intersection of Broadway and 74th Street from September 2023 through August 2026.,311 Service Requests,https://data.cityofnewyork.us/d/erm2-nwe9
595a59f80d96,district_311,"311 received 3,340 complaints about litter, dumping and missed collection in our district from September 2025 through August 2026. That is the sixth highest rate per resident among the city's 59 community districts.","311 Service Requests, as counted for the planner",https://data.cityofnewyork.us/d/erm2-nwe9
59625c0262c8,district_311,311 received 675 complaints about rats and other pests in our district from September 2025 through August 2026. That is the 11th highest number among the city's 59 community districts.,"311 Service Requests, as counted for the planner",https://data.cityofnewyork.us/d/erm2-nwe9
5963613ed662,district_311,"311 received 1,082 complaints about sewers, catch basins and flooding in our district from September 2025 through August 2026. That is the 13th highest rate per resident among the city's 59 community districts.","311 Service Requests, as counted for the planner",https://data.cityofnewyork.us/d/erm2-nwe9
5965e1d036a9,park_inspection,NYC Parks inspectors rated Devoe Park unacceptable overall in 2 of 4 inspections from August 2024 through July 2026.,"NYC Parks, Parks Inspection Program",https://data.cityofnewyork.us/d/yg3y-7juh
596d732b6a27,crashes,"NYPD crash reports show 18 crashes at or near the intersection of Avenue I and McDonald Avenue from June 2023 through May 2026. Those crashes injured 13 people, including 2 pedestrians and 2 cyclists.","NYPD, Motor Vehicle Collisions",https://data.cityofnewyork.us/d/h9gi-nx95
5997b750b421,school,"The School Construction Authority's latest Enrollment, Capacity and Utilization report shows 146 students at I.S. 113.","School Construction Authority, Enrollment, Capacity and Utilization",https://data.cityofnewyork.us/d/gkd7-3vk7
599f069569c2@11772b,school,"The School Construction Authority's latest Enrollment, Capacity and Utilization report shows P.S. 51 with 436 students, 103% of its target capacity.","School Construction Authority, Enrollment, Capacity and Utilization",https://data.cityofnewyork.us/d/gkd7-3vk7
59ba05e587ef,district_311,"311 received 2,541 complaints about street trees in our district from September 2025 through August 2026. That is the tenth highest rate per resident among the city's 59 community districts.","311 Service Requests, as counted for the planner",https://data.cityofnewyork.us/d/erm2-nwe9
59d49021c651,street_trees,"As of February 2025, NYC Parks' tree inventory listed 1,176 empty street tree beds in our district.","NYC Parks, Forestry Planting Spaces",https://data.cityofnewyork.us/d/82zj-84is
59e0b5ed04a2,district_311,"311 received 1,366 complaints about sewers, catch basins and flooding in our district from September 2025 through August 2026. That is the seventh highest rate per resident among the city's 59 community districts.","311 Service Requests, as counted for the planner",https://data.cityofnewyork.us/d/erm2-nwe9
59e366af445e,district_311,"311 received 1,005 requests for help for homeless people or about encampments in our district from September 2025 through August 2026. That is the 14th highest rate per resident among the city's 59 community districts.","311 Service Requests, as counted for the planner",https://data.cityofnewyork.us/d/erm2-nwe9
5a0e3a169cc7,district_311,311 received 813 complaints about rats and other pests in our district from September 2025 through August 2026. That is the seventh highest number among the city's 59 community districts.,"311 Service Requests, as counted for the planner",https://data.cityofnewyork.us/d/erm2-nwe9
5a2a24a61a97,district_311,"311 received 2,590 complaints about litter, dumping and missed collection in our district from September 2025 through August 2026. That is the 11th highest rate per resident among the city's 59 community districts.","311 Service Requests, as counted for the planner",https://data.cityofnewyork.us/d/erm2-nwe9
5a2a24a61a97@b3e956,district_311,"311 received 2,590 complaints about litter, dumping and missed collection in our district from September 2025 through August 2026. That is the 11th highest rate per resident among the city's 59 community districts.","311 Service Requests, as counted for the planner",https://data.cityofnewyork.us/d/erm2-nwe9
5a5d765efc30@430fc8,crashes,"NYPD crash reports show 19 crashes on Hillside Avenue between 215th Place and 213th Street from June 2023 through May 2026. Those crashes injured 13 people, including 3 pedestrians.","NYPD, Motor Vehicle Collisions",https://data.cityofnewyork.us/d/h9gi-nx95
5a6bfbd11abb,district_311,"311 received 2,157 complaints about sewers, catch basins and flooding in our district from September 2025 through August 2026. That is the third highest rate per resident among the city's 59 community districts.","311 Service Requests, as counted for the planner",https://data.cityofnewyork.us/d/erm2-nwe9
5a7e048dd514@84a705,district_311,"311 received 1,985 complaints about potholes and other street conditions in our district from September 2025 through August 2026. Two years earlier the number was 928.","311 Service Requests, as counted for the planner",https://data.cityofnewyork.us/d/erm2-nwe9
5a858f47c309,district_311,"311 received 1,760 complaints about construction and illegal building use in our district from September 2025 through August 2026. That is the 12th highest rate per resident among the city's 59 community districts.","311 Service Requests, as counted for the planner",https://data.cityofnewyork.us/d/erm2-nwe9
5a9da5d4945a,district_311,311 received 675 complaints about rats and other pests in our district from September 2025 through August 2026. That is the 11th highest number among the city's 59 community districts.,"311 Service Requests, as counted for the planner",https://data.cityofnewyork.us/d/erm2-nwe9
5aa9f622da1b,school,"The School Construction Authority's latest Enrollment, Capacity and Utilization report shows 450 students at P.S. 128.","School Construction Authority, Enrollment, Capacity and Utilization",https://data.cityofnewyork.us/d/gkd7-3vk7
5ad740ee84e4,crashes,"NYPD crash reports show 143 crashes on Cozine Avenue between Fountain Avenue and Louisiana Avenue from June 2023 through May 2026. Those crashes injured 100 people, including 14 pedestrians and 10 cyclists.","NYPD, Motor Vehicle Collisions",https://data.cityofnewyork.us/d/h9gi-nx95
5ad82e275f97,district_311,"311 received 1,317 complaints about construction and illegal building use in our district from September 2025 through August 2026. That is the 15th highest number among the city's 59 community districts.","311 Service Requests, as counted for the planner",https://data.cityofnewyork.us/d/erm2-nwe9
5af19d5b123d,district_311,"311 received 4,027 complaints about litter, dumping and missed collection in our district from September 2025 through August 2026. That is the tenth highest rate per resident among the city's 59 community districts.","311 Service Requests, as counted for the planner",https://data.cityofnewyork.us/d/erm2-nwe9
5b05a5b63003,park_inspection,NYC Parks inspectors rated Leif Ericson Park unacceptable overall in 3 of 6 inspections from August 2024 through July 2026.,"NYC Parks, Parks Inspection Program",https://data.cityofnewyork.us/d/yg3y-7juh
5b05a5b63003@bc0e34,park_inspection,NYC Parks inspectors rated Leif Ericson Park unacceptable overall in 3 of 6 inspections from August 2024 through July 2026.,"NYC Parks, Parks Inspection Program",https://data.cityofnewyork.us/d/yg3y-7juh
5b1c7ed748ab@cd7ffa,district_311,311 received 660 complaints about rats and other pests in our district from September 2025 through August 2026. That is the fifth highest rate per resident among the city's 59 community districts.,"311 Service Requests, as counted for the planner",https://data.cityofnewyork.us/d/erm2-nwe9
5b6bc70520da@4246f5,district_311,"311 received 1,059 complaints about potholes and other street conditions in our district from September 2025 through August 2026. Two years earlier the number was 487.","311 Service Requests, as counted for the planner",https://data.cityofnewyork.us/d/erm2-nwe9
5b8026110fd6,district_311,"311 received 4,071 complaints about litter, dumping and missed collection in our district from September 2025 through August 2026. That is the tenth highest number among the city's 59 community districts. Two years earlier the number was 3,088.","311 Service Requests, as counted for the planner",https://data.cityofnewyork.us/d/erm2-nwe9
5b8965600774,district_311,"311 received 5,230 complaints about potholes and other street conditions in our district from September 2025 through August 2026. That is the fourth highest rate per resident among the city's 59 community districts. Two years earlier the number was 3,022.","311 Service Requests, as counted for the planner",https://data.cityofnewyork.us/d/erm2-nwe9
5ba07201e31c,district_311,"311 received 978 complaints about sewers, catch basins and flooding in our district from September 2025 through August 2026. That is the sixth highest rate per resident among the city's 59 community districts.","311 Service Requests, as counted for the planner",https://data.cityofnewyork.us/d/erm2-nwe9
5ba17bf52fac@210b59,district_311,"311 received 1,399 complaints about potholes and other street conditions in our district from September 2025 through August 2026. That is the 11th highest rate per resident among the city's 59 community districts. Two years earlier the number was 993.","311 Service Requests, as counted for the planner",https://data.cityofnewyork.us/d/erm2-nwe9
5ba17bf52fac@badede,district_311,"311 received 1,399 complaints about potholes and other street conditions in our district from September 2025 through August 2026. That is the 11th highest rate per resident among the city's 59 community districts. Two years earlier the number was 993.","311 Service Requests, as counted for the planner",https://data.cityofnewyork.us/d/erm2-nwe9
5bce49883524,district_311,"311 received 2,629 complaints about litter, dumping and missed collection in our district from September 2025 through August 2026. That is the second highest rate per resident among the city's 59 community districts.","311 Service Requests, as counted for the planner",https://data.cityofnewyork.us/d/erm2-nwe9
5bd1fcc9663a,school,"The School Construction Authority's latest Enrollment, Capacity and Utilization report shows 532 students at P.S. 90.","School Construction Authority, Enrollment, Capacity and Utilization",https://data.cityofnewyork.us/d/gkd7-3vk7
5c3190f22f33@20c57b,district_311,311 received 807 complaints about sidewalks and curbs in our district from September 2025 through August 2026. That is the 14th highest number among the city's 59 community districts.,"311 Service Requests, as counted for the planner",https://data.cityofnewyork.us/d/erm2-nwe9
5c4a14f62a3b,district_311,"311 received 5,004 requests for help for homeless people or about encampments in our district from September 2025 through August 2026. That is the sixth highest rate per resident among the city's 59 community districts.","311 Service Requests, as counted for the planner",https://data.cityofnewyork.us/d/erm2-nwe9
5c65c6125f61,district_311,"311 received 14,142 requests for help for homeless people or about encampments in our district from September 2025 through August 2026. That is the highest rate per resident among the city's 59 community districts.","311 Service Requests, as counted for the planner",https://data.cityofnewyork.us/d/erm2-nwe9
5c72e5904fac,district_311,311 received 841 complaints about street lights in our district from September 2025 through August 2026. That is the seventh highest number among the city's 59 community districts.,"311 Service Requests, as counted for the planner",https://data.cityofnewyork.us/d/erm2-nwe9
5c81604a8029,district_311,"311 received 1,905 complaints about potholes and other street conditions in our district from September 2025 through August 2026. That is the highest rate per resident among the city's 59 community districts. Two years earlier the number was 1,516.","311 Service Requests, as counted for the planner",https://data.cityofnewyork.us/d/erm2-nwe9
5ca99d83b6f2@1d0de5,crashes,"NYPD crash reports show 85 crashes on Fountain Avenue between Sutter Avenue and Linden Boulevard from June 2023 through May 2026. Those crashes injured 54 people, including 8 pedestrians and 1 cyclist.","NYPD, Motor Vehicle Collisions",https://data.cityofnewyork.us/d/h9gi-nx95
5cb2ef826f9a,district_311,311 received 519 complaints about park maintenance in our district from September 2025 through August 2026. That is the 14th highest rate per resident among the city's 59 community districts. Two years earlier the number was 332.,"311 Service Requests, as counted for the planner",https://data.cityofnewyork.us/d/erm2-nwe9
5cb7b1d63be6,park_inspection,NYC Parks inspectors rated Leif Ericson Park unacceptable overall in 3 of 6 inspections from August 2024 through July 2026.,"NYC Parks, Parks Inspection Program",https://data.cityofnewyork.us/d/yg3y-7juh
5cc427320a3f,district_311,"311 received 20,094 noise complaints in our district from September 2025 through August 2026. That is the 12th highest rate per resident among the city's 59 community districts.","311 Service Requests, as counted for the planner",https://data.cityofnewyork.us/d/erm2-nwe9
5cd96e1c966a@68effd,school,"The School Construction Authority's latest Enrollment, Capacity and Utilization report shows 277 students at P.S. 307.","School Construction Authority, Enrollment, Capacity and Utilization",https://data.cityofnewyork.us/d/gkd7-3vk7
5ce18394a877,district_311,"311 received 2,157 complaints about sewers, catch basins and flooding in our district from September 2025 through August 2026. That is the third highest rate per resident among the city's 59 community districts.","311 Service Requests, as counted for the planner",https://data.cityofnewyork.us/d/erm2-nwe9
5ce3f9ab6d7e@6fb1f9,school,"The School Construction Authority's latest Enrollment, Capacity and Utilization report shows 450 students at P.S. 128.","School Construction Authority, Enrollment, Capacity and Utilization",https://data.cityofnewyork.us/d/gkd7-3vk7
5d15de3f5178,district_311,"311 received 1,366 complaints about sewers, catch basins and flooding in our district from September 2025 through August 2026. That is the seventh highest rate per resident among the city's 59 community districts.","311 Service Requests, as counted for the planner",https://data.cityofnewyork.us/d/erm2-nwe9
5d7b3eaf542e,district_311,311 received 940 complaints about sidewalks and curbs in our district from September 2025 through August 2026. That is the ninth highest number among the city's 59 community districts.,"311 Service Requests, as counted for the planner",https://data.cityofnewyork.us/d/erm2-nwe9
5d8ceb0f6562,school,"The School Construction Authority's latest Enrollment, Capacity and Utilization report shows P.S. 51 with 436 students, 103% of its target capacity.","School Construction Authority, Enrollment, Capacity and Utilization",https://data.cityofnewyork.us/d/gkd7-3vk7
5d8ceb0f6562@8d6d15,school,"The School Construction Authority's latest Enrollment, Capacity and Utilization report shows P.S. 51 with 436 students, 103% of its target capacity.","School Construction Authority, Enrollment, Capacity and Utilization",https://data.cityofnewyork.us/d/gkd7-3vk7
5dbc561573d3,district_311,311 received 884 requests for help for homeless people or about encampments in our district from September 2025 through August 2026. Two years earlier the number was 421.,"311 Service Requests, as counted for the planner",https://data.cityofnewyork.us/d/erm2-nwe9
5dea1227bfba,district_311,311 received 765 complaints about graffiti in our district from September 2025 through August 2026. That is the fourth highest rate per resident among the city's 59 community districts.,"311 Service Requests, as counted for the planner",https://data.cityofnewyork.us/d/erm2-nwe9
5df5ebafe6e4@70a458,crashes,"NYPD crash reports show 40 crashes at or near the intersection of Broadway and Park Avenue from June 2023 through May 2026. Those crashes injured 25 people, including 9 pedestrians and 5 cyclists.","NYPD, Motor Vehicle Collisions",https://data.cityofnewyork.us/d/h9gi-nx95
5e02baaf9fce,district_311,"311 received 4,980 complaints about litter, dumping and missed collection in our district from September 2025 through August 2026. That is the eighth highest rate per resident among the city's 59 community districts.","311 Service Requests, as counted for the planner",https://data.cityofnewyork.us/d/erm2-nwe9
5e15c05cf632,district_311,"311 received 1,366 complaints about sewers, catch basins and flooding in our district from September 2025 through August 2026. That is the seventh highest rate per resident among the city's 59 community districts.","311 Service Requests, as counted for the planner",https://data.cityofnewyork.us/d/erm2-nwe9
5e257c651c89,park_inspection,NYC Parks inspectors rated Printers Park unacceptable overall in 2 of 5 inspections from August 2024 through July 2026.,"NYC Parks, Parks Inspection Program",https://data.cityofnewyork.us/d/yg3y-7juh
5e257c651c89@581439,park_inspection,NYC Parks inspectors rated Printers Park unacceptable overall in 2 of 5 inspections from August 2024 through July 2026.,"NYC Parks, Parks Inspection Program",https://data.cityofnewyork.us/d/yg3y-7juh
5e3dd0546f06,district_311,311 received 699 complaints about park maintenance in our district from September 2025 through August 2026. That is the highest rate per resident among the city's 59 community districts. Two years earlier the number was 462.,"311 Service Requests, as counted for the planner",https://data.cityofnewyork.us/d/erm2-nwe9
5e9fc142fa03@b84163,district_311,"311 received 248 complaints about sewers, catch basins and flooding in our district from September 2025 through August 2026. Two years earlier the number was 165.","311 Service Requests, as counted for the planner",https://data.cityofnewyork.us/d/erm2-nwe9
5ec097e79186@0db87b,crashes,NYPD crash reports show 4 crashes at or near the intersection of East 38th Street and Glenwood Road from June 2023 through May 2026. Those crashes injured 1 person.,"NYPD, Motor Vehicle Collisions",https://data.cityofnewyork.us/d/h9gi-nx95
5ef63fb8c55d,district_311,311 received 807 complaints about sidewalks and curbs in our district from September 2025 through August 2026. That is the 14th highest number among the city's 59 community districts.,"311 Service Requests, as counted for the planner",https://data.cityofnewyork.us/d/erm2-nwe9
5f710717fbf6@5f3aca,district_311,311 received 676 complaints about potholes and other street conditions in our district from September 2025 through August 2026. Two years earlier the number was 372.,"311 Service Requests, as counted for the planner",https://data.cityofnewyork.us/d/erm2-nwe9
5f710717fbf6@7eb66d,district_311,311 received 676 complaints about potholes and other street conditions in our district from September 2025 through August 2026. Two years earlier the number was 372.,"311 Service Requests, as counted for the planner",https://data.cityofnewyork.us/d/erm2-nwe9
5f94ebdf82ed,district_311,"311 received 1,859 complaints about litter, dumping and missed collection in our district from September 2025 through August 2026. Two years earlier the number was 1,330.","311 Service Requests, as counted for the planner",https://data.cityofnewyork.us/d/erm2-nwe9
5fd1f91ca7b8,school,"The School Construction Authority's latest Enrollment, Capacity and Utilization report shows 310 students at P.S. 200.","School Construction Authority, Enrollment, Capacity and Utilization",https://data.cityofnewyork.us/d/gkd7-3vk7
5feb584ccd43,district_311,"311 received 3,247 complaints about street trees in our district from September 2025 through August 2026. That is the eighth highest rate per resident among the city's 59 community districts.","311 Service Requests, as counted for the planner",https://data.cityofnewyork.us/d/erm2-nwe9
5ff21eca8af7,district_311,"311 received 1,063 complaints about park maintenance in our district from September 2025 through August 2026. That is the tenth highest rate per resident among the city's 59 community districts. Two years earlier the number was 604.","311 Service Requests, as counted for the planner",https://data.cityofnewyork.us/d/erm2-nwe9
5ff32a1a7381,district_311,311 received 574 complaints about rats and other pests in our district from September 2025 through August 2026. That is the 13th highest number among the city's 59 community districts.,"311 Service Requests, as counted for the planner",https://data.cityofnewyork.us/d/erm2-nwe9
5ff89b54d216,park_inspection,NYC Parks inspectors rated Hoffman Park unacceptable overall in 3 of 5 inspections from August 2024 through July 2026.,"NYC Parks, Parks Inspection Program",https://data.cityofnewyork.us/d/yg3y-7juh
600767823b72,park_inspection,NYC Parks inspectors rated Willow Lake Playground unacceptable overall in 2 of 5 inspections from August 2024 through July 2026.,"NYC Parks, Parks Inspection Program",https://data.cityofnewyork.us/d/yg3y-7juh
602ba8e430f8,district_311,311 received 388 complaints about sidewalks and curbs in our district from September 2025 through August 2026. Two years earlier the number was 273.,"311 Service Requests, as counted for the planner",https://data.cityofnewyork.us/d/erm2-nwe9
6033d8909273,district_311,"311 received 2,590 complaints about litter, dumping and missed collection in our district from September 2025 through August 2026. That is the 11th highest rate per resident among the city's 59 community districts.","311 Service Requests, as counted for the planner",https://data.cityofnewyork.us/d/erm2-nwe9
60357a7254a3@83ef3f,district_311,"311 received 4,027 complaints about litter, dumping and missed collection in our district from September 2025 through August 2026. That is the tenth highest rate per resident among the city's 59 community districts.","311 Service Requests, as counted for the planner",https://data.cityofnewyork.us/d/erm2-nwe9
604af93cb1b7,district_311,"311 received 754 complaints about sewers, catch basins and flooding in our district from September 2025 through August 2026. That is the 15th highest rate per resident among the city's 59 community districts.","311 Service Requests, as counted for the planner",https://data.cityofnewyork.us/d/erm2-nwe9
6057703d2c51,district_311,"311 received 4,308 complaints about litter, dumping and missed collection in our district from September 2025 through August 2026. That is the 13th highest rate per resident among the city's 59 community districts.","311 Service Requests, as counted for the planner",https://data.cityofnewyork.us/d/erm2-nwe9
6070c7a4817f@f2d91a,district_311,"311 received 1,366 complaints about sewers, catch basins and flooding in our district from September 2025 through August 2026. That is the seventh highest rate per resident among the city's 59 community districts.","311 Service Requests, as counted for the planner",https://data.cityofnewyork.us/d/erm2-nwe9
6070c7a4817f@f2d91a,site_311,311 received 5 reports of street flooding or clogged catch basins along East 45th Street between Avenue H and Avenue I from September 2023 through August 2026.,311 Service Requests,https://data.cityofnewyork.us/d/erm2-nwe9
6077d21c05bb,district_311,311 received 940 complaints about sidewalks and curbs in our district from September 2025 through August 2026. That is the ninth highest number among the city's 59 community districts.,"311 Service Requests, as counted for the planner",https://data.cityofnewyork.us/d/erm2-nwe9
608e15cf60d1,district_311,311 received 292 requests for help for homeless people or about encampments in our district from September 2025 through August 2026. Two years earlier the number was 130.,"311 Service Requests, as counted for the planner",https://data.cityofnewyork.us/d/erm2-nwe9
60af3f50659b,district_311,"311 received 1,859 complaints about litter, dumping and missed collection in our district from September 2025 through August 2026. Two years earlier the number was 1,330.","311 Service Requests, as counted for the planner",https://data.cityofnewyork.us/d/erm2-nwe9
60ee4f61f983,district_311,"311 received 21,862 complaints about heat, hot water and other apartment conditions in our district from September 2025 through August 2026. Two years earlier the number was 13,773.","311 Service Requests, as counted for the planner",https://data.cityofnewyork.us/d/erm2-nwe9
610ad7bd6876,park_inspection,NYC Parks inspectors rated the athletic fields at St. John's Park unacceptable in 2 of 5 inspections from August 2024 through July 2026. They rated its fences unacceptable in 4 of 5 inspections.,"NYC Parks, Parks Inspection Program",https://data.cityofnewyork.us/d/yg3y-7juh
6114617a261f@1af632,district_311,"311 received 2,157 complaints about sewers, catch basins and flooding in our district from September 2025 through August 2026. That is the third highest rate per resident among the city's 59 community districts.","311 Service Requests, as counted for the planner",https://data.cityofnewyork.us/d/erm2-nwe9
611eb66e0c33@c31ec6,district_311,"311 received 2,157 complaints about sewers, catch basins and flooding in our district from September 2025 through August 2026. That is the third highest rate per resident among the city's 59 community districts.","311 Service Requests, as counted for the planner",https://data.cityofnewyork.us/d/erm2-nwe9
612dd7717d53,district_311,311 received 468 complaints about street lights in our district from September 2025 through August 2026. Two years earlier the number was 352.,"311 Service Requests, as counted for the planner",https://data.cityofnewyork.us/d/erm2-nwe9
61420f9a5c90,district_311,"311 received 3,619 complaints about potholes and other street conditions in our district from September 2025 through August 2026. That is the ninth highest rate per resident among the city's 59 community districts. Two years earlier the number was 1,834.","311 Service Requests, as counted for the planner",https://data.cityofnewyork.us/d/erm2-nwe9
61a25ed92c81,district_311,"311 received 1,436 complaints about park maintenance in our district from September 2025 through August 2026. That is the second highest rate per resident among the city's 59 community districts.","311 Service Requests, as counted for the planner",https://data.cityofnewyork.us/d/erm2-nwe9
61a2658290c5,park_inspection,NYC Parks inspectors rated the play equipment at Drew Playground unacceptable in 2 of 5 inspections from August 2024 through July 2026.,"NYC Parks, Parks Inspection Program",https://data.cityofnewyork.us/d/yg3y-7juh
61d957992dae,district_311,311 received 836 complaints about rats and other pests in our district from September 2025 through August 2026. That is the third highest rate per resident among the city's 59 community districts.,"311 Service Requests, as counted for the planner",https://data.cityofnewyork.us/d/erm2-nwe9
61dcc1fa521c,district_311,"311 received 1,112 requests for help for homeless people or about encampments in our district from September 2025 through August 2026. That is the 11th highest rate per resident among the city's 59 community districts. Two years earlier the number was 798.","311 Service Requests, as counted for the planner",https://data.cityofnewyork.us/d/erm2-nwe9
61e735ae855c@8d6d15,school,"The School Construction Authority's latest Enrollment, Capacity and Utilization report shows P.S. 51 with 436 students, 103% of its target capacity.","School Construction Authority, Enrollment, Capacity and Utilization",https://data.cityofnewyork.us/d/gkd7-3vk7
61ef9c4a45c8,district_311,"311 received 4,358 complaints about potholes and other street conditions in our district from September 2025 through August 2026. That is the third highest number among the city's 59 community districts. Two years earlier the number was 2,854.","311 Service Requests, as counted for the planner",https://data.cityofnewyork.us/d/erm2-nwe9
623bb1be2216@aa77e9,school,"The School Construction Authority's latest Enrollment, Capacity and Utilization report shows 482 students at P.S. 315.","School Construction Authority, Enrollment, Capacity and Utilization",https://data.cityofnewyork.us/d/gkd7-3vk7
626e0a5fbe77,street_trees,"As of February 2025, NYC Parks' tree inventory listed 3,553 empty street tree beds in our district.","NYC Parks, Forestry Planting Spaces",https://data.cityofnewyork.us/d/82zj-84is
627237f70769,district_311,"311 received 6,127 complaints about litter, dumping and missed collection in our district from September 2025 through August 2026. That is the seventh highest rate per resident among the city's 59 community districts.","311 Service Requests, as counted for the planner",https://data.cityofnewyork.us/d/erm2-nwe9
628eb9f95cf1@2709af,school,"The School Construction Authority's latest Enrollment, Capacity and Utilization report shows 528 students at I.S. 285.","School Construction Authority, Enrollment, Capacity and Utilization",https://data.cityofnewyork.us/d/gkd7-3vk7
62bbfa788b4f@16baaf,district_311,"311 received 1,985 complaints about potholes and other street conditions in our district from September 2025 through August 2026. Two years earlier the number was 928.","311 Service Requests, as counted for the planner",https://data.cityofnewyork.us/d/erm2-nwe9
62bbfa788b4f@695aea,district_311,"311 received 1,985 complaints about potholes and other street conditions in our district from September 2025 through August 2026. Two years earlier the number was 928.","311 Service Requests, as counted for the planner",https://data.cityofnewyork.us/d/erm2-nwe9
62bbfa788b4f@d286ad,district_311,"311 received 1,985 complaints about potholes and other street conditions in our district from September 2025 through August 2026. Two years earlier the number was 928.","311 Service Requests, as counted for the planner",https://data.cityofnewyork.us/d/erm2-nwe9
62bbfa788b4f@f3592b,district_311,"311 received 1,985 complaints about potholes and other street conditions in our district from September 2025 through August 2026. Two years earlier the number was 928.","311 Service Requests, as counted for the planner",https://data.cityofnewyork.us/d/erm2-nwe9
6324783e3588@0ee642,crashes,"NYPD crash reports show 25 crashes on Christopher Lane between Richmond Avenue and Victory Boulevard from June 2023 through May 2026. Those crashes injured 15 people, including 3 pedestrians.","NYPD, Motor Vehicle Collisions",https://data.cityofnewyork.us/d/h9gi-nx95
634ec6e415f5,district_311,"311 received 5,004 requests for help for homeless people or about encampments in our district from September 2025 through August 2026. That is the sixth highest rate per resident among the city's 59 community districts.","311 Service Requests, as counted for the planner",https://data.cityofnewyork.us/d/erm2-nwe9
63560df4ed7f,district_311,"311 received 2,157 complaints about sewers, catch basins and flooding in our district from September 2025 through August 2026. That is the third highest rate per resident among the city's 59 community districts.","311 Service Requests, as counted for the planner",https://data.cityofnewyork.us/d/erm2-nwe9
636458826d8f,district_311,"311 received 46,082 complaints about heat, hot water and other apartment conditions in our district from September 2025 through August 2026. That is the second highest rate per resident among the city's 59 community districts.","311 Service Requests, as counted for the planner",https://data.cityofnewyork.us/d/erm2-nwe9
63846d85aa52,district_311,"311 received 540 complaints about sewers, catch basins and flooding in our district from September 2025 through August 2026. Two years earlier the number was 408.","311 Service Requests, as counted for the planner",https://data.cityofnewyork.us/d/erm2-nwe9
63975879ff6d,district_311,"311 received 6,102 complaints about litter, dumping and missed collection in our district from September 2025 through August 2026. That is the second highest number among the city's 59 community districts.","311 Service Requests, as counted for the planner",https://data.cityofnewyork.us/d/erm2-nwe9
639f8f6b287e@c359cf,district_311,"311 received 4,358 complaints about potholes and other street conditions in our district from September 2025 through August 2026. That is the third highest number among the city's 59 community districts. Two years earlier the number was 2,854.","311 Service Requests, as counted for the planner",https://data.cityofnewyork.us/d/erm2-nwe9
63d45e4db3b8,district_311,"311 received 2,026 complaints about litter, dumping and missed collection in our district from September 2025 through August 2026. Two years earlier the number was 1,381.","311 Service Requests, as counted for the planner",https://data.cityofnewyork.us/d/erm2-nwe9
63f7d5113152@0497e8,district_311,"311 received 1,399 complaints about potholes and other street conditions in our district from September 2025 through August 2026. That is the 11th highest rate per resident among the city's 59 community districts. Two years earlier the number was 993.","311 Service Requests, as counted for the planner",https://data.cityofnewyork.us/d/erm2-nwe9
63f7d5113152@3a19c5,district_311,"311 received 1,399 complaints about potholes and other street conditions in our district from September 2025 through August 2026. That is the 11th highest rate per resident among the city's 59 community districts. Two years earlier the number was 993.","311 Service Requests, as counted for the planner",https://data.cityofnewyork.us/d/erm2-nwe9
64011ed94b2b,district_311,"311 received 5,650 complaints about litter, dumping and missed collection in our district from September 2025 through August 2026. That is the fourth highest rate per resident among the city's 59 community districts.","311 Service Requests, as counted for the planner",https://data.cityofnewyork.us/d/erm2-nwe9
642105010ce8,district_311,"311 received 5,692 complaints about street trees in our district from September 2025 through August 2026. That is the highest rate per resident among the city's 59 community districts.","311 Service Requests, as counted for the planner",https://data.cityofnewyork.us/d/erm2-nwe9
642c0f9c39ae,district_311,"311 received 2,912 complaints about litter, dumping and missed collection in our district from September 2025 through August 2026. That is the ninth highest rate per resident among the city's 59 community districts.","311 Service Requests, as counted for the planner",https://data.cityofnewyork.us/d/erm2-nwe9
64583e8ebd48,district_311,"311 received 16,814 noise complaints in our district from September 2025 through August 2026. That is the 14th highest number among the city's 59 community districts.","311 Service Requests, as counted for the planner",https://data.cityofnewyork.us/d/erm2-nwe9
646ea919539f,district_311,"311 received 2,629 complaints about litter, dumping and missed collection in our district from September 2025 through August 2026. That is the second highest rate per resident among the city's 59 community districts.","311 Service Requests, as counted for the planner",https://data.cityofnewyork.us/d/erm2-nwe9
647dd3ee194e,district_311,"311 received 3,573 complaints about street trees in our district from September 2025 through August 2026. That is the fifth highest number among the city's 59 community districts.","311 Service Requests, as counted for the planner",https://data.cityofnewyork.us/d/erm2-nwe9
6485efc04fec@e11e6f,district_311,"311 received 1,399 complaints about potholes and other street conditions in our district from September 2025 through August 2026. That is the 11th highest rate per resident among the city's 59 community districts. Two years earlier the number was 993.","311 Service Requests, as counted for the planner",https://data.cityofnewyork.us/d/erm2-nwe9
6485efc04fec@e38e62,district_311,"311 received 1,399 complaints about potholes and other street conditions in our district from September 2025 through August 2026. That is the 11th highest rate per resident among the city's 59 community districts. Two years earlier the number was 993.","311 Service Requests, as counted for the planner",https://data.cityofnewyork.us/d/erm2-nwe9
648affc87e9a@d22951,crashes,"NYPD crash reports show 14 crashes at or near the intersection of West 8th Street and Greenwich Avenue from June 2023 through May 2026. Those crashes injured 13 people, including 7 pedestrians and 1 cyclist.","NYPD, Motor Vehicle Collisions",https://data.cityofnewyork.us/d/h9gi-nx95
648ca8c9347c,district_311,311 received 841 complaints about street lights in our district from September 2025 through August 2026. That is the seventh highest number among the city's 59 community districts.,"311 Service Requests, as counted for the planner",https://data.cityofnewyork.us/d/erm2-nwe9
64e715e742e8,district_311,"311 received 9,980 requests for help for homeless people or about encampments in our district from September 2025 through August 2026. That is the second highest rate per resident among the city's 59 community districts. Two years earlier the number was 6,541.","311 Service Requests, as counted for the planner",https://data.cityofnewyork.us/d/erm2-nwe9
64f2b165beca,district_311,"311 received 3,619 complaints about potholes and other street conditions in our district from September 2025 through August 2026. That is the ninth highest rate per resident among the city's 59 community districts. Two years earlier the number was 1,834.","311 Service Requests, as counted for the planner",https://data.cityofnewyork.us/d/erm2-nwe9
64f4b4d1fc96@7d7a44,district_311,"311 received 1,366 complaints about sewers, catch basins and flooding in our district from September 2025 through August 2026. That is the seventh highest rate per resident among the city's 59 community districts.","311 Service Requests, as counted for the planner",https://data.cityofnewyork.us/d/erm2-nwe9
652a88dac6a0,district_311,"311 received 861 complaints about sewers, catch basins and flooding in our district from September 2025 through August 2026. That is the 15th highest number among the city's 59 community districts.","311 Service Requests, as counted for the planner",https://data.cityofnewyork.us/d/erm2-nwe9
6548c2273aa1,district_311,"311 received 754 complaints about sewers, catch basins and flooding in our district from September 2025 through August 2026. That is the 15th highest rate per resident among the city's 59 community districts.","311 Service Requests, as counted for the planner",https://data.cityofnewyork.us/d/erm2-nwe9
655527b4c12d,park_inspection,NYC Parks inspectors rated Devoe Park unacceptable overall in 2 of 4 inspections from August 2024 through July 2026.,"NYC Parks, Parks Inspection Program",https://data.cityofnewyork.us/d/yg3y-7juh
65596f39c76e,district_311,"311 received 2,157 complaints about sewers, catch basins and flooding in our district from September 2025 through August 2026. That is the third highest rate per resident among the city's 59 community districts.","311 Service Requests, as counted for the planner",https://data.cityofnewyork.us/d/erm2-nwe9
6567c52fb2f9@53521f,district_311,"311 received 1,516 requests for help for homeless people or about encampments in our district from September 2025 through August 2026. That is the eighth highest rate per resident among the city's 59 community districts.","311 Service Requests, as counted for the planner",https://data.cityofnewyork.us/d/erm2-nwe9
6650026d488a,district_311,311 received 439 requests for help for homeless people or about encampments in our district from September 2025 through August 2026. Two years earlier the number was 335.,"311 Service Requests, as counted for the planner",https://data.cityofnewyork.us/d/erm2-nwe9
666a4bfc4cb0,district_311,"311 received 84,027 noise complaints in our district from September 2025 through August 2026. That is the highest rate per resident among the city's 59 community districts. Two years earlier the number was 15,574.","311 Service Requests, as counted for the planner",https://data.cityofnewyork.us/d/erm2-nwe9
666fb9947580,district_311,"311 received 1,366 complaints about sewers, catch basins and flooding in our district from September 2025 through August 2026. That is the seventh highest rate per resident among the city's 59 community districts.","311 Service Requests, as counted for the planner",https://data.cityofnewyork.us/d/erm2-nwe9
667d340e465d,park_access,"By NYC Parks' Walk to a Park measure, about 66,600 of our district's residents, or 40%, live beyond walking distance of a park. Citywide the share is 16%.","NYC Parks, Walk to a Park Service Area, with 2020 Census blocks",https://data.cityofnewyork.us/d/99ii-hwh9
669bb783b7f5,school,"The School Construction Authority's latest Enrollment, Capacity and Utilization report shows 310 students at P.S. 200.","School Construction Authority, Enrollment, Capacity and Utilization",https://data.cityofnewyork.us/d/gkd7-3vk7
66b4b7a18f5a,district_311,"311 received 540 complaints about sewers, catch basins and flooding in our district from September 2025 through August 2026. Two years earlier the number was 408.","311 Service Requests, as counted for the planner",https://data.cityofnewyork.us/d/erm2-nwe9
66b4b7a18f5a,site_311,311 received 12 reports of street flooding or clogged catch basins within 300 feet of the intersection of 111th Street and 46th Avenue from September 2023 through August 2026.,311 Service Requests,https://data.cityofnewyork.us/d/erm2-nwe9
66bc31051f07@443bb7,district_311,"311 received 1,366 complaints about sewers, catch basins and flooding in our district from September 2025 through August 2026. That is the seventh highest rate per resident among the city's 59 community districts.","311 Service Requests, as counted for the planner",https://data.cityofnewyork.us/d/erm2-nwe9
66e401936d37@e7e5a5,crashes,"NYPD crash reports show 16 crashes at or near the intersection of 46th Street and 8th Avenue from June 2023 through May 2026. Those crashes injured 10 people, including 5 pedestrians and 2 cyclists.","NYPD, Motor Vehicle Collisions",https://data.cityofnewyork.us/d/h9gi-nx95
6701aff9daba,park_inspection,NYC Parks inspectors rated Seward Park unacceptable overall in 4 of 5 inspections from August 2024 through July 2026. They rated its play equipment unacceptable in 3 of 5 inspections.,"NYC Parks, Parks Inspection Program",https://data.cityofnewyork.us/d/yg3y-7juh
6722aa14e022,district_311,311 received 292 requests for help for homeless people or about encampments in our district from September 2025 through August 2026. Two years earlier the number was 130.,"311 Service Requests, as counted for the planner",https://data.cityofnewyork.us/d/erm2-nwe9
67231294aa76,school,"The School Construction Authority's latest Enrollment, Capacity and Utilization report shows P.S. 178 with 512 students, 133% of its target capacity.","School Construction Authority, Enrollment, Capacity and Utilization",https://data.cityofnewyork.us/d/gkd7-3vk7
67250a99a646,district_311,"311 received 14,142 requests for help for homeless people or about encampments in our district from September 2025 through August 2026. That is the highest rate per resident among the city's 59 community districts.","311 Service Requests, as counted for the planner",https://data.cityofnewyork.us/d/erm2-nwe9
673e8a9d5046,district_311,"311 received 4,980 complaints about litter, dumping and missed collection in our district from September 2025 through August 2026. That is the eighth highest rate per resident among the city's 59 community districts.","311 Service Requests, as counted for the planner",https://data.cityofnewyork.us/d/erm2-nwe9
6742e519fc0d@4dbccd,district_311,"311 received 4,027 complaints about litter, dumping and missed collection in our district from September 2025 through August 2026. That is the tenth highest rate per resident among the city's 59 community districts.","311 Service Requests, as counted for the planner",https://data.cityofnewyork.us/d/erm2-nwe9
676eac1e8cda,district_311,311 received 678 complaints about construction and illegal building use in our district from September 2025 through August 2026. Two years earlier the number was 533.,"311 Service Requests, as counted for the planner",https://data.cityofnewyork.us/d/erm2-nwe9
6779d788dc5d,district_311,311 received 504 complaints about park maintenance in our district from September 2025 through August 2026. Two years earlier the number was 296.,"311 Service Requests, as counted for the planner",https://data.cityofnewyork.us/d/erm2-nwe9
678c4e5da203,crashes,"NYPD crash reports show 49 crashes at or near the intersection of Eastern Parkway and Nostrand Avenue from June 2023 through May 2026. Those crashes injured 29 people, including 10 pedestrians and 2 cyclists.","NYPD, Motor Vehicle Collisions",https://data.cityofnewyork.us/d/h9gi-nx95
678c4e5da203,district_311,311 received 541 complaints about potholes and other street conditions in our district from September 2025 through August 2026. Two years earlier the number was 405.,"311 Service Requests, as counted for the planner",https://data.cityofnewyork.us/d/erm2-nwe9
678c82b6c0f7,district_311,311 received 605 complaints about park maintenance in our district from September 2025 through August 2026. That is the 11th highest rate per resident among the city's 59 community districts. Two years earlier the number was 434.,"311 Service Requests, as counted for the planner",https://data.cityofnewyork.us/d/erm2-nwe9
678ce5dc3614,district_311,"311 received 14,142 requests for help for homeless people or about encampments in our district from September 2025 through August 2026. That is the highest rate per resident among the city's 59 community districts.","311 Service Requests, as counted for the planner",https://data.cityofnewyork.us/d/erm2-nwe9
6791281b6847@04f115,district_311,"311 received 4,750 complaints about litter, dumping and missed collection in our district from September 2025 through August 2026. That is the 15th highest rate per resident among the city's 59 community districts.","311 Service Requests, as counted for the planner",https://data.cityofnewyork.us/d/erm2-nwe9
6791281b6847@570c48,district_311,"311 received 4,750 complaints about litter, dumping and missed collection in our district from September 2025 through August 2026. That is the 15th highest rate per resident among the city's 59 community districts.","311 Service Requests, as counted for the planner",https://data.cityofnewyork.us/d/erm2-nwe9
6791281b6847@f032ce,district_311,"311 received 4,750 complaints about litter, dumping and missed collection in our district from September 2025 through August 2026. That is the 15th highest rate per resident among the city's 59 community districts.","311 Service Requests, as counted for the planner",https://data.cityofnewyork.us/d/erm2-nwe9
6791281b6847@f2c78f,district_311,"311 received 4,750 complaints about litter, dumping and missed collection in our district from September 2025 through August 2026. That is the 15th highest rate per resident among the city's 59 community districts.","311 Service Requests, as counted for the planner",https://data.cityofnewyork.us/d/erm2-nwe9
67b746ba3d8c,district_311,"311 received 362 complaints about sewers, catch basins and flooding in our district from September 2025 through August 2026. That is the ninth highest rate per resident among the city's 59 community districts. Two years earlier the number was 288.","311 Service Requests, as counted for the planner",https://data.cityofnewyork.us/d/erm2-nwe9
67bd3f279c15,district_311,"311 received 2,217 complaints about construction and illegal building use in our district from September 2025 through August 2026. That is the third highest rate per resident among the city's 59 community districts. Two years earlier the number was 1,708.","311 Service Requests, as counted for the planner",https://data.cityofnewyork.us/d/erm2-nwe9
67e42949a4bb@2232f7,crashes,"NYPD crash reports show 100 crashes at or near the intersection of White Plains Road and Bruckner Boulevard from June 2023 through May 2026. Those crashes injured 62 people, including 9 pedestrians and 2 cyclists.","NYPD, Motor Vehicle Collisions",https://data.cityofnewyork.us/d/h9gi-nx95
67e42949a4bb@adfdeb,crashes,"NYPD crash reports show 100 crashes on White Plains Road between Bruckner Boulevard and Watson Avenue from June 2023 through May 2026. Those crashes injured 61 people, including 8 pedestrians and 3 cyclists.","NYPD, Motor Vehicle Collisions",https://data.cityofnewyork.us/d/h9gi-nx95
67ff6f1b5a39,district_311,"311 received 3,074 complaints about litter, dumping and missed collection in our district from September 2025 through August 2026. That is the 12th highest rate per resident among the city's 59 community districts.","311 Service Requests, as counted for the planner",https://data.cityofnewyork.us/d/erm2-nwe9
6814b1b8e932@a866d9,district_311,"311 received 1,084 complaints about sewers, catch basins and flooding in our district from September 2025 through August 2026. That is the 14th highest rate per resident among the city's 59 community districts.","311 Service Requests, as counted for the planner",https://data.cityofnewyork.us/d/erm2-nwe9
685724469fc7@845525,district_311,"311 received 4,027 complaints about litter, dumping and missed collection in our district from September 2025 through August 2026. That is the tenth highest rate per resident among the city's 59 community districts.","311 Service Requests, as counted for the planner",https://data.cityofnewyork.us/d/erm2-nwe9
685724469fc7@9dfb6b,district_311,"311 received 4,027 complaints about litter, dumping and missed collection in our district from September 2025 through August 2026. That is the tenth highest rate per resident among the city's 59 community districts.","311 Service Requests, as counted for the planner",https://data.cityofnewyork.us/d/erm2-nwe9
686eba1dcf41@1ad7b6,district_311,"311 received 1,194 complaints about sewers, catch basins and flooding in our district from September 2025 through August 2026. That is the 11th highest rate per resident among the city's 59 community districts. Two years earlier the number was 930.","311 Service Requests, as counted for the planner",https://data.cityofnewyork.us/d/erm2-nwe9
68865b5bb8ab@f96a5a,crashes,"NYPD crash reports show 22 crashes on Bedford Street between 6th Avenue and Carmine Street from June 2023 through May 2026. Those crashes injured 5 people, including 3 pedestrians and 2 cyclists.","NYPD, Motor Vehicle Collisions",https://data.cityofnewyork.us/d/h9gi-nx95
6889f867f92c@6cce59,school,"The School Construction Authority's latest Enrollment, Capacity and Utilization report shows 336 students at P.S. 198.","School Construction Authority, Enrollment, Capacity and Utilization",https://data.cityofnewyork.us/d/gkd7-3vk7
6889f867f92c@bb2f7f,school,"The School Construction Authority's latest Enrollment, Capacity and Utilization report shows 336 students at P.S. 198.","School Construction Authority, Enrollment, Capacity and Utilization",https://data.cityofnewyork.us/d/gkd7-3vk7
68e5444b02c3@2ebeb5,district_311,"311 received 1,109 complaints about potholes and other street conditions in our district from September 2025 through August 2026. Two years earlier the number was 706.","311 Service Requests, as counted for the planner",https://data.cityofnewyork.us/d/erm2-nwe9
6925c864bb21,district_311,"311 received 310 complaints about sewers, catch basins and flooding in our district from September 2025 through August 2026. Two years earlier the number was 233.","311 Service Requests, as counted for the planner",https://data.cityofnewyork.us/d/erm2-nwe9
695c4ff21930,district_311,"311 received 3,239 complaints about street trees in our district from September 2025 through August 2026. That is the fourth highest rate per resident among the city's 59 community districts.","311 Service Requests, as counted for the planner",https://data.cityofnewyork.us/d/erm2-nwe9
69717c495c0a@845525,district_311,"311 received 4,027 complaints about litter, dumping and missed collection in our district from September 2025 through August 2026. That is the tenth highest rate per resident among the city's 59 community districts.","311 Service Requests, as counted for the planner",https://data.cityofnewyork.us/d/erm2-nwe9
697ff93bee68,district_311,"311 received 2,026 complaints about litter, dumping and missed collection in our district from September 2025 through August 2026. Two years earlier the number was 1,381.","311 Service Requests, as counted for the planner",https://data.cityofnewyork.us/d/erm2-nwe9
698f4c0e5ac3,district_311,"311 received 1,267 complaints about construction and illegal building use in our district from September 2025 through August 2026. That is the tenth highest rate per resident among the city's 59 community districts.","311 Service Requests, as counted for the planner",https://data.cityofnewyork.us/d/erm2-nwe9
69b6119a9ed5,district_311,"311 received 2,502 complaints about street trees in our district from September 2025 through August 2026. That is the 12th highest rate per resident among the city's 59 community districts.","311 Service Requests, as counted for the planner",https://data.cityofnewyork.us/d/erm2-nwe9
69bfdb71cc9e,park_inspection,NYC Parks inspectors rated Grady Playground unacceptable overall in 4 of 5 inspections from August 2024 through July 2026.,"NYC Parks, Parks Inspection Program",https://data.cityofnewyork.us/d/yg3y-7juh
69e5538b2b4a@4b7296,district_311,"311 received 1,082 complaints about sewers, catch basins and flooding in our district from September 2025 through August 2026. That is the 13th highest rate per resident among the city's 59 community districts.","311 Service Requests, as counted for the planner",https://data.cityofnewyork.us/d/erm2-nwe9
6a524bd06990,district_311,"311 received 2,157 complaints about sewers, catch basins and flooding in our district from September 2025 through August 2026. That is the third highest rate per resident among the city's 59 community districts.","311 Service Requests, as counted for the planner",https://data.cityofnewyork.us/d/erm2-nwe9
6aaac121e727,district_311,"311 received 2,157 complaints about sewers, catch basins and flooding in our district from September 2025 through August 2026. That is the third highest rate per resident among the city's 59 community districts.","311 Service Requests, as counted for the planner",https://data.cityofnewyork.us/d/erm2-nwe9
6acadedf7b06@4bcdb0,crashes,"NYPD crash reports show 22 crashes at or near the intersection of New Lots Avenue and Van Siclen Avenue from June 2023 through May 2026. Those crashes injured 21 people, including 4 pedestrians and 1 cyclist.","NYPD, Motor Vehicle Collisions",https://data.cityofnewyork.us/d/h9gi-nx95
6aeb238373e1,district_311,"311 received 9,980 requests for help for homeless people or about encampments in our district from September 2025 through August 2026. That is the second highest rate per resident among the city's 59 community districts. Two years earlier the number was 6,541.","311 Service Requests, as counted for the planner",https://data.cityofnewyork.us/d/erm2-nwe9
6aebdfae1b66,school,"The School Construction Authority's latest Enrollment, Capacity and Utilization report shows 147 students at P.S. 270.","School Construction Authority, Enrollment, Capacity and Utilization",https://data.cityofnewyork.us/d/gkd7-3vk7
6b290909f5ea,school,"The School Construction Authority's latest Enrollment, Capacity and Utilization report shows P.S. 8 with 641 students, 126% of its target capacity.","School Construction Authority, Enrollment, Capacity and Utilization",https://data.cityofnewyork.us/d/gkd7-3vk7
6b2df3e3d2ba,district_311,311 received 513 complaints about park maintenance in our district from September 2025 through August 2026. That is the 12th highest rate per resident among the city's 59 community districts.,"311 Service Requests, as counted for the planner",https://data.cityofnewyork.us/d/erm2-nwe9
6b389012f9ac@1a44f1,school,"The School Construction Authority's latest Enrollment, Capacity and Utilization report shows 197 students at P.S. 63.","School Construction Authority, Enrollment, Capacity and Utilization",https://data.cityofnewyork.us/d/gkd7-3vk7
6b4d03587f41@8b525d,crashes,"NYPD crash reports show 7 crashes at or near the intersection of Avenue J and McDonald Avenue from June 2023 through May 2026. Those crashes injured 7 people, including 1 cyclist.","NYPD, Motor Vehicle Collisions",https://data.cityofnewyork.us/d/h9gi-nx95
6b4d03587f41@e317af,crashes,"NYPD crash reports show 102 crashes on Avenue J between McDonald Avenue and Coney Island Avenue from June 2023 through May 2026. Those crashes injured 76 people, including 11 pedestrians and 6 cyclists.","NYPD, Motor Vehicle Collisions",https://data.cityofnewyork.us/d/h9gi-nx95
6b600526de3c@f4d928,district_311,311 received 841 complaints about street lights in our district from September 2025 through August 2026. That is the seventh highest number among the city's 59 community districts.,"311 Service Requests, as counted for the planner",https://data.cityofnewyork.us/d/erm2-nwe9
6b65d7b87431@39b579,district_311,"311 received 6,238 complaints about illegal parking and blocked driveways in our district from September 2025 through August 2026. That is the 15th highest rate per resident among the city's 59 community districts.","311 Service Requests, as counted for the planner",https://data.cityofnewyork.us/d/erm2-nwe9
6b8cf5eb7b08@e460c0,crashes,"NYPD crash reports show 12 crashes at or near the intersection of Ditmars Boulevard and 31st Street from June 2023 through May 2026. Those crashes injured 4 people, including 1 cyclist, and killed 1 person.","NYPD, Motor Vehicle Collisions",https://data.cityofnewyork.us/d/h9gi-nx95
6bb5b6e05202,district_311,"311 received 7,879 noise complaints in our district from September 2025 through August 2026. That is the seventh highest rate per resident among the city's 59 community districts.","311 Service Requests, as counted for the planner",https://data.cityofnewyork.us/d/erm2-nwe9
6bd02f35036a,district_311,"311 received 1,491 complaints about sewers, catch basins and flooding in our district from September 2025 through August 2026. That is the highest rate per resident among the city's 59 community districts.","311 Service Requests, as counted for the planner",https://data.cityofnewyork.us/d/erm2-nwe9
6bd530a956c9,crashes,"NYPD crash reports show 37 crashes at or near the intersection of West 42nd Street and Dyer Avenue from June 2023 through May 2026. Those crashes injured 11 people, including 2 pedestrians and 2 cyclists.","NYPD, Motor Vehicle Collisions",https://data.cityofnewyork.us/d/h9gi-nx95
6bf1fb435dd5@28db5e,district_311,"311 received 2,157 complaints about sewers, catch basins and flooding in our district from September 2025 through August 2026. That is the third highest rate per resident among the city's 59 community districts.","311 Service Requests, as counted for the planner",https://data.cityofnewyork.us/d/erm2-nwe9
6c0aaeaf0ea1,district_311,311 received 468 complaints about street lights in our district from September 2025 through August 2026. Two years earlier the number was 352.,"311 Service Requests, as counted for the planner",https://data.cityofnewyork.us/d/erm2-nwe9
6c110c456e8f,district_311,"311 received 1,675 complaints about potholes and other street conditions in our district from September 2025 through August 2026. Two years earlier the number was 1,092.","311 Service Requests, as counted for the planner",https://data.cityofnewyork.us/d/erm2-nwe9
6c223945a975@70fdfc,crashes,"NYPD crash reports show 9 crashes at or near the intersection of Washington Avenue and Montgomery Street from June 2023 through May 2026. Those crashes injured 3 people, including 1 pedestrian.","NYPD, Motor Vehicle Collisions",https://data.cityofnewyork.us/d/h9gi-nx95
6c50cc225d38,district_311,"311 received 1,366 complaints about sewers, catch basins and flooding in our district from September 2025 through August 2026. That is the seventh highest rate per resident among the city's 59 community districts.","311 Service Requests, as counted for the planner",https://data.cityofnewyork.us/d/erm2-nwe9
6c50cc225d38@0d7b64,district_311,"311 received 1,366 complaints about sewers, catch basins and flooding in our district from September 2025 through August 2026. That is the seventh highest rate per resident among the city's 59 community districts.","311 Service Requests, as counted for the planner",https://data.cityofnewyork.us/d/erm2-nwe9
6c534164313a,district_311,311 received 468 complaints about street lights in our district from September 2025 through August 2026. Two years earlier the number was 352.,"311 Service Requests, as counted for the planner",https://data.cityofnewyork.us/d/erm2-nwe9
6c65d1630e69@da421a,district_311,311 received 614 complaints about sidewalks and curbs in our district from September 2025 through August 2026. That is the 14th highest rate per resident among the city's 59 community districts.,"311 Service Requests, as counted for the planner",https://data.cityofnewyork.us/d/erm2-nwe9
6c6f92aac389,district_311,"311 received 5,140 complaints about illegal parking and blocked driveways in our district from September 2025 through August 2026. Two years earlier the number was 3,576.","311 Service Requests, as counted for the planner",https://data.cityofnewyork.us/d/erm2-nwe9
6c759e3609e5,district_311,311 received 490 complaints about sidewalks and curbs in our district from September 2025 through August 2026. That is the third highest rate per resident among the city's 59 community districts.,"311 Service Requests, as counted for the planner",https://data.cityofnewyork.us/d/erm2-nwe9
6c85cbfbd52d,park_access,"By NYC Parks' Walk to a Park measure, about 28,300 of our district's residents, or 21%, live beyond walking distance of a park. Citywide the share is 16%.","NYC Parks, Walk to a Park Service Area, with 2020 Census blocks",https://data.cityofnewyork.us/d/99ii-hwh9
6c96e6ab6088,crashes,"NYPD crash reports show 58 crashes at or near the intersection of Avenue U and Flatbush Avenue from June 2023 through May 2026. Those crashes injured 30 people, including 5 pedestrians and 1 cyclist, and killed 1 person.","NYPD, Motor Vehicle Collisions",https://data.cityofnewyork.us/d/h9gi-nx95
6ca4970f9f8f,district_311,"311 received 9,980 requests for help for homeless people or about encampments in our district from September 2025 through August 2026. That is the second highest rate per resident among the city's 59 community districts. Two years earlier the number was 6,541.","311 Service Requests, as counted for the planner",https://data.cityofnewyork.us/d/erm2-nwe9
6cb9eab0c475@34e7be,crashes,"NYPD crash reports show 28 crashes on Broadway between Kosciuszko Street and Lafayette Avenue from June 2023 through May 2026. Those crashes injured 13 people, including 1 pedestrian and 4 cyclists.","NYPD, Motor Vehicle Collisions",https://data.cityofnewyork.us/d/h9gi-nx95
6cb9eab0c475@34e7be,site_311,311 received 6 reports of street lights out or damaged along Broadway between Kosciuszko Street and Lafayette Avenue from September 2023 through August 2026.,311 Service Requests,https://data.cityofnewyork.us/d/erm2-nwe9
6cc153ab2deb,district_311,"311 received 3,340 complaints about litter, dumping and missed collection in our district from September 2025 through August 2026. That is the sixth highest rate per resident among the city's 59 community districts.","311 Service Requests, as counted for the planner",https://data.cityofnewyork.us/d/erm2-nwe9
6cee60ec0469,school,"The School Construction Authority's latest Enrollment, Capacity and Utilization report shows P.S. 60 with 922 students, 120% of its target capacity.","School Construction Authority, Enrollment, Capacity and Utilization",https://data.cityofnewyork.us/d/gkd7-3vk7
6cf8a3893336,street_trees,"As of February 2025, NYC Parks' tree inventory listed 2,792 empty street tree beds in our district.","NYC Parks, Forestry Planting Spaces",https://data.cityofnewyork.us/d/82zj-84is
6cfc437e2fef,district_311,"311 received 34,621 noise complaints in our district from September 2025 through August 2026. That is the third highest rate per resident among the city's 59 community districts.","311 Service Requests, as counted for the planner",https://data.cityofnewyork.us/d/erm2-nwe9
6cffcf66012b@c4d727,district_311,"311 received 540 complaints about sewers, catch basins and flooding in our district from September 2025 through August 2026. Two years earlier the number was 408.","311 Service Requests, as counted for the planner",https://data.cityofnewyork.us/d/erm2-nwe9
6d2900364759,district_311,"311 received 1,383 requests for help for homeless people or about encampments in our district from September 2025 through August 2026. That is the ninth highest rate per resident among the city's 59 community districts.","311 Service Requests, as counted for the planner",https://data.cityofnewyork.us/d/erm2-nwe9
6d2f221cdbc3,park_inspection,NYC Parks inspectors rated Seward Park unacceptable overall in 4 of 5 inspections from August 2024 through July 2026. They rated it unacceptable for cleanliness in 4 of 5 inspections.,"NYC Parks, Parks Inspection Program",https://data.cityofnewyork.us/d/yg3y-7juh
6d412019a0bc,district_311,"311 received 1,020 complaints about sewers, catch basins and flooding in our district from September 2025 through August 2026. That is the 12th highest rate per resident among the city's 59 community districts. Two years earlier the number was 802.","311 Service Requests, as counted for the planner",https://data.cityofnewyork.us/d/erm2-nwe9
6d9e15e118c7,district_311,311 received 836 complaints about rats and other pests in our district from September 2025 through August 2026. That is the third highest rate per resident among the city's 59 community districts.,"311 Service Requests, as counted for the planner",https://data.cityofnewyork.us/d/erm2-nwe9
6da3213e3956,district_311,"311 received 14,142 requests for help for homeless people or about encampments in our district from September 2025 through August 2026. That is the highest rate per resident among the city's 59 community districts.","311 Service Requests, as counted for the planner",https://data.cityofnewyork.us/d/erm2-nwe9
6dbac43de944,district_311,"311 received 1,020 complaints about sewers, catch basins and flooding in our district from September 2025 through August 2026. That is the 12th highest rate per resident among the city's 59 community districts. Two years earlier the number was 802.","311 Service Requests, as counted for the planner",https://data.cityofnewyork.us/d/erm2-nwe9
6dcc7cacac3f,district_311,"311 received 3,281 complaints about potholes and other street conditions in our district from September 2025 through August 2026. That is the third highest rate per resident among the city's 59 community districts. Two years earlier the number was 1,502.","311 Service Requests, as counted for the planner",https://data.cityofnewyork.us/d/erm2-nwe9
6dddf8df8ec1,district_311,"311 received 4,027 complaints about litter, dumping and missed collection in our district from September 2025 through August 2026. That is the tenth highest rate per resident among the city's 59 community districts.","311 Service Requests, as counted for the planner",https://data.cityofnewyork.us/d/erm2-nwe9
6dec025b03d0,school,"The School Construction Authority's latest Enrollment, Capacity and Utilization report shows 336 students at P.S. 198.","School Construction Authority, Enrollment, Capacity and Utilization",https://data.cityofnewyork.us/d/gkd7-3vk7
6df1c2e0a203@e4a79a,school,"The School Construction Authority's latest Enrollment, Capacity and Utilization report shows 542 students at P.S. 3.","School Construction Authority, Enrollment, Capacity and Utilization",https://data.cityofnewyork.us/d/gkd7-3vk7
6df4fb495389,district_311,"311 received 248 complaints about sewers, catch basins and flooding in our district from September 2025 through August 2026. Two years earlier the number was 165.","311 Service Requests, as counted for the planner",https://data.cityofnewyork.us/d/erm2-nwe9
6e193a0f29d9,district_311,311 received 490 complaints about sidewalks and curbs in our district from September 2025 through August 2026. That is the third highest rate per resident among the city's 59 community districts.,"311 Service Requests, as counted for the planner",https://data.cityofnewyork.us/d/erm2-nwe9
6e21c34d74a2,park_inspection,NYC Parks inspectors rated Leif Ericson Park unacceptable overall in 3 of 6 inspections from August 2024 through July 2026.,"NYC Parks, Parks Inspection Program",https://data.cityofnewyork.us/d/yg3y-7juh
6e2fd3921af8,district_311,"311 received 14,142 requests for help for homeless people or about encampments in our district from September 2025 through August 2026. That is the highest rate per resident among the city's 59 community districts.","311 Service Requests, as counted for the planner",https://data.cityofnewyork.us/d/erm2-nwe9
6e3ac06c5363,school,"The School Construction Authority's latest Enrollment, Capacity and Utilization report shows P.S. 24 with 758 students, 107% of its target capacity.","School Construction Authority, Enrollment, Capacity and Utilization",https://data.cityofnewyork.us/d/gkd7-3vk7
6e462daa580c,school,"The School Construction Authority's latest Enrollment, Capacity and Utilization report shows 288 students at P.S. 212.","School Construction Authority, Enrollment, Capacity and Utilization",https://data.cityofnewyork.us/d/gkd7-3vk7
6e495b448b03,district_311,"311 received 4,980 complaints about litter, dumping and missed collection in our district from September 2025 through August 2026. That is the eighth highest rate per resident among the city's 59 community districts.","311 Service Requests, as counted for the planner",https://data.cityofnewyork.us/d/erm2-nwe9
6e63400baf4c,district_311,"311 received 1,194 complaints about sewers, catch basins and flooding in our district from September 2025 through August 2026. That is the 11th highest rate per resident among the city's 59 community districts. Two years earlier the number was 930.","311 Service Requests, as counted for the planner",https://data.cityofnewyork.us/d/erm2-nwe9
6ea66eeee301,district_311,311 received 807 complaints about sidewalks and curbs in our district from September 2025 through August 2026. That is the 14th highest number among the city's 59 community districts.,"311 Service Requests, as counted for the planner",https://data.cityofnewyork.us/d/erm2-nwe9
6ecef88c4e46,district_311,311 received 468 complaints about street lights in our district from September 2025 through August 2026. Two years earlier the number was 352.,"311 Service Requests, as counted for the planner",https://data.cityofnewyork.us/d/erm2-nwe9
6ed5dafa8d21,district_311,311 received 884 requests for help for homeless people or about encampments in our district from September 2025 through August 2026. Two years earlier the number was 421.,"311 Service Requests, as counted for the planner",https://data.cityofnewyork.us/d/erm2-nwe9
6eea5b268b82@2819bc,district_311,"311 received 1,366 complaints about sewers, catch basins and flooding in our district from September 2025 through August 2026. That is the seventh highest rate per resident among the city's 59 community districts.","311 Service Requests, as counted for the planner",https://data.cityofnewyork.us/d/erm2-nwe9
6eea5b268b82@2819bc,site_311,311 received 21 reports of street flooding or clogged catch basins along Avenue M between East 66th Street and Bergen Avenue from September 2023 through August 2026.,311 Service Requests,https://data.cityofnewyork.us/d/erm2-nwe9
6ef318f6ff20,district_311,311 received 292 requests for help for homeless people or about encampments in our district from September 2025 through August 2026. Two years earlier the number was 130.,"311 Service Requests, as counted for the planner",https://data.cityofnewyork.us/d/erm2-nwe9
6efd05610c5c@51363a,district_311,"311 received 4,782 complaints about potholes and other street conditions in our district from September 2025 through August 2026. That is the 13th highest rate per resident among the city's 59 community districts. Two years earlier the number was 2,431.","311 Service Requests, as counted for the planner",https://data.cityofnewyork.us/d/erm2-nwe9
6efd05610c5c@e3a3ec,district_311,"311 received 4,782 complaints about potholes and other street conditions in our district from September 2025 through August 2026. That is the 13th highest rate per resident among the city's 59 community districts. Two years earlier the number was 2,431.","311 Service Requests, as counted for the planner",https://data.cityofnewyork.us/d/erm2-nwe9
6f0280ddf9bf@4ad985,district_311,"311 received 1,549 complaints about potholes and other street conditions in our district from September 2025 through August 2026. That is the 14th highest rate per resident among the city's 59 community districts. Two years earlier the number was 983.","311 Service Requests, as counted for the planner",https://data.cityofnewyork.us/d/erm2-nwe9
6f32ea2aa54f,school,"The School Construction Authority's latest Enrollment, Capacity and Utilization report shows 183 students at P.S. 3.","School Construction Authority, Enrollment, Capacity and Utilization",https://data.cityofnewyork.us/d/gkd7-3vk7
6f32ea2aa54f@ea2833,school,"The School Construction Authority's latest Enrollment, Capacity and Utilization report shows 183 students at P.S. 3.","School Construction Authority, Enrollment, Capacity and Utilization",https://data.cityofnewyork.us/d/gkd7-3vk7
6f52ff521272,school,"The School Construction Authority's latest Enrollment, Capacity and Utilization report shows 143 students at P.S. 194.","School Construction Authority, Enrollment, Capacity and Utilization",https://data.cityofnewyork.us/d/gkd7-3vk7
6f5a4109392a@a6262b,district_311,"311 received 1,035 complaints about sidewalks and curbs in our district from September 2025 through August 2026. That is the eighth highest rate per resident among the city's 59 community districts. Two years earlier the number was 622.","311 Service Requests, as counted for the planner",https://data.cityofnewyork.us/d/erm2-nwe9
6f5a4109392a@a76737,district_311,"311 received 1,035 complaints about sidewalks and curbs in our district from September 2025 through August 2026. That is the eighth highest rate per resident among the city's 59 community districts. Two years earlier the number was 622.","311 Service Requests, as counted for the planner",https://data.cityofnewyork.us/d/erm2-nwe9
6f6d54f9091a,district_311,"311 received 625 complaints about sewers, catch basins and flooding in our district from September 2025 through August 2026. Two years earlier the number was 461.","311 Service Requests, as counted for the planner",https://data.cityofnewyork.us/d/erm2-nwe9
6f6d66451a9a,district_311,311 received 873 complaints about sidewalks and curbs in our district from September 2025 through August 2026. That is the 12th highest number among the city's 59 community districts.,"311 Service Requests, as counted for the planner",https://data.cityofnewyork.us/d/erm2-nwe9
6f711ea9c7e8,district_311,"311 received 362 complaints about sewers, catch basins and flooding in our district from September 2025 through August 2026. That is the ninth highest rate per resident among the city's 59 community districts. Two years earlier the number was 288.","311 Service Requests, as counted for the planner",https://data.cityofnewyork.us/d/erm2-nwe9
6f85ebb9b3db,district_311,311 received 759 complaints about potholes and other street conditions in our district from September 2025 through August 2026. Two years earlier the number was 369.,"311 Service Requests, as counted for the planner",https://data.cityofnewyork.us/d/erm2-nwe9
6f885a274cae,district_311,"311 received 1,436 complaints about park maintenance in our district from September 2025 through August 2026. That is the second highest rate per resident among the city's 59 community districts.","311 Service Requests, as counted for the planner",https://data.cityofnewyork.us/d/erm2-nwe9
6f92be683911,district_311,311 received 574 complaints about rats and other pests in our district from September 2025 through August 2026. That is the 13th highest number among the city's 59 community districts.,"311 Service Requests, as counted for the planner",https://data.cityofnewyork.us/d/erm2-nwe9
6f997f4f837f,district_311,311 received 528 complaints about rats and other pests in our district from September 2025 through August 2026. That is the 13th highest rate per resident among the city's 59 community districts.,"311 Service Requests, as counted for the planner",https://data.cityofnewyork.us/d/erm2-nwe9
6fbfa60bcd73,district_311,"311 received 5,367 requests for help for homeless people or about encampments in our district from September 2025 through August 2026. That is the fourth highest rate per resident among the city's 59 community districts. Two years earlier the number was 3,162.","311 Service Requests, as counted for the planner",https://data.cityofnewyork.us/d/erm2-nwe9
6fefaa2aa7ae@748bf7,district_311,311 received 732 complaints about street lights in our district from September 2025 through August 2026. That is the 13th highest number among the city's 59 community districts. Two years earlier the number was 574.,"311 Service Requests, as counted for the planner",https://data.cityofnewyork.us/d/erm2-nwe9
6fefaa2aa7ae@96e319,district_311,311 received 732 complaints about street lights in our district from September 2025 through August 2026. That is the 13th highest number among the city's 59 community districts. Two years earlier the number was 574.,"311 Service Requests, as counted for the planner",https://data.cityofnewyork.us/d/erm2-nwe9
6ff0a8db0784,district_311,"311 received 4,308 complaints about litter, dumping and missed collection in our district from September 2025 through August 2026. That is the 13th highest rate per resident among the city's 59 community districts.","311 Service Requests, as counted for the planner",https://data.cityofnewyork.us/d/erm2-nwe9
700938d87bc0,district_311,"311 received 1,309 complaints about potholes and other street conditions in our district from September 2025 through August 2026. Two years earlier the number was 1,020.","311 Service Requests, as counted for the planner",https://data.cityofnewyork.us/d/erm2-nwe9
7020405f6ffa,district_311,311 received 270 complaints about graffiti in our district from September 2025 through August 2026. That is the ninth highest rate per resident among the city's 59 community districts. Two years earlier the number was 114.,"311 Service Requests, as counted for the planner",https://data.cityofnewyork.us/d/erm2-nwe9
70514b42fe86,school,"The School Construction Authority's latest Enrollment, Capacity and Utilization report shows 320 students at P.S. 298.","School Construction Authority, Enrollment, Capacity and Utilization",https://data.cityofnewyork.us/d/gkd7-3vk7
70537748dd90@712921,district_311,311 received 807 complaints about sidewalks and curbs in our district from September 2025 through August 2026. That is the 14th highest number among the city's 59 community districts.,"311 Service Requests, as counted for the planner",https://data.cityofnewyork.us/d/erm2-nwe9
7071b2a4d8ec,district_311,"311 received 2,590 complaints about litter, dumping and missed collection in our district from September 2025 through August 2026. That is the 11th highest rate per resident among the city's 59 community districts.","311 Service Requests, as counted for the planner",https://data.cityofnewyork.us/d/erm2-nwe9
708c8571544e,park_inspection,NYC Parks inspectors rated Woodtree Playground unacceptable overall in 2 of 5 inspections from August 2024 through July 2026.,"NYC Parks, Parks Inspection Program",https://data.cityofnewyork.us/d/yg3y-7juh
708c8571544e@82349f,park_inspection,NYC Parks inspectors rated Woodtree Playground unacceptable overall in 2 of 5 inspections from August 2024 through July 2026.,"NYC Parks, Parks Inspection Program",https://data.cityofnewyork.us/d/yg3y-7juh
708ebc13a8aa,district_311,311 received 516 complaints about park maintenance in our district from September 2025 through August 2026. Two years earlier the number was 409.,"311 Service Requests, as counted for the planner",https://data.cityofnewyork.us/d/erm2-nwe9
70de2fe0f076,district_311,"311 received 1,658 complaints about potholes and other street conditions in our district from September 2025 through August 2026. Two years earlier the number was 1,147.","311 Service Requests, as counted for the planner",https://data.cityofnewyork.us/d/erm2-nwe9
70ee38a8b4fa,district_311,311 received 841 complaints about street lights in our district from September 2025 through August 2026. That is the seventh highest number among the city's 59 community districts.,"311 Service Requests, as counted for the planner",https://data.cityofnewyork.us/d/erm2-nwe9
70f4e6d7d85c,district_311,"311 received 978 complaints about sewers, catch basins and flooding in our district from September 2025 through August 2026. That is the sixth highest rate per resident among the city's 59 community districts.","311 Service Requests, as counted for the planner",https://data.cityofnewyork.us/d/erm2-nwe9
70fd29c7546f,district_311,311 received 436 complaints about sidewalks and curbs in our district from September 2025 through August 2026. Two years earlier the number was 301.,"311 Service Requests, as counted for the planner",https://data.cityofnewyork.us/d/erm2-nwe9
710c41dd9920@26a740,district_311,311 received 462 complaints about sidewalks and curbs in our district from September 2025 through August 2026. Two years earlier the number was 346.,"311 Service Requests, as counted for the planner",https://data.cityofnewyork.us/d/erm2-nwe9
710c41dd9920@eb76ae,district_311,311 received 462 complaints about sidewalks and curbs in our district from September 2025 through August 2026. Two years earlier the number was 346.,"311 Service Requests, as counted for the planner",https://data.cityofnewyork.us/d/erm2-nwe9
711aff6ca2fd,park_inspection,NYC Parks inspectors rated Hot Spot Tot Lot unacceptable overall in 2 of 5 inspections from August 2024 through July 2026.,"NYC Parks, Parks Inspection Program",https://data.cityofnewyork.us/d/yg3y-7juh
712caef06e14,park_inspection,NYC Parks inspectors rated Printers Park unacceptable overall in 2 of 5 inspections from August 2024 through July 2026.,"NYC Parks, Parks Inspection Program",https://data.cityofnewyork.us/d/yg3y-7juh
7142933f5464,district_311,"311 received 4,308 complaints about litter, dumping and missed collection in our district from September 2025 through August 2026. That is the 13th highest rate per resident among the city's 59 community districts.","311 Service Requests, as counted for the planner",https://data.cityofnewyork.us/d/erm2-nwe9
71674e22121c@e8a893,district_311,"311 received 1,020 complaints about sewers, catch basins and flooding in our district from September 2025 through August 2026. That is the 12th highest rate per resident among the city's 59 community districts. Two years earlier the number was 802.","311 Service Requests, as counted for the planner",https://data.cityofnewyork.us/d/erm2-nwe9
717e240eb13c,district_311,"311 received 1,361 complaints about potholes and other street conditions in our district from September 2025 through August 2026. Two years earlier the number was 788.","311 Service Requests, as counted for the planner",https://data.cityofnewyork.us/d/erm2-nwe9
71832dcad689,district_311,"311 received 27,505 complaints about illegal parking and blocked driveways in our district from September 2025 through August 2026. That is the second highest rate per resident among the city's 59 community districts. Two years earlier the number was 17,324.","311 Service Requests, as counted for the planner",https://data.cityofnewyork.us/d/erm2-nwe9
718664ef7b5e,district_311,"311 received 978 complaints about sewers, catch basins and flooding in our district from September 2025 through August 2026. That is the sixth highest rate per resident among the city's 59 community districts.","311 Service Requests, as counted for the planner",https://data.cityofnewyork.us/d/erm2-nwe9
71879fcdf616,school,"The School Construction Authority's latest Enrollment, Capacity and Utilization report shows P.S. 81 with 703 students, 137% of its target capacity.","School Construction Authority, Enrollment, Capacity and Utilization",https://data.cityofnewyork.us/d/gkd7-3vk7
718a79fdf16f,district_311,"311 received 1,606 requests for help for homeless people or about encampments in our district from September 2025 through August 2026. That is the 13th highest rate per resident among the city's 59 community districts.","311 Service Requests, as counted for the planner",https://data.cityofnewyork.us/d/erm2-nwe9
718dbaf46628@62c698,school,"The School Construction Authority's latest Enrollment, Capacity and Utilization report shows 300 students at P.S. 146.","School Construction Authority, Enrollment, Capacity and Utilization",https://data.cityofnewyork.us/d/gkd7-3vk7
719c29fb99d0@53aed0,district_311,"311 received 540 complaints about sewers, catch basins and flooding in our district from September 2025 through August 2026. Two years earlier the number was 408.","311 Service Requests, as counted for the planner",https://data.cityofnewyork.us/d/erm2-nwe9
719ebedfa38c,district_311,"311 received 1,957 complaints about water mains, hydrants and water quality in our district from September 2025 through August 2026. Two years earlier the number was 1,407.","311 Service Requests, as counted for the planner",https://data.cityofnewyork.us/d/erm2-nwe9
71a69d62d5d4,district_311,"311 received 3,329 complaints about litter, dumping and missed collection in our district from September 2025 through August 2026. That is the 14th highest rate per resident among the city's 59 community districts.","311 Service Requests, as counted for the planner",https://data.cityofnewyork.us/d/erm2-nwe9
71ae7e748067,district_311,311 received 528 complaints about rats and other pests in our district from September 2025 through August 2026. That is the 13th highest rate per resident among the city's 59 community districts.,"311 Service Requests, as counted for the planner",https://data.cityofnewyork.us/d/erm2-nwe9
71b2907bde96@3b66dd,district_311,"311 received 1,109 complaints about potholes and other street conditions in our district from September 2025 through August 2026. Two years earlier the number was 706.","311 Service Requests, as counted for the planner",https://data.cityofnewyork.us/d/erm2-nwe9
71b33f44e3c1@434fa9,crashes,"NYPD crash reports show 16 crashes on Lincoln Road between Nostrand Avenue and Rogers Avenue from June 2023 through May 2026. Those crashes injured 9 people, including 1 cyclist.","NYPD, Motor Vehicle Collisions",https://data.cityofnewyork.us/d/h9gi-nx95
71b33f44e3c1@4e3a2d,crashes,"NYPD crash reports show 51 crashes on Winthrop Street between Troy Avenue and Utica Avenue from June 2023 through May 2026. Those crashes injured 41 people, including 7 pedestrians and 3 cyclists.","NYPD, Motor Vehicle Collisions",https://data.cityofnewyork.us/d/h9gi-nx95
71b33f44e3c1@58c4c0,crashes,"NYPD crash reports show 9 crashes at or near the intersection of Lincoln Road and Nostrand Avenue from June 2023 through May 2026. Those crashes injured 7 people, including 1 pedestrian.","NYPD, Motor Vehicle Collisions",https://data.cityofnewyork.us/d/h9gi-nx95
71b33f44e3c1@ae5f7a,crashes,"NYPD crash reports show 22 crashes on Lefferts Avenue between Bedford Avenue and Washington Avenue from June 2023 through May 2026. Those crashes injured 15 people, including 3 pedestrians and 1 cyclist.","NYPD, Motor Vehicle Collisions",https://data.cityofnewyork.us/d/h9gi-nx95
71b33f44e3c1@baf1ae,crashes,"NYPD crash reports show 14 crashes at or near the intersection of Lefferts Avenue and Bedford Avenue from June 2023 through May 2026. Those crashes injured 8 people, including 2 pedestrians and 1 cyclist.","NYPD, Motor Vehicle Collisions",https://data.cityofnewyork.us/d/h9gi-nx95
71b33f44e3c1@bb8310,crashes,"NYPD crash reports show 3 crashes at or near the intersection of Winthrop Street and Troy Avenue from June 2023 through May 2026. Those crashes injured 3 people, including 1 cyclist.","NYPD, Motor Vehicle Collisions",https://data.cityofnewyork.us/d/h9gi-nx95
71bbb1acfcd6,park_inspection,NYC Parks inspectors rated the play equipment at Newtown Playground unacceptable in 3 of 5 inspections from August 2024 through July 2026.,"NYC Parks, Parks Inspection Program",https://data.cityofnewyork.us/d/yg3y-7juh
71bdba7f6c2d@f26fe6,district_311,311 received 783 complaints about sidewalks and curbs in our district from September 2025 through August 2026. That is the 15th highest number among the city's 59 community districts.,"311 Service Requests, as counted for the planner",https://data.cityofnewyork.us/d/erm2-nwe9
722eafbfc955,district_311,"311 received 2,590 complaints about litter, dumping and missed collection in our district from September 2025 through August 2026. That is the 11th highest rate per resident among the city's 59 community districts.","311 Service Requests, as counted for the planner",https://data.cityofnewyork.us/d/erm2-nwe9
7245dc3630c9@7ed889,district_311,"311 received 1,399 complaints about potholes and other street conditions in our district from September 2025 through August 2026. That is the 11th highest rate per resident among the city's 59 community districts. Two years earlier the number was 993.","311 Service Requests, as counted for the planner",https://data.cityofnewyork.us/d/erm2-nwe9
7245dc3630c9@dcb2d0,district_311,"311 received 1,399 complaints about potholes and other street conditions in our district from September 2025 through August 2026. That is the 11th highest rate per resident among the city's 59 community districts. Two years earlier the number was 993.","311 Service Requests, as counted for the planner",https://data.cityofnewyork.us/d/erm2-nwe9
72610a7d35ec@de97b0,school,"The School Construction Authority's latest Enrollment, Capacity and Utilization report shows 398 students at P.S. 111.","School Construction Authority, Enrollment, Capacity and Utilization",https://data.cityofnewyork.us/d/gkd7-3vk7
7282faede9c1,district_311,"311 received 754 complaints about sewers, catch basins and flooding in our district from September 2025 through August 2026. That is the 15th highest rate per resident among the city's 59 community districts.","311 Service Requests, as counted for the planner",https://data.cityofnewyork.us/d/erm2-nwe9
728f3cff851d,district_311,"311 received 9,980 requests for help for homeless people or about encampments in our district from September 2025 through August 2026. That is the second highest rate per resident among the city's 59 community districts. Two years earlier the number was 6,541.","311 Service Requests, as counted for the planner",https://data.cityofnewyork.us/d/erm2-nwe9
7295dfccdde3,district_311,"311 received 3,753 complaints about street trees in our district from September 2025 through August 2026. That is the second highest rate per resident among the city's 59 community districts.","311 Service Requests, as counted for the planner",https://data.cityofnewyork.us/d/erm2-nwe9
72b1440abc5d,district_311,"311 received 14,366 complaints about illegal parking and blocked driveways in our district from September 2025 through August 2026. That is the 14th highest rate per resident among the city's 59 community districts. Two years earlier the number was 9,493.","311 Service Requests, as counted for the planner",https://data.cityofnewyork.us/d/erm2-nwe9
72c37da374e0,district_311,"311 received 978 complaints about sewers, catch basins and flooding in our district from September 2025 through August 2026. That is the sixth highest rate per resident among the city's 59 community districts.","311 Service Requests, as counted for the planner",https://data.cityofnewyork.us/d/erm2-nwe9
72d1e2c23cd0,district_311,"311 received 1,733 complaints about potholes and other street conditions in our district from September 2025 through August 2026. Two years earlier the number was 878.","311 Service Requests, as counted for the planner",https://data.cityofnewyork.us/d/erm2-nwe9
72df814e0698@2b9515,crashes,NYPD crash reports show 29 crashes at or near the intersection of 3rd Avenue and 17th Street from June 2023 through May 2026. Those crashes injured 22 people.,"NYPD, Motor Vehicle Collisions",https://data.cityofnewyork.us/d/h9gi-nx95
72e3d1d2a7c7,district_311,"311 received 5,230 complaints about potholes and other street conditions in our district from September 2025 through August 2026. That is the fourth highest rate per resident among the city's 59 community districts. Two years earlier the number was 3,022.","311 Service Requests, as counted for the planner",https://data.cityofnewyork.us/d/erm2-nwe9
72ec642f39f3,district_311,311 received 841 complaints about street lights in our district from September 2025 through August 2026. That is the seventh highest number among the city's 59 community districts.,"311 Service Requests, as counted for the planner",https://data.cityofnewyork.us/d/erm2-nwe9
72f9c868bb4d,district_311,311 received 605 complaints about park maintenance in our district from September 2025 through August 2026. That is the 11th highest rate per resident among the city's 59 community districts. Two years earlier the number was 434.,"311 Service Requests, as counted for the planner",https://data.cityofnewyork.us/d/erm2-nwe9
7329eb659308,district_311,311 received 940 complaints about sidewalks and curbs in our district from September 2025 through August 2026. That is the ninth highest number among the city's 59 community districts.,"311 Service Requests, as counted for the planner",https://data.cityofnewyork.us/d/erm2-nwe9
7331537bb573@0a4afc,district_311,"311 received 2,157 complaints about sewers, catch basins and flooding in our district from September 2025 through August 2026. That is the third highest rate per resident among the city's 59 community districts.","311 Service Requests, as counted for the planner",https://data.cityofnewyork.us/d/erm2-nwe9
7331537bb573@0a4afc,site_311,311 received 5 reports of street flooding or clogged catch basins within 300 feet of the intersection of 191st Street and Woodhull Avenue from September 2023 through August 2026.,311 Service Requests,https://data.cityofnewyork.us/d/erm2-nwe9
737444125801,school,"The School Construction Authority's latest Enrollment, Capacity and Utilization report shows 247 students at P.S. 327.","School Construction Authority, Enrollment, Capacity and Utilization",https://data.cityofnewyork.us/d/gkd7-3vk7
738e84699987@50c1ff,crashes,"NYPD crash reports show 85 crashes on Flatbush Avenue Extension between Willoughby Street and Myrtle Avenue from June 2023 through May 2026. Those crashes injured 39 people, including 5 pedestrians and 2 cyclists.","NYPD, Motor Vehicle Collisions",https://data.cityofnewyork.us/d/h9gi-nx95
7393d7ad84d9@6b2ee2,school,"The School Construction Authority's latest Enrollment, Capacity and Utilization report shows 538 students at P.S. 33.","School Construction Authority, Enrollment, Capacity and Utilization",https://data.cityofnewyork.us/d/gkd7-3vk7
73b698610e3d,district_311,311 received 940 complaints about sidewalks and curbs in our district from September 2025 through August 2026. That is the ninth highest number among the city's 59 community districts.,"311 Service Requests, as counted for the planner",https://data.cityofnewyork.us/d/erm2-nwe9
73cdf3408009@6c3351,district_311,"311 received 956 complaints about sewers, catch basins and flooding in our district from September 2025 through August 2026. That is the fifth highest rate per resident among the city's 59 community districts.","311 Service Requests, as counted for the planner",https://data.cityofnewyork.us/d/erm2-nwe9
73d106d9a2c3@e19f63,crashes,"NYPD crash reports show 58 crashes at or near the intersection of Flatbush Avenue and Avenue U from June 2023 through May 2026. Those crashes injured 30 people, including 5 pedestrians and 1 cyclist, and killed 1 person.","NYPD, Motor Vehicle Collisions",https://data.cityofnewyork.us/d/h9gi-nx95
73e11ed8599f,district_311,311 received 115 complaints about park maintenance in our district from September 2025 through August 2026. Two years earlier the number was 55.,"311 Service Requests, as counted for the planner",https://data.cityofnewyork.us/d/erm2-nwe9
7402ee8ec78e,district_311,"311 received 2,527 complaints about potholes and other street conditions in our district from September 2025 through August 2026. That is the 14th highest number among the city's 59 community districts. Two years earlier the number was 1,189.","311 Service Requests, as counted for the planner",https://data.cityofnewyork.us/d/erm2-nwe9
741c428da9f0@35140f,district_311,311 received 195 requests for help for homeless people or about encampments in our district from September 2025 through August 2026. Two years earlier the number was 143.,"311 Service Requests, as counted for the planner",https://data.cityofnewyork.us/d/erm2-nwe9
741c428da9f0@fc6add,district_311,311 received 195 requests for help for homeless people or about encampments in our district from September 2025 through August 2026. Two years earlier the number was 143.,"311 Service Requests, as counted for the planner",https://data.cityofnewyork.us/d/erm2-nwe9
7468e98affa4,district_311,"311 received 1,109 complaints about potholes and other street conditions in our district from September 2025 through August 2026. Two years earlier the number was 706.","311 Service Requests, as counted for the planner",https://data.cityofnewyork.us/d/erm2-nwe9
7468e98affa4@631729,district_311,"311 received 1,109 complaints about potholes and other street conditions in our district from September 2025 through August 2026. Two years earlier the number was 706.","311 Service Requests, as counted for the planner",https://data.cityofnewyork.us/d/erm2-nwe9
74b3ddb92b79,crashes,"NYPD crash reports show 16 crashes at or near the intersection of Stanley Avenue and Crescent Street from June 2023 through May 2026. Those crashes injured 15 people, including 2 pedestrians.","NYPD, Motor Vehicle Collisions",https://data.cityofnewyork.us/d/h9gi-nx95
74b892ed8ebb,district_311,"311 received 754 complaints about sewers, catch basins and flooding in our district from September 2025 through August 2026. That is the 15th highest rate per resident among the city's 59 community districts.","311 Service Requests, as counted for the planner",https://data.cityofnewyork.us/d/erm2-nwe9
74cad0dce3cd,school,"The School Construction Authority's latest Enrollment, Capacity and Utilization report shows 265 students at M.S. 297.","School Construction Authority, Enrollment, Capacity and Utilization",https://data.cityofnewyork.us/d/gkd7-3vk7
7504b1dd1a66@95b912,crashes,"NYPD crash reports show 5 crashes at or near the intersection of 38th Avenue and Main from June 2023 through May 2026. Those crashes injured 2 people, including 1 pedestrian and 1 cyclist.","NYPD, Motor Vehicle Collisions",https://data.cityofnewyork.us/d/h9gi-nx95
7506d17ac557,district_311,"311 received 1,366 complaints about sewers, catch basins and flooding in our district from September 2025 through August 2026. That is the seventh highest rate per resident among the city's 59 community districts.","311 Service Requests, as counted for the planner",https://data.cityofnewyork.us/d/erm2-nwe9
7506d17ac557@a78242,district_311,"311 received 1,366 complaints about sewers, catch basins and flooding in our district from September 2025 through August 2026. That is the seventh highest rate per resident among the city's 59 community districts.","311 Service Requests, as counted for the planner",https://data.cityofnewyork.us/d/erm2-nwe9
7549e6b12518@3638ee,district_311,311 received 904 complaints about sidewalks and curbs in our district from September 2025 through August 2026. That is the tenth highest number among the city's 59 community districts.,"311 Service Requests, as counted for the planner",https://data.cityofnewyork.us/d/erm2-nwe9
754d1756d252,district_311,311 received 484 complaints about rats and other pests in our district from September 2025 through August 2026. That is the 15th highest rate per resident among the city's 59 community districts.,"311 Service Requests, as counted for the planner",https://data.cityofnewyork.us/d/erm2-nwe9
7571c151cfd9@50594c,district_311,"311 received 1,027 complaints about sidewalks and curbs in our district from September 2025 through August 2026. That is the 11th highest rate per resident among the city's 59 community districts.","311 Service Requests, as counted for the planner",https://data.cityofnewyork.us/d/erm2-nwe9
75750fceae50,district_311,311 received 431 complaints about street lights in our district from September 2025 through August 2026. Two years earlier the number was 208.,"311 Service Requests, as counted for the planner",https://data.cityofnewyork.us/d/erm2-nwe9
75915202c907,district_311,"311 received 1,526 complaints about construction and illegal building use in our district from September 2025 through August 2026. That is the tenth highest number among the city's 59 community districts.","311 Service Requests, as counted for the planner",https://data.cityofnewyork.us/d/erm2-nwe9
75b93ac8fe9a,district_311,"311 received 4,027 complaints about litter, dumping and missed collection in our district from September 2025 through August 2026. That is the tenth highest rate per resident among the city's 59 community districts.","311 Service Requests, as counted for the planner",https://data.cityofnewyork.us/d/erm2-nwe9
75cd760bbe3f,district_311,311 received 408 complaints about street lights in our district from September 2025 through August 2026. That is the fifth highest rate per resident among the city's 59 community districts.,"311 Service Requests, as counted for the planner",https://data.cityofnewyork.us/d/erm2-nwe9
75e53f817a37,district_311,311 received 585 complaints about potholes and other street conditions in our district from September 2025 through August 2026. Two years earlier the number was 388.,"311 Service Requests, as counted for the planner",https://data.cityofnewyork.us/d/erm2-nwe9
75e53f817a37@90bef8,district_311,311 received 585 complaints about potholes and other street conditions in our district from September 2025 through August 2026. Two years earlier the number was 388.,"311 Service Requests, as counted for the planner",https://data.cityofnewyork.us/d/erm2-nwe9
75e53f817a37@cf674c,district_311,311 received 585 complaints about potholes and other street conditions in our district from September 2025 through August 2026. Two years earlier the number was 388.,"311 Service Requests, as counted for the planner",https://data.cityofnewyork.us/d/erm2-nwe9
75f35a646965,district_311,311 received 841 complaints about street lights in our district from September 2025 through August 2026. That is the seventh highest number among the city's 59 community districts.,"311 Service Requests, as counted for the planner",https://data.cityofnewyork.us/d/erm2-nwe9
75f9d503e0ca,district_311,311 received 516 complaints about park maintenance in our district from September 2025 through August 2026. Two years earlier the number was 409.,"311 Service Requests, as counted for the planner",https://data.cityofnewyork.us/d/erm2-nwe9
760c38377366,school,"The School Construction Authority's latest Enrollment, Capacity and Utilization report shows 154 students at P.S. 34.","School Construction Authority, Enrollment, Capacity and Utilization",https://data.cityofnewyork.us/d/gkd7-3vk7
761ed05c75f7@9e5078,district_311,"311 received 1,859 complaints about litter, dumping and missed collection in our district from September 2025 through August 2026. Two years earlier the number was 1,330.","311 Service Requests, as counted for the planner",https://data.cityofnewyork.us/d/erm2-nwe9
76736ccabff7,crashes,NYPD crash reports show 3 crashes at or near the intersection of East 39th Street and Farragut Road from June 2023 through May 2026. Those crashes injured 6 people.,"NYPD, Motor Vehicle Collisions",https://data.cityofnewyork.us/d/h9gi-nx95
76889d25a8cf,district_311,"311 received 2,157 complaints about sewers, catch basins and flooding in our district from September 2025 through August 2026. That is the third highest rate per resident among the city's 59 community districts.","311 Service Requests, as counted for the planner",https://data.cityofnewyork.us/d/erm2-nwe9
7690b3e0e6f4@adfd38,district_311,"311 received 978 complaints about sewers, catch basins and flooding in our district from September 2025 through August 2026. That is the sixth highest rate per resident among the city's 59 community districts.","311 Service Requests, as counted for the planner",https://data.cityofnewyork.us/d/erm2-nwe9
769bf33482aa,district_311,"311 received 14,142 requests for help for homeless people or about encampments in our district from September 2025 through August 2026. That is the highest rate per resident among the city's 59 community districts.","311 Service Requests, as counted for the planner",https://data.cityofnewyork.us/d/erm2-nwe9
76bf970ac5f3@950b97,crashes,"NYPD crash reports show 71 crashes on Brooklyn Avenue between Empire Boulevard and Winthrop Street from June 2023 through May 2026. Those crashes injured 31 people, including 8 pedestrians and 5 cyclists.","NYPD, Motor Vehicle Collisions",https://data.cityofnewyork.us/d/h9gi-nx95
76bf970ac5f3@950b97,district_311,"311 received 8,319 complaints about illegal parking and blocked driveways in our district from September 2025 through August 2026. Two years earlier the number was 5,782.","311 Service Requests, as counted for the planner",https://data.cityofnewyork.us/d/erm2-nwe9
76c3e84579c9,district_311,"311 received 3,247 complaints about street trees in our district from September 2025 through August 2026. That is the eighth highest rate per resident among the city's 59 community districts.","311 Service Requests, as counted for the planner",https://data.cityofnewyork.us/d/erm2-nwe9
76c3e84579c9,street_trees,"As of February 2025, NYC Parks' tree inventory listed 3,040 empty street tree beds in our district.","NYC Parks, Forestry Planting Spaces",https://data.cityofnewyork.us/d/82zj-84is
76dc826db583,district_311,311 received 780 complaints about sidewalks and curbs in our district from September 2025 through August 2026. Two years earlier the number was 602.,"311 Service Requests, as counted for the planner",https://data.cityofnewyork.us/d/erm2-nwe9
76e7fa2e531e,district_311,"311 received 2,465 complaints about street trees in our district from September 2025 through August 2026. That is the sixth highest rate per resident among the city's 59 community districts.","311 Service Requests, as counted for the planner",https://data.cityofnewyork.us/d/erm2-nwe9
76f0ec4dfa0d,district_311,311 received 813 complaints about rats and other pests in our district from September 2025 through August 2026. That is the seventh highest number among the city's 59 community districts.,"311 Service Requests, as counted for the planner",https://data.cityofnewyork.us/d/erm2-nwe9
7709ed277558,district_311,"311 received 11,967 complaints about illegal parking and blocked driveways in our district from September 2025 through August 2026. Two years earlier the number was 9,445.","311 Service Requests, as counted for the planner",https://data.cityofnewyork.us/d/erm2-nwe9
7709ed277558@14b199,district_311,"311 received 11,967 complaints about illegal parking and blocked driveways in our district from September 2025 through August 2026. Two years earlier the number was 9,445.","311 Service Requests, as counted for the planner",https://data.cityofnewyork.us/d/erm2-nwe9
77232e9a3a3b,crashes,"NYPD crash reports show 21 crashes at or near the intersection of Broadway and Marcus Garvey Boulevard from June 2023 through May 2026. Those crashes injured 10 people, including 5 pedestrians and 3 cyclists.","NYPD, Motor Vehicle Collisions",https://data.cityofnewyork.us/d/h9gi-nx95
772508fcd830,district_311,"311 received 1,082 complaints about sewers, catch basins and flooding in our district from September 2025 through August 2026. That is the 13th highest rate per resident among the city's 59 community districts.","311 Service Requests, as counted for the planner",https://data.cityofnewyork.us/d/erm2-nwe9
773560671781@910244,school,"The School Construction Authority's latest Enrollment, Capacity and Utilization report shows 518 students at I.S. 447.","School Construction Authority, Enrollment, Capacity and Utilization",https://data.cityofnewyork.us/d/gkd7-3vk7
7736ec94be95,district_311,"311 received 22,640 complaints about illegal parking and blocked driveways in our district from September 2025 through August 2026. That is the seventh highest rate per resident among the city's 59 community districts. Two years earlier the number was 17,667.","311 Service Requests, as counted for the planner",https://data.cityofnewyork.us/d/erm2-nwe9
7757278acaa4,district_311,"311 received 1,042 complaints about park maintenance in our district from September 2025 through August 2026. That is the sixth highest rate per resident among the city's 59 community districts.","311 Service Requests, as counted for the planner",https://data.cityofnewyork.us/d/erm2-nwe9
7757278acaa4@0e1f2a,district_311,"311 received 1,042 complaints about park maintenance in our district from September 2025 through August 2026. That is the sixth highest rate per resident among the city's 59 community districts.","311 Service Requests, as counted for the planner",https://data.cityofnewyork.us/d/erm2-nwe9
775a91878a1c@589ccb,crashes,"NYPD crash reports show 21 crashes at or near the intersection of Castle Hill Avenue and Westchester Avenue from June 2023 through May 2026. Those crashes injured 22 people, including 9 pedestrians and 2 cyclists.","NYPD, Motor Vehicle Collisions",https://data.cityofnewyork.us/d/h9gi-nx95
77864ad6085f,school,"The School Construction Authority's latest Enrollment, Capacity and Utilization report shows 565 students at P.S. 100.","School Construction Authority, Enrollment, Capacity and Utilization",https://data.cityofnewyork.us/d/gkd7-3vk7
778b0f814dcd@898321,crashes,"NYPD crash reports show 93 crashes on 18th Avenue between 45th Street and Ocean Parkway from June 2023 through May 2026. Those crashes injured 75 people, including 12 pedestrians and 13 cyclists.","NYPD, Motor Vehicle Collisions",https://data.cityofnewyork.us/d/h9gi-nx95
778fc498bc22,district_311,"311 received 952 complaints about sewers, catch basins and flooding in our district from September 2025 through August 2026. That is the tenth highest rate per resident among the city's 59 community districts.","311 Service Requests, as counted for the planner",https://data.cityofnewyork.us/d/erm2-nwe9
77df448dbcdf,school,"The School Construction Authority's latest Enrollment, Capacity and Utilization report shows 538 students at P.S. 33.","School Construction Authority, Enrollment, Capacity and Utilization",https://data.cityofnewyork.us/d/gkd7-3vk7
77e16e18c216@a2b2d6,crashes,NYPD crash reports show 8 crashes at or near the intersection of Chelsea Road and South Avenue from June 2023 through May 2026. Those crashes injured 12 people.,"NYPD, Motor Vehicle Collisions",https://data.cityofnewyork.us/d/h9gi-nx95
782dd960691a,district_311,311 received 336 complaints about street lights in our district from September 2025 through August 2026. Two years earlier the number was 242.,"311 Service Requests, as counted for the planner",https://data.cityofnewyork.us/d/erm2-nwe9
783fa671969d,district_311,"311 received 26,034 complaints about illegal parking and blocked driveways in our district from September 2025 through August 2026. That is the 12th highest rate per resident among the city's 59 community districts.","311 Service Requests, as counted for the planner",https://data.cityofnewyork.us/d/erm2-nwe9
785770069e37@a10dde,crashes,"NYPD crash reports show 37 crashes at or near the intersection of Pearl Street and Frankfort Street from June 2023 through May 2026. Those crashes injured 15 people, including 2 pedestrians and 6 cyclists.","NYPD, Motor Vehicle Collisions",https://data.cityofnewyork.us/d/h9gi-nx95
7868b1621c0a@4e0780,crashes,NYPD crash reports show 39 crashes at or near the intersection of 114th Street and Astoria Boulevard from June 2023 through May 2026. Those crashes injured 15 people.,"NYPD, Motor Vehicle Collisions",https://data.cityofnewyork.us/d/h9gi-nx95
788d955fd031,district_311,311 received 451 complaints about park maintenance in our district from September 2025 through August 2026. Two years earlier the number was 304.,"311 Service Requests, as counted for the planner",https://data.cityofnewyork.us/d/erm2-nwe9
789e08eba1dc@b395cd,district_311,"311 received 754 complaints about sewers, catch basins and flooding in our district from September 2025 through August 2026. That is the 15th highest rate per resident among the city's 59 community districts.","311 Service Requests, as counted for the planner",https://data.cityofnewyork.us/d/erm2-nwe9
78e002a4dc2a,district_311,311 received 176 requests for help for homeless people or about encampments in our district from September 2025 through August 2026. Two years earlier the number was 118.,"311 Service Requests, as counted for the planner",https://data.cityofnewyork.us/d/erm2-nwe9
78f7a200ad64,school,"The School Construction Authority's latest Enrollment, Capacity and Utilization report shows 346 students at P.S. 178.","School Construction Authority, Enrollment, Capacity and Utilization",https://data.cityofnewyork.us/d/gkd7-3vk7
7904cbf01e23,crashes,"NYPD crash reports show 72 crashes on West 31st Street between 8th Avenue and 9th Avenue from June 2023 through May 2026. Those crashes injured 35 people, including 19 pedestrians and 5 cyclists.","NYPD, Motor Vehicle Collisions",https://data.cityofnewyork.us/d/h9gi-nx95
790f003de921,district_311,"311 received 4,027 complaints about litter, dumping and missed collection in our district from September 2025 through August 2026. That is the tenth highest rate per resident among the city's 59 community districts.","311 Service Requests, as counted for the planner",https://data.cityofnewyork.us/d/erm2-nwe9
7914dc7bd2b6,district_311,"311 received 1,084 complaints about sewers, catch basins and flooding in our district from September 2025 through August 2026. That is the 14th highest rate per resident among the city's 59 community districts.","311 Service Requests, as counted for the planner",https://data.cityofnewyork.us/d/erm2-nwe9
7916b886cf45@238ca3,district_311,"311 received 1,536 complaints about water mains, hydrants and water quality in our district from September 2025 through August 2026. That is the 14th highest rate per resident among the city's 59 community districts. Two years earlier the number was 1,141.","311 Service Requests, as counted for the planner",https://data.cityofnewyork.us/d/erm2-nwe9
79263088c55f@35225d,crashes,NYPD crash reports show 5 crashes at or near the intersection of Vermont Street and Pitkin Avenue from June 2023 through May 2026. Those crashes injured 3 people.,"NYPD, Motor Vehicle Collisions",https://data.cityofnewyork.us/d/h9gi-nx95
79497966f822,district_311,311 received 884 requests for help for homeless people or about encampments in our district from September 2025 through August 2026. Two years earlier the number was 421.,"311 Service Requests, as counted for the planner",https://data.cityofnewyork.us/d/erm2-nwe9
796c5ffe6eec@01b125,district_311,"311 received 1,733 complaints about potholes and other street conditions in our district from September 2025 through August 2026. Two years earlier the number was 878.","311 Service Requests, as counted for the planner",https://data.cityofnewyork.us/d/erm2-nwe9
79954066d24f,district_311,311 received 651 requests for help for homeless people or about encampments in our district from September 2025 through August 2026. Two years earlier the number was 478.,"311 Service Requests, as counted for the planner",https://data.cityofnewyork.us/d/erm2-nwe9
799bf0428728,district_311,"311 received 3,672 complaints about potholes and other street conditions in our district from September 2025 through August 2026. That is the second highest rate per resident among the city's 59 community districts. Two years earlier the number was 1,979.","311 Service Requests, as counted for the planner",https://data.cityofnewyork.us/d/erm2-nwe9
79b3c2f9eb65,park_inspection,NYC Parks inspectors rated Gorman Playground unacceptable overall in 2 of 5 inspections from August 2024 through July 2026.,"NYC Parks, Parks Inspection Program",https://data.cityofnewyork.us/d/yg3y-7juh
79df0ffac857@ad0bb6,crashes,"NYPD crash reports show 63 crashes at or near the intersection of Broadway and Flushing Avenue from June 2023 through May 2026. Those crashes injured 34 people, including 9 pedestrians and 13 cyclists, and killed 1 person.","NYPD, Motor Vehicle Collisions",https://data.cityofnewyork.us/d/h9gi-nx95
79e5c89ef111,district_311,"311 received 3,074 complaints about litter, dumping and missed collection in our district from September 2025 through August 2026. That is the 12th highest rate per resident among the city's 59 community districts.","311 Service Requests, as counted for the planner",https://data.cityofnewyork.us/d/erm2-nwe9
79e77f06c955,district_311,"311 received 1,675 complaints about potholes and other street conditions in our district from September 2025 through August 2026. Two years earlier the number was 1,092.","311 Service Requests, as counted for the planner",https://data.cityofnewyork.us/d/erm2-nwe9
7a0ab3b40015@a725e6,district_311,"311 received 1,366 complaints about sewers, catch basins and flooding in our district from September 2025 through August 2026. That is the seventh highest rate per resident among the city's 59 community districts.","311 Service Requests, as counted for the planner",https://data.cityofnewyork.us/d/erm2-nwe9
7a1645e337a8,district_311,"311 received 25,515 complaints about heat, hot water and other apartment conditions in our district from September 2025 through August 2026. That is the tenth highest rate per resident among the city's 59 community districts. Two years earlier the number was 19,722.","311 Service Requests, as counted for the planner",https://data.cityofnewyork.us/d/erm2-nwe9
7a1bc50ee630,district_311,"311 received 2,031 complaints about potholes and other street conditions in our district from September 2025 through August 2026. Two years earlier the number was 1,149.","311 Service Requests, as counted for the planner",https://data.cityofnewyork.us/d/erm2-nwe9
7a200e34791a,district_311,"311 received 3,239 complaints about street trees in our district from September 2025 through August 2026. That is the fourth highest rate per resident among the city's 59 community districts.","311 Service Requests, as counted for the planner",https://data.cityofnewyork.us/d/erm2-nwe9
7a3abc3c1caf,crashes,"NYPD crash reports show 40 crashes at or near the intersection of Broadway and Park Avenue from June 2023 through May 2026. Those crashes injured 25 people, including 9 pedestrians and 5 cyclists.","NYPD, Motor Vehicle Collisions",https://data.cityofnewyork.us/d/h9gi-nx95
7a4d26c87728,district_311,"311 received 31,710 complaints about illegal parking and blocked driveways in our district from September 2025 through August 2026. That is the highest rate per resident among the city's 59 community districts.","311 Service Requests, as counted for the planner",https://data.cityofnewyork.us/d/erm2-nwe9
7a64b0f533b5,school,"The School Construction Authority's latest Enrollment, Capacity and Utilization report shows 336 students at P.S. 198.","School Construction Authority, Enrollment, Capacity and Utilization",https://data.cityofnewyork.us/d/gkd7-3vk7
7a77f4170655,park_inspection,NYC Parks inspectors rated the paved surfaces at Tanahey Playground unacceptable in 3 of 5 inspections from August 2024 through July 2026.,"NYC Parks, Parks Inspection Program",https://data.cityofnewyork.us/d/yg3y-7juh
7a78e0031c8c,district_311,"311 received 10,648 complaints about heat, hot water and other apartment conditions in our district from September 2025 through August 2026. Two years earlier the number was 7,986.","311 Service Requests, as counted for the planner",https://data.cityofnewyork.us/d/erm2-nwe9
7a99611de007,school,"The School Construction Authority's latest Enrollment, Capacity and Utilization report shows 152 students at P.S. 137.","School Construction Authority, Enrollment, Capacity and Utilization",https://data.cityofnewyork.us/d/gkd7-3vk7
7ad0d96791d3,district_311,"311 received 3,340 complaints about litter, dumping and missed collection in our district from September 2025 through August 2026. That is the sixth highest rate per resident among the city's 59 community districts.","311 Service Requests, as counted for the planner",https://data.cityofnewyork.us/d/erm2-nwe9
7ae178e23f0f,district_311,"311 received 2,463 requests for help for homeless people or about encampments in our district from September 2025 through August 2026. That is the fifth highest rate per resident among the city's 59 community districts.","311 Service Requests, as counted for the planner",https://data.cityofnewyork.us/d/erm2-nwe9
7b11d657853f,park_inspection,NYC Parks inspectors rated Washington Hall Park unacceptable overall in 3 of 5 inspections from August 2024 through July 2026.,"NYC Parks, Parks Inspection Program",https://data.cityofnewyork.us/d/yg3y-7juh
7b19329e4ece@50594c,district_311,"311 received 1,027 complaints about sidewalks and curbs in our district from September 2025 through August 2026. That is the 11th highest rate per resident among the city's 59 community districts.","311 Service Requests, as counted for the planner",https://data.cityofnewyork.us/d/erm2-nwe9
7b198c455314,district_311,311 received 718 complaints about street lights in our district from September 2025 through August 2026. That is the 14th highest number among the city's 59 community districts.,"311 Service Requests, as counted for the planner",https://data.cityofnewyork.us/d/erm2-nwe9
7b2c602dcb78,park_inspection,NYC Parks inspectors rated Leif Ericson Park unacceptable overall in 3 of 6 inspections from August 2024 through July 2026.,"NYC Parks, Parks Inspection Program",https://data.cityofnewyork.us/d/yg3y-7juh
7b67d37d67a0,district_311,"311 received 3,108 complaints about litter, dumping and missed collection in our district from September 2025 through August 2026. Two years earlier the number was 2,058.","311 Service Requests, as counted for the planner",https://data.cityofnewyork.us/d/erm2-nwe9
7b85a0bf82a4,district_311,"311 received 2,590 complaints about litter, dumping and missed collection in our district from September 2025 through August 2026. That is the 11th highest rate per resident among the city's 59 community districts.","311 Service Requests, as counted for the planner",https://data.cityofnewyork.us/d/erm2-nwe9
7b8f3c1f773e,district_311,"311 received 3,247 complaints about street trees in our district from September 2025 through August 2026. That is the eighth highest rate per resident among the city's 59 community districts.","311 Service Requests, as counted for the planner",https://data.cityofnewyork.us/d/erm2-nwe9
7b9281c573b1@84d0c3,site_311,311 received 9 reports of street lights out or damaged within 150 feet of the intersection of Roosevelt Avenue and 108th Street from September 2023 through August 2026.,311 Service Requests,https://data.cityofnewyork.us/d/erm2-nwe9
7b9281c573b1@aa95b2,site_311,311 received 21 reports of street lights out or damaged along Roosevelt Avenue between 108th Street and 114th Street from September 2023 through August 2026.,311 Service Requests,https://data.cityofnewyork.us/d/erm2-nwe9
7ba0c77ff399,district_311,"311 received 34,621 noise complaints in our district from September 2025 through August 2026. That is the third highest rate per resident among the city's 59 community districts.","311 Service Requests, as counted for the planner",https://data.cityofnewyork.us/d/erm2-nwe9
7bb603352955,district_311,"311 received 5,004 requests for help for homeless people or about encampments in our district from September 2025 through August 2026. That is the sixth highest rate per resident among the city's 59 community districts.","311 Service Requests, as counted for the planner",https://data.cityofnewyork.us/d/erm2-nwe9
7be2b6358f90,district_311,"311 received 754 complaints about sewers, catch basins and flooding in our district from September 2025 through August 2026. That is the 15th highest rate per resident among the city's 59 community districts.","311 Service Requests, as counted for the planner",https://data.cityofnewyork.us/d/erm2-nwe9
7bf230819326,district_311,"311 received 1,042 complaints about park maintenance in our district from September 2025 through August 2026. That is the sixth highest rate per resident among the city's 59 community districts.","311 Service Requests, as counted for the planner",https://data.cityofnewyork.us/d/erm2-nwe9
7bf74dfcb28a,district_311,"311 received 754 complaints about sewers, catch basins and flooding in our district from September 2025 through August 2026. That is the 15th highest rate per resident among the city's 59 community districts.","311 Service Requests, as counted for the planner",https://data.cityofnewyork.us/d/erm2-nwe9
7c082973f0ef,crashes,"NYPD crash reports show 21 crashes on Malta Street between Linden Boulevard and Stanley Avenue from June 2023 through May 2026. Those crashes injured 14 people, including 2 cyclists.","NYPD, Motor Vehicle Collisions",https://data.cityofnewyork.us/d/h9gi-nx95
7c1314a5ebcc,district_311,"311 received 5,367 requests for help for homeless people or about encampments in our district from September 2025 through August 2026. That is the fourth highest rate per resident among the city's 59 community districts. Two years earlier the number was 3,162.","311 Service Requests, as counted for the planner",https://data.cityofnewyork.us/d/erm2-nwe9
7c3bf1135adc,district_311,"311 received 1,082 complaints about sewers, catch basins and flooding in our district from September 2025 through August 2026. That is the 13th highest rate per resident among the city's 59 community districts.","311 Service Requests, as counted for the planner",https://data.cityofnewyork.us/d/erm2-nwe9
7c5532bf7dc1,district_311,"311 received 3,074 complaints about litter, dumping and missed collection in our district from September 2025 through August 2026. That is the 12th highest rate per resident among the city's 59 community districts.","311 Service Requests, as counted for the planner",https://data.cityofnewyork.us/d/erm2-nwe9
7c6a71ef1f15,district_311,"311 received 1,147 complaints about sewers, catch basins and flooding in our district from September 2025 through August 2026. That is the seventh highest number among the city's 59 community districts.","311 Service Requests, as counted for the planner",https://data.cityofnewyork.us/d/erm2-nwe9
7c8845b9642d@434fa9,crashes,"NYPD crash reports show 16 crashes on Lincoln Road between Nostrand Avenue and Rogers Avenue from June 2023 through May 2026. Those crashes injured 9 people, including 1 cyclist.","NYPD, Motor Vehicle Collisions",https://data.cityofnewyork.us/d/h9gi-nx95
7c8ebde5fb68,district_311,"311 received 1,366 complaints about sewers, catch basins and flooding in our district from September 2025 through August 2026. That is the seventh highest rate per resident among the city's 59 community districts.","311 Service Requests, as counted for the planner",https://data.cityofnewyork.us/d/erm2-nwe9
7cd823d12e90,school,"The School Construction Authority's latest Enrollment, Capacity and Utilization report shows P.S. 207 with 379 students, 109% of its target capacity.","School Construction Authority, Enrollment, Capacity and Utilization",https://data.cityofnewyork.us/d/gkd7-3vk7
7d1b487c24a6@eb1ade,park_inspection,NYC Parks inspectors rated Evergreen Park unacceptable overall in 5 of 5 inspections from August 2024 through July 2026.,"NYC Parks, Parks Inspection Program",https://data.cityofnewyork.us/d/yg3y-7juh
7d1c680e6de0,street_trees,"As of February 2025, NYC Parks' tree inventory listed 1,176 empty street tree beds in our district.","NYC Parks, Forestry Planting Spaces",https://data.cityofnewyork.us/d/82zj-84is
7d377a0955b9,crashes,"NYPD crash reports show 10 crashes on Morton Street between West Street and Washington Street from June 2023 through May 2026. Those crashes injured 6 people, including 4 cyclists.","NYPD, Motor Vehicle Collisions",https://data.cityofnewyork.us/d/h9gi-nx95
7d4749fedec6@5938f2,district_311,311 received 336 complaints about street lights in our district from September 2025 through August 2026. Two years earlier the number was 242.,"311 Service Requests, as counted for the planner",https://data.cityofnewyork.us/d/erm2-nwe9
7d4749fedec6@b90b3a,district_311,311 received 336 complaints about street lights in our district from September 2025 through August 2026. Two years earlier the number was 242.,"311 Service Requests, as counted for the planner",https://data.cityofnewyork.us/d/erm2-nwe9
7d4749fedec6@b90b3a,site_311,311 received 27 reports of street lights out or damaged within 150 feet of the intersection of Jerome Avenue and Cross Bronx Expressway from September 2023 through August 2026.,311 Service Requests,https://data.cityofnewyork.us/d/erm2-nwe9
7da5946b2ded,district_311,"311 received 1,453 complaints about potholes and other street conditions in our district from September 2025 through August 2026. Two years earlier the number was 927.","311 Service Requests, as counted for the planner",https://data.cityofnewyork.us/d/erm2-nwe9
7db0808fb357,crashes,"NYPD crash reports show 13 crashes at or near the intersection of Broadway and Quincy Street from June 2023 through May 2026. Those crashes injured 7 people, including 1 pedestrian and 1 cyclist.","NYPD, Motor Vehicle Collisions",https://data.cityofnewyork.us/d/h9gi-nx95
7dcb050531cf,district_311,311 received 841 complaints about street lights in our district from September 2025 through August 2026. That is the seventh highest number among the city's 59 community districts.,"311 Service Requests, as counted for the planner",https://data.cityofnewyork.us/d/erm2-nwe9
7de020963ba7,district_311,311 received 541 complaints about potholes and other street conditions in our district from September 2025 through August 2026. Two years earlier the number was 405.,"311 Service Requests, as counted for the planner",https://data.cityofnewyork.us/d/erm2-nwe9
7de0b3240fb8,district_311,311 received 945 requests for help for homeless people or about encampments in our district from September 2025 through August 2026. Two years earlier the number was 647.,"311 Service Requests, as counted for the planner",https://data.cityofnewyork.us/d/erm2-nwe9
7deead528921@75fe30,site_311,311 received 5 reports of street flooding or clogged catch basins within 300 feet of the intersection of 76th Street and Colonial Road from September 2023 through August 2026.,311 Service Requests,https://data.cityofnewyork.us/d/erm2-nwe9
7e2a15ac25a7,district_311,"311 received 1,383 requests for help for homeless people or about encampments in our district from September 2025 through August 2026. That is the ninth highest rate per resident among the city's 59 community districts.","311 Service Requests, as counted for the planner",https://data.cityofnewyork.us/d/erm2-nwe9
7e366feebe07,district_311,"311 received 1,087 complaints about rats and other pests in our district from September 2025 through August 2026. That is the highest rate per resident among the city's 59 community districts.","311 Service Requests, as counted for the planner",https://data.cityofnewyork.us/d/erm2-nwe9
7e45e40a6c96,district_311,311 received 469 complaints about sidewalks and curbs in our district from September 2025 through August 2026. Two years earlier the number was 345.,"311 Service Requests, as counted for the planner",https://data.cityofnewyork.us/d/erm2-nwe9
7e4b5e06b8e6,district_311,311 received 813 complaints about rats and other pests in our district from September 2025 through August 2026. That is the seventh highest number among the city's 59 community districts.,"311 Service Requests, as counted for the planner",https://data.cityofnewyork.us/d/erm2-nwe9
7e4fbe68d602,park_inspection,NYC Parks inspectors rated the athletic fields at St. James Park unacceptable in 2 of 4 inspections from August 2024 through July 2026.,"NYC Parks, Parks Inspection Program",https://data.cityofnewyork.us/d/yg3y-7juh
7e94867257a2@d07d91,district_311,311 received 408 complaints about street lights in our district from September 2025 through August 2026. That is the fifth highest rate per resident among the city's 59 community districts.,"311 Service Requests, as counted for the planner",https://data.cityofnewyork.us/d/erm2-nwe9
7eaddd83e750,district_311,311 received 841 complaints about street lights in our district from September 2025 through August 2026. That is the seventh highest number among the city's 59 community districts.,"311 Service Requests, as counted for the planner",https://data.cityofnewyork.us/d/erm2-nwe9
7eb7fc2e9090,district_311,"311 received 1,084 complaints about sewers, catch basins and flooding in our district from September 2025 through August 2026. That is the 14th highest rate per resident among the city's 59 community districts.","311 Service Requests, as counted for the planner",https://data.cityofnewyork.us/d/erm2-nwe9
7ec596102a86,district_311,"311 received 32,674 complaints about illegal parking and blocked driveways in our district from September 2025 through August 2026. That is the sixth highest rate per resident among the city's 59 community districts. Two years earlier the number was 22,066.","311 Service Requests, as counted for the planner",https://data.cityofnewyork.us/d/erm2-nwe9
7ed1f59a64de,district_311,"311 received 2,465 complaints about street trees in our district from September 2025 through August 2026. That is the sixth highest rate per resident among the city's 59 community districts.","311 Service Requests, as counted for the planner",https://data.cityofnewyork.us/d/erm2-nwe9
7edb1ae33473@8eee37,district_311,"311 received 1,733 complaints about potholes and other street conditions in our district from September 2025 through August 2026. Two years earlier the number was 878.","311 Service Requests, as counted for the planner",https://data.cityofnewyork.us/d/erm2-nwe9
7edbe8326a2b@d1c59a,district_311,"311 received 2,157 complaints about sewers, catch basins and flooding in our district from September 2025 through August 2026. That is the third highest rate per resident among the city's 59 community districts.","311 Service Requests, as counted for the planner",https://data.cityofnewyork.us/d/erm2-nwe9
7f21302ae0cb@83ec2f,crashes,"NYPD crash reports show 17 crashes at or near the intersection of Brooklyn Avenue and Empire Boulevard from June 2023 through May 2026. Those crashes injured 8 people, including 1 pedestrian and 1 cyclist.","NYPD, Motor Vehicle Collisions",https://data.cityofnewyork.us/d/h9gi-nx95
7f21302ae0cb@bf0645,crashes,"NYPD crash reports show 14 crashes at or near the intersection of Kingston Avenue and Empire Boulevard from June 2023 through May 2026. Those crashes injured 10 people, including 1 pedestrian.","NYPD, Motor Vehicle Collisions",https://data.cityofnewyork.us/d/h9gi-nx95
7f378ab07408,district_311,"311 received 1,538 complaints about potholes and other street conditions in our district from September 2025 through August 2026. Two years earlier the number was 1,044.","311 Service Requests, as counted for the planner",https://data.cityofnewyork.us/d/erm2-nwe9
7f52b02e935c,district_311,311 received 940 complaints about sidewalks and curbs in our district from September 2025 through August 2026. That is the ninth highest number among the city's 59 community districts.,"311 Service Requests, as counted for the planner",https://data.cityofnewyork.us/d/erm2-nwe9
7f724be885ae,district_311,311 received 408 complaints about street lights in our district from September 2025 through August 2026. That is the fifth highest rate per resident among the city's 59 community districts.,"311 Service Requests, as counted for the planner",https://data.cityofnewyork.us/d/erm2-nwe9
7f865ef1d92a@001caa,school,"The School Construction Authority's latest Enrollment, Capacity and Utilization report shows 150 students at P.S. 971.","School Construction Authority, Enrollment, Capacity and Utilization",https://data.cityofnewyork.us/d/gkd7-3vk7
7f954af46e91@2bdd28,district_311,"311 received 1,109 complaints about potholes and other street conditions in our district from September 2025 through August 2026. Two years earlier the number was 706.","311 Service Requests, as counted for the planner",https://data.cityofnewyork.us/d/erm2-nwe9
7f9bdd60d993,district_311,"311 received 2,289 complaints about water mains, hydrants and water quality in our district from September 2025 through August 2026. That is the highest rate per resident among the city's 59 community districts.","311 Service Requests, as counted for the planner",https://data.cityofnewyork.us/d/erm2-nwe9
7fa4c5f6ffbf,park_inspection,NYC Parks inspectors rated Devoe Park unacceptable overall in 2 of 4 inspections from August 2024 through July 2026.,"NYC Parks, Parks Inspection Program",https://data.cityofnewyork.us/d/yg3y-7juh
7fb5d954c7ee,district_311,"311 received 1,366 complaints about sewers, catch basins and flooding in our district from September 2025 through August 2026. That is the seventh highest rate per resident among the city's 59 community districts.","311 Service Requests, as counted for the planner",https://data.cityofnewyork.us/d/erm2-nwe9
7fb5d954c7ee@34293e,district_311,"311 received 1,366 complaints about sewers, catch basins and flooding in our district from September 2025 through August 2026. That is the seventh highest rate per resident among the city's 59 community districts.","311 Service Requests, as counted for the planner",https://data.cityofnewyork.us/d/erm2-nwe9
7fb5d954c7ee@34293e,site_311,311 received 9 reports of street flooding or clogged catch basins within 300 feet of the intersection of Avenue M and East 66th Street from September 2023 through August 2026.,311 Service Requests,https://data.cityofnewyork.us/d/erm2-nwe9
7ff62f960eec,district_311,"311 received 19,337 complaints about illegal parking and blocked driveways in our district from September 2025 through August 2026. That is the 15th highest number among the city's 59 community districts. Two years earlier the number was 13,376.","311 Service Requests, as counted for the planner",https://data.cityofnewyork.us/d/erm2-nwe9
802945b8cbf3,district_311,"311 received 1,491 complaints about sewers, catch basins and flooding in our district from September 2025 through August 2026. That is the highest rate per resident among the city's 59 community districts.","311 Service Requests, as counted for the planner",https://data.cityofnewyork.us/d/erm2-nwe9
8047441c090b,district_311,"311 received 21,862 complaints about heat, hot water and other apartment conditions in our district from September 2025 through August 2026. Two years earlier the number was 13,773.","311 Service Requests, as counted for the planner",https://data.cityofnewyork.us/d/erm2-nwe9
8058095987b8,district_311,"311 received 2,280 complaints about street trees in our district from September 2025 through August 2026. That is the 13th highest rate per resident among the city's 59 community districts.","311 Service Requests, as counted for the planner",https://data.cityofnewyork.us/d/erm2-nwe9
806fb3c9ec95,crashes,"NYPD crash reports show 14 crashes at or near the intersection of Broadway and Kosciuszko Street from June 2023 through May 2026. Those crashes injured 5 people, including 1 pedestrian.","NYPD, Motor Vehicle Collisions",https://data.cityofnewyork.us/d/h9gi-nx95
808e10e49a64@2da4e4,district_311,"311 received 4,358 complaints about potholes and other street conditions in our district from September 2025 through August 2026. That is the third highest number among the city's 59 community districts. Two years earlier the number was 2,854.","311 Service Requests, as counted for the planner",https://data.cityofnewyork.us/d/erm2-nwe9
809f9944b4b0,district_311,"311 received 978 complaints about sewers, catch basins and flooding in our district from September 2025 through August 2026. That is the sixth highest rate per resident among the city's 59 community districts.","311 Service Requests, as counted for the planner",https://data.cityofnewyork.us/d/erm2-nwe9
80fae5d57267,district_311,311 received 993 complaints about park maintenance in our district from September 2025 through August 2026. That is the third highest rate per resident among the city's 59 community districts.,"311 Service Requests, as counted for the planner",https://data.cityofnewyork.us/d/erm2-nwe9
81098b05bf6f,district_311,"311 received 84,027 noise complaints in our district from September 2025 through August 2026. That is the highest rate per resident among the city's 59 community districts. Two years earlier the number was 15,574.","311 Service Requests, as counted for the planner",https://data.cityofnewyork.us/d/erm2-nwe9
812ed3969f2e,district_311,"311 received 2,463 requests for help for homeless people or about encampments in our district from September 2025 through August 2026. That is the fifth highest rate per resident among the city's 59 community districts.","311 Service Requests, as counted for the planner",https://data.cityofnewyork.us/d/erm2-nwe9
813a402c301e@58c4c0,crashes,"NYPD crash reports show 9 crashes at or near the intersection of Lincoln Road and Nostrand Avenue from June 2023 through May 2026. Those crashes injured 7 people, including 1 pedestrian.","NYPD, Motor Vehicle Collisions",https://data.cityofnewyork.us/d/h9gi-nx95
813a402c301e@baf1ae,crashes,"NYPD crash reports show 14 crashes at or near the intersection of Lefferts Avenue and Bedford Avenue from June 2023 through May 2026. Those crashes injured 8 people, including 2 pedestrians and 1 cyclist.","NYPD, Motor Vehicle Collisions",https://data.cityofnewyork.us/d/h9gi-nx95
813a402c301e@bb8310,crashes,"NYPD crash reports show 3 crashes at or near the intersection of Winthrop Street and Troy Avenue from June 2023 through May 2026. Those crashes injured 3 people, including 1 cyclist.","NYPD, Motor Vehicle Collisions",https://data.cityofnewyork.us/d/h9gi-nx95
8141cca7f905,district_311,"311 received 1,884 complaints about litter, dumping and missed collection in our district from September 2025 through August 2026. That is the highest rate per resident among the city's 59 community districts.","311 Service Requests, as counted for the planner",https://data.cityofnewyork.us/d/erm2-nwe9
81af5308502e@f597c0,school,"The School Construction Authority's latest Enrollment, Capacity and Utilization report shows P.S. 40 with 499 students, 110% of its target capacity.","School Construction Authority, Enrollment, Capacity and Utilization",https://data.cityofnewyork.us/d/gkd7-3vk7
81f497cee4e1,district_311,"311 received 31,710 complaints about illegal parking and blocked driveways in our district from September 2025 through August 2026. That is the highest rate per resident among the city's 59 community districts.","311 Service Requests, as counted for the planner",https://data.cityofnewyork.us/d/erm2-nwe9
81f616e3d1ac,district_311,"311 received 3,977 requests for help for homeless people or about encampments in our district from September 2025 through August 2026. That is the seventh highest rate per resident among the city's 59 community districts. Two years earlier the number was 2,911.","311 Service Requests, as counted for the planner",https://data.cityofnewyork.us/d/erm2-nwe9
82033f9ddb63,district_311,"311 received 4,182 complaints about litter, dumping and missed collection in our district from September 2025 through August 2026. That is the eighth highest number among the city's 59 community districts.","311 Service Requests, as counted for the planner",https://data.cityofnewyork.us/d/erm2-nwe9
820848b4abda@eb1ade,park_inspection,NYC Parks inspectors rated Evergreen Park unacceptable overall in 5 of 5 inspections from August 2024 through July 2026.,"NYC Parks, Parks Inspection Program",https://data.cityofnewyork.us/d/yg3y-7juh
8218a44c8290@6c1b2a,district_311,"311 received 5,230 complaints about potholes and other street conditions in our district from September 2025 through August 2026. That is the fourth highest rate per resident among the city's 59 community districts. Two years earlier the number was 3,022.","311 Service Requests, as counted for the planner",https://data.cityofnewyork.us/d/erm2-nwe9
8236ac896a06,park_inspection,NYC Parks inspectors rated Quarry Ballfields unacceptable overall in 3 of 5 inspections from August 2024 through July 2026.,"NYC Parks, Parks Inspection Program",https://data.cityofnewyork.us/d/yg3y-7juh
82382a8533df,district_311,"311 received 3,074 complaints about litter, dumping and missed collection in our district from September 2025 through August 2026. That is the 12th highest rate per resident among the city's 59 community districts.","311 Service Requests, as counted for the planner",https://data.cityofnewyork.us/d/erm2-nwe9
823d25fe172a,district_311,"311 received 2,095 requests for help for homeless people or about encampments in our district from September 2025 through August 2026. That is the tenth highest rate per resident among the city's 59 community districts.","311 Service Requests, as counted for the planner",https://data.cityofnewyork.us/d/erm2-nwe9
82430e7e6db5@6b02ca,district_311,311 received 992 complaints about sidewalks and curbs in our district from September 2025 through August 2026. That is the 15th highest rate per resident among the city's 59 community districts.,"311 Service Requests, as counted for the planner",https://data.cityofnewyork.us/d/erm2-nwe9
8253248d037d,district_311,"311 received 754 complaints about sewers, catch basins and flooding in our district from September 2025 through August 2026. That is the 15th highest rate per resident among the city's 59 community districts.","311 Service Requests, as counted for the planner",https://data.cityofnewyork.us/d/erm2-nwe9
82575ea82b7a,district_311,"311 received 4,027 complaints about litter, dumping and missed collection in our district from September 2025 through August 2026. That is the tenth highest rate per resident among the city's 59 community districts.","311 Service Requests, as counted for the planner",https://data.cityofnewyork.us/d/erm2-nwe9
827cfa205bac@ea8db7,district_311,"311 received 1,082 complaints about sewers, catch basins and flooding in our district from September 2025 through August 2026. That is the 13th highest rate per resident among the city's 59 community districts.","311 Service Requests, as counted for the planner",https://data.cityofnewyork.us/d/erm2-nwe9
82aa3a47c262@2bb870,district_311,311 received 841 complaints about street lights in our district from September 2025 through August 2026. That is the seventh highest number among the city's 59 community districts.,"311 Service Requests, as counted for the planner",https://data.cityofnewyork.us/d/erm2-nwe9
82b7e05feaf9@aa5407,district_311,311 received 676 complaints about potholes and other street conditions in our district from September 2025 through August 2026. Two years earlier the number was 372.,"311 Service Requests, as counted for the planner",https://data.cityofnewyork.us/d/erm2-nwe9
82e5198e7af6@ad5925,crashes,"NYPD crash reports show 9 crashes at or near the intersection of Broadway and Lexington Avenue from June 2023 through May 2026. Those crashes injured 5 people, including 1 cyclist.","NYPD, Motor Vehicle Collisions",https://data.cityofnewyork.us/d/h9gi-nx95
82f828716232@0cba05,district_311,311 received 992 complaints about sidewalks and curbs in our district from September 2025 through August 2026. That is the 15th highest rate per resident among the city's 59 community districts.,"311 Service Requests, as counted for the planner",https://data.cityofnewyork.us/d/erm2-nwe9
8328d870d70e@2ac223,district_311,"311 received 956 complaints about sewers, catch basins and flooding in our district from September 2025 through August 2026. That is the fifth highest rate per resident among the city's 59 community districts.","311 Service Requests, as counted for the planner",https://data.cityofnewyork.us/d/erm2-nwe9
8328d870d70e@ac86b3,district_311,"311 received 956 complaints about sewers, catch basins and flooding in our district from September 2025 through August 2026. That is the fifth highest rate per resident among the city's 59 community districts.","311 Service Requests, as counted for the planner",https://data.cityofnewyork.us/d/erm2-nwe9
83956811279f,park_inspection,NYC Parks inspectors rated Crosson Green unacceptable overall in 2 of 3 inspections from August 2024 through July 2026.,"NYC Parks, Parks Inspection Program",https://data.cityofnewyork.us/d/yg3y-7juh
83afd29aeaf0,district_311,"311 received 14,142 requests for help for homeless people or about encampments in our district from September 2025 through August 2026. That is the highest rate per resident among the city's 59 community districts.","311 Service Requests, as counted for the planner",https://data.cityofnewyork.us/d/erm2-nwe9
83bb59345f34,crashes,"NYPD crash reports show 49 crashes on East Tremont Avenue between Boston Road and Devoe Avenue from June 2023 through May 2026. Those crashes injured 33 people, including 11 pedestrians and 2 cyclists.","NYPD, Motor Vehicle Collisions",https://data.cityofnewyork.us/d/h9gi-nx95
83be9d37447a,district_311,311 received 780 complaints about sidewalks and curbs in our district from September 2025 through August 2026. Two years earlier the number was 602.,"311 Service Requests, as counted for the planner",https://data.cityofnewyork.us/d/erm2-nwe9
83c7ac0dd522@989a1d,crashes,"NYPD crash reports show 154 crashes on Castle Hill Avenue between Westchester Avenue and Bruckner Boulevard from June 2023 through May 2026. Those crashes injured 107 people, including 22 pedestrians and 5 cyclists, and killed 1 person.","NYPD, Motor Vehicle Collisions",https://data.cityofnewyork.us/d/h9gi-nx95
83e3b8afe7a0@825288,crashes,"NYPD crash reports show 118 crashes on Wortman Avenue between Fountain Avenue and Louisiana Avenue from June 2023 through May 2026. Those crashes injured 90 people, including 11 pedestrians and 1 cyclist, and killed 1 person.","NYPD, Motor Vehicle Collisions",https://data.cityofnewyork.us/d/h9gi-nx95
83e7b7a3d0e3@c11234,district_311,"311 received 4,027 complaints about litter, dumping and missed collection in our district from September 2025 through August 2026. That is the tenth highest rate per resident among the city's 59 community districts.","311 Service Requests, as counted for the planner",https://data.cityofnewyork.us/d/erm2-nwe9
83eecb7b9e0f,school,"The School Construction Authority's latest Enrollment, Capacity and Utilization report shows 520 students at P.S. 161.","School Construction Authority, Enrollment, Capacity and Utilization",https://data.cityofnewyork.us/d/gkd7-3vk7
84078b7b0e65,district_311,"311 received 2,240 complaints about construction and illegal building use in our district from September 2025 through August 2026. That is the 15th highest rate per resident among the city's 59 community districts.","311 Service Requests, as counted for the planner",https://data.cityofnewyork.us/d/erm2-nwe9
8409aba4a5a7,park_inspection,NYC Parks inspectors rated Hoffman Park unacceptable overall in 3 of 5 inspections from August 2024 through July 2026.,"NYC Parks, Parks Inspection Program",https://data.cityofnewyork.us/d/yg3y-7juh
843e4914df84@e5d4bc,crashes,"NYPD crash reports show 4 crashes at or near the intersection of East 35th Street and Farragut Road from June 2023 through May 2026. Those crashes injured 1 person, including 1 pedestrian.","NYPD, Motor Vehicle Collisions",https://data.cityofnewyork.us/d/h9gi-nx95
844b1a9e46c2,crashes,"NYPD crash reports show 72 crashes on West 31st Street between 8th Avenue and 9th Avenue from June 2023 through May 2026. Those crashes injured 35 people, including 19 pedestrians and 5 cyclists.","NYPD, Motor Vehicle Collisions",https://data.cityofnewyork.us/d/h9gi-nx95
845674029972,district_311,"311 received 2,058 complaints about potholes and other street conditions in our district from September 2025 through August 2026. Two years earlier the number was 1,223.","311 Service Requests, as counted for the planner",https://data.cityofnewyork.us/d/erm2-nwe9
8458ba0f7f26@6c5b8c,school,"The School Construction Authority's latest Enrollment, Capacity and Utilization report shows 436 students at P.S. 116.","School Construction Authority, Enrollment, Capacity and Utilization",https://data.cityofnewyork.us/d/gkd7-3vk7
847595f128ac,district_311,"311 received 1,084 complaints about sewers, catch basins and flooding in our district from September 2025 through August 2026. That is the 14th highest rate per resident among the city's 59 community districts.","311 Service Requests, as counted for the planner",https://data.cityofnewyork.us/d/erm2-nwe9
848afeba2498@88f094,district_311,311 received 940 complaints about sidewalks and curbs in our district from September 2025 through August 2026. That is the ninth highest number among the city's 59 community districts.,"311 Service Requests, as counted for the planner",https://data.cityofnewyork.us/d/erm2-nwe9
848afeba2498@c9fe8f,district_311,311 received 940 complaints about sidewalks and curbs in our district from September 2025 through August 2026. That is the ninth highest number among the city's 59 community districts.,"311 Service Requests, as counted for the planner",https://data.cityofnewyork.us/d/erm2-nwe9
849882880552@0db87b,crashes,NYPD crash reports show 4 crashes at or near the intersection of East 38th Street and Glenwood Road from June 2023 through May 2026. Those crashes injured 1 person.,"NYPD, Motor Vehicle Collisions",https://data.cityofnewyork.us/d/h9gi-nx95
849882880552@463118,crashes,NYPD crash reports show 4 crashes at or near the intersection of East 38th Street and Glenwood Road from June 2023 through May 2026. Those crashes injured 1 person.,"NYPD, Motor Vehicle Collisions",https://data.cityofnewyork.us/d/h9gi-nx95
84c41efdc58d,district_311,311 received 884 requests for help for homeless people or about encampments in our district from September 2025 through August 2026. Two years earlier the number was 421.,"311 Service Requests, as counted for the planner",https://data.cityofnewyork.us/d/erm2-nwe9
84e046cd273d,district_311,"311 received 9,980 requests for help for homeless people or about encampments in our district from September 2025 through August 2026. That is the second highest rate per resident among the city's 59 community districts. Two years earlier the number was 6,541.","311 Service Requests, as counted for the planner",https://data.cityofnewyork.us/d/erm2-nwe9
850dbd5d9b8c@26fe55,school,"The School Construction Authority's latest Enrollment, Capacity and Utilization report shows 193 students at P.S. 154.","School Construction Authority, Enrollment, Capacity and Utilization",https://data.cityofnewyork.us/d/gkd7-3vk7
852270b6b07e@a624b3,school,"The School Construction Authority's latest Enrollment, Capacity and Utilization report shows 366 students at P.S. 28.","School Construction Authority, Enrollment, Capacity and Utilization",https://data.cityofnewyork.us/d/gkd7-3vk7
853d7f17ce90,district_311,"311 received 861 complaints about sewers, catch basins and flooding in our district from September 2025 through August 2026. That is the 15th highest number among the city's 59 community districts.","311 Service Requests, as counted for the planner",https://data.cityofnewyork.us/d/erm2-nwe9
855464259ce9,school,"The School Construction Authority's latest Enrollment, Capacity and Utilization report shows 784 students at P.S. 62.","School Construction Authority, Enrollment, Capacity and Utilization",https://data.cityofnewyork.us/d/gkd7-3vk7
85638666e4eb,district_311,"311 received 3,776 complaints about street trees in our district from September 2025 through August 2026. That is the 14th highest rate per resident among the city's 59 community districts.","311 Service Requests, as counted for the planner",https://data.cityofnewyork.us/d/erm2-nwe9
85652a313281@612fbb,district_311,"311 received 1,147 complaints about sewers, catch basins and flooding in our district from September 2025 through August 2026. That is the seventh highest number among the city's 59 community districts.","311 Service Requests, as counted for the planner",https://data.cityofnewyork.us/d/erm2-nwe9
856fa9f3f680,district_311,311 received 676 complaints about potholes and other street conditions in our district from September 2025 through August 2026. Two years earlier the number was 372.,"311 Service Requests, as counted for the planner",https://data.cityofnewyork.us/d/erm2-nwe9
85bc7954254a@701a06,park_inspection,NYC Parks inspectors rated the play equipment at Newtown Playground unacceptable in 3 of 5 inspections from August 2024 through July 2026.,"NYC Parks, Parks Inspection Program",https://data.cityofnewyork.us/d/yg3y-7juh
85beb715b946,crashes,"NYPD crash reports show 14 crashes at or near the intersection of Kingston Avenue and Empire Boulevard from June 2023 through May 2026. Those crashes injured 10 people, including 1 pedestrian.","NYPD, Motor Vehicle Collisions",https://data.cityofnewyork.us/d/h9gi-nx95
85c0ee805a35,park_inspection,NYC Parks inspectors rated Leif Ericson Park unacceptable overall in 3 of 6 inspections from August 2024 through July 2026.,"NYC Parks, Parks Inspection Program",https://data.cityofnewyork.us/d/yg3y-7juh
85c635c5f372,district_311,"311 received 1,516 requests for help for homeless people or about encampments in our district from September 2025 through August 2026. That is the eighth highest rate per resident among the city's 59 community districts.","311 Service Requests, as counted for the planner",https://data.cityofnewyork.us/d/erm2-nwe9
85f74ae2d1c4,district_311,"311 received 1,059 complaints about potholes and other street conditions in our district from September 2025 through August 2026. Two years earlier the number was 487.","311 Service Requests, as counted for the planner",https://data.cityofnewyork.us/d/erm2-nwe9
8630654219bf,district_311,"311 received 1,351 complaints about construction and illegal building use in our district from September 2025 through August 2026. That is the 14th highest number among the city's 59 community districts.","311 Service Requests, as counted for the planner",https://data.cityofnewyork.us/d/erm2-nwe9
8640370dfcc8,district_311,311 received 209 complaints about graffiti in our district from September 2025 through August 2026. That is the 12th highest rate per resident among the city's 59 community districts. Two years earlier the number was 124.,"311 Service Requests, as counted for the planner",https://data.cityofnewyork.us/d/erm2-nwe9
8642097efcd0,park_inspection,NYC Parks inspectors rated Neptune Playground unacceptable overall in 3 of 5 inspections from August 2024 through July 2026.,"NYC Parks, Parks Inspection Program",https://data.cityofnewyork.us/d/yg3y-7juh
864f797d2b5d,district_311,"311 received 952 complaints about sewers, catch basins and flooding in our district from September 2025 through August 2026. That is the tenth highest rate per resident among the city's 59 community districts.","311 Service Requests, as counted for the planner",https://data.cityofnewyork.us/d/erm2-nwe9
8659ddd779b1,district_311,"311 received 1,194 complaints about sewers, catch basins and flooding in our district from September 2025 through August 2026. That is the 11th highest rate per resident among the city's 59 community districts. Two years earlier the number was 930.","311 Service Requests, as counted for the planner",https://data.cityofnewyork.us/d/erm2-nwe9
86753ff69be9,district_311,"311 received 3,412 complaints about potholes and other street conditions in our district from September 2025 through August 2026. That is the fifth highest rate per resident among the city's 59 community districts. Two years earlier the number was 1,686.","311 Service Requests, as counted for the planner",https://data.cityofnewyork.us/d/erm2-nwe9
867f7161db86@0d7b64,district_311,"311 received 1,366 complaints about sewers, catch basins and flooding in our district from September 2025 through August 2026. That is the seventh highest rate per resident among the city's 59 community districts.","311 Service Requests, as counted for the planner",https://data.cityofnewyork.us/d/erm2-nwe9
86989d423337,district_311,311 received 292 requests for help for homeless people or about encampments in our district from September 2025 through August 2026. Two years earlier the number was 130.,"311 Service Requests, as counted for the planner",https://data.cityofnewyork.us/d/erm2-nwe9
86a4db34bc36@ec442a,crashes,"NYPD crash reports show 123 crashes on Emmons Avenue between Shore Boulevard and Knapp Street from June 2023 through May 2026. Those crashes injured 73 people, including 10 pedestrians and 7 cyclists.","NYPD, Motor Vehicle Collisions",https://data.cityofnewyork.us/d/h9gi-nx95
86bfcc67fe37,district_311,"311 received 1,194 complaints about sewers, catch basins and flooding in our district from September 2025 through August 2026. That is the 11th highest rate per resident among the city's 59 community districts. Two years earlier the number was 930.","311 Service Requests, as counted for the planner",https://data.cityofnewyork.us/d/erm2-nwe9
86d5cc1c270b,district_311,311 received 605 complaints about park maintenance in our district from September 2025 through August 2026. That is the 11th highest rate per resident among the city's 59 community districts. Two years earlier the number was 434.,"311 Service Requests, as counted for the planner",https://data.cityofnewyork.us/d/erm2-nwe9
86dd42739fef,district_311,"311 received 1,147 complaints about sewers, catch basins and flooding in our district from September 2025 through August 2026. That is the seventh highest number among the city's 59 community districts.","311 Service Requests, as counted for the planner",https://data.cityofnewyork.us/d/erm2-nwe9
86ed6e5c1c05,park_inspection,NYC Parks inspectors rated Rosemary's Playground unacceptable overall in 2 of 5 inspections from August 2024 through July 2026. They rated its paved surfaces unacceptable in 2 of 5 inspections.,"NYC Parks, Parks Inspection Program",https://data.cityofnewyork.us/d/yg3y-7juh
87058f839886,district_311,"311 received 1,399 complaints about potholes and other street conditions in our district from September 2025 through August 2026. That is the 11th highest rate per resident among the city's 59 community districts. Two years earlier the number was 993.","311 Service Requests, as counted for the planner",https://data.cityofnewyork.us/d/erm2-nwe9
870b569aeab1,park_inspection,NYC Parks inspectors rated the paved surfaces at Union Square Park unacceptable in 2 of 4 inspections from August 2024 through July 2026.,"NYC Parks, Parks Inspection Program",https://data.cityofnewyork.us/d/yg3y-7juh
87585577aa55@51363a,district_311,"311 received 2,157 complaints about sewers, catch basins and flooding in our district from September 2025 through August 2026. That is the third highest rate per resident among the city's 59 community districts.","311 Service Requests, as counted for the planner",https://data.cityofnewyork.us/d/erm2-nwe9
8764fc9a54c7,district_311,"311 received 30,360 complaints about heat, hot water and other apartment conditions in our district from September 2025 through August 2026. That is the 11th highest rate per resident among the city's 59 community districts. Two years earlier the number was 23,734.","311 Service Requests, as counted for the planner",https://data.cityofnewyork.us/d/erm2-nwe9
876f9b264255,district_311,"311 received 5,004 requests for help for homeless people or about encampments in our district from September 2025 through August 2026. That is the sixth highest rate per resident among the city's 59 community districts.","311 Service Requests, as counted for the planner",https://data.cityofnewyork.us/d/erm2-nwe9
8782c26d780d@14b199,district_311,"311 received 11,967 complaints about illegal parking and blocked driveways in our district from September 2025 through August 2026. Two years earlier the number was 9,445.","311 Service Requests, as counted for the planner",https://data.cityofnewyork.us/d/erm2-nwe9
8785cbe80a8a,district_311,"311 received 1,084 complaints about sewers, catch basins and flooding in our district from September 2025 through August 2026. That is the 14th highest rate per resident among the city's 59 community districts.","311 Service Requests, as counted for the planner",https://data.cityofnewyork.us/d/erm2-nwe9
8792041614b7@0e93ae,park_inspection,NYC Parks inspectors rated Horace Harding Playground unacceptable overall in 2 of 4 inspections from August 2024 through July 2026.,"NYC Parks, Parks Inspection Program",https://data.cityofnewyork.us/d/yg3y-7juh
87d53816953d@2e583d,district_311,"311 received 4,027 complaints about litter, dumping and missed collection in our district from September 2025 through August 2026. That is the tenth highest rate per resident among the city's 59 community districts.","311 Service Requests, as counted for the planner",https://data.cityofnewyork.us/d/erm2-nwe9
87d53816953d@4382bb,district_311,"311 received 4,027 complaints about litter, dumping and missed collection in our district from September 2025 through August 2026. That is the tenth highest rate per resident among the city's 59 community districts.","311 Service Requests, as counted for the planner",https://data.cityofnewyork.us/d/erm2-nwe9
87eda68b93dd,district_311,"311 received 1,005 requests for help for homeless people or about encampments in our district from September 2025 through August 2026. That is the 14th highest rate per resident among the city's 59 community districts.","311 Service Requests, as counted for the planner",https://data.cityofnewyork.us/d/erm2-nwe9
87fa1eb973c5@4f5156,district_311,311 received 783 complaints about sidewalks and curbs in our district from September 2025 through August 2026. That is the 15th highest number among the city's 59 community districts.,"311 Service Requests, as counted for the planner",https://data.cityofnewyork.us/d/erm2-nwe9
87fa1eb973c5@f26fe6,district_311,311 received 783 complaints about sidewalks and curbs in our district from September 2025 through August 2026. That is the 15th highest number among the city's 59 community districts.,"311 Service Requests, as counted for the planner",https://data.cityofnewyork.us/d/erm2-nwe9
885715e94f0f@97f53a,district_311,"311 received 2,590 complaints about litter, dumping and missed collection in our district from September 2025 through August 2026. That is the 11th highest rate per resident among the city's 59 community districts.","311 Service Requests, as counted for the planner",https://data.cityofnewyork.us/d/erm2-nwe9
8861327f25bd,district_311,311 received 841 complaints about street lights in our district from September 2025 through August 2026. That is the seventh highest number among the city's 59 community districts.,"311 Service Requests, as counted for the planner",https://data.cityofnewyork.us/d/erm2-nwe9
88a1397f955b,site_311,311 received 9 reports of street lights out or damaged within 150 feet of the intersection of Livonia Avenue and Junius Street from September 2023 through August 2026.,311 Service Requests,https://data.cityofnewyork.us/d/erm2-nwe9
88b355ad2f28@a1f52f,park_inspection,NYC Parks inspectors rated Benninger Playground unacceptable overall in 2 of 4 inspections from August 2024 through July 2026.,"NYC Parks, Parks Inspection Program",https://data.cityofnewyork.us/d/yg3y-7juh
88b928cf6948@16f8cc,park_inspection,NYC Parks inspectors rated Rainbow Playground unacceptable overall in 4 of 5 inspections from August 2024 through July 2026.,"NYC Parks, Parks Inspection Program",https://data.cityofnewyork.us/d/yg3y-7juh
88b928cf6948@c3b922,park_inspection,NYC Parks inspectors rated Rainbow Playground unacceptable overall in 4 of 5 inspections from August 2024 through July 2026.,"NYC Parks, Parks Inspection Program",https://data.cityofnewyork.us/d/yg3y-7juh
88cf269e73ca@6228a1,school,"The School Construction Authority's latest Enrollment, Capacity and Utilization report shows 696 students at P.S. 20.","School Construction Authority, Enrollment, Capacity and Utilization",https://data.cityofnewyork.us/d/gkd7-3vk7
88e72a175aa9@cfa2a9,crashes,"NYPD crash reports show 21 crashes at or near the intersection of Broadway and Marcus Garvey Boulevard from June 2023 through May 2026. Those crashes injured 10 people, including 5 pedestrians and 3 cyclists.","NYPD, Motor Vehicle Collisions",https://data.cityofnewyork.us/d/h9gi-nx95
88ea712cb90a,district_311,"311 received 14,142 requests for help for homeless people or about encampments in our district from September 2025 through August 2026. That is the highest rate per resident among the city's 59 community districts.","311 Service Requests, as counted for the planner",https://data.cityofnewyork.us/d/erm2-nwe9
890a1f539fcf,district_311,311 received 545 complaints about park maintenance in our district from September 2025 through August 2026. That is the 15th highest rate per resident among the city's 59 community districts.,"311 Service Requests, as counted for the planner",https://data.cityofnewyork.us/d/erm2-nwe9
892b4a095fea@6c5b8c,school,"The School Construction Authority's latest Enrollment, Capacity and Utilization report shows 436 students at P.S. 116.","School Construction Authority, Enrollment, Capacity and Utilization",https://data.cityofnewyork.us/d/gkd7-3vk7
893cd9ddb48f,district_311,"311 received 4,076 complaints about litter, dumping and missed collection in our district from September 2025 through August 2026. That is the ninth highest number among the city's 59 community districts.","311 Service Requests, as counted for the planner",https://data.cityofnewyork.us/d/erm2-nwe9
897064e32807,crashes,"NYPD crash reports show 14 crashes at or near the intersection of Lefferts Avenue and Bedford Avenue from June 2023 through May 2026. Those crashes injured 8 people, including 2 pedestrians and 1 cyclist.","NYPD, Motor Vehicle Collisions",https://data.cityofnewyork.us/d/h9gi-nx95
897b0e924821,district_311,"311 received 1,698 complaints about potholes and other street conditions in our district from September 2025 through August 2026. Two years earlier the number was 1,244.","311 Service Requests, as counted for the planner",https://data.cityofnewyork.us/d/erm2-nwe9
897b45f4fd8c@ad49e0,crashes,"NYPD crash reports show 29 crashes at or near the intersection of West Farms Road and East Tremont Avenue from June 2023 through May 2026. Those crashes injured 21 people, including 9 pedestrians and 1 cyclist.","NYPD, Motor Vehicle Collisions",https://data.cityofnewyork.us/d/h9gi-nx95
89e11d81e12a,district_311,"311 received 1,366 complaints about sewers, catch basins and flooding in our district from September 2025 through August 2026. That is the seventh highest rate per resident among the city's 59 community districts.","311 Service Requests, as counted for the planner",https://data.cityofnewyork.us/d/erm2-nwe9
89e11d81e12a@43cff2,district_311,"311 received 1,366 complaints about sewers, catch basins and flooding in our district from September 2025 through August 2026. That is the seventh highest rate per resident among the city's 59 community districts.","311 Service Requests, as counted for the planner",https://data.cityofnewyork.us/d/erm2-nwe9
89f400b8d71a,district_311,311 received 945 requests for help for homeless people or about encampments in our district from September 2025 through August 2026. Two years earlier the number was 647.,"311 Service Requests, as counted for the planner",https://data.cityofnewyork.us/d/erm2-nwe9
8a30879670e6,district_311,311 received 469 complaints about sidewalks and curbs in our district from September 2025 through August 2026. Two years earlier the number was 345.,"311 Service Requests, as counted for the planner",https://data.cityofnewyork.us/d/erm2-nwe9
8a662d82facd,district_311,"311 received 2,157 complaints about sewers, catch basins and flooding in our district from September 2025 through August 2026. That is the third highest rate per resident among the city's 59 community districts.","311 Service Requests, as counted for the planner",https://data.cityofnewyork.us/d/erm2-nwe9
8a721ffff226@07df0c,district_311,"311 received 7,829 complaints about abandoned and derelict vehicles in our district from September 2025 through August 2026. That is the highest rate per resident among the city's 59 community districts.","311 Service Requests, as counted for the planner",https://data.cityofnewyork.us/d/erm2-nwe9
8a8500dd908a,district_311,311 received 399 complaints about rats and other pests in our district from September 2025 through August 2026. That is the 12th highest rate per resident among the city's 59 community districts.,"311 Service Requests, as counted for the planner",https://data.cityofnewyork.us/d/erm2-nwe9
8a8b21bdd75d,district_311,"311 received 2,463 requests for help for homeless people or about encampments in our district from September 2025 through August 2026. That is the fifth highest rate per resident among the city's 59 community districts.","311 Service Requests, as counted for the planner",https://data.cityofnewyork.us/d/erm2-nwe9
8a8d033b019e,district_311,"311 received 2,095 requests for help for homeless people or about encampments in our district from September 2025 through August 2026. That is the tenth highest rate per resident among the city's 59 community districts.","311 Service Requests, as counted for the planner",https://data.cityofnewyork.us/d/erm2-nwe9
8aa329182129@7e8acd,district_311,311 received 968 complaints about street lights in our district from September 2025 through August 2026. That is the fourth highest rate per resident among the city's 59 community districts.,"311 Service Requests, as counted for the planner",https://data.cityofnewyork.us/d/erm2-nwe9
8aa329182129@b86c69,district_311,311 received 968 complaints about street lights in our district from September 2025 through August 2026. That is the fourth highest rate per resident among the city's 59 community districts.,"311 Service Requests, as counted for the planner",https://data.cityofnewyork.us/d/erm2-nwe9
8aab1e75cf16,district_311,"311 received 956 complaints about sewers, catch basins and flooding in our district from September 2025 through August 2026. That is the fifth highest rate per resident among the city's 59 community districts.","311 Service Requests, as counted for the planner",https://data.cityofnewyork.us/d/erm2-nwe9
8aac6241265c@97d062,site_311,311 received 6 reports of street lights out or damaged within 150 feet of the intersection of Southern Boulevard and East 174th Street from September 2023 through August 2026.,311 Service Requests,https://data.cityofnewyork.us/d/erm2-nwe9
8acd3ce350e4,district_311,311 received 841 complaints about street lights in our district from September 2025 through August 2026. That is the seventh highest number among the city's 59 community districts.,"311 Service Requests, as counted for the planner",https://data.cityofnewyork.us/d/erm2-nwe9
8af4f1acf8e1,district_311,"311 received 1,147 complaints about sewers, catch basins and flooding in our district from September 2025 through August 2026. That is the seventh highest number among the city's 59 community districts.","311 Service Requests, as counted for the planner",https://data.cityofnewyork.us/d/erm2-nwe9
8b08b081d4ec,district_311,311 received 443 complaints about park maintenance in our district from September 2025 through August 2026. That is the fourth highest rate per resident among the city's 59 community districts. Two years earlier the number was 262.,"311 Service Requests, as counted for the planner",https://data.cityofnewyork.us/d/erm2-nwe9
8b255a77c748,district_311,311 received 528 complaints about rats and other pests in our district from September 2025 through August 2026. That is the 13th highest rate per resident among the city's 59 community districts.,"311 Service Requests, as counted for the planner",https://data.cityofnewyork.us/d/erm2-nwe9
8b36594e4b36,district_311,311 received 908 complaints about rats and other pests in our district from September 2025 through August 2026. That is the sixth highest rate per resident among the city's 59 community districts.,"311 Service Requests, as counted for the planner",https://data.cityofnewyork.us/d/erm2-nwe9
8b3c14cdb004,district_311,311 received 841 complaints about street lights in our district from September 2025 through August 2026. That is the seventh highest number among the city's 59 community districts.,"311 Service Requests, as counted for the planner",https://data.cityofnewyork.us/d/erm2-nwe9
8b4224d772cc,district_311,"311 received 4,027 complaints about litter, dumping and missed collection in our district from September 2025 through August 2026. That is the tenth highest rate per resident among the city's 59 community districts.","311 Service Requests, as counted for the planner",https://data.cityofnewyork.us/d/erm2-nwe9
8b4224d772cc@19dcbb,district_311,"311 received 4,027 complaints about litter, dumping and missed collection in our district from September 2025 through August 2026. That is the tenth highest rate per resident among the city's 59 community districts.","311 Service Requests, as counted for the planner",https://data.cityofnewyork.us/d/erm2-nwe9
8b4224d772cc@b228dd,district_311,"311 received 4,027 complaints about litter, dumping and missed collection in our district from September 2025 through August 2026. That is the tenth highest rate per resident among the city's 59 community districts.","311 Service Requests, as counted for the planner",https://data.cityofnewyork.us/d/erm2-nwe9
8b98fbc33f97@61af7a,school,"The School Construction Authority's latest Enrollment, Capacity and Utilization report shows 644 students at P.S. 235.","School Construction Authority, Enrollment, Capacity and Utilization",https://data.cityofnewyork.us/d/gkd7-3vk7
8b9ece321fe8@af3b72,street_trees,"As of February 2025, NYC Parks' tree inventory listed 926 empty street tree beds in our district.","NYC Parks, Forestry Planting Spaces",https://data.cityofnewyork.us/d/82zj-84is
8ba2d7e20473@6d6cb2,district_311,"311 received 4,358 complaints about potholes and other street conditions in our district from September 2025 through August 2026. That is the third highest number among the city's 59 community districts. Two years earlier the number was 2,854.","311 Service Requests, as counted for the planner",https://data.cityofnewyork.us/d/erm2-nwe9
8ba5b400846d,district_311,"311 received 754 complaints about sewers, catch basins and flooding in our district from September 2025 through August 2026. That is the 15th highest rate per resident among the city's 59 community districts.","311 Service Requests, as counted for the planner",https://data.cityofnewyork.us/d/erm2-nwe9
8bb69d2ad0b9@cc7b89,crashes,"NYPD crash reports show 72 crashes on West 31st Street between 8th Avenue and 9th Avenue from June 2023 through May 2026. Those crashes injured 35 people, including 19 pedestrians and 5 cyclists.","NYPD, Motor Vehicle Collisions",https://data.cityofnewyork.us/d/h9gi-nx95
8bcb37624da4@7bc11c,district_311,"311 received 2,590 complaints about litter, dumping and missed collection in our district from September 2025 through August 2026. That is the 11th highest rate per resident among the city's 59 community districts.","311 Service Requests, as counted for the planner",https://data.cityofnewyork.us/d/erm2-nwe9
8be880722857,district_311,"311 received 1,005 requests for help for homeless people or about encampments in our district from September 2025 through August 2026. That is the 14th highest rate per resident among the city's 59 community districts.","311 Service Requests, as counted for the planner",https://data.cityofnewyork.us/d/erm2-nwe9
8c144675986f,district_311,"311 received 3,883 requests for help for homeless people or about encampments in our district from September 2025 through August 2026. That is the third highest rate per resident among the city's 59 community districts.","311 Service Requests, as counted for the planner",https://data.cityofnewyork.us/d/erm2-nwe9
8c2c2d63ea00@2c7496,district_311,"311 received 3,672 complaints about potholes and other street conditions in our district from September 2025 through August 2026. That is the second highest rate per resident among the city's 59 community districts. Two years earlier the number was 1,979.","311 Service Requests, as counted for the planner",https://data.cityofnewyork.us/d/erm2-nwe9
8c2c2d63ea00@e4dfab,district_311,"311 received 3,672 complaints about potholes and other street conditions in our district from September 2025 through August 2026. That is the second highest rate per resident among the city's 59 community districts. Two years earlier the number was 1,979.","311 Service Requests, as counted for the planner",https://data.cityofnewyork.us/d/erm2-nwe9
8cdb6ce53b3b@50c1ff,crashes,"NYPD crash reports show 85 crashes on Flatbush Avenue Extension between Willoughby Street and Myrtle Avenue from June 2023 through May 2026. Those crashes injured 39 people, including 5 pedestrians and 2 cyclists.","NYPD, Motor Vehicle Collisions",https://data.cityofnewyork.us/d/h9gi-nx95
8d18bada817d,district_311,"311 received 1,366 complaints about sewers, catch basins and flooding in our district from September 2025 through August 2026. That is the seventh highest rate per resident among the city's 59 community districts.","311 Service Requests, as counted for the planner",https://data.cityofnewyork.us/d/erm2-nwe9
8d1ca658405d,crashes,"NYPD crash reports show 18 crashes at or near the intersection of Lincoln Road and Flatbush Avenue from June 2023 through May 2026. Those crashes injured 10 people, including 3 pedestrians and 1 cyclist.","NYPD, Motor Vehicle Collisions",https://data.cityofnewyork.us/d/h9gi-nx95
8d3634b72c44,district_311,"311 received 1,082 complaints about sewers, catch basins and flooding in our district from September 2025 through August 2026. That is the 13th highest rate per resident among the city's 59 community districts.","311 Service Requests, as counted for the planner",https://data.cityofnewyork.us/d/erm2-nwe9
8d4209dda6a7@e317af,crashes,"NYPD crash reports show 102 crashes on Avenue J between McDonald Avenue and Coney Island Avenue from June 2023 through May 2026. Those crashes injured 76 people, including 11 pedestrians and 6 cyclists.","NYPD, Motor Vehicle Collisions",https://data.cityofnewyork.us/d/h9gi-nx95
8d4e985d704f@590ba0,crashes,"NYPD crash reports show 66 crashes on Story Avenue between Bronx River Avenue and Metcalf Avenue from June 2023 through May 2026. Those crashes injured 50 people, including 14 pedestrians and 4 cyclists.","NYPD, Motor Vehicle Collisions",https://data.cityofnewyork.us/d/h9gi-nx95
8d4e985d704f@b734e2,crashes,"NYPD crash reports show 8 crashes at or near the intersection of Story Avenue and Bronx River Avenue from June 2023 through May 2026. Those crashes injured 5 people, including 2 pedestrians.","NYPD, Motor Vehicle Collisions",https://data.cityofnewyork.us/d/h9gi-nx95
8d8cf27b87ff,street_trees,"As of February 2025, NYC Parks' tree inventory listed 873 empty street tree beds in our district.","NYC Parks, Forestry Planting Spaces",https://data.cityofnewyork.us/d/82zj-84is
8d93b435ab83,district_311,"311 received 34,621 noise complaints in our district from September 2025 through August 2026. That is the third highest rate per resident among the city's 59 community districts.","311 Service Requests, as counted for the planner",https://data.cityofnewyork.us/d/erm2-nwe9
8da197a01491,district_311,"311 received 1,147 complaints about sewers, catch basins and flooding in our district from September 2025 through August 2026. That is the seventh highest number among the city's 59 community districts.","311 Service Requests, as counted for the planner",https://data.cityofnewyork.us/d/erm2-nwe9
8da3438eac6d,school,"The School Construction Authority's latest Enrollment, Capacity and Utilization report shows 520 students at P.S. 161.","School Construction Authority, Enrollment, Capacity and Utilization",https://data.cityofnewyork.us/d/gkd7-3vk7
8e03270a7f75,district_311,"311 received 1,491 complaints about sewers, catch basins and flooding in our district from September 2025 through August 2026. That is the highest rate per resident among the city's 59 community districts.","311 Service Requests, as counted for the planner",https://data.cityofnewyork.us/d/erm2-nwe9
8e0c0a40f955,district_311,"311 received 2,541 complaints about street trees in our district from September 2025 through August 2026. That is the tenth highest rate per resident among the city's 59 community districts.","311 Service Requests, as counted for the planner",https://data.cityofnewyork.us/d/erm2-nwe9
8e3f1223d6cd@c22d16,site_311,311 received 10 reports of street lights out or damaged along Union Street between Nostrand Avenue and Brooklyn Avenue from September 2023 through August 2026.,311 Service Requests,https://data.cityofnewyork.us/d/erm2-nwe9
8e479b0037bc@24e977,crashes,"NYPD crash reports show 45 crashes on Broadway between Quincy Street and Gates Avenue from June 2023 through May 2026. Those crashes injured 25 people, including 3 pedestrians and 3 cyclists.","NYPD, Motor Vehicle Collisions",https://data.cityofnewyork.us/d/h9gi-nx95
8e479b0037bc@24e977,site_311,311 received 5 reports of street lights out or damaged along Broadway between Quincy Street and Gates Avenue from September 2023 through August 2026.,311 Service Requests,https://data.cityofnewyork.us/d/erm2-nwe9
8e48cfd5f6ee@8fd87b,site_311,311 received 9 reports of street lights out or damaged within 150 feet of the intersection of Livonia Avenue and Junius Street from September 2023 through August 2026.,311 Service Requests,https://data.cityofnewyork.us/d/erm2-nwe9
8e62bba5af37@06605a,district_311,"311 received 1,366 complaints about sewers, catch basins and flooding in our district from September 2025 through August 2026. That is the seventh highest rate per resident among the city's 59 community districts.","311 Service Requests, as counted for the planner",https://data.cityofnewyork.us/d/erm2-nwe9
8e9640dee1d7,district_311,"311 received 26,303 complaints about heat, hot water and other apartment conditions in our district from September 2025 through August 2026. That is the fourth highest rate per resident among the city's 59 community districts.","311 Service Requests, as counted for the planner",https://data.cityofnewyork.us/d/erm2-nwe9
8e96afcad7dc,district_311,311 received 431 complaints about street lights in our district from September 2025 through August 2026. Two years earlier the number was 208.,"311 Service Requests, as counted for the planner",https://data.cityofnewyork.us/d/erm2-nwe9
8e9c8262a12a,district_311,311 received 569 complaints about street lights in our district from September 2025 through August 2026. Two years earlier the number was 419.,"311 Service Requests, as counted for the planner",https://data.cityofnewyork.us/d/erm2-nwe9
8ece02d99b51,site_311,311 received 12 reports of street lights out or damaged along Rockaway Avenue between Pitkin Avenue and Eastern Parkway from September 2023 through August 2026.,311 Service Requests,https://data.cityofnewyork.us/d/erm2-nwe9
8ef391e2846c,park_inspection,NYC Parks inspectors rated Utopia Playground unacceptable overall in 3 of 4 inspections from August 2024 through July 2026.,"NYC Parks, Parks Inspection Program",https://data.cityofnewyork.us/d/yg3y-7juh
8ef3d754c55a,district_311,311 received 674 complaints about street lights in our district from September 2025 through August 2026. That is the 15th highest number among the city's 59 community districts.,"311 Service Requests, as counted for the planner",https://data.cityofnewyork.us/d/erm2-nwe9
8f17d0f9a48c,district_311,"311 received 4,076 complaints about litter, dumping and missed collection in our district from September 2025 through August 2026. That is the ninth highest number among the city's 59 community districts.","311 Service Requests, as counted for the planner",https://data.cityofnewyork.us/d/erm2-nwe9
8f3aa83cfa82,park_access,"By NYC Parks' Walk to a Park measure, about 28,300 of our district's residents, or 21%, live beyond walking distance of a park. Citywide the share is 16%.","NYC Parks, Walk to a Park Service Area, with 2020 Census blocks",https://data.cityofnewyork.us/d/99ii-hwh9
8f434b78c0a3@d462e1,district_311,"311 received 1,084 complaints about sewers, catch basins and flooding in our district from September 2025 through August 2026. That is the 14th highest rate per resident among the city's 59 community districts.","311 Service Requests, as counted for the planner",https://data.cityofnewyork.us/d/erm2-nwe9
8f6367800fc9,district_311,"311 received 952 complaints about sewers, catch basins and flooding in our district from September 2025 through August 2026. That is the tenth highest rate per resident among the city's 59 community districts.","311 Service Requests, as counted for the planner",https://data.cityofnewyork.us/d/erm2-nwe9
8f78189b9e57@ff2c73,district_311,"311 received 1,150 requests for help for homeless people or about encampments in our district from September 2025 through August 2026. That is the 14th highest number among the city's 59 community districts.","311 Service Requests, as counted for the planner",https://data.cityofnewyork.us/d/erm2-nwe9
8f8807358da8,district_311,"311 received 1,084 complaints about sewers, catch basins and flooding in our district from September 2025 through August 2026. That is the 14th highest rate per resident among the city's 59 community districts.","311 Service Requests, as counted for the planner",https://data.cityofnewyork.us/d/erm2-nwe9
8f9814d9e6fb@16e3a6,crashes,"NYPD crash reports show 18 crashes on Cooper Square between Bowery and East 6th Street from June 2023 through May 2026. Those crashes injured 10 people, including 1 pedestrian and 4 cyclists, and killed 1 person.","NYPD, Motor Vehicle Collisions",https://data.cityofnewyork.us/d/h9gi-nx95
8f9814d9e6fb@d2a8c9,crashes,"NYPD crash reports show 10 crashes at or near the intersection of Cooper Square and Bowery from June 2023 through May 2026. Those crashes injured 4 people, including 1 pedestrian and 2 cyclists, and killed 1 person.","NYPD, Motor Vehicle Collisions",https://data.cityofnewyork.us/d/h9gi-nx95
8fc93cd17c7c,school,"The School Construction Authority's latest Enrollment, Capacity and Utilization report shows 532 students at P.S. 90.","School Construction Authority, Enrollment, Capacity and Utilization",https://data.cityofnewyork.us/d/gkd7-3vk7
90044dc340dd,district_311,"311 received 1,082 complaints about sewers, catch basins and flooding in our district from September 2025 through August 2026. That is the 13th highest rate per resident among the city's 59 community districts.","311 Service Requests, as counted for the planner",https://data.cityofnewyork.us/d/erm2-nwe9
9018e20587aa,district_311,"311 received 754 complaints about sewers, catch basins and flooding in our district from September 2025 through August 2026. That is the 15th highest rate per resident among the city's 59 community districts.","311 Service Requests, as counted for the planner",https://data.cityofnewyork.us/d/erm2-nwe9
90371e476e8d,district_311,"311 received 2,465 complaints about street trees in our district from September 2025 through August 2026. That is the fifth highest rate per resident among the city's 59 community districts.","311 Service Requests, as counted for the planner",https://data.cityofnewyork.us/d/erm2-nwe9
908f4c76bc2a,school,"The School Construction Authority's latest Enrollment, Capacity and Utilization report shows 233 students at P.S. 46.","School Construction Authority, Enrollment, Capacity and Utilization",https://data.cityofnewyork.us/d/gkd7-3vk7
90c0f9ee11f1,district_311,"311 received 2,296 complaints about abandoned and derelict vehicles in our district from September 2025 through August 2026. That is the 13th highest number among the city's 59 community districts.","311 Service Requests, as counted for the planner",https://data.cityofnewyork.us/d/erm2-nwe9
90c3b1189943,park_inspection,NYC Parks inspectors rated Peter Minuit Playground unacceptable overall in 2 of 5 inspections from August 2024 through July 2026.,"NYC Parks, Parks Inspection Program",https://data.cityofnewyork.us/d/yg3y-7juh
91099438dae1,district_311,"311 received 4,358 complaints about potholes and other street conditions in our district from September 2025 through August 2026. That is the third highest number among the city's 59 community districts. Two years earlier the number was 2,854.","311 Service Requests, as counted for the planner",https://data.cityofnewyork.us/d/erm2-nwe9
913d8deef29d,district_311,"311 received 1,194 complaints about sewers, catch basins and flooding in our district from September 2025 through August 2026. That is the 11th highest rate per resident among the city's 59 community districts. Two years earlier the number was 930.","311 Service Requests, as counted for the planner",https://data.cityofnewyork.us/d/erm2-nwe9
913f762d48e0,district_311,"311 received 2,931 complaints about construction and illegal building use in our district from September 2025 through August 2026. That is the fifth highest rate per resident among the city's 59 community districts. Two years earlier the number was 2,254.","311 Service Requests, as counted for the planner",https://data.cityofnewyork.us/d/erm2-nwe9
91468ed108e4,district_311,"311 received 1,035 complaints about sidewalks and curbs in our district from September 2025 through August 2026. That is the eighth highest rate per resident among the city's 59 community districts. Two years earlier the number was 622.","311 Service Requests, as counted for the planner",https://data.cityofnewyork.us/d/erm2-nwe9
914a01fd87e6,park_inspection,NYC Parks inspectors rated Harvey Park unacceptable overall in 2 of 5 inspections from August 2024 through July 2026.,"NYC Parks, Parks Inspection Program",https://data.cityofnewyork.us/d/yg3y-7juh
916f83811553,district_311,"311 received 14,366 complaints about illegal parking and blocked driveways in our district from September 2025 through August 2026. That is the 14th highest rate per resident among the city's 59 community districts. Two years earlier the number was 9,493.","311 Service Requests, as counted for the planner",https://data.cityofnewyork.us/d/erm2-nwe9
9173b88d848f@5ea981,district_311,"311 received 1,733 complaints about potholes and other street conditions in our district from September 2025 through August 2026. Two years earlier the number was 878.","311 Service Requests, as counted for the planner",https://data.cityofnewyork.us/d/erm2-nwe9
918068f4ee30,district_311,"311 received 84,027 noise complaints in our district from September 2025 through August 2026. That is the highest rate per resident among the city's 59 community districts. Two years earlier the number was 15,574.","311 Service Requests, as counted for the planner",https://data.cityofnewyork.us/d/erm2-nwe9
91a33a2d18e4,district_311,311 received 545 complaints about park maintenance in our district from September 2025 through August 2026. That is the 15th highest rate per resident among the city's 59 community districts.,"311 Service Requests, as counted for the planner",https://data.cityofnewyork.us/d/erm2-nwe9
91c097bd2030,site_311,311 received 14 reports of street flooding or clogged catch basins along Neptune Avenue between West 33rd Street and West 36th Street from September 2023 through August 2026.,311 Service Requests,https://data.cityofnewyork.us/d/erm2-nwe9
91e0b5e8db5d,district_311,"311 received 6,238 complaints about illegal parking and blocked driveways in our district from September 2025 through August 2026. That is the 15th highest rate per resident among the city's 59 community districts.","311 Service Requests, as counted for the planner",https://data.cityofnewyork.us/d/erm2-nwe9
9215135c1947@241ee8,crashes,"NYPD crash reports show 75 crashes on Francis Lewis Boulevard between Brookville Boulevard and Laurelton Parkway from June 2023 through May 2026. Those crashes injured 62 people, including 6 pedestrians.","NYPD, Motor Vehicle Collisions",https://data.cityofnewyork.us/d/h9gi-nx95
9215135c1947@c371c0,crashes,"NYPD crash reports show 31 crashes at or near the intersection of Francis Lewis Boulevard and Brookville Boulevard from June 2023 through May 2026. Those crashes injured 24 people, including 6 pedestrians.","NYPD, Motor Vehicle Collisions",https://data.cityofnewyork.us/d/h9gi-nx95
922120d98e53,school,"The School Construction Authority's latest Enrollment, Capacity and Utilization report shows 437 students at P.S. 69.","School Construction Authority, Enrollment, Capacity and Utilization",https://data.cityofnewyork.us/d/gkd7-3vk7
92515fa425dd,district_311,"311 received 1,084 complaints about sewers, catch basins and flooding in our district from September 2025 through August 2026. That is the 14th highest rate per resident among the city's 59 community districts.","311 Service Requests, as counted for the planner",https://data.cityofnewyork.us/d/erm2-nwe9
92683ca0cdf1,district_311,"311 received 1,366 complaints about sewers, catch basins and flooding in our district from September 2025 through August 2026. That is the seventh highest rate per resident among the city's 59 community districts.","311 Service Requests, as counted for the planner",https://data.cityofnewyork.us/d/erm2-nwe9
92683ca0cdf1@685d97,district_311,"311 received 1,366 complaints about sewers, catch basins and flooding in our district from September 2025 through August 2026. That is the seventh highest rate per resident among the city's 59 community districts.","311 Service Requests, as counted for the planner",https://data.cityofnewyork.us/d/erm2-nwe9
92736dfa5b4a,school,"The School Construction Authority's latest Enrollment, Capacity and Utilization report shows 150 students at P.S. 971.","School Construction Authority, Enrollment, Capacity and Utilization",https://data.cityofnewyork.us/d/gkd7-3vk7
928716f7a5c7,district_311,311 received 884 requests for help for homeless people or about encampments in our district from September 2025 through August 2026. Two years earlier the number was 421.,"311 Service Requests, as counted for the planner",https://data.cityofnewyork.us/d/erm2-nwe9
9289dc07cb3a,district_311,"311 received 1,037 complaints about potholes and other street conditions in our district from September 2025 through August 2026. Two years earlier the number was 646.","311 Service Requests, as counted for the planner",https://data.cityofnewyork.us/d/erm2-nwe9
928f1b3ddc9e,district_311,"311 received 32,948 complaints about illegal parking and blocked driveways in our district from September 2025 through August 2026. That is the fourth highest rate per resident among the city's 59 community districts.","311 Service Requests, as counted for the planner",https://data.cityofnewyork.us/d/erm2-nwe9
92cb91acb3b8,district_311,"311 received 1,330 complaints about rats and other pests in our district from September 2025 through August 2026. That is the fourth highest rate per resident among the city's 59 community districts.","311 Service Requests, as counted for the planner",https://data.cityofnewyork.us/d/erm2-nwe9
92d407ba0f1b,district_311,"311 received 84,027 noise complaints in our district from September 2025 through August 2026. That is the highest rate per resident among the city's 59 community districts. Two years earlier the number was 15,574.","311 Service Requests, as counted for the planner",https://data.cityofnewyork.us/d/erm2-nwe9
92e07509b871,district_311,"311 received 3,412 complaints about potholes and other street conditions in our district from September 2025 through August 2026. That is the fifth highest rate per resident among the city's 59 community districts. Two years earlier the number was 1,686.","311 Service Requests, as counted for the planner",https://data.cityofnewyork.us/d/erm2-nwe9
92f7515366e1,district_311,"311 received 861 complaints about sewers, catch basins and flooding in our district from September 2025 through August 2026. That is the 15th highest number among the city's 59 community districts.","311 Service Requests, as counted for the planner",https://data.cityofnewyork.us/d/erm2-nwe9
92fb30fbc6d6,park_inspection,NYC Parks inspectors rated Corlears Hook Park unacceptable overall in 3 of 5 inspections from August 2024 through July 2026.,"NYC Parks, Parks Inspection Program",https://data.cityofnewyork.us/d/yg3y-7juh
930695cf8b0a,district_311,"311 received 21,403 complaints about heat, hot water and other apartment conditions in our district from September 2025 through August 2026. That is the 13th highest rate per resident among the city's 59 community districts.","311 Service Requests, as counted for the planner",https://data.cityofnewyork.us/d/erm2-nwe9
932e19d4998a,district_311,"311 received 978 complaints about sewers, catch basins and flooding in our district from September 2025 through August 2026. That is the sixth highest rate per resident among the city's 59 community districts.","311 Service Requests, as counted for the planner",https://data.cityofnewyork.us/d/erm2-nwe9
935b3170cd50@307cb0,crashes,"NYPD crash reports show 28 crashes at or near the intersection of Farmers Boulevard and Linden Boulevard from June 2023 through May 2026. Those crashes injured 20 people, including 4 pedestrians.","NYPD, Motor Vehicle Collisions",https://data.cityofnewyork.us/d/h9gi-nx95
935b3170cd50@307cb0,district_311,311 received 841 complaints about street lights in our district from September 2025 through August 2026. That is the seventh highest number among the city's 59 community districts.,"311 Service Requests, as counted for the planner",https://data.cityofnewyork.us/d/erm2-nwe9
935b3170cd50@9837b4,crashes,"NYPD crash reports show 28 crashes at or near the intersection of Farmers Boulevard and Linden Boulevard from June 2023 through May 2026. Those crashes injured 20 people, including 4 pedestrians.","NYPD, Motor Vehicle Collisions",https://data.cityofnewyork.us/d/h9gi-nx95
935b3170cd50@9837b4,district_311,311 received 841 complaints about street lights in our district from September 2025 through August 2026. That is the seventh highest number among the city's 59 community districts.,"311 Service Requests, as counted for the planner",https://data.cityofnewyork.us/d/erm2-nwe9
936062b03751@fa34d0,district_311,"311 received 956 complaints about sewers, catch basins and flooding in our district from September 2025 through August 2026. That is the fifth highest rate per resident among the city's 59 community districts.","311 Service Requests, as counted for the planner",https://data.cityofnewyork.us/d/erm2-nwe9
93ae1bb96b94,district_311,"311 received 2,031 complaints about potholes and other street conditions in our district from September 2025 through August 2026. Two years earlier the number was 1,149.","311 Service Requests, as counted for the planner",https://data.cityofnewyork.us/d/erm2-nwe9
93e5e983057f@c607dd,district_311,"311 received 4,358 complaints about potholes and other street conditions in our district from September 2025 through August 2026. That is the third highest number among the city's 59 community districts. Two years earlier the number was 2,854.","311 Service Requests, as counted for the planner",https://data.cityofnewyork.us/d/erm2-nwe9
944128a811f9,district_311,"311 received 1,267 complaints about construction and illegal building use in our district from September 2025 through August 2026. That is the tenth highest rate per resident among the city's 59 community districts.","311 Service Requests, as counted for the planner",https://data.cityofnewyork.us/d/erm2-nwe9
94629ad7ba1f,district_311,311 received 759 complaints about potholes and other street conditions in our district from September 2025 through August 2026. Two years earlier the number was 369.,"311 Service Requests, as counted for the planner",https://data.cityofnewyork.us/d/erm2-nwe9
946562368885,district_311,"311 received 14,142 requests for help for homeless people or about encampments in our district from September 2025 through August 2026. That is the highest rate per resident among the city's 59 community districts.","311 Service Requests, as counted for the planner",https://data.cityofnewyork.us/d/erm2-nwe9
9479a7a080dd@7bc11c,district_311,"311 received 2,590 complaints about litter, dumping and missed collection in our district from September 2025 through August 2026. That is the 11th highest rate per resident among the city's 59 community districts.","311 Service Requests, as counted for the planner",https://data.cityofnewyork.us/d/erm2-nwe9
9485203985ce@a670c0,district_311,311 received 541 complaints about potholes and other street conditions in our district from September 2025 through August 2026. Two years earlier the number was 405.,"311 Service Requests, as counted for the planner",https://data.cityofnewyork.us/d/erm2-nwe9
94a21b12f92d,crashes,"NYPD crash reports show 85 crashes on Fountain Avenue between Sutter Avenue and Linden Boulevard from June 2023 through May 2026. Those crashes injured 54 people, including 8 pedestrians and 1 cyclist.","NYPD, Motor Vehicle Collisions",https://data.cityofnewyork.us/d/h9gi-nx95
950680eae4bd,district_311,"311 received 1,194 complaints about sewers, catch basins and flooding in our district from September 2025 through August 2026. That is the 11th highest rate per resident among the city's 59 community districts. Two years earlier the number was 930.","311 Service Requests, as counted for the planner",https://data.cityofnewyork.us/d/erm2-nwe9
95228029aa88,district_311,"311 received 1,710 complaints about construction and illegal building use in our district from September 2025 through August 2026. That is the eighth highest number among the city's 59 community districts.","311 Service Requests, as counted for the planner",https://data.cityofnewyork.us/d/erm2-nwe9
9547fef4c902,district_311,"311 received 248 complaints about sewers, catch basins and flooding in our district from September 2025 through August 2026. Two years earlier the number was 165.","311 Service Requests, as counted for the planner",https://data.cityofnewyork.us/d/erm2-nwe9
954bcc38e69c,district_311,"311 received 1,905 complaints about potholes and other street conditions in our district from September 2025 through August 2026. That is the highest rate per resident among the city's 59 community districts. Two years earlier the number was 1,516.","311 Service Requests, as counted for the planner",https://data.cityofnewyork.us/d/erm2-nwe9
957010359df8,district_311,"311 received 1,526 complaints about construction and illegal building use in our district from September 2025 through August 2026. That is the tenth highest number among the city's 59 community districts.","311 Service Requests, as counted for the planner",https://data.cityofnewyork.us/d/erm2-nwe9
9570dbad9a38,district_311,"311 received 1,027 complaints about sidewalks and curbs in our district from September 2025 through August 2026. That is the 11th highest rate per resident among the city's 59 community districts.","311 Service Requests, as counted for the planner",https://data.cityofnewyork.us/d/erm2-nwe9
9573b6fe13cd,district_311,311 received 462 complaints about sidewalks and curbs in our district from September 2025 through August 2026. Two years earlier the number was 346.,"311 Service Requests, as counted for the planner",https://data.cityofnewyork.us/d/erm2-nwe9
959176e99b71@8fb36d,district_311,"311 received 2,590 complaints about litter, dumping and missed collection in our district from September 2025 through August 2026. That is the 11th highest rate per resident among the city's 59 community districts.","311 Service Requests, as counted for the planner",https://data.cityofnewyork.us/d/erm2-nwe9
95b38d4a54c1,district_311,311 received 388 complaints about sidewalks and curbs in our district from September 2025 through August 2026. Two years earlier the number was 273.,"311 Service Requests, as counted for the planner",https://data.cityofnewyork.us/d/erm2-nwe9
95c366681505@d3303b,crashes,"NYPD crash reports show 14 crashes at or near the intersection of Broadway and Willoughby Avenue from June 2023 through May 2026. Those crashes injured 5 people, including 2 pedestrians and 2 cyclists.","NYPD, Motor Vehicle Collisions",https://data.cityofnewyork.us/d/h9gi-nx95
95da9960089b,district_311,"311 received 1,084 complaints about sewers, catch basins and flooding in our district from September 2025 through August 2026. That is the 14th highest rate per resident among the city's 59 community districts.","311 Service Requests, as counted for the planner",https://data.cityofnewyork.us/d/erm2-nwe9
95de2c8222dc,school,"The School Construction Authority's latest Enrollment, Capacity and Utilization report shows 276 students at P.S. 140.","School Construction Authority, Enrollment, Capacity and Utilization",https://data.cityofnewyork.us/d/gkd7-3vk7
95f69a64b31b,district_311,"311 received 3,619 complaints about potholes and other street conditions in our district from September 2025 through August 2026. That is the ninth highest rate per resident among the city's 59 community districts. Two years earlier the number was 1,834.","311 Service Requests, as counted for the planner",https://data.cityofnewyork.us/d/erm2-nwe9
96021e142beb,district_311,"311 received 2,590 complaints about litter, dumping and missed collection in our district from September 2025 through August 2026. That is the 11th highest rate per resident among the city's 59 community districts.","311 Service Requests, as counted for the planner",https://data.cityofnewyork.us/d/erm2-nwe9
960a957b1290,district_311,"311 received 1,760 complaints about construction and illegal building use in our district from September 2025 through August 2026. That is the 12th highest rate per resident among the city's 59 community districts.","311 Service Requests, as counted for the planner",https://data.cityofnewyork.us/d/erm2-nwe9
960d0c0618ad,park_inspection,NYC Parks inspectors rated Northern Playground unacceptable overall in 2 of 4 inspections from August 2024 through July 2026.,"NYC Parks, Parks Inspection Program",https://data.cityofnewyork.us/d/yg3y-7juh
9610c273bc7c,district_311,"311 received 3,281 complaints about potholes and other street conditions in our district from September 2025 through August 2026. That is the third highest rate per resident among the city's 59 community districts. Two years earlier the number was 1,502.","311 Service Requests, as counted for the planner",https://data.cityofnewyork.us/d/erm2-nwe9
9629471a8c4d,school,"The School Construction Authority's latest Enrollment, Capacity and Utilization report shows P.S. 220 with 567 students, 115% of its target capacity.","School Construction Authority, Enrollment, Capacity and Utilization",https://data.cityofnewyork.us/d/gkd7-3vk7
962ba33e9759,district_311,"311 received 1,516 requests for help for homeless people or about encampments in our district from September 2025 through August 2026. That is the eighth highest rate per resident among the city's 59 community districts.","311 Service Requests, as counted for the planner",https://data.cityofnewyork.us/d/erm2-nwe9
96545694c3ac,district_311,"311 received 2,095 requests for help for homeless people or about encampments in our district from September 2025 through August 2026. That is the tenth highest rate per resident among the city's 59 community districts.","311 Service Requests, as counted for the planner",https://data.cityofnewyork.us/d/erm2-nwe9
9658fee7c559,district_311,"311 received 1,436 complaints about park maintenance in our district from September 2025 through August 2026. That is the second highest rate per resident among the city's 59 community districts.","311 Service Requests, as counted for the planner",https://data.cityofnewyork.us/d/erm2-nwe9
9669912cd61e,district_311,"311 received 26,034 complaints about illegal parking and blocked driveways in our district from September 2025 through August 2026. That is the 12th highest rate per resident among the city's 59 community districts.","311 Service Requests, as counted for the planner",https://data.cityofnewyork.us/d/erm2-nwe9
966c2c9c82fc,district_311,311 received 408 complaints about street lights in our district from September 2025 through August 2026. That is the fifth highest rate per resident among the city's 59 community districts.,"311 Service Requests, as counted for the planner",https://data.cityofnewyork.us/d/erm2-nwe9
9677214b575c@6cf5c0,crashes,"NYPD crash reports show 26 crashes on John Street between William Street and Pearl Street from June 2023 through May 2026. Those crashes injured 6 people, including 3 pedestrians and 2 cyclists.","NYPD, Motor Vehicle Collisions",https://data.cityofnewyork.us/d/h9gi-nx95
9677214b575c@84f8d4,crashes,"NYPD crash reports show 20 crashes at or near the intersection of John Street and William Street from June 2023 through May 2026. Those crashes injured 5 people, including 3 pedestrians and 1 cyclist.","NYPD, Motor Vehicle Collisions",https://data.cityofnewyork.us/d/h9gi-nx95
967a72b8eca0,district_311,"311 received 1,194 complaints about sewers, catch basins and flooding in our district from September 2025 through August 2026. That is the 11th highest rate per resident among the city's 59 community districts. Two years earlier the number was 930.","311 Service Requests, as counted for the planner",https://data.cityofnewyork.us/d/erm2-nwe9
968f604e4d97@9c43b4,district_311,"311 received 1,366 complaints about sewers, catch basins and flooding in our district from September 2025 through August 2026. That is the seventh highest rate per resident among the city's 59 community districts.","311 Service Requests, as counted for the planner",https://data.cityofnewyork.us/d/erm2-nwe9
968f604e4d97@9c43b4,site_311,311 received 27 reports of street flooding or clogged catch basins along Kings highway between Nostrand Avenue and Troy Avenue from September 2023 through August 2026.,311 Service Requests,https://data.cityofnewyork.us/d/erm2-nwe9
96b1cdcd3c87@830691,district_311,"311 received 1,366 complaints about sewers, catch basins and flooding in our district from September 2025 through August 2026. That is the seventh highest rate per resident among the city's 59 community districts.","311 Service Requests, as counted for the planner",https://data.cityofnewyork.us/d/erm2-nwe9
96b544faf940,district_311,"311 received 48,623 complaints about heat, hot water and other apartment conditions in our district from September 2025 through August 2026. That is the seventh highest rate per resident among the city's 59 community districts.","311 Service Requests, as counted for the planner",https://data.cityofnewyork.us/d/erm2-nwe9
96c43b1f0ceb,district_311,"311 received 2,217 complaints about construction and illegal building use in our district from September 2025 through August 2026. That is the third highest rate per resident among the city's 59 community districts. Two years earlier the number was 1,708.","311 Service Requests, as counted for the planner",https://data.cityofnewyork.us/d/erm2-nwe9
96c87cd74a6b,district_311,"311 received 3,281 complaints about potholes and other street conditions in our district from September 2025 through August 2026. That is the third highest rate per resident among the city's 59 community districts. Two years earlier the number was 1,502.","311 Service Requests, as counted for the planner",https://data.cityofnewyork.us/d/erm2-nwe9
974f69a27a88@7f8916,district_311,"311 received 4,027 complaints about litter, dumping and missed collection in our district from September 2025 through August 2026. That is the tenth highest rate per resident among the city's 59 community districts.","311 Service Requests, as counted for the planner",https://data.cityofnewyork.us/d/erm2-nwe9
974f69a27a88@fb7d45,district_311,"311 received 4,027 complaints about litter, dumping and missed collection in our district from September 2025 through August 2026. That is the tenth highest rate per resident among the city's 59 community districts.","311 Service Requests, as counted for the planner",https://data.cityofnewyork.us/d/erm2-nwe9
9779aa471025@9d6034,site_311,311 received 11 reports of street lights out or damaged within 150 feet of the intersection of Jerome Avenue and 161st Street from September 2023 through August 2026.,311 Service Requests,https://data.cityofnewyork.us/d/erm2-nwe9
9796c8991055@7d7a44,district_311,"311 received 1,366 complaints about sewers, catch basins and flooding in our district from September 2025 through August 2026. That is the seventh highest rate per resident among the city's 59 community districts.","311 Service Requests, as counted for the planner",https://data.cityofnewyork.us/d/erm2-nwe9
97cd9f405105,district_311,311 received 462 complaints about sidewalks and curbs in our district from September 2025 through August 2026. Two years earlier the number was 346.,"311 Service Requests, as counted for the planner",https://data.cityofnewyork.us/d/erm2-nwe9
97dfd6399d88@f7fceb,district_311,"311 received 1,399 complaints about potholes and other street conditions in our district from September 2025 through August 2026. That is the 11th highest rate per resident among the city's 59 community districts. Two years earlier the number was 993.","311 Service Requests, as counted for the planner",https://data.cityofnewyork.us/d/erm2-nwe9
97f033dfef69@86fbeb,district_311,"311 received 1,366 complaints about sewers, catch basins and flooding in our district from September 2025 through August 2026. That is the seventh highest rate per resident among the city's 59 community districts.","311 Service Requests, as counted for the planner",https://data.cityofnewyork.us/d/erm2-nwe9
97f033dfef69@8bb16d,district_311,"311 received 1,366 complaints about sewers, catch basins and flooding in our district from September 2025 through August 2026. That is the seventh highest rate per resident among the city's 59 community districts.","311 Service Requests, as counted for the planner",https://data.cityofnewyork.us/d/erm2-nwe9
9823eae9e452,district_311,"311 received 2,157 complaints about sewers, catch basins and flooding in our district from September 2025 through August 2026. That is the third highest rate per resident among the city's 59 community districts.","311 Service Requests, as counted for the planner",https://data.cityofnewyork.us/d/erm2-nwe9
982c072ed5c9,district_311,"311 received 1,383 requests for help for homeless people or about encampments in our district from September 2025 through August 2026. That is the ninth highest rate per resident among the city's 59 community districts.","311 Service Requests, as counted for the planner",https://data.cityofnewyork.us/d/erm2-nwe9
9851081105a4,school,"The School Construction Authority's latest Enrollment, Capacity and Utilization report shows 271 students at P.S. 125.","School Construction Authority, Enrollment, Capacity and Utilization",https://data.cityofnewyork.us/d/gkd7-3vk7
989071a51afa,district_311,"311 received 25,515 complaints about heat, hot water and other apartment conditions in our district from September 2025 through August 2026. That is the tenth highest rate per resident among the city's 59 community districts. Two years earlier the number was 19,722.","311 Service Requests, as counted for the planner",https://data.cityofnewyork.us/d/erm2-nwe9
98915222cde7@5b5a96,district_311,"311 received 956 complaints about sewers, catch basins and flooding in our district from September 2025 through August 2026. That is the fifth highest rate per resident among the city's 59 community districts.","311 Service Requests, as counted for the planner",https://data.cityofnewyork.us/d/erm2-nwe9
9896181e3ac6,district_311,"311 received 1,147 complaints about sewers, catch basins and flooding in our district from September 2025 through August 2026. That is the seventh highest number among the city's 59 community districts.","311 Service Requests, as counted for the planner",https://data.cityofnewyork.us/d/erm2-nwe9
98b56fc185ab,district_311,"311 received 1,453 complaints about potholes and other street conditions in our district from September 2025 through August 2026. Two years earlier the number was 927.","311 Service Requests, as counted for the planner",https://data.cityofnewyork.us/d/erm2-nwe9
98ca98eeb5f1@310c38,crashes,"NYPD crash reports show 14 crashes at or near the intersection of White Plains Road and Lafayette Avenue from June 2023 through May 2026. Those crashes injured 8 people, including 3 pedestrians.","NYPD, Motor Vehicle Collisions",https://data.cityofnewyork.us/d/h9gi-nx95
98d6fceebf71,street_trees,"As of February 2025, NYC Parks' tree inventory listed 1,595 empty street tree beds in our district.","NYC Parks, Forestry Planting Spaces",https://data.cityofnewyork.us/d/82zj-84is
98f662de2bf7@b159a8,crashes,"NYPD crash reports show 19 crashes at or near the intersection of West Houston Street and West Street from June 2023 through May 2026. Those crashes injured 19 people, including 1 pedestrian and 2 cyclists.","NYPD, Motor Vehicle Collisions",https://data.cityofnewyork.us/d/h9gi-nx95
99008f4dd587,street_trees,"As of February 2025, NYC Parks' tree inventory listed 1,928 empty street tree beds in our district.","NYC Parks, Forestry Planting Spaces",https://data.cityofnewyork.us/d/82zj-84is
9920253e5caf,district_311,"311 received 1,366 complaints about sewers, catch basins and flooding in our district from September 2025 through August 2026. That is the seventh highest rate per resident among the city's 59 community districts.","311 Service Requests, as counted for the planner",https://data.cityofnewyork.us/d/erm2-nwe9
993a94788819,district_311,311 received 660 complaints about rats and other pests in our district from September 2025 through August 2026. That is the fifth highest rate per resident among the city's 59 community districts.,"311 Service Requests, as counted for the planner",https://data.cityofnewyork.us/d/erm2-nwe9
994b5af931ca@1358fc,district_311,"311 received 2,590 complaints about litter, dumping and missed collection in our district from September 2025 through August 2026. That is the 11th highest rate per resident among the city's 59 community districts.","311 Service Requests, as counted for the planner",https://data.cityofnewyork.us/d/erm2-nwe9
994b5af931ca@5731a6,district_311,"311 received 2,590 complaints about litter, dumping and missed collection in our district from September 2025 through August 2026. That is the 11th highest rate per resident among the city's 59 community districts.","311 Service Requests, as counted for the planner",https://data.cityofnewyork.us/d/erm2-nwe9
994b5af931ca@ae9df6,district_311,"311 received 2,590 complaints about litter, dumping and missed collection in our district from September 2025 through August 2026. That is the 11th highest rate per resident among the city's 59 community districts.","311 Service Requests, as counted for the planner",https://data.cityofnewyork.us/d/erm2-nwe9
9952be1f8db6,district_311,"311 received 362 complaints about sewers, catch basins and flooding in our district from September 2025 through August 2026. That is the ninth highest rate per resident among the city's 59 community districts. Two years earlier the number was 288.","311 Service Requests, as counted for the planner",https://data.cityofnewyork.us/d/erm2-nwe9
9952be1f8db6@ced3bb,district_311,"311 received 362 complaints about sewers, catch basins and flooding in our district from September 2025 through August 2026. That is the ninth highest rate per resident among the city's 59 community districts. Two years earlier the number was 288.","311 Service Requests, as counted for the planner",https://data.cityofnewyork.us/d/erm2-nwe9
995eeb463d94,park_inspection,NYC Parks inspectors rated the safety surfacing at Benson Playground unacceptable in 2 of 6 inspections from August 2024 through July 2026.,"NYC Parks, Parks Inspection Program",https://data.cityofnewyork.us/d/yg3y-7juh
996328c3d8d6,district_311,"311 received 1,361 complaints about potholes and other street conditions in our district from September 2025 through August 2026. Two years earlier the number was 788.","311 Service Requests, as counted for the planner",https://data.cityofnewyork.us/d/erm2-nwe9
997cee675537,district_311,311 received 940 complaints about sidewalks and curbs in our district from September 2025 through August 2026. That is the ninth highest number among the city's 59 community districts.,"311 Service Requests, as counted for the planner",https://data.cityofnewyork.us/d/erm2-nwe9
99c7032fc0af,district_311,"311 received 3,247 complaints about street trees in our district from September 2025 through August 2026. That is the eighth highest rate per resident among the city's 59 community districts.","311 Service Requests, as counted for the planner",https://data.cityofnewyork.us/d/erm2-nwe9
99c7a5aeb998,district_311,"311 received 3,634 complaints about litter, dumping and missed collection in our district from September 2025 through August 2026. That is the 14th highest number among the city's 59 community districts.","311 Service Requests, as counted for the planner",https://data.cityofnewyork.us/d/erm2-nwe9
99d480b52563@79022c,district_311,"311 received 540 complaints about sewers, catch basins and flooding in our district from September 2025 through August 2026. Two years earlier the number was 408.","311 Service Requests, as counted for the planner",https://data.cityofnewyork.us/d/erm2-nwe9
99f60faad2b1,street_trees,"As of February 2025, NYC Parks' tree inventory listed 1,651 empty street tree beds in our district.","NYC Parks, Forestry Planting Spaces",https://data.cityofnewyork.us/d/82zj-84is
9a1bafe68c5d,district_311,"311 received 1,905 complaints about potholes and other street conditions in our district from September 2025 through August 2026. That is the highest rate per resident among the city's 59 community districts. Two years earlier the number was 1,516.","311 Service Requests, as counted for the planner",https://data.cityofnewyork.us/d/erm2-nwe9
9a2efd5a3da8@aa143a,district_311,"311 received 3,672 complaints about potholes and other street conditions in our district from September 2025 through August 2026. That is the second highest rate per resident among the city's 59 community districts. Two years earlier the number was 1,979.","311 Service Requests, as counted for the planner",https://data.cityofnewyork.us/d/erm2-nwe9
9a2efd5a3da8@e4eb18,district_311,"311 received 3,672 complaints about potholes and other street conditions in our district from September 2025 through August 2026. That is the second highest rate per resident among the city's 59 community districts. Two years earlier the number was 1,979.","311 Service Requests, as counted for the planner",https://data.cityofnewyork.us/d/erm2-nwe9
9a4bb2768849@9ffd4a,school,"The School Construction Authority's latest Enrollment, Capacity and Utilization report shows 629 students at P.S. 11.","School Construction Authority, Enrollment, Capacity and Utilization",https://data.cityofnewyork.us/d/gkd7-3vk7
9a54712ca4da,district_311,"311 received 2,026 complaints about litter, dumping and missed collection in our district from September 2025 through August 2026. Two years earlier the number was 1,381.","311 Service Requests, as counted for the planner",https://data.cityofnewyork.us/d/erm2-nwe9
9a60f0b303c1,district_311,"311 received 1,421 complaints about rats and other pests in our district from September 2025 through August 2026. That is the second highest rate per resident among the city's 59 community districts.","311 Service Requests, as counted for the planner",https://data.cityofnewyork.us/d/erm2-nwe9
9a6f1f6741ee,crashes,"NYPD crash reports show 43 crashes at or near the intersection of Eastern Parkway and Washington Avenue from June 2023 through May 2026. Those crashes injured 34 people, including 4 pedestrians and 2 cyclists.","NYPD, Motor Vehicle Collisions",https://data.cityofnewyork.us/d/h9gi-nx95
9a81057dd8d1,park_inspection,NYC Parks inspectors rated Mafera Park unacceptable overall in 3 of 5 inspections from August 2024 through July 2026.,"NYC Parks, Parks Inspection Program",https://data.cityofnewyork.us/d/yg3y-7juh
9a91cd09566e,school,"The School Construction Authority's latest Enrollment, Capacity and Utilization report shows 336 students at P.S. 198.","School Construction Authority, Enrollment, Capacity and Utilization",https://data.cityofnewyork.us/d/gkd7-3vk7
9a970587e4f9@14b199,district_311,"311 received 11,967 complaints about illegal parking and blocked driveways in our district from September 2025 through August 2026. Two years earlier the number was 9,445.","311 Service Requests, as counted for the planner",https://data.cityofnewyork.us/d/erm2-nwe9
9ab6aebb2afc@2668df,crashes,"NYPD crash reports show 167 crashes on Myrtle Avenue between Fresh Pond Road and 82nd Street from June 2023 through May 2026. Those crashes injured 93 people, including 26 pedestrians and 21 cyclists.","NYPD, Motor Vehicle Collisions",https://data.cityofnewyork.us/d/h9gi-nx95
9ab6aebb2afc@2668df,district_311,"311 received 1,027 complaints about sidewalks and curbs in our district from September 2025 through August 2026. That is the 11th highest rate per resident among the city's 59 community districts.","311 Service Requests, as counted for the planner",https://data.cityofnewyork.us/d/erm2-nwe9
9ab6aebb2afc@479be5,crashes,"NYPD crash reports show 5 crashes at or near the intersection of Myrtle Avenue and Fresh Pond Road from June 2023 through May 2026. Those crashes injured 3 people, including 1 pedestrian.","NYPD, Motor Vehicle Collisions",https://data.cityofnewyork.us/d/h9gi-nx95
9ab6aebb2afc@479be5,district_311,"311 received 1,027 complaints about sidewalks and curbs in our district from September 2025 through August 2026. That is the 11th highest rate per resident among the city's 59 community districts.","311 Service Requests, as counted for the planner",https://data.cityofnewyork.us/d/erm2-nwe9
9abd5190b897,district_311,"311 received 3,634 complaints about litter, dumping and missed collection in our district from September 2025 through August 2026. That is the 14th highest number among the city's 59 community districts.","311 Service Requests, as counted for the planner",https://data.cityofnewyork.us/d/erm2-nwe9
9adde7e11e7a@a4b8f6,crashes,"NYPD crash reports show 7 crashes at or near the intersection of Waverly Place and Christopher Street from June 2023 through May 2026. Those crashes injured 3 people, including 2 pedestrians.","NYPD, Motor Vehicle Collisions",https://data.cityofnewyork.us/d/h9gi-nx95
9aedfd62c9f9@8a0d38,park_inspection,NYC Parks inspectors rated Bridge Park 3 unacceptable overall in 3 of 5 inspections from August 2024 through July 2026.,"NYC Parks, Parks Inspection Program",https://data.cityofnewyork.us/d/yg3y-7juh
9aff6d7e66e5@715cb9,district_311,"311 received 1,366 complaints about sewers, catch basins and flooding in our district from September 2025 through August 2026. That is the seventh highest rate per resident among the city's 59 community districts.","311 Service Requests, as counted for the planner",https://data.cityofnewyork.us/d/erm2-nwe9
9b482282f45f@3bb571,district_311,"311 received 1,109 complaints about potholes and other street conditions in our district from September 2025 through August 2026. Two years earlier the number was 706.","311 Service Requests, as counted for the planner",https://data.cityofnewyork.us/d/erm2-nwe9
9b54dbec22c5,district_311,"311 received 1,491 complaints about sewers, catch basins and flooding in our district from September 2025 through August 2026. That is the highest rate per resident among the city's 59 community districts.","311 Service Requests, as counted for the planner",https://data.cityofnewyork.us/d/erm2-nwe9
9b717e06e4d6,park_inspection,NYC Parks inspectors rated Harvey Park unacceptable overall in 2 of 5 inspections from August 2024 through July 2026.,"NYC Parks, Parks Inspection Program",https://data.cityofnewyork.us/d/yg3y-7juh
9b826900dd50@3a9649,crashes,"NYPD crash reports show 47 crashes on White Plains Road between Lafayette Avenue and O'Brien Avenue from June 2023 through May 2026. Those crashes injured 33 people, including 11 pedestrians and 3 cyclists.","NYPD, Motor Vehicle Collisions",https://data.cityofnewyork.us/d/h9gi-nx95
9b82d3bf19bc,district_311,"311 received 3,619 complaints about potholes and other street conditions in our district from September 2025 through August 2026. That is the ninth highest rate per resident among the city's 59 community districts. Two years earlier the number was 1,834.","311 Service Requests, as counted for the planner",https://data.cityofnewyork.us/d/erm2-nwe9
9b8bf531596b,street_trees,"As of February 2025, NYC Parks' tree inventory listed 1,928 empty street tree beds in our district.","NYC Parks, Forestry Planting Spaces",https://data.cityofnewyork.us/d/82zj-84is
9b9c19a5cd1d,district_311,"311 received 9,980 requests for help for homeless people or about encampments in our district from September 2025 through August 2026. That is the second highest rate per resident among the city's 59 community districts. Two years earlier the number was 6,541.","311 Service Requests, as counted for the planner",https://data.cityofnewyork.us/d/erm2-nwe9
9ba3b574fd41,district_311,"311 received 1,366 complaints about sewers, catch basins and flooding in our district from September 2025 through August 2026. That is the seventh highest rate per resident among the city's 59 community districts.","311 Service Requests, as counted for the planner",https://data.cityofnewyork.us/d/erm2-nwe9
9bab5c234133@3138c8,district_311,"311 received 2,590 complaints about litter, dumping and missed collection in our district from September 2025 through August 2026. That is the 11th highest rate per resident among the city's 59 community districts.","311 Service Requests, as counted for the planner",https://data.cityofnewyork.us/d/erm2-nwe9
9bc188003ac5@16a1e0,district_311,"311 received 540 complaints about sewers, catch basins and flooding in our district from September 2025 through August 2026. Two years earlier the number was 408.","311 Service Requests, as counted for the planner",https://data.cityofnewyork.us/d/erm2-nwe9
9c08768155d6,district_311,"311 received 2,676 complaints about street trees in our district from September 2025 through August 2026. That is the seventh highest rate per resident among the city's 59 community districts.","311 Service Requests, as counted for the planner",https://data.cityofnewyork.us/d/erm2-nwe9
9c1cdd17f59c,district_311,"311 received 1,147 complaints about sewers, catch basins and flooding in our district from September 2025 through August 2026. That is the seventh highest number among the city's 59 community districts.","311 Service Requests, as counted for the planner",https://data.cityofnewyork.us/d/erm2-nwe9
9c353c5d29d8,park_inspection,NYC Parks inspectors rated Mafera Park unacceptable overall in 3 of 5 inspections from August 2024 through July 2026. They rated its paved surfaces unacceptable in 5 of 5 inspections.,"NYC Parks, Parks Inspection Program",https://data.cityofnewyork.us/d/yg3y-7juh
9c43ac001198,district_311,"311 received 1,366 complaints about sewers, catch basins and flooding in our district from September 2025 through August 2026. That is the seventh highest rate per resident among the city's 59 community districts.","311 Service Requests, as counted for the planner",https://data.cityofnewyork.us/d/erm2-nwe9
9c43ac001198@740f6c,district_311,"311 received 1,366 complaints about sewers, catch basins and flooding in our district from September 2025 through August 2026. That is the seventh highest rate per resident among the city's 59 community districts.","311 Service Requests, as counted for the planner",https://data.cityofnewyork.us/d/erm2-nwe9
9c43ac001198@f59dc9,district_311,"311 received 1,366 complaints about sewers, catch basins and flooding in our district from September 2025 through August 2026. That is the seventh highest rate per resident among the city's 59 community districts.","311 Service Requests, as counted for the planner",https://data.cityofnewyork.us/d/erm2-nwe9
9c80f79ac096,district_311,"311 received 3,776 complaints about street trees in our district from September 2025 through August 2026. That is the 14th highest rate per resident among the city's 59 community districts.","311 Service Requests, as counted for the planner",https://data.cityofnewyork.us/d/erm2-nwe9
9c951eb1f752,district_311,"311 received 1,082 complaints about sewers, catch basins and flooding in our district from September 2025 through August 2026. That is the 13th highest rate per resident among the city's 59 community districts.","311 Service Requests, as counted for the planner",https://data.cityofnewyork.us/d/erm2-nwe9
9c9dbeb8168f,park_inspection,NYC Parks inspectors rated Leif Ericson Park unacceptable overall in 3 of 6 inspections from August 2024 through July 2026.,"NYC Parks, Parks Inspection Program",https://data.cityofnewyork.us/d/yg3y-7juh
9cb656da0cc8,district_311,311 received 558 complaints about rats and other pests in our district from September 2025 through August 2026. That is the 11th highest rate per resident among the city's 59 community districts.,"311 Service Requests, as counted for the planner",https://data.cityofnewyork.us/d/erm2-nwe9
9cbab257c0f0,district_311,"311 received 34,621 noise complaints in our district from September 2025 through August 2026. That is the third highest rate per resident among the city's 59 community districts.","311 Service Requests, as counted for the planner",https://data.cityofnewyork.us/d/erm2-nwe9
9cbd1a712d53@805967,district_311,311 received 408 complaints about street lights in our district from September 2025 through August 2026. That is the fifth highest rate per resident among the city's 59 community districts.,"311 Service Requests, as counted for the planner",https://data.cityofnewyork.us/d/erm2-nwe9
9cd373467a17@245a7d,district_311,"311 received 2,157 complaints about sewers, catch basins and flooding in our district from September 2025 through August 2026. That is the third highest rate per resident among the city's 59 community districts.","311 Service Requests, as counted for the planner",https://data.cityofnewyork.us/d/erm2-nwe9
9ce75b775b22@a1f52f,park_inspection,NYC Parks inspectors rated Benninger Playground unacceptable overall in 2 of 4 inspections from August 2024 through July 2026.,"NYC Parks, Parks Inspection Program",https://data.cityofnewyork.us/d/yg3y-7juh
9ce869223926,district_311,311 received 246 complaints about park maintenance in our district from September 2025 through August 2026. Two years earlier the number was 190.,"311 Service Requests, as counted for the planner",https://data.cityofnewyork.us/d/erm2-nwe9
9d18de4189ef,school,"The School Construction Authority's latest Enrollment, Capacity and Utilization report shows 832 students at P.S. 95.","School Construction Authority, Enrollment, Capacity and Utilization",https://data.cityofnewyork.us/d/gkd7-3vk7
9d42674e3de3@62c698,school,"The School Construction Authority's latest Enrollment, Capacity and Utilization report shows 300 students at P.S. 146.","School Construction Authority, Enrollment, Capacity and Utilization",https://data.cityofnewyork.us/d/gkd7-3vk7
9d6c902872a8@0db313,district_311,"311 received 1,194 complaints about sewers, catch basins and flooding in our district from September 2025 through August 2026. That is the 11th highest rate per resident among the city's 59 community districts. Two years earlier the number was 930.","311 Service Requests, as counted for the planner",https://data.cityofnewyork.us/d/erm2-nwe9
9d9f754099bf,district_311,"311 received 1,453 complaints about potholes and other street conditions in our district from September 2025 through August 2026. Two years earlier the number was 927.","311 Service Requests, as counted for the planner",https://data.cityofnewyork.us/d/erm2-nwe9
9dbbaf3ebf7e@4c882d,crashes,"NYPD crash reports show 11 crashes at or near the intersection of Christopher Street and Greenwich Avenue from June 2023 through May 2026. Those crashes injured 5 people, including 2 cyclists.","NYPD, Motor Vehicle Collisions",https://data.cityofnewyork.us/d/h9gi-nx95
9dcd068156d7,district_311,"311 received 4,027 complaints about litter, dumping and missed collection in our district from September 2025 through August 2026. That is the tenth highest rate per resident among the city's 59 community districts.","311 Service Requests, as counted for the planner",https://data.cityofnewyork.us/d/erm2-nwe9
9dd6972040e8,district_311,"311 received 1,082 complaints about sewers, catch basins and flooding in our district from September 2025 through August 2026. That is the 13th highest rate per resident among the city's 59 community districts.","311 Service Requests, as counted for the planner",https://data.cityofnewyork.us/d/erm2-nwe9
9dd69f778bbc@352bb8,district_311,"311 received 1,194 complaints about sewers, catch basins and flooding in our district from September 2025 through August 2026. That is the 11th highest rate per resident among the city's 59 community districts. Two years earlier the number was 930.","311 Service Requests, as counted for the planner",https://data.cityofnewyork.us/d/erm2-nwe9
9dd69f778bbc@352bb8,site_311,311 received 30 reports of street flooding or clogged catch basins along 77th Avenue between 76th Street and 88th Street from September 2023 through August 2026.,311 Service Requests,https://data.cityofnewyork.us/d/erm2-nwe9
9dd961767fb7,district_311,"311 received 1,387 complaints about potholes and other street conditions in our district from September 2025 through August 2026. Two years earlier the number was 1,063.","311 Service Requests, as counted for the planner",https://data.cityofnewyork.us/d/erm2-nwe9
9df29393046a,district_311,311 received 292 requests for help for homeless people or about encampments in our district from September 2025 through August 2026. Two years earlier the number was 130.,"311 Service Requests, as counted for the planner",https://data.cityofnewyork.us/d/erm2-nwe9
9df6374819f1,district_311,"311 received 540 complaints about sewers, catch basins and flooding in our district from September 2025 through August 2026. Two years earlier the number was 408.","311 Service Requests, as counted for the planner",https://data.cityofnewyork.us/d/erm2-nwe9
9e0d9c698a84@631729,district_311,"311 received 1,109 complaints about potholes and other street conditions in our district from September 2025 through August 2026. Two years earlier the number was 706.","311 Service Requests, as counted for the planner",https://data.cityofnewyork.us/d/erm2-nwe9
9e714a673c7c,district_311,"311 received 2,931 complaints about construction and illegal building use in our district from September 2025 through August 2026. That is the fifth highest rate per resident among the city's 59 community districts. Two years earlier the number was 2,254.","311 Service Requests, as counted for the planner",https://data.cityofnewyork.us/d/erm2-nwe9
9eac811274a6@954604,district_311,311 received 469 complaints about sidewalks and curbs in our district from September 2025 through August 2026. Two years earlier the number was 345.,"311 Service Requests, as counted for the planner",https://data.cityofnewyork.us/d/erm2-nwe9
9eac811274a6@b094dd,district_311,311 received 469 complaints about sidewalks and curbs in our district from September 2025 through August 2026. Two years earlier the number was 345.,"311 Service Requests, as counted for the planner",https://data.cityofnewyork.us/d/erm2-nwe9
9ec1d546bd3b,district_311,"311 received 21,403 complaints about heat, hot water and other apartment conditions in our district from September 2025 through August 2026. That is the 13th highest rate per resident among the city's 59 community districts.","311 Service Requests, as counted for the planner",https://data.cityofnewyork.us/d/erm2-nwe9
9ed0def6da53,district_311,"311 received 3,256 complaints about street trees in our district from September 2025 through August 2026. That is the ninth highest rate per resident among the city's 59 community districts.","311 Service Requests, as counted for the planner",https://data.cityofnewyork.us/d/erm2-nwe9
9ed943f6e2ae@09bf9d,district_311,311 received 992 complaints about sidewalks and curbs in our district from September 2025 through August 2026. That is the 15th highest rate per resident among the city's 59 community districts.,"311 Service Requests, as counted for the planner",https://data.cityofnewyork.us/d/erm2-nwe9
9ed9a196eb7a,district_311,"311 received 32,674 complaints about illegal parking and blocked driveways in our district from September 2025 through August 2026. That is the sixth highest rate per resident among the city's 59 community districts. Two years earlier the number was 22,066.","311 Service Requests, as counted for the planner",https://data.cityofnewyork.us/d/erm2-nwe9
9ede00ed489e,park_inspection,NYC Parks inspectors rated Vleigh Playground unacceptable overall in 2 of 4 inspections from August 2024 through July 2026.,"NYC Parks, Parks Inspection Program",https://data.cityofnewyork.us/d/yg3y-7juh
9edf36a164f9,district_311,"311 received 3,108 complaints about litter, dumping and missed collection in our district from September 2025 through August 2026. Two years earlier the number was 2,058.","311 Service Requests, as counted for the planner",https://data.cityofnewyork.us/d/erm2-nwe9
9ee92dd5f7b1@b729c8,crashes,"NYPD crash reports show 38 crashes at or near the intersection of Erskine Street and Seaview Avenue from June 2023 through May 2026. Those crashes injured 34 people, including 5 pedestrians.","NYPD, Motor Vehicle Collisions",https://data.cityofnewyork.us/d/h9gi-nx95
9ef5ac50fdbc@742e65,district_311,"311 received 1,027 complaints about sidewalks and curbs in our district from September 2025 through August 2026. That is the 11th highest rate per resident among the city's 59 community districts.","311 Service Requests, as counted for the planner",https://data.cityofnewyork.us/d/erm2-nwe9
9f1f5f07965b,district_311,"311 received 362 complaints about sewers, catch basins and flooding in our district from September 2025 through August 2026. That is the ninth highest rate per resident among the city's 59 community districts. Two years earlier the number was 288.","311 Service Requests, as counted for the planner",https://data.cityofnewyork.us/d/erm2-nwe9
9f2e637c4f08,district_311,"311 received 1,082 complaints about sewers, catch basins and flooding in our district from September 2025 through August 2026. That is the 13th highest rate per resident among the city's 59 community districts.","311 Service Requests, as counted for the planner",https://data.cityofnewyork.us/d/erm2-nwe9
9f55d54ba190,school,"The School Construction Authority's latest Enrollment, Capacity and Utilization report shows P.S. 66 with 472 students, 142% of its target capacity.","School Construction Authority, Enrollment, Capacity and Utilization",https://data.cityofnewyork.us/d/gkd7-3vk7
9f59b374c1dc,district_311,"311 received 625 complaints about sewers, catch basins and flooding in our district from September 2025 through August 2026. Two years earlier the number was 461.","311 Service Requests, as counted for the planner",https://data.cityofnewyork.us/d/erm2-nwe9
9f59b374c1dc,site_311,311 received 62 reports of street flooding or clogged catch basins along Wilson Avenue between Myrtle Avenue and Halsey Street from September 2023 through August 2026.,311 Service Requests,https://data.cityofnewyork.us/d/erm2-nwe9
9f8080c5ac8a,street_trees,"As of February 2025, NYC Parks' tree inventory listed 1,120 empty street tree beds in our district.","NYC Parks, Forestry Planting Spaces",https://data.cityofnewyork.us/d/82zj-84is
9fa76e44e816,district_311,311 received 211 requests for help for homeless people or about encampments in our district from September 2025 through August 2026. Two years earlier the number was 118.,"311 Service Requests, as counted for the planner",https://data.cityofnewyork.us/d/erm2-nwe9
9fae2ee98ba3,district_311,"311 received 1,491 complaints about sewers, catch basins and flooding in our district from September 2025 through August 2026. That is the highest rate per resident among the city's 59 community districts.","311 Service Requests, as counted for the planner",https://data.cityofnewyork.us/d/erm2-nwe9
9fb7ee7ddda6,district_311,"311 received 3,977 requests for help for homeless people or about encampments in our district from September 2025 through August 2026. That is the seventh highest rate per resident among the city's 59 community districts. Two years earlier the number was 2,911.","311 Service Requests, as counted for the planner",https://data.cityofnewyork.us/d/erm2-nwe9
a00fe9637bdb,district_311,"311 received 21,862 complaints about heat, hot water and other apartment conditions in our district from September 2025 through August 2026. Two years earlier the number was 13,773.","311 Service Requests, as counted for the planner",https://data.cityofnewyork.us/d/erm2-nwe9
a07fb16fbb3c,district_311,311 received 399 complaints about rats and other pests in our district from September 2025 through August 2026. That is the 12th highest rate per resident among the city's 59 community districts.,"311 Service Requests, as counted for the planner",https://data.cityofnewyork.us/d/erm2-nwe9
a084a210794a,district_311,"311 received 2,502 complaints about street trees in our district from September 2025 through August 2026. That is the 12th highest rate per resident among the city's 59 community districts.","311 Service Requests, as counted for the planner",https://data.cityofnewyork.us/d/erm2-nwe9
a0905a6e2ae0,school,"The School Construction Authority's latest Enrollment, Capacity and Utilization report shows 542 students at P.S. 3.","School Construction Authority, Enrollment, Capacity and Utilization",https://data.cityofnewyork.us/d/gkd7-3vk7
a0a3070a2f8b,district_311,311 received 873 complaints about sidewalks and curbs in our district from September 2025 through August 2026. That is the 12th highest number among the city's 59 community districts.,"311 Service Requests, as counted for the planner",https://data.cityofnewyork.us/d/erm2-nwe9
a0fe12ceb004,district_311,"311 received 1,084 complaints about sewers, catch basins and flooding in our district from September 2025 through August 2026. That is the 14th highest rate per resident among the city's 59 community districts.","311 Service Requests, as counted for the planner",https://data.cityofnewyork.us/d/erm2-nwe9
a115969e9057,district_311,"311 received 7,829 complaints about abandoned and derelict vehicles in our district from September 2025 through August 2026. That is the highest rate per resident among the city's 59 community districts.","311 Service Requests, as counted for the planner",https://data.cityofnewyork.us/d/erm2-nwe9
a11d3eb81580,district_311,311 received 541 complaints about potholes and other street conditions in our district from September 2025 through August 2026. Two years earlier the number was 405.,"311 Service Requests, as counted for the planner",https://data.cityofnewyork.us/d/erm2-nwe9
a125cdb54691,district_311,"311 received 14,142 requests for help for homeless people or about encampments in our district from September 2025 through August 2026. That is the highest rate per resident among the city's 59 community districts.","311 Service Requests, as counted for the planner",https://data.cityofnewyork.us/d/erm2-nwe9
a161f9f70d05@ef18bb,school,"The School Construction Authority's latest Enrollment, Capacity and Utilization report shows 392 students at I.S. 144.","School Construction Authority, Enrollment, Capacity and Utilization",https://data.cityofnewyork.us/d/gkd7-3vk7
a1c9bce22428,district_311,311 received 780 complaints about sidewalks and curbs in our district from September 2025 through August 2026. Two years earlier the number was 602.,"311 Service Requests, as counted for the planner",https://data.cityofnewyork.us/d/erm2-nwe9
a1dc3351e8c9@f54eb6,district_311,"311 received 8,319 complaints about illegal parking and blocked driveways in our district from September 2025 through August 2026. Two years earlier the number was 5,782.","311 Service Requests, as counted for the planner",https://data.cityofnewyork.us/d/erm2-nwe9
a1dfefb445d7@8d6d15,school,"The School Construction Authority's latest Enrollment, Capacity and Utilization report shows P.S. 51 with 436 students, 103% of its target capacity.","School Construction Authority, Enrollment, Capacity and Utilization",https://data.cityofnewyork.us/d/gkd7-3vk7
a1e148c55a19,district_311,"311 received 4,782 complaints about potholes and other street conditions in our district from September 2025 through August 2026. That is the 13th highest rate per resident among the city's 59 community districts. Two years earlier the number was 2,431.","311 Service Requests, as counted for the planner",https://data.cityofnewyork.us/d/erm2-nwe9
a1e2fb6a9844@0acde0,school,"The School Construction Authority's latest Enrollment, Capacity and Utilization report shows 344 students at P.S. 277.","School Construction Authority, Enrollment, Capacity and Utilization",https://data.cityofnewyork.us/d/gkd7-3vk7
a1e607aaeb52,district_311,"311 received 1,366 complaints about sewers, catch basins and flooding in our district from September 2025 through August 2026. That is the seventh highest rate per resident among the city's 59 community districts.","311 Service Requests, as counted for the planner",https://data.cityofnewyork.us/d/erm2-nwe9
a1f25703a917,district_311,"311 received 2,296 complaints about abandoned and derelict vehicles in our district from September 2025 through August 2026. That is the 13th highest number among the city's 59 community districts.","311 Service Requests, as counted for the planner",https://data.cityofnewyork.us/d/erm2-nwe9
a2052c68ec1c,school,"The School Construction Authority's latest Enrollment, Capacity and Utilization report shows 314 students at P.S. 360.","School Construction Authority, Enrollment, Capacity and Utilization",https://data.cityofnewyork.us/d/gkd7-3vk7
a210c80ea04d,district_311,"311 received 1,675 complaints about potholes and other street conditions in our district from September 2025 through August 2026. Two years earlier the number was 1,092.","311 Service Requests, as counted for the planner",https://data.cityofnewyork.us/d/erm2-nwe9
a24d805821ff@1ad1fa,district_311,"311 received 1,147 complaints about sewers, catch basins and flooding in our district from September 2025 through August 2026. That is the seventh highest number among the city's 59 community districts.","311 Service Requests, as counted for the planner",https://data.cityofnewyork.us/d/erm2-nwe9
a271762a8c39,district_311,"311 received 1,084 complaints about sewers, catch basins and flooding in our district from September 2025 through August 2026. That is the 14th highest rate per resident among the city's 59 community districts.","311 Service Requests, as counted for the planner",https://data.cityofnewyork.us/d/erm2-nwe9
a27b85cca46b@0fcd4a,district_311,"311 received 1,082 complaints about sewers, catch basins and flooding in our district from September 2025 through August 2026. That is the 13th highest rate per resident among the city's 59 community districts.","311 Service Requests, as counted for the planner",https://data.cityofnewyork.us/d/erm2-nwe9
a27d7653c855,district_311,"311 received 2,590 complaints about litter, dumping and missed collection in our district from September 2025 through August 2026. That is the 11th highest rate per resident among the city's 59 community districts.","311 Service Requests, as counted for the planner",https://data.cityofnewyork.us/d/erm2-nwe9
a28cec3f0f21,district_311,"311 received 1,068 complaints about rats and other pests in our district from September 2025 through August 2026. That is the eighth highest rate per resident among the city's 59 community districts.","311 Service Requests, as counted for the planner",https://data.cityofnewyork.us/d/erm2-nwe9
a294db96ae04,street_trees,"As of February 2025, NYC Parks' tree inventory listed 887 empty street tree beds in our district.","NYC Parks, Forestry Planting Spaces",https://data.cityofnewyork.us/d/82zj-84is
a298dcebf180,district_311,"311 received 5,367 requests for help for homeless people or about encampments in our district from September 2025 through August 2026. That is the fourth highest rate per resident among the city's 59 community districts. Two years earlier the number was 3,162.","311 Service Requests, as counted for the planner",https://data.cityofnewyork.us/d/erm2-nwe9
a2b542dbae89,district_311,"311 received 754 complaints about sewers, catch basins and flooding in our district from September 2025 through August 2026. That is the 15th highest rate per resident among the city's 59 community districts.","311 Service Requests, as counted for the planner",https://data.cityofnewyork.us/d/erm2-nwe9
a2c80b426bf7,district_311,"311 received 5,650 complaints about litter, dumping and missed collection in our district from September 2025 through August 2026. That is the fourth highest rate per resident among the city's 59 community districts.","311 Service Requests, as counted for the planner",https://data.cityofnewyork.us/d/erm2-nwe9
a2dd28d6a074,district_311,"311 received 46,082 complaints about heat, hot water and other apartment conditions in our district from September 2025 through August 2026. That is the second highest rate per resident among the city's 59 community districts.","311 Service Requests, as counted for the planner",https://data.cityofnewyork.us/d/erm2-nwe9
a2ece61ddb35,district_311,"311 received 1,366 complaints about sewers, catch basins and flooding in our district from September 2025 through August 2026. That is the seventh highest rate per resident among the city's 59 community districts.","311 Service Requests, as counted for the planner",https://data.cityofnewyork.us/d/erm2-nwe9
a2ece61ddb35@06605a,district_311,"311 received 1,366 complaints about sewers, catch basins and flooding in our district from September 2025 through August 2026. That is the seventh highest rate per resident among the city's 59 community districts.","311 Service Requests, as counted for the planner",https://data.cityofnewyork.us/d/erm2-nwe9
a2ece61ddb35@b596f8,district_311,"311 received 1,366 complaints about sewers, catch basins and flooding in our district from September 2025 through August 2026. That is the seventh highest rate per resident among the city's 59 community districts.","311 Service Requests, as counted for the planner",https://data.cityofnewyork.us/d/erm2-nwe9
a303e7f30341,school,"The School Construction Authority's latest Enrollment, Capacity and Utilization report shows 696 students at P.S. 20.","School Construction Authority, Enrollment, Capacity and Utilization",https://data.cityofnewyork.us/d/gkd7-3vk7
a30d5315e782,district_311,"311 received 14,142 requests for help for homeless people or about encampments in our district from September 2025 through August 2026. That is the highest rate per resident among the city's 59 community districts.","311 Service Requests, as counted for the planner",https://data.cityofnewyork.us/d/erm2-nwe9
a36a8e8447fc,district_311,"311 received 3,247 complaints about street trees in our district from September 2025 through August 2026. That is the eighth highest rate per resident among the city's 59 community districts.","311 Service Requests, as counted for the planner",https://data.cityofnewyork.us/d/erm2-nwe9
a370323c6314@811728,district_311,"311 received 2,590 complaints about litter, dumping and missed collection in our district from September 2025 through August 2026. That is the 11th highest rate per resident among the city's 59 community districts.","311 Service Requests, as counted for the planner",https://data.cityofnewyork.us/d/erm2-nwe9
a37127c54274@4de309,crashes,"NYPD crash reports show 281 crashes on Coney Island Avenue between Avenue P and Avenue Z from June 2023 through May 2026. Those crashes injured 191 people, including 47 pedestrians and 14 cyclists, and killed 1 person.","NYPD, Motor Vehicle Collisions",https://data.cityofnewyork.us/d/h9gi-nx95
a37b312151b6,district_311,"311 received 1,516 requests for help for homeless people or about encampments in our district from September 2025 through August 2026. That is the eighth highest rate per resident among the city's 59 community districts.","311 Service Requests, as counted for the planner",https://data.cityofnewyork.us/d/erm2-nwe9
a38ca5ef8e4b@192550,district_311,"311 received 956 complaints about sewers, catch basins and flooding in our district from September 2025 through August 2026. That is the fifth highest rate per resident among the city's 59 community districts.","311 Service Requests, as counted for the planner",https://data.cityofnewyork.us/d/erm2-nwe9
a38ca5ef8e4b@192550,site_311,311 received 5 reports of street flooding or clogged catch basins along 34th Avenue between 211th Street and 213th Street from September 2023 through August 2026.,311 Service Requests,https://data.cityofnewyork.us/d/erm2-nwe9
a3b30c1a4e83,district_311,"311 received 3,247 complaints about street trees in our district from September 2025 through August 2026. That is the eighth highest rate per resident among the city's 59 community districts.","311 Service Requests, as counted for the planner",https://data.cityofnewyork.us/d/erm2-nwe9
a3b87d9e6570,district_311,311 received 336 complaints about street lights in our district from September 2025 through August 2026. Two years earlier the number was 242.,"311 Service Requests, as counted for the planner",https://data.cityofnewyork.us/d/erm2-nwe9
a3cdfca434a1,district_311,"311 received 1,147 complaints about sewers, catch basins and flooding in our district from September 2025 through August 2026. That is the seventh highest number among the city's 59 community districts.","311 Service Requests, as counted for the planner",https://data.cityofnewyork.us/d/erm2-nwe9
a3d2816cbe4b@6c3351,district_311,"311 received 956 complaints about sewers, catch basins and flooding in our district from September 2025 through August 2026. That is the fifth highest rate per resident among the city's 59 community districts.","311 Service Requests, as counted for the planner",https://data.cityofnewyork.us/d/erm2-nwe9
a3de18bfe047,school,"The School Construction Authority's latest Enrollment, Capacity and Utilization report shows 352 students at P.S. 138.","School Construction Authority, Enrollment, Capacity and Utilization",https://data.cityofnewyork.us/d/gkd7-3vk7
a3f1125a4486,district_311,"311 received 1,194 complaints about sewers, catch basins and flooding in our district from September 2025 through August 2026. That is the 11th highest rate per resident among the city's 59 community districts. Two years earlier the number was 930.","311 Service Requests, as counted for the planner",https://data.cityofnewyork.us/d/erm2-nwe9
a3f9fe553ee5,district_311,311 received 660 complaints about rats and other pests in our district from September 2025 through August 2026. That is the fifth highest rate per resident among the city's 59 community districts.,"311 Service Requests, as counted for the planner",https://data.cityofnewyork.us/d/erm2-nwe9
a3fac4c194a8,district_311,"311 received 1,082 complaints about sewers, catch basins and flooding in our district from September 2025 through August 2026. That is the 13th highest rate per resident among the city's 59 community districts.","311 Service Requests, as counted for the planner",https://data.cityofnewyork.us/d/erm2-nwe9
a41c58ba279c,district_311,"311 received 14,142 requests for help for homeless people or about encampments in our district from September 2025 through August 2026. That is the highest rate per resident among the city's 59 community districts.","311 Service Requests, as counted for the planner",https://data.cityofnewyork.us/d/erm2-nwe9
a43e63b16bd6,district_311,311 received 940 complaints about sidewalks and curbs in our district from September 2025 through August 2026. That is the ninth highest number among the city's 59 community districts.,"311 Service Requests, as counted for the planner",https://data.cityofnewyork.us/d/erm2-nwe9
a443412e10dd,district_311,"311 received 5,004 requests for help for homeless people or about encampments in our district from September 2025 through August 2026. That is the sixth highest rate per resident among the city's 59 community districts.","311 Service Requests, as counted for the planner",https://data.cityofnewyork.us/d/erm2-nwe9
a45c7b8c1cf0,district_311,"311 received 1,109 complaints about potholes and other street conditions in our district from September 2025 through August 2026. Two years earlier the number was 706.","311 Service Requests, as counted for the planner",https://data.cityofnewyork.us/d/erm2-nwe9
a45c89fd51d4,district_311,311 received 614 complaints about sidewalks and curbs in our district from September 2025 through August 2026. That is the 14th highest rate per resident among the city's 59 community districts.,"311 Service Requests, as counted for the planner",https://data.cityofnewyork.us/d/erm2-nwe9
a46321f4e2bf,district_311,"311 received 1,905 complaints about potholes and other street conditions in our district from September 2025 through August 2026. That is the highest rate per resident among the city's 59 community districts. Two years earlier the number was 1,516.","311 Service Requests, as counted for the planner",https://data.cityofnewyork.us/d/erm2-nwe9
a46d3e35ab8f,district_311,"311 received 2,157 complaints about sewers, catch basins and flooding in our district from September 2025 through August 2026. That is the third highest rate per resident among the city's 59 community districts.","311 Service Requests, as counted for the planner",https://data.cityofnewyork.us/d/erm2-nwe9
a47013fd594a,district_311,"311 received 3,239 complaints about street trees in our district from September 2025 through August 2026. That is the fourth highest rate per resident among the city's 59 community districts.","311 Service Requests, as counted for the planner",https://data.cityofnewyork.us/d/erm2-nwe9
a48feec3665f,district_311,"311 received 14,142 requests for help for homeless people or about encampments in our district from September 2025 through August 2026. That is the highest rate per resident among the city's 59 community districts.","311 Service Requests, as counted for the planner",https://data.cityofnewyork.us/d/erm2-nwe9
a49b4cb4e1fc,district_311,"311 received 754 complaints about sewers, catch basins and flooding in our district from September 2025 through August 2026. That is the 15th highest rate per resident among the city's 59 community districts.","311 Service Requests, as counted for the planner",https://data.cityofnewyork.us/d/erm2-nwe9
a4ad328b3b88@50ba8b,district_311,"311 received 4,358 complaints about potholes and other street conditions in our district from September 2025 through August 2026. That is the third highest number among the city's 59 community districts. Two years earlier the number was 2,854.","311 Service Requests, as counted for the planner",https://data.cityofnewyork.us/d/erm2-nwe9
a4b68011cf25@4917ba,district_311,"311 received 1,309 complaints about potholes and other street conditions in our district from September 2025 through August 2026. Two years earlier the number was 1,020.","311 Service Requests, as counted for the planner",https://data.cityofnewyork.us/d/erm2-nwe9
a4db13f5a72d@067373,district_311,"311 received 1,399 complaints about potholes and other street conditions in our district from September 2025 through August 2026. That is the 11th highest rate per resident among the city's 59 community districts. Two years earlier the number was 993.","311 Service Requests, as counted for the planner",https://data.cityofnewyork.us/d/erm2-nwe9
a4db13f5a72d@e2fce7,district_311,"311 received 1,399 complaints about potholes and other street conditions in our district from September 2025 through August 2026. That is the 11th highest rate per resident among the city's 59 community districts. Two years earlier the number was 993.","311 Service Requests, as counted for the planner",https://data.cityofnewyork.us/d/erm2-nwe9
a4ddd01684de,district_311,311 received 483 complaints about potholes and other street conditions in our district from September 2025 through August 2026. Two years earlier the number was 241.,"311 Service Requests, as counted for the planner",https://data.cityofnewyork.us/d/erm2-nwe9
a4e43edb483c,school,"The School Construction Authority's latest Enrollment, Capacity and Utilization report shows 629 students at P.S. 11.","School Construction Authority, Enrollment, Capacity and Utilization",https://data.cityofnewyork.us/d/gkd7-3vk7
a4e8ebd9a0c8@e4a79a,school,"The School Construction Authority's latest Enrollment, Capacity and Utilization report shows 542 students at P.S. 3.","School Construction Authority, Enrollment, Capacity and Utilization",https://data.cityofnewyork.us/d/gkd7-3vk7
a527da6cae54@de97b0,school,"The School Construction Authority's latest Enrollment, Capacity and Utilization report shows 398 students at P.S. 111.","School Construction Authority, Enrollment, Capacity and Utilization",https://data.cityofnewyork.us/d/gkd7-3vk7
a534da90168b,district_311,"311 received 956 complaints about sewers, catch basins and flooding in our district from September 2025 through August 2026. That is the fifth highest rate per resident among the city's 59 community districts.","311 Service Requests, as counted for the planner",https://data.cityofnewyork.us/d/erm2-nwe9
a545e081ccf8,district_311,311 received 780 complaints about sidewalks and curbs in our district from September 2025 through August 2026. Two years earlier the number was 602.,"311 Service Requests, as counted for the planner",https://data.cityofnewyork.us/d/erm2-nwe9
a5604881e18c,district_311,"311 received 3,074 complaints about litter, dumping and missed collection in our district from September 2025 through August 2026. That is the 12th highest rate per resident among the city's 59 community districts.","311 Service Requests, as counted for the planner",https://data.cityofnewyork.us/d/erm2-nwe9
a57816edaa87@0497e8,district_311,"311 received 1,399 complaints about potholes and other street conditions in our district from September 2025 through August 2026. That is the 11th highest rate per resident among the city's 59 community districts. Two years earlier the number was 993.","311 Service Requests, as counted for the planner",https://data.cityofnewyork.us/d/erm2-nwe9
a5b8ec16464f@367390,crashes,NYPD crash reports show 3 crashes at or near the intersection of East 39th Street and Farragut Road from June 2023 through May 2026. Those crashes injured 6 people.,"NYPD, Motor Vehicle Collisions",https://data.cityofnewyork.us/d/h9gi-nx95
a5b8ec16464f@677df8,crashes,NYPD crash reports show 3 crashes at or near the intersection of East 39th Street and Farragut Road from June 2023 through May 2026. Those crashes injured 6 people.,"NYPD, Motor Vehicle Collisions",https://data.cityofnewyork.us/d/h9gi-nx95
a5befa0c0c47@29288d,district_311,"311 received 952 complaints about sewers, catch basins and flooding in our district from September 2025 through August 2026. That is the tenth highest rate per resident among the city's 59 community districts.","311 Service Requests, as counted for the planner",https://data.cityofnewyork.us/d/erm2-nwe9
a5c85107aff7,district_311,311 received 605 complaints about park maintenance in our district from September 2025 through August 2026. That is the 11th highest rate per resident among the city's 59 community districts. Two years earlier the number was 434.,"311 Service Requests, as counted for the planner",https://data.cityofnewyork.us/d/erm2-nwe9
a5fb74f9f7ba@2668df,crashes,"NYPD crash reports show 167 crashes on Myrtle Avenue between Fresh Pond Road and 82nd Street from June 2023 through May 2026. Those crashes injured 93 people, including 26 pedestrians and 21 cyclists.","NYPD, Motor Vehicle Collisions",https://data.cityofnewyork.us/d/h9gi-nx95
a5fb74f9f7ba@2668df,district_311,"311 received 1,027 complaints about sidewalks and curbs in our district from September 2025 through August 2026. That is the 11th highest rate per resident among the city's 59 community districts.","311 Service Requests, as counted for the planner",https://data.cityofnewyork.us/d/erm2-nwe9
a6087601edd6,school,"The School Construction Authority's latest Enrollment, Capacity and Utilization report shows 390 students at P.S. 1.","School Construction Authority, Enrollment, Capacity and Utilization",https://data.cityofnewyork.us/d/gkd7-3vk7
a64d7a79ed92,district_311,"311 received 1,317 complaints about construction and illegal building use in our district from September 2025 through August 2026. That is the 15th highest number among the city's 59 community districts.","311 Service Requests, as counted for the planner",https://data.cityofnewyork.us/d/erm2-nwe9
a65783fec4a9,district_311,"311 received 4,308 complaints about litter, dumping and missed collection in our district from September 2025 through August 2026. That is the 13th highest rate per resident among the city's 59 community districts.","311 Service Requests, as counted for the planner",https://data.cityofnewyork.us/d/erm2-nwe9
a6602ddd93b2,district_311,"311 received 14,142 requests for help for homeless people or about encampments in our district from September 2025 through August 2026. That is the highest rate per resident among the city's 59 community districts.","311 Service Requests, as counted for the planner",https://data.cityofnewyork.us/d/erm2-nwe9
a66b7b2571cc@7ed889,district_311,"311 received 1,399 complaints about potholes and other street conditions in our district from September 2025 through August 2026. That is the 11th highest rate per resident among the city's 59 community districts. Two years earlier the number was 993.","311 Service Requests, as counted for the planner",https://data.cityofnewyork.us/d/erm2-nwe9
a68127a77b29,district_311,311 received 841 complaints about street lights in our district from September 2025 through August 2026. That is the seventh highest number among the city's 59 community districts.,"311 Service Requests, as counted for the planner",https://data.cityofnewyork.us/d/erm2-nwe9
a693077f767b@582f50,district_311,311 received 992 complaints about sidewalks and curbs in our district from September 2025 through August 2026. That is the 15th highest rate per resident among the city's 59 community districts.,"311 Service Requests, as counted for the planner",https://data.cityofnewyork.us/d/erm2-nwe9
a69e9f4661f0,district_311,"311 received 1,366 complaints about sewers, catch basins and flooding in our district from September 2025 through August 2026. That is the seventh highest rate per resident among the city's 59 community districts.","311 Service Requests, as counted for the planner",https://data.cityofnewyork.us/d/erm2-nwe9
a69e9f4661f0@7d7a44,district_311,"311 received 1,366 complaints about sewers, catch basins and flooding in our district from September 2025 through August 2026. That is the seventh highest rate per resident among the city's 59 community districts.","311 Service Requests, as counted for the planner",https://data.cityofnewyork.us/d/erm2-nwe9
a6a07210f1c0@80795f,site_311,311 received 7 reports of street flooding or clogged catch basins along Farragut Road between Kings Highway and Utica Avenue from September 2023 through August 2026.,311 Service Requests,https://data.cityofnewyork.us/d/erm2-nwe9
a6b30a2495c2@b3e555,crashes,"NYPD crash reports show 18 crashes at or near the intersection of Avenue I and McDonald Avenue from June 2023 through May 2026. Those crashes injured 13 people, including 2 pedestrians and 2 cyclists.","NYPD, Motor Vehicle Collisions",https://data.cityofnewyork.us/d/h9gi-nx95
a6c21a41bab9,school,"The School Construction Authority's latest Enrollment, Capacity and Utilization report shows 377 students at I.S. 126.","School Construction Authority, Enrollment, Capacity and Utilization",https://data.cityofnewyork.us/d/gkd7-3vk7
a6f78c4c2ad6@740f6c,district_311,"311 received 1,366 complaints about sewers, catch basins and flooding in our district from September 2025 through August 2026. That is the seventh highest rate per resident among the city's 59 community districts.","311 Service Requests, as counted for the planner",https://data.cityofnewyork.us/d/erm2-nwe9
a70cd54d3f5a,park_inspection,NYC Parks inspectors rated Bensonhurst Park unacceptable overall in 2 of 5 inspections from August 2024 through July 2026. They rated its play equipment unacceptable in 2 of 5 inspections.,"NYC Parks, Parks Inspection Program",https://data.cityofnewyork.us/d/yg3y-7juh
a713d988a136,district_311,311 received 841 complaints about construction and illegal building use in our district from September 2025 through August 2026. That is the second highest rate per resident among the city's 59 community districts.,"311 Service Requests, as counted for the planner",https://data.cityofnewyork.us/d/erm2-nwe9
a71f534022f1,district_311,"311 received 1,151 complaints about construction and illegal building use in our district from September 2025 through August 2026. Two years earlier the number was 879.","311 Service Requests, as counted for the planner",https://data.cityofnewyork.us/d/erm2-nwe9
a72ba32879e0,district_311,"311 received 1,366 complaints about sewers, catch basins and flooding in our district from September 2025 through August 2026. That is the seventh highest rate per resident among the city's 59 community districts.","311 Service Requests, as counted for the planner",https://data.cityofnewyork.us/d/erm2-nwe9
a779f573cb5c@cec0aa,school,"The School Construction Authority's latest Enrollment, Capacity and Utilization report shows P.S. 195 with 400 students, 132% of its target capacity.","School Construction Authority, Enrollment, Capacity and Utilization",https://data.cityofnewyork.us/d/gkd7-3vk7
a77c7cfd8f72,school,"The School Construction Authority's latest Enrollment, Capacity and Utilization report shows P.S. 210 with 366 students, 119% of its target capacity.","School Construction Authority, Enrollment, Capacity and Utilization",https://data.cityofnewyork.us/d/gkd7-3vk7
a77f0cdf0fee,district_311,"311 received 1,112 requests for help for homeless people or about encampments in our district from September 2025 through August 2026. That is the 11th highest rate per resident among the city's 59 community districts. Two years earlier the number was 798.","311 Service Requests, as counted for the planner",https://data.cityofnewyork.us/d/erm2-nwe9
a79216c7610d,crashes,"NYPD crash reports show 14 crashes at or near the intersection of West 8th Street and Greenwich Avenue from June 2023 through May 2026. Those crashes injured 13 people, including 7 pedestrians and 1 cyclist.","NYPD, Motor Vehicle Collisions",https://data.cityofnewyork.us/d/h9gi-nx95
a7b830ba4d66,district_311,"311 received 1,436 complaints about park maintenance in our district from September 2025 through August 2026. That is the second highest rate per resident among the city's 59 community districts.","311 Service Requests, as counted for the planner",https://data.cityofnewyork.us/d/erm2-nwe9
a7b905092822@ac9d7a,district_311,"311 received 1,109 complaints about potholes and other street conditions in our district from September 2025 through August 2026. Two years earlier the number was 706.","311 Service Requests, as counted for the planner",https://data.cityofnewyork.us/d/erm2-nwe9
a7c3d882f623,district_311,"311 received 1,082 complaints about sewers, catch basins and flooding in our district from September 2025 through August 2026. That is the 13th highest rate per resident among the city's 59 community districts.","311 Service Requests, as counted for the planner",https://data.cityofnewyork.us/d/erm2-nwe9
a7f09f2363e5,school,"The School Construction Authority's latest Enrollment, Capacity and Utilization report shows 398 students at P.S. 111.","School Construction Authority, Enrollment, Capacity and Utilization",https://data.cityofnewyork.us/d/gkd7-3vk7
a7fd1fdb1b04,district_311,"311 received 1,366 complaints about sewers, catch basins and flooding in our district from September 2025 through August 2026. That is the seventh highest rate per resident among the city's 59 community districts.","311 Service Requests, as counted for the planner",https://data.cityofnewyork.us/d/erm2-nwe9
a7fd1fdb1b04@9154e9,district_311,"311 received 1,366 complaints about sewers, catch basins and flooding in our district from September 2025 through August 2026. That is the seventh highest rate per resident among the city's 59 community districts.","311 Service Requests, as counted for the planner",https://data.cityofnewyork.us/d/erm2-nwe9
a80eb2219494@8b54b2,district_311,"311 received 2,527 complaints about potholes and other street conditions in our district from September 2025 through August 2026. That is the 14th highest number among the city's 59 community districts. Two years earlier the number was 1,189.","311 Service Requests, as counted for the planner",https://data.cityofnewyork.us/d/erm2-nwe9
a84b33026c08,district_311,"311 received 4,071 complaints about litter, dumping and missed collection in our district from September 2025 through August 2026. That is the tenth highest number among the city's 59 community districts. Two years earlier the number was 3,088.","311 Service Requests, as counted for the planner",https://data.cityofnewyork.us/d/erm2-nwe9
a87105fed580,district_311,"311 received 22,687 complaints about illegal parking and blocked driveways in our district from September 2025 through August 2026. That is the ninth highest rate per resident among the city's 59 community districts.","311 Service Requests, as counted for the planner",https://data.cityofnewyork.us/d/erm2-nwe9
a8933d5ae4ac,district_311,"311 received 1,084 complaints about sewers, catch basins and flooding in our district from September 2025 through August 2026. That is the 14th highest rate per resident among the city's 59 community districts.","311 Service Requests, as counted for the planner",https://data.cityofnewyork.us/d/erm2-nwe9
a8b0a36fcdba,crashes,"NYPD crash reports show 12 crashes at or near the intersection of Ditmars Boulevard and 31st Street from June 2023 through May 2026. Those crashes injured 4 people, including 1 cyclist, and killed 1 person.","NYPD, Motor Vehicle Collisions",https://data.cityofnewyork.us/d/h9gi-nx95
a8b81ddb833e,district_311,"311 received 25,515 complaints about heat, hot water and other apartment conditions in our district from September 2025 through August 2026. That is the tenth highest rate per resident among the city's 59 community districts. Two years earlier the number was 19,722.","311 Service Requests, as counted for the planner",https://data.cityofnewyork.us/d/erm2-nwe9
a8c678dbab9c,district_311,"311 received 1,330 complaints about rats and other pests in our district from September 2025 through August 2026. That is the fourth highest rate per resident among the city's 59 community districts.","311 Service Requests, as counted for the planner",https://data.cityofnewyork.us/d/erm2-nwe9
a8ce65ec9a16,district_311,"311 received 1,859 complaints about litter, dumping and missed collection in our district from September 2025 through August 2026. Two years earlier the number was 1,330.","311 Service Requests, as counted for the planner",https://data.cityofnewyork.us/d/erm2-nwe9
a8f4e8a2e0cc,park_inspection,NYC Parks inspectors rated J. Hood Wright Park unacceptable overall in 2 of 5 inspections from August 2024 through July 2026.,"NYC Parks, Parks Inspection Program",https://data.cityofnewyork.us/d/yg3y-7juh
a8ff35cb6837,district_311,"311 received 4,071 complaints about litter, dumping and missed collection in our district from September 2025 through August 2026. That is the tenth highest number among the city's 59 community districts. Two years earlier the number was 3,088.","311 Service Requests, as counted for the planner",https://data.cityofnewyork.us/d/erm2-nwe9
a914f5b517af,district_311,311 received 515 complaints about rats and other pests in our district from September 2025 through August 2026. That is the tenth highest rate per resident among the city's 59 community districts.,"311 Service Requests, as counted for the planner",https://data.cityofnewyork.us/d/erm2-nwe9
a968e60e0069@88543f,crashes,"NYPD crash reports show 84 crashes on Avenue I between McDonald Avenue and Coney Island Avenue from June 2023 through May 2026. Those crashes injured 68 people, including 14 pedestrians and 13 cyclists, and killed 1 person.","NYPD, Motor Vehicle Collisions",https://data.cityofnewyork.us/d/h9gi-nx95
a978b8b99055@640356,district_311,"311 received 5,230 complaints about potholes and other street conditions in our district from September 2025 through August 2026. That is the fourth highest rate per resident among the city's 59 community districts. Two years earlier the number was 3,022.","311 Service Requests, as counted for the planner",https://data.cityofnewyork.us/d/erm2-nwe9
a9bd92d8d4e4,district_311,"311 received 1,020 complaints about sewers, catch basins and flooding in our district from September 2025 through August 2026. That is the 12th highest rate per resident among the city's 59 community districts. Two years earlier the number was 802.","311 Service Requests, as counted for the planner",https://data.cityofnewyork.us/d/erm2-nwe9
a9c4e19ddac8,district_311,"311 received 4,071 complaints about litter, dumping and missed collection in our district from September 2025 through August 2026. That is the tenth highest number among the city's 59 community districts. Two years earlier the number was 3,088.","311 Service Requests, as counted for the planner",https://data.cityofnewyork.us/d/erm2-nwe9
a9c7ce1a34f2,district_311,"311 received 362 complaints about sewers, catch basins and flooding in our district from September 2025 through August 2026. That is the ninth highest rate per resident among the city's 59 community districts. Two years earlier the number was 288.","311 Service Requests, as counted for the planner",https://data.cityofnewyork.us/d/erm2-nwe9
a9d581a28202,district_311,311 received 270 complaints about graffiti in our district from September 2025 through August 2026. That is the ninth highest rate per resident among the city's 59 community districts. Two years earlier the number was 114.,"311 Service Requests, as counted for the planner",https://data.cityofnewyork.us/d/erm2-nwe9
a9dc05f0683e,district_311,"311 received 6,255 complaints about construction and illegal building use in our district from September 2025 through August 2026. That is the highest rate per resident among the city's 59 community districts. Two years earlier the number was 2,625.","311 Service Requests, as counted for the planner",https://data.cityofnewyork.us/d/erm2-nwe9
aa10dd59e696@0cba05,district_311,311 received 992 complaints about sidewalks and curbs in our district from September 2025 through August 2026. That is the 15th highest rate per resident among the city's 59 community districts.,"311 Service Requests, as counted for the planner",https://data.cityofnewyork.us/d/erm2-nwe9
aa1cebe683bf,district_311,"311 received 2,417 complaints about street trees in our district from September 2025 through August 2026. That is the 15th highest number among the city's 59 community districts.","311 Service Requests, as counted for the planner",https://data.cityofnewyork.us/d/erm2-nwe9
aa8a64bd1078,district_311,"311 received 362 complaints about sewers, catch basins and flooding in our district from September 2025 through August 2026. That is the ninth highest rate per resident among the city's 59 community districts. Two years earlier the number was 288.","311 Service Requests, as counted for the planner",https://data.cityofnewyork.us/d/erm2-nwe9
ab03a28a30dc,school,"The School Construction Authority's latest Enrollment, Capacity and Utilization report shows 612 students at P.S. 121.","School Construction Authority, Enrollment, Capacity and Utilization",https://data.cityofnewyork.us/d/gkd7-3vk7
ab137c43e2cc,park_inspection,NYC Parks inspectors rated Green Central Knoll unacceptable overall in 2 of 5 inspections from August 2024 through July 2026. They rated its play equipment unacceptable in 2 of 5 inspections.,"NYC Parks, Parks Inspection Program",https://data.cityofnewyork.us/d/yg3y-7juh
ab16120508f4,district_311,"311 received 1,084 complaints about sewers, catch basins and flooding in our district from September 2025 through August 2026. That is the 14th highest rate per resident among the city's 59 community districts.","311 Service Requests, as counted for the planner",https://data.cityofnewyork.us/d/erm2-nwe9
ab5887fd4b8e,park_inspection,NYC Parks inspectors rated Leif Ericson Park unacceptable overall in 3 of 6 inspections from August 2024 through July 2026.,"NYC Parks, Parks Inspection Program",https://data.cityofnewyork.us/d/yg3y-7juh
ab66eea8a88f,crashes,"NYPD crash reports show 31 crashes at or near the intersection of Parkside Avenue and Flatbush Avenue from June 2023 through May 2026. Those crashes injured 22 people, including 12 pedestrians and 2 cyclists.","NYPD, Motor Vehicle Collisions",https://data.cityofnewyork.us/d/h9gi-nx95
ab6e8c45c601@677df8,crashes,NYPD crash reports show 3 crashes at or near the intersection of East 39th Street and Farragut Road from June 2023 through May 2026. Those crashes injured 6 people.,"NYPD, Motor Vehicle Collisions",https://data.cityofnewyork.us/d/h9gi-nx95
ab894a7c0888,district_311,"311 received 3,666 complaints about potholes and other street conditions in our district from September 2025 through August 2026. That is the seventh highest rate per resident among the city's 59 community districts. Two years earlier the number was 1,585.","311 Service Requests, as counted for the planner",https://data.cityofnewyork.us/d/erm2-nwe9
ab93cb1bd6df@85ac71,district_311,"311 received 4,027 complaints about litter, dumping and missed collection in our district from September 2025 through August 2026. That is the tenth highest rate per resident among the city's 59 community districts.","311 Service Requests, as counted for the planner",https://data.cityofnewyork.us/d/erm2-nwe9
abaf2b18685f,district_311,311 received 699 complaints about park maintenance in our district from September 2025 through August 2026. That is the highest rate per resident among the city's 59 community districts. Two years earlier the number was 462.,"311 Service Requests, as counted for the planner",https://data.cityofnewyork.us/d/erm2-nwe9
abc8a986ca8c@f3689f,district_311,"311 received 3,619 complaints about potholes and other street conditions in our district from September 2025 through August 2026. That is the ninth highest rate per resident among the city's 59 community districts. Two years earlier the number was 1,834.","311 Service Requests, as counted for the planner",https://data.cityofnewyork.us/d/erm2-nwe9
abca158d70e9@249090,district_311,"311 received 1,084 complaints about sewers, catch basins and flooding in our district from September 2025 through August 2026. That is the 14th highest rate per resident among the city's 59 community districts.","311 Service Requests, as counted for the planner",https://data.cityofnewyork.us/d/erm2-nwe9
abca158d70e9@7a60ab,district_311,"311 received 1,084 complaints about sewers, catch basins and flooding in our district from September 2025 through August 2026. That is the 14th highest rate per resident among the city's 59 community districts.","311 Service Requests, as counted for the planner",https://data.cityofnewyork.us/d/erm2-nwe9
abf4600367a5@267419,district_311,"311 received 1,399 complaints about potholes and other street conditions in our district from September 2025 through August 2026. That is the 11th highest rate per resident among the city's 59 community districts. Two years earlier the number was 993.","311 Service Requests, as counted for the planner",https://data.cityofnewyork.us/d/erm2-nwe9
abf4600367a5@ebfa2d,district_311,"311 received 1,399 complaints about potholes and other street conditions in our district from September 2025 through August 2026. That is the 11th highest rate per resident among the city's 59 community districts. Two years earlier the number was 993.","311 Service Requests, as counted for the planner",https://data.cityofnewyork.us/d/erm2-nwe9
ac2f64e9e106@6b2907,district_311,"311 received 1,366 complaints about sewers, catch basins and flooding in our district from September 2025 through August 2026. That is the seventh highest rate per resident among the city's 59 community districts.","311 Service Requests, as counted for the planner",https://data.cityofnewyork.us/d/erm2-nwe9
ac2f64e9e106@6b2907,site_311,311 received 23 reports of street flooding or clogged catch basins along East 72nd Street between Ralph Avenue and Avenue M from September 2023 through August 2026.,311 Service Requests,https://data.cityofnewyork.us/d/erm2-nwe9
ac50affd5acb,district_311,"311 received 3,074 complaints about litter, dumping and missed collection in our district from September 2025 through August 2026. That is the 12th highest rate per resident among the city's 59 community districts.","311 Service Requests, as counted for the planner",https://data.cityofnewyork.us/d/erm2-nwe9
ac64262ec9a5,district_311,"311 received 1,733 complaints about potholes and other street conditions in our district from September 2025 through August 2026. Two years earlier the number was 878.","311 Service Requests, as counted for the planner",https://data.cityofnewyork.us/d/erm2-nwe9
ac6a9ed98bb5@abd717,district_311,311 received 992 complaints about sidewalks and curbs in our district from September 2025 through August 2026. That is the 15th highest rate per resident among the city's 59 community districts.,"311 Service Requests, as counted for the planner",https://data.cityofnewyork.us/d/erm2-nwe9
ac6aa652ed38,district_311,"311 received 978 complaints about sewers, catch basins and flooding in our district from September 2025 through August 2026. That is the sixth highest rate per resident among the city's 59 community districts.","311 Service Requests, as counted for the planner",https://data.cityofnewyork.us/d/erm2-nwe9
ac6fa7e1c502,district_311,311 received 372 complaints about graffiti in our district from September 2025 through August 2026. That is the ninth highest number among the city's 59 community districts.,"311 Service Requests, as counted for the planner",https://data.cityofnewyork.us/d/erm2-nwe9
ac706ded8d3e,street_trees,"As of February 2025, NYC Parks' tree inventory listed 793 empty street tree beds in our district.","NYC Parks, Forestry Planting Spaces",https://data.cityofnewyork.us/d/82zj-84is
ac71ef1ce40b@cf0430,district_311,"311 received 1,366 complaints about sewers, catch basins and flooding in our district from September 2025 through August 2026. That is the seventh highest rate per resident among the city's 59 community districts.","311 Service Requests, as counted for the planner",https://data.cityofnewyork.us/d/erm2-nwe9
ac8ec66769a7,district_311,"311 received 1,027 complaints about sidewalks and curbs in our district from September 2025 through August 2026. That is the 11th highest rate per resident among the city's 59 community districts.","311 Service Requests, as counted for the planner",https://data.cityofnewyork.us/d/erm2-nwe9
ac8f3ab79db4,district_311,"311 received 1,675 complaints about potholes and other street conditions in our district from September 2025 through August 2026. Two years earlier the number was 1,092.","311 Service Requests, as counted for the planner",https://data.cityofnewyork.us/d/erm2-nwe9
acdb88129254@4ad985,district_311,"311 received 1,549 complaints about potholes and other street conditions in our district from September 2025 through August 2026. That is the 14th highest rate per resident among the city's 59 community districts. Two years earlier the number was 983.","311 Service Requests, as counted for the planner",https://data.cityofnewyork.us/d/erm2-nwe9
acdb88129254@9f40e8,district_311,"311 received 1,549 complaints about potholes and other street conditions in our district from September 2025 through August 2026. That is the 14th highest rate per resident among the city's 59 community districts. Two years earlier the number was 983.","311 Service Requests, as counted for the planner",https://data.cityofnewyork.us/d/erm2-nwe9
aceb5bea9383,district_311,"311 received 1,042 complaints about park maintenance in our district from September 2025 through August 2026. That is the sixth highest rate per resident among the city's 59 community districts.","311 Service Requests, as counted for the planner",https://data.cityofnewyork.us/d/erm2-nwe9
ad19710e1a5e,park_inspection,NYC Parks inspectors rated Grace Playground unacceptable overall in 3 of 5 inspections from August 2024 through July 2026.,"NYC Parks, Parks Inspection Program",https://data.cityofnewyork.us/d/yg3y-7juh
ad1f463bfb1a,district_311,311 received 841 complaints about street lights in our district from September 2025 through August 2026. That is the seventh highest number among the city's 59 community districts.,"311 Service Requests, as counted for the planner",https://data.cityofnewyork.us/d/erm2-nwe9
ad28ed3758c4,district_311,"311 received 754 complaints about sewers, catch basins and flooding in our district from September 2025 through August 2026. That is the 15th highest rate per resident among the city's 59 community districts.","311 Service Requests, as counted for the planner",https://data.cityofnewyork.us/d/erm2-nwe9
ad48a74f7b25@d6bb8c,district_311,"311 received 1,109 complaints about potholes and other street conditions in our district from September 2025 through August 2026. Two years earlier the number was 706.","311 Service Requests, as counted for the planner",https://data.cityofnewyork.us/d/erm2-nwe9
ad5198cda5e7@97d062,site_311,311 received 6 reports of street lights out or damaged within 150 feet of the intersection of Southern Boulevard and East 174th Street from September 2023 through August 2026.,311 Service Requests,https://data.cityofnewyork.us/d/erm2-nwe9
ad539a5cc846,district_311,"311 received 26,034 complaints about illegal parking and blocked driveways in our district from September 2025 through August 2026. That is the 12th highest rate per resident among the city's 59 community districts.","311 Service Requests, as counted for the planner",https://data.cityofnewyork.us/d/erm2-nwe9
adba17cf609f@4931e3,crashes,"NYPD crash reports show 85 crashes on Avenue U between Flatbush Avenue and East 55th Street from June 2023 through May 2026. Those crashes injured 45 people, including 7 pedestrians and 2 cyclists, and killed 1 person.","NYPD, Motor Vehicle Collisions",https://data.cityofnewyork.us/d/h9gi-nx95
add7cebb6475,district_311,"311 received 1,035 complaints about sidewalks and curbs in our district from September 2025 through August 2026. That is the eighth highest rate per resident among the city's 59 community districts. Two years earlier the number was 622.","311 Service Requests, as counted for the planner",https://data.cityofnewyork.us/d/erm2-nwe9
ade6647a4ddd,district_311,311 received 945 requests for help for homeless people or about encampments in our district from September 2025 through August 2026. Two years earlier the number was 647.,"311 Service Requests, as counted for the planner",https://data.cityofnewyork.us/d/erm2-nwe9
ae1526d910e4,district_311,311 received 993 complaints about park maintenance in our district from September 2025 through August 2026. That is the third highest rate per resident among the city's 59 community districts.,"311 Service Requests, as counted for the planner",https://data.cityofnewyork.us/d/erm2-nwe9
ae1fb1d75770,district_311,"311 received 1,082 complaints about sewers, catch basins and flooding in our district from September 2025 through August 2026. That is the 13th highest rate per resident among the city's 59 community districts.","311 Service Requests, as counted for the planner",https://data.cityofnewyork.us/d/erm2-nwe9
ae5b814c4699,district_311,"311 received 14,142 requests for help for homeless people or about encampments in our district from September 2025 through August 2026. That is the highest rate per resident among the city's 59 community districts.","311 Service Requests, as counted for the planner",https://data.cityofnewyork.us/d/erm2-nwe9
ae71d55a5781,street_trees,"As of February 2025, NYC Parks' tree inventory listed 671 empty street tree beds in our district.","NYC Parks, Forestry Planting Spaces",https://data.cityofnewyork.us/d/82zj-84is
ae71d55a5781@317b00,street_trees,"As of February 2025, NYC Parks' tree inventory listed 671 empty street tree beds in our district.","NYC Parks, Forestry Planting Spaces",https://data.cityofnewyork.us/d/82zj-84is
ae71d55a5781@9ca886,street_trees,"As of February 2025, NYC Parks' tree inventory listed 671 empty street tree beds in our district.","NYC Parks, Forestry Planting Spaces",https://data.cityofnewyork.us/d/82zj-84is
ae966a5fdc09,district_311,"311 received 2,821 complaints about litter, dumping and missed collection in our district from September 2025 through August 2026. Two years earlier the number was 2,149.","311 Service Requests, as counted for the planner",https://data.cityofnewyork.us/d/erm2-nwe9
aea727144f3e@ea2833,school,"The School Construction Authority's latest Enrollment, Capacity and Utilization report shows 183 students at P.S. 3.","School Construction Authority, Enrollment, Capacity and Utilization",https://data.cityofnewyork.us/d/gkd7-3vk7
aeb50acd14ba,district_311,"311 received 1,109 complaints about potholes and other street conditions in our district from September 2025 through August 2026. Two years earlier the number was 706.","311 Service Requests, as counted for the planner",https://data.cityofnewyork.us/d/erm2-nwe9
aeb50acd14ba@6cce59,district_311,"311 received 1,109 complaints about potholes and other street conditions in our district from September 2025 through August 2026. Two years earlier the number was 706.","311 Service Requests, as counted for the planner",https://data.cityofnewyork.us/d/erm2-nwe9
aed0da6e2a0d,district_311,"311 received 3,753 complaints about street trees in our district from September 2025 through August 2026. That is the second highest rate per resident among the city's 59 community districts.","311 Service Requests, as counted for the planner",https://data.cityofnewyork.us/d/erm2-nwe9
aed3567e1b99,district_311,"311 received 2,417 complaints about street trees in our district from September 2025 through August 2026. That is the 15th highest number among the city's 59 community districts.","311 Service Requests, as counted for the planner",https://data.cityofnewyork.us/d/erm2-nwe9
aeed24563166,site_311,311 received 75 reports of street lights out or damaged along Livonia Avenue between East 98th Street and Junius Street from September 2023 through August 2026.,311 Service Requests,https://data.cityofnewyork.us/d/erm2-nwe9
aef792ee74cc,district_311,"311 received 2,821 complaints about litter, dumping and missed collection in our district from September 2025 through August 2026. Two years earlier the number was 2,149.","311 Service Requests, as counted for the planner",https://data.cityofnewyork.us/d/erm2-nwe9
af4c17cd2339,district_311,"311 received 1,035 complaints about sidewalks and curbs in our district from September 2025 through August 2026. That is the eighth highest rate per resident among the city's 59 community districts. Two years earlier the number was 622.","311 Service Requests, as counted for the planner",https://data.cityofnewyork.us/d/erm2-nwe9
af88ed51ef35,district_311,"311 received 1,130 complaints about construction and illegal building use in our district from September 2025 through August 2026. That is the 13th highest rate per resident among the city's 59 community districts.","311 Service Requests, as counted for the planner",https://data.cityofnewyork.us/d/erm2-nwe9
af9274197eb5,park_inspection,NYC Parks inspectors rated Mafera Park unacceptable overall in 3 of 5 inspections from August 2024 through July 2026.,"NYC Parks, Parks Inspection Program",https://data.cityofnewyork.us/d/yg3y-7juh
afb409b9061e@b67746,district_311,"311 received 978 complaints about sewers, catch basins and flooding in our district from September 2025 through August 2026. That is the sixth highest rate per resident among the city's 59 community districts.","311 Service Requests, as counted for the planner",https://data.cityofnewyork.us/d/erm2-nwe9
afb6362dea50,district_311,"311 received 1,082 complaints about sewers, catch basins and flooding in our district from September 2025 through August 2026. That is the 13th highest rate per resident among the city's 59 community districts.","311 Service Requests, as counted for the planner",https://data.cityofnewyork.us/d/erm2-nwe9
afb645dfc750,district_311,311 received 574 complaints about rats and other pests in our district from September 2025 through August 2026. That is the 13th highest number among the city's 59 community districts.,"311 Service Requests, as counted for the planner",https://data.cityofnewyork.us/d/erm2-nwe9
afcc448f91f9,district_311,311 received 569 complaints about street lights in our district from September 2025 through August 2026. Two years earlier the number was 419.,"311 Service Requests, as counted for the planner",https://data.cityofnewyork.us/d/erm2-nwe9
afde35757596@40af53,district_311,"311 received 2,004 complaints about potholes and other street conditions in our district from September 2025 through August 2026. Two years earlier the number was 1,348.","311 Service Requests, as counted for the planner",https://data.cityofnewyork.us/d/erm2-nwe9
b0396aa0159d,district_311,"311 received 3,619 complaints about potholes and other street conditions in our district from September 2025 through August 2026. That is the ninth highest rate per resident among the city's 59 community districts. Two years earlier the number was 1,834.","311 Service Requests, as counted for the planner",https://data.cityofnewyork.us/d/erm2-nwe9
b04a9b4588d5@542ee6,crashes,"NYPD crash reports show 16 crashes on 38th Avenue between Main and Prince Streets from June 2023 through May 2026. Those crashes injured 7 people, including 4 pedestrians and 1 cyclist.","NYPD, Motor Vehicle Collisions",https://data.cityofnewyork.us/d/h9gi-nx95
b05431aca6a6,street_trees,"As of February 2025, NYC Parks' tree inventory listed 1,908 empty street tree beds in our district.","NYC Parks, Forestry Planting Spaces",https://data.cityofnewyork.us/d/82zj-84is
b05850a1a546,school,"The School Construction Authority's latest Enrollment, Capacity and Utilization report shows P.S. 175 with 278 students, 110% of its target capacity.","School Construction Authority, Enrollment, Capacity and Utilization",https://data.cityofnewyork.us/d/gkd7-3vk7
b05986365ca4@f83a7b,district_311,"311 received 22,687 complaints about illegal parking and blocked driveways in our district from September 2025 through August 2026. That is the ninth highest rate per resident among the city's 59 community districts.","311 Service Requests, as counted for the planner",https://data.cityofnewyork.us/d/erm2-nwe9
b0764cbd4a85,park_inspection,NYC Parks inspectors rated Alexander Hamilton Playground unacceptable overall in 2 of 5 inspections from August 2024 through July 2026.,"NYC Parks, Parks Inspection Program",https://data.cityofnewyork.us/d/yg3y-7juh
b0764cbd4a85@4ab2d5,park_inspection,NYC Parks inspectors rated Alexander Hamilton Playground unacceptable overall in 2 of 5 inspections from August 2024 through July 2026.,"NYC Parks, Parks Inspection Program",https://data.cityofnewyork.us/d/yg3y-7juh
b078ea6adcb5,school,"The School Construction Authority's latest Enrollment, Capacity and Utilization report shows 629 students at P.S. 11.","School Construction Authority, Enrollment, Capacity and Utilization",https://data.cityofnewyork.us/d/gkd7-3vk7
b078ea6adcb5@9ffd4a,school,"The School Construction Authority's latest Enrollment, Capacity and Utilization report shows 629 students at P.S. 11.","School Construction Authority, Enrollment, Capacity and Utilization",https://data.cityofnewyork.us/d/gkd7-3vk7
b0798bef349f,crashes,"NYPD crash reports show 18 crashes on West 120th Street between Riverside Drive and Broadway from June 2023 through May 2026. Those crashes injured 7 people, including 3 pedestrians and 2 cyclists.","NYPD, Motor Vehicle Collisions",https://data.cityofnewyork.us/d/h9gi-nx95
b07a01013c4b@a670c0,district_311,311 received 541 complaints about potholes and other street conditions in our district from September 2025 through August 2026. Two years earlier the number was 405.,"311 Service Requests, as counted for the planner",https://data.cityofnewyork.us/d/erm2-nwe9
b087bf11fb71,park_access,"By NYC Parks' Walk to a Park measure, about 25,400 of our district's residents, or 21%, live beyond walking distance of a park. Citywide the share is 16%.","NYC Parks, Walk to a Park Service Area, with 2020 Census blocks",https://data.cityofnewyork.us/d/99ii-hwh9
b09217e4e0a4,district_311,311 received 614 complaints about sidewalks and curbs in our district from September 2025 through August 2026. That is the 14th highest rate per resident among the city's 59 community districts.,"311 Service Requests, as counted for the planner",https://data.cityofnewyork.us/d/erm2-nwe9
b0969882104c@f1310a,district_311,"311 received 4,782 complaints about potholes and other street conditions in our district from September 2025 through August 2026. That is the 13th highest rate per resident among the city's 59 community districts. Two years earlier the number was 2,431.","311 Service Requests, as counted for the planner",https://data.cityofnewyork.us/d/erm2-nwe9
b0cef25038e9@a6262b,district_311,"311 received 1,035 complaints about sidewalks and curbs in our district from September 2025 through August 2026. That is the eighth highest rate per resident among the city's 59 community districts. Two years earlier the number was 622.","311 Service Requests, as counted for the planner",https://data.cityofnewyork.us/d/erm2-nwe9
b0f3108107da,district_311,"311 received 2,095 requests for help for homeless people or about encampments in our district from September 2025 through August 2026. That is the tenth highest rate per resident among the city's 59 community districts.","311 Service Requests, as counted for the planner",https://data.cityofnewyork.us/d/erm2-nwe9
b1312418e92c,district_311,"311 received 1,267 complaints about potholes and other street conditions in our district from September 2025 through August 2026. Two years earlier the number was 650.","311 Service Requests, as counted for the planner",https://data.cityofnewyork.us/d/erm2-nwe9
b13d1e19bae8,district_311,"311 received 5,004 requests for help for homeless people or about encampments in our district from September 2025 through August 2026. That is the sixth highest rate per resident among the city's 59 community districts.","311 Service Requests, as counted for the planner",https://data.cityofnewyork.us/d/erm2-nwe9
b13edd82fc2b@0760ab,school,"The School Construction Authority's latest Enrollment, Capacity and Utilization report shows 502 students at P.S. 261.","School Construction Authority, Enrollment, Capacity and Utilization",https://data.cityofnewyork.us/d/gkd7-3vk7
b13f2ac84f82,school,"The School Construction Authority's latest Enrollment, Capacity and Utilization report shows P.S. 47 with 758 students, 125% of its target capacity.","School Construction Authority, Enrollment, Capacity and Utilization",https://data.cityofnewyork.us/d/gkd7-3vk7
b1624ec78960,district_311,311 received 528 complaints about rats and other pests in our district from September 2025 through August 2026. That is the 13th highest rate per resident among the city's 59 community districts.,"311 Service Requests, as counted for the planner",https://data.cityofnewyork.us/d/erm2-nwe9
b171ca1665bd@f1310a,district_311,"311 received 4,782 complaints about potholes and other street conditions in our district from September 2025 through August 2026. That is the 13th highest rate per resident among the city's 59 community districts. Two years earlier the number was 2,431.","311 Service Requests, as counted for the planner",https://data.cityofnewyork.us/d/erm2-nwe9
b17e23997d97,district_311,"311 received 3,883 requests for help for homeless people or about encampments in our district from September 2025 through August 2026. That is the third highest rate per resident among the city's 59 community districts.","311 Service Requests, as counted for the planner",https://data.cityofnewyork.us/d/erm2-nwe9
b1821921e29a@f7d3dc,crashes,"NYPD crash reports show 28 crashes at or near the intersection of Ocean Avenue and Flatbush Avenue from June 2023 through May 2026. Those crashes injured 19 people, including 5 cyclists.","NYPD, Motor Vehicle Collisions",https://data.cityofnewyork.us/d/h9gi-nx95
b1e81669487a@55d736,district_311,311 received 841 complaints about street lights in our district from September 2025 through August 2026. That is the seventh highest number among the city's 59 community districts.,"311 Service Requests, as counted for the planner",https://data.cityofnewyork.us/d/erm2-nwe9
b1fcaaa6857e,district_311,311 received 614 complaints about sidewalks and curbs in our district from September 2025 through August 2026. That is the 14th highest rate per resident among the city's 59 community districts.,"311 Service Requests, as counted for the planner",https://data.cityofnewyork.us/d/erm2-nwe9
b20cf90b0093,crashes,"NYPD crash reports show 5 crashes at or near the intersection of East 40th Street and Glenwood Road from June 2023 through May 2026. Those crashes injured 4 people, including 3 pedestrians and 1 cyclist.","NYPD, Motor Vehicle Collisions",https://data.cityofnewyork.us/d/h9gi-nx95
b2142ef1e73e@003325,crashes,"NYPD crash reports show 10 crashes at or near the intersection of Rogers Avenue and Lefferts Avenue from June 2023 through May 2026. Those crashes injured 11 people, including 1 pedestrian.","NYPD, Motor Vehicle Collisions",https://data.cityofnewyork.us/d/h9gi-nx95
b2142ef1e73e@0268f8,crashes,"NYPD crash reports show 9 crashes at or near the intersection of Washington Avenue and Montgomery Street from June 2023 through May 2026. Those crashes injured 3 people, including 1 pedestrian.","NYPD, Motor Vehicle Collisions",https://data.cityofnewyork.us/d/h9gi-nx95
b2142ef1e73e@4bb209,crashes,"NYPD crash reports show 31 crashes at or near the intersection of Parkside Avenue and Flatbush Avenue from June 2023 through May 2026. Those crashes injured 22 people, including 12 pedestrians and 2 cyclists.","NYPD, Motor Vehicle Collisions",https://data.cityofnewyork.us/d/h9gi-nx95
b25b2b5f7288@f26fe6,district_311,311 received 783 complaints about sidewalks and curbs in our district from September 2025 through August 2026. That is the 15th highest number among the city's 59 community districts.,"311 Service Requests, as counted for the planner",https://data.cityofnewyork.us/d/erm2-nwe9
b275cd8448fd,park_inspection,NYC Parks inspectors rated the play equipment at Drew Playground unacceptable in 2 of 5 inspections from August 2024 through July 2026.,"NYC Parks, Parks Inspection Program",https://data.cityofnewyork.us/d/yg3y-7juh
b27a8b13c108@06b551,district_311,"311 received 1,366 complaints about sewers, catch basins and flooding in our district from September 2025 through August 2026. That is the seventh highest rate per resident among the city's 59 community districts.","311 Service Requests, as counted for the planner",https://data.cityofnewyork.us/d/erm2-nwe9
b29a369c91dd,district_311,"311 received 978 complaints about sewers, catch basins and flooding in our district from September 2025 through August 2026. That is the sixth highest rate per resident among the city's 59 community districts.","311 Service Requests, as counted for the planner",https://data.cityofnewyork.us/d/erm2-nwe9
b2c774eb607e,district_311,"311 received 1,698 complaints about potholes and other street conditions in our district from September 2025 through August 2026. Two years earlier the number was 1,244.","311 Service Requests, as counted for the planner",https://data.cityofnewyork.us/d/erm2-nwe9
b2cfb9c5f54f@f3689f,district_311,"311 received 3,619 complaints about potholes and other street conditions in our district from September 2025 through August 2026. That is the ninth highest rate per resident among the city's 59 community districts. Two years earlier the number was 1,834.","311 Service Requests, as counted for the planner",https://data.cityofnewyork.us/d/erm2-nwe9
b307cfb3c3a4,park_inspection,NYC Parks inspectors rated Devoe Park unacceptable overall in 2 of 4 inspections from August 2024 through July 2026.,"NYC Parks, Parks Inspection Program",https://data.cityofnewyork.us/d/yg3y-7juh
b30d665a0191@fd6f80,crashes,"NYPD crash reports show 30 crashes at or near the intersection of Steinway Street and 30th Avenue from June 2023 through May 2026. Those crashes injured 22 people, including 7 pedestrians and 3 cyclists.","NYPD, Motor Vehicle Collisions",https://data.cityofnewyork.us/d/h9gi-nx95
b31298da47a3,district_311,"311 received 1,491 complaints about sewers, catch basins and flooding in our district from September 2025 through August 2026. That is the highest rate per resident among the city's 59 community districts.","311 Service Requests, as counted for the planner",https://data.cityofnewyork.us/d/erm2-nwe9
b31a3a1926f3,district_311,"311 received 2,339 complaints about construction and illegal building use in our district from September 2025 through August 2026. That is the sixth highest rate per resident among the city's 59 community districts. Two years earlier the number was 1,682.","311 Service Requests, as counted for the planner",https://data.cityofnewyork.us/d/erm2-nwe9
b32aa23418bd,district_311,"311 received 2,590 complaints about litter, dumping and missed collection in our district from September 2025 through August 2026. That is the 11th highest rate per resident among the city's 59 community districts.","311 Service Requests, as counted for the planner",https://data.cityofnewyork.us/d/erm2-nwe9
b332c13cf8dd,district_311,311 received 884 requests for help for homeless people or about encampments in our district from September 2025 through August 2026. Two years earlier the number was 421.,"311 Service Requests, as counted for the planner",https://data.cityofnewyork.us/d/erm2-nwe9
b3529c7d1731,district_311,311 received 694 complaints about park maintenance in our district from September 2025 through August 2026. That is the eighth highest rate per resident among the city's 59 community districts.,"311 Service Requests, as counted for the planner",https://data.cityofnewyork.us/d/erm2-nwe9
b352d64529ad,district_311,"311 received 754 complaints about sewers, catch basins and flooding in our district from September 2025 through August 2026. That is the 15th highest rate per resident among the city's 59 community districts.","311 Service Requests, as counted for the planner",https://data.cityofnewyork.us/d/erm2-nwe9
b374d6dca1c4,district_311,"311 received 2,217 complaints about construction and illegal building use in our district from September 2025 through August 2026. That is the third highest rate per resident among the city's 59 community districts. Two years earlier the number was 1,708.","311 Service Requests, as counted for the planner",https://data.cityofnewyork.us/d/erm2-nwe9
b390438d9e39,district_311,"311 received 754 complaints about sewers, catch basins and flooding in our district from September 2025 through August 2026. That is the 15th highest rate per resident among the city's 59 community districts.","311 Service Requests, as counted for the planner",https://data.cityofnewyork.us/d/erm2-nwe9
b3c668c78e26,district_311,311 received 545 complaints about park maintenance in our district from September 2025 through August 2026. That is the 15th highest rate per resident among the city's 59 community districts.,"311 Service Requests, as counted for the planner",https://data.cityofnewyork.us/d/erm2-nwe9
b3defadffafe,district_311,"311 received 594 complaints about sewers, catch basins and flooding in our district from September 2025 through August 2026. Two years earlier the number was 427.","311 Service Requests, as counted for the planner",https://data.cityofnewyork.us/d/erm2-nwe9
b3ebb4eb597b,park_inspection,NYC Parks inspectors rated Seward Park unacceptable overall in 4 of 5 inspections from August 2024 through July 2026. They rated it unacceptable for cleanliness in 4 of 5 inspections.,"NYC Parks, Parks Inspection Program",https://data.cityofnewyork.us/d/yg3y-7juh
b3f411e8fcc0,district_311,311 received 675 complaints about rats and other pests in our district from September 2025 through August 2026. That is the 11th highest number among the city's 59 community districts.,"311 Service Requests, as counted for the planner",https://data.cityofnewyork.us/d/erm2-nwe9
b421f24d9b5e,district_311,311 received 724 complaints about potholes and other street conditions in our district from September 2025 through August 2026. Two years earlier the number was 488.,"311 Service Requests, as counted for the planner",https://data.cityofnewyork.us/d/erm2-nwe9
b43419068dec,district_311,"311 received 7,879 noise complaints in our district from September 2025 through August 2026. That is the seventh highest rate per resident among the city's 59 community districts.","311 Service Requests, as counted for the planner",https://data.cityofnewyork.us/d/erm2-nwe9
b43a684d596e,district_311,"311 received 1,491 complaints about sewers, catch basins and flooding in our district from September 2025 through August 2026. That is the highest rate per resident among the city's 59 community districts.","311 Service Requests, as counted for the planner",https://data.cityofnewyork.us/d/erm2-nwe9
b4793bef6ab8,park_inspection,NYC Parks inspectors rated the play equipment at Drew Playground unacceptable in 2 of 5 inspections from August 2024 through July 2026.,"NYC Parks, Parks Inspection Program",https://data.cityofnewyork.us/d/yg3y-7juh
b482f7493b36,district_311,"311 received 14,142 requests for help for homeless people or about encampments in our district from September 2025 through August 2026. That is the highest rate per resident among the city's 59 community districts.","311 Service Requests, as counted for the planner",https://data.cityofnewyork.us/d/erm2-nwe9
b4bc5e6e6881,school,"The School Construction Authority's latest Enrollment, Capacity and Utilization report shows 271 students at P.S. 125.","School Construction Authority, Enrollment, Capacity and Utilization",https://data.cityofnewyork.us/d/gkd7-3vk7
b4c0943dabe5,school,"The School Construction Authority's latest Enrollment, Capacity and Utilization report shows P.S. 161 with 528 students, 113% of its target capacity.","School Construction Authority, Enrollment, Capacity and Utilization",https://data.cityofnewyork.us/d/gkd7-3vk7
b4d809e494e9,district_311,"311 received 1,130 complaints about sewers, catch basins and flooding in our district from September 2025 through August 2026. That is the eighth highest rate per resident among the city's 59 community districts. Two years earlier the number was 711.","311 Service Requests, as counted for the planner",https://data.cityofnewyork.us/d/erm2-nwe9
b4d9f2d3c71f,district_311,311 received 759 complaints about sidewalks and curbs in our district from September 2025 through August 2026. That is the ninth highest rate per resident among the city's 59 community districts.,"311 Service Requests, as counted for the planner",https://data.cityofnewyork.us/d/erm2-nwe9
b4ecfe62c88e,district_311,"311 received 5,004 requests for help for homeless people or about encampments in our district from September 2025 through August 2026. That is the sixth highest rate per resident among the city's 59 community districts.","311 Service Requests, as counted for the planner",https://data.cityofnewyork.us/d/erm2-nwe9
b54262dc6e91,district_311,311 received 908 complaints about rats and other pests in our district from September 2025 through August 2026. That is the sixth highest rate per resident among the city's 59 community districts.,"311 Service Requests, as counted for the planner",https://data.cityofnewyork.us/d/erm2-nwe9
b557bbb3700a,district_311,311 received 614 complaints about sidewalks and curbs in our district from September 2025 through August 2026. That is the 14th highest rate per resident among the city's 59 community districts.,"311 Service Requests, as counted for the planner",https://data.cityofnewyork.us/d/erm2-nwe9
b571fc2524f4@989a1d,crashes,"NYPD crash reports show 154 crashes on Castle Hill Avenue between Westchester Avenue and Bruckner Boulevard from June 2023 through May 2026. Those crashes injured 107 people, including 22 pedestrians and 5 cyclists, and killed 1 person.","NYPD, Motor Vehicle Collisions",https://data.cityofnewyork.us/d/h9gi-nx95
b5c98051555e@1cbce3,district_311,311 received 676 complaints about potholes and other street conditions in our district from September 2025 through August 2026. Two years earlier the number was 372.,"311 Service Requests, as counted for the planner",https://data.cityofnewyork.us/d/erm2-nwe9
b5c98051555e@a18b63,district_311,311 received 676 complaints about potholes and other street conditions in our district from September 2025 through August 2026. Two years earlier the number was 372.,"311 Service Requests, as counted for the planner",https://data.cityofnewyork.us/d/erm2-nwe9
b5da8bd0c2d8,district_311,"311 received 1,082 complaints about sewers, catch basins and flooding in our district from September 2025 through August 2026. That is the 13th highest rate per resident among the city's 59 community districts.","311 Service Requests, as counted for the planner",https://data.cityofnewyork.us/d/erm2-nwe9
b5dab2d6c22a@2a468c,crashes,"NYPD crash reports show 43 crashes at or near the intersection of Eastern Parkway and Washington Avenue from June 2023 through May 2026. Those crashes injured 34 people, including 4 pedestrians and 2 cyclists.","NYPD, Motor Vehicle Collisions",https://data.cityofnewyork.us/d/h9gi-nx95
b5dab2d6c22a@cc14fd,crashes,"NYPD crash reports show 43 crashes at or near the intersection of Eastern Parkway and Washington Avenue from June 2023 through May 2026. Those crashes injured 34 people, including 4 pedestrians and 2 cyclists.","NYPD, Motor Vehicle Collisions",https://data.cityofnewyork.us/d/h9gi-nx95
b5de7ea1f1a7,district_311,311 received 490 complaints about sidewalks and curbs in our district from September 2025 through August 2026. That is the third highest rate per resident among the city's 59 community districts.,"311 Service Requests, as counted for the planner",https://data.cityofnewyork.us/d/erm2-nwe9
b5e146a5e213@a725e6,district_311,"311 received 1,366 complaints about sewers, catch basins and flooding in our district from September 2025 through August 2026. That is the seventh highest rate per resident among the city's 59 community districts.","311 Service Requests, as counted for the planner",https://data.cityofnewyork.us/d/erm2-nwe9
b5f7bfb5f43d@2df53d,crashes,"NYPD crash reports show 11 crashes at or near the intersection of Linden Boulevard and 195th Street from June 2023 through May 2026. Those crashes injured 8 people, including 2 cyclists.","NYPD, Motor Vehicle Collisions",https://data.cityofnewyork.us/d/h9gi-nx95
b63bb0301587@4ad985,district_311,"311 received 1,549 complaints about potholes and other street conditions in our district from September 2025 through August 2026. That is the 14th highest rate per resident among the city's 59 community districts. Two years earlier the number was 983.","311 Service Requests, as counted for the planner",https://data.cityofnewyork.us/d/erm2-nwe9
b643d913f5f2,district_311,"311 received 2,590 complaints about litter, dumping and missed collection in our district from September 2025 through August 2026. That is the 11th highest rate per resident among the city's 59 community districts.","311 Service Requests, as counted for the planner",https://data.cityofnewyork.us/d/erm2-nwe9
b67d545b77a8,district_311,"311 received 1,436 complaints about park maintenance in our district from September 2025 through August 2026. That is the second highest rate per resident among the city's 59 community districts.","311 Service Requests, as counted for the planner",https://data.cityofnewyork.us/d/erm2-nwe9
b6e130db981f,district_311,"311 received 3,776 complaints about street trees in our district from September 2025 through August 2026. That is the 14th highest rate per resident among the city's 59 community districts.","311 Service Requests, as counted for the planner",https://data.cityofnewyork.us/d/erm2-nwe9
b6f71ba1bfd6@79dfd9,district_311,"311 received 4,782 complaints about potholes and other street conditions in our district from September 2025 through August 2026. That is the 13th highest rate per resident among the city's 59 community districts. Two years earlier the number was 2,431.","311 Service Requests, as counted for the planner",https://data.cityofnewyork.us/d/erm2-nwe9
b6f71ba1bfd6@e226dd,district_311,"311 received 4,782 complaints about potholes and other street conditions in our district from September 2025 through August 2026. That is the 13th highest rate per resident among the city's 59 community districts. Two years earlier the number was 2,431.","311 Service Requests, as counted for the planner",https://data.cityofnewyork.us/d/erm2-nwe9
b713c00224d2,district_311,"311 received 4,980 complaints about litter, dumping and missed collection in our district from September 2025 through August 2026. That is the eighth highest rate per resident among the city's 59 community districts.","311 Service Requests, as counted for the planner",https://data.cityofnewyork.us/d/erm2-nwe9
b71a11df713f,district_311,"311 received 2,590 complaints about litter, dumping and missed collection in our district from September 2025 through August 2026. That is the 11th highest rate per resident among the city's 59 community districts.","311 Service Requests, as counted for the planner",https://data.cityofnewyork.us/d/erm2-nwe9
b723e9b37f3f,district_311,"311 received 978 complaints about sewers, catch basins and flooding in our district from September 2025 through August 2026. That is the sixth highest rate per resident among the city's 59 community districts.","311 Service Requests, as counted for the planner",https://data.cityofnewyork.us/d/erm2-nwe9
b7481a243d3a,district_311,311 received 504 complaints about park maintenance in our district from September 2025 through August 2026. Two years earlier the number was 296.,"311 Service Requests, as counted for the planner",https://data.cityofnewyork.us/d/erm2-nwe9
b78ba6e5b9d1,district_311,"311 received 594 complaints about sewers, catch basins and flooding in our district from September 2025 through August 2026. Two years earlier the number was 427.","311 Service Requests, as counted for the planner",https://data.cityofnewyork.us/d/erm2-nwe9
b7b4776cc554@066735,district_311,"311 received 2,163 complaints about street lights in our district from September 2025 through August 2026. That is the second highest rate per resident among the city's 59 community districts. Two years earlier the number was 687.","311 Service Requests, as counted for the planner",https://data.cityofnewyork.us/d/erm2-nwe9
b7b4776cc554@066735,site_311,311 received 16 reports of street lights out or damaged within 150 feet of the intersection of Vanderbilt Avenue and Richmond Road from September 2023 through August 2026.,311 Service Requests,https://data.cityofnewyork.us/d/erm2-nwe9
b7b4776cc554@3c16d0,district_311,"311 received 2,163 complaints about street lights in our district from September 2025 through August 2026. That is the second highest rate per resident among the city's 59 community districts. Two years earlier the number was 687.","311 Service Requests, as counted for the planner",https://data.cityofnewyork.us/d/erm2-nwe9
b7b4776cc554@3c16d0,site_311,311 received 49 reports of street lights out or damaged along Vanderbilt Avenue between Richmond Road and Bay Street from September 2023 through August 2026.,311 Service Requests,https://data.cityofnewyork.us/d/erm2-nwe9
b7d3637363a9@ea8db7,district_311,"311 received 1,082 complaints about sewers, catch basins and flooding in our district from September 2025 through August 2026. That is the 13th highest rate per resident among the city's 59 community districts.","311 Service Requests, as counted for the planner",https://data.cityofnewyork.us/d/erm2-nwe9
b7df15183f11,park_inspection,NYC Parks inspectors rated Irving Square Park unacceptable overall in 2 of 5 inspections from August 2024 through July 2026.,"NYC Parks, Parks Inspection Program",https://data.cityofnewyork.us/d/yg3y-7juh
b7e143f32f40,district_311,"311 received 3,728 complaints about litter, dumping and missed collection in our district from September 2025 through August 2026. That is the 12th highest number among the city's 59 community districts.","311 Service Requests, as counted for the planner",https://data.cityofnewyork.us/d/erm2-nwe9
b7ec5b42ee3e,district_311,311 received 504 complaints about park maintenance in our district from September 2025 through August 2026. Two years earlier the number was 296.,"311 Service Requests, as counted for the planner",https://data.cityofnewyork.us/d/erm2-nwe9
b7ee981aac66,crashes,"NYPD crash reports show 3 crashes at or near the intersection of Winthrop Street and Troy Avenue from June 2023 through May 2026. Those crashes injured 3 people, including 1 cyclist.","NYPD, Motor Vehicle Collisions",https://data.cityofnewyork.us/d/h9gi-nx95
b7f97d9d0b20,district_311,"311 received 1,491 complaints about sewers, catch basins and flooding in our district from September 2025 through August 2026. That is the highest rate per resident among the city's 59 community districts.","311 Service Requests, as counted for the planner",https://data.cityofnewyork.us/d/erm2-nwe9
b7fddd28857c,park_inspection,NYC Parks inspectors rated Leif Ericson Park unacceptable overall in 3 of 6 inspections from August 2024 through July 2026.,"NYC Parks, Parks Inspection Program",https://data.cityofnewyork.us/d/yg3y-7juh
b7ff6c822017@e3c976,district_311,"311 received 2,157 complaints about sewers, catch basins and flooding in our district from September 2025 through August 2026. That is the third highest rate per resident among the city's 59 community districts.","311 Service Requests, as counted for the planner",https://data.cityofnewyork.us/d/erm2-nwe9
b8229f70474b,district_311,"311 received 1,194 complaints about sewers, catch basins and flooding in our district from September 2025 through August 2026. That is the 11th highest rate per resident among the city's 59 community districts. Two years earlier the number was 930.","311 Service Requests, as counted for the planner",https://data.cityofnewyork.us/d/erm2-nwe9
b83813d82b8f@f93a18,school,"The School Construction Authority's latest Enrollment, Capacity and Utilization report shows 366 students at P.S. 28.","School Construction Authority, Enrollment, Capacity and Utilization",https://data.cityofnewyork.us/d/gkd7-3vk7
b83bc3ef0d3f,district_311,"311 received 1,147 complaints about sewers, catch basins and flooding in our district from September 2025 through August 2026. That is the seventh highest number among the city's 59 community districts.","311 Service Requests, as counted for the planner",https://data.cityofnewyork.us/d/erm2-nwe9
b8557932572f@aa5407,district_311,311 received 676 complaints about potholes and other street conditions in our district from September 2025 through August 2026. Two years earlier the number was 372.,"311 Service Requests, as counted for the planner",https://data.cityofnewyork.us/d/erm2-nwe9
b8564dcca06d,school,"The School Construction Authority's latest Enrollment, Capacity and Utilization report shows P.S. 24 with 758 students, 107% of its target capacity.","School Construction Authority, Enrollment, Capacity and Utilization",https://data.cityofnewyork.us/d/gkd7-3vk7
b85c2ad72ace,district_311,"311 received 978 complaints about sewers, catch basins and flooding in our district from September 2025 through August 2026. That is the sixth highest rate per resident among the city's 59 community districts.","311 Service Requests, as counted for the planner",https://data.cityofnewyork.us/d/erm2-nwe9
b880688a8240,district_311,"311 received 978 complaints about sewers, catch basins and flooding in our district from September 2025 through August 2026. That is the sixth highest rate per resident among the city's 59 community districts.","311 Service Requests, as counted for the planner",https://data.cityofnewyork.us/d/erm2-nwe9
b884901030a1,district_311,"311 received 14,142 requests for help for homeless people or about encampments in our district from September 2025 through August 2026. That is the highest rate per resident among the city's 59 community districts.","311 Service Requests, as counted for the planner",https://data.cityofnewyork.us/d/erm2-nwe9
b89336ee8473,district_311,"311 received 3,634 complaints about litter, dumping and missed collection in our district from September 2025 through August 2026. That is the 14th highest number among the city's 59 community districts.","311 Service Requests, as counted for the planner",https://data.cityofnewyork.us/d/erm2-nwe9
b8983dd1604e,district_311,"311 received 1,035 complaints about sidewalks and curbs in our district from September 2025 through August 2026. That is the eighth highest rate per resident among the city's 59 community districts. Two years earlier the number was 622.","311 Service Requests, as counted for the planner",https://data.cityofnewyork.us/d/erm2-nwe9
b8a42d0df0b4,district_311,"311 received 1,082 complaints about sewers, catch basins and flooding in our district from September 2025 through August 2026. That is the 13th highest rate per resident among the city's 59 community districts.","311 Service Requests, as counted for the planner",https://data.cityofnewyork.us/d/erm2-nwe9
b8a554c178be@b970e5,district_311,"311 received 956 complaints about sewers, catch basins and flooding in our district from September 2025 through August 2026. That is the fifth highest rate per resident among the city's 59 community districts.","311 Service Requests, as counted for the planner",https://data.cityofnewyork.us/d/erm2-nwe9
b8b2b97d8d79@60dc62,district_311,"311 received 540 complaints about sewers, catch basins and flooding in our district from September 2025 through August 2026. Two years earlier the number was 408.","311 Service Requests, as counted for the planner",https://data.cityofnewyork.us/d/erm2-nwe9
b8b2b97d8d79@60dc62,site_311,311 received 12 reports of street flooding or clogged catch basins within 300 feet of the intersection of 111th Street and 46th Avenue from September 2023 through August 2026.,311 Service Requests,https://data.cityofnewyork.us/d/erm2-nwe9
b8ca5208b1da,district_311,311 received 443 complaints about park maintenance in our district from September 2025 through August 2026. That is the fourth highest rate per resident among the city's 59 community districts. Two years earlier the number was 262.,"311 Service Requests, as counted for the planner",https://data.cityofnewyork.us/d/erm2-nwe9
b8e40f5378b5@5b6be1,district_311,311 received 614 complaints about sidewalks and curbs in our district from September 2025 through August 2026. That is the 14th highest rate per resident among the city's 59 community districts.,"311 Service Requests, as counted for the planner",https://data.cityofnewyork.us/d/erm2-nwe9
b8e40f5378b5@da421a,district_311,311 received 614 complaints about sidewalks and curbs in our district from September 2025 through August 2026. That is the 14th highest rate per resident among the city's 59 community districts.,"311 Service Requests, as counted for the planner",https://data.cityofnewyork.us/d/erm2-nwe9
b932a50d08d0,district_311,311 received 515 complaints about rats and other pests in our district from September 2025 through August 2026. That is the tenth highest rate per resident among the city's 59 community districts.,"311 Service Requests, as counted for the planner",https://data.cityofnewyork.us/d/erm2-nwe9
b94d732cb4be,school,"The School Construction Authority's latest Enrollment, Capacity and Utilization report shows P.S. 24 with 758 students, 107% of its target capacity.","School Construction Authority, Enrollment, Capacity and Utilization",https://data.cityofnewyork.us/d/gkd7-3vk7
b953a490cbbb,school,"The School Construction Authority's latest Enrollment, Capacity and Utilization report shows 300 students at P.S. 146.","School Construction Authority, Enrollment, Capacity and Utilization",https://data.cityofnewyork.us/d/gkd7-3vk7
b953a490cbbb@62c698,school,"The School Construction Authority's latest Enrollment, Capacity and Utilization report shows 300 students at P.S. 146.","School Construction Authority, Enrollment, Capacity and Utilization",https://data.cityofnewyork.us/d/gkd7-3vk7
b957f3c8411d,district_311,311 received 408 complaints about street lights in our district from September 2025 through August 2026. That is the fifth highest rate per resident among the city's 59 community districts.,"311 Service Requests, as counted for the planner",https://data.cityofnewyork.us/d/erm2-nwe9
b9680b25e656,crashes,"NYPD crash reports show 10 crashes on Morton Street between West Street and Washington Street from June 2023 through May 2026. Those crashes injured 6 people, including 4 cyclists.","NYPD, Motor Vehicle Collisions",https://data.cityofnewyork.us/d/h9gi-nx95
b988fa85cf4f@f68790,district_311,"311 received 1,905 complaints about potholes and other street conditions in our district from September 2025 through August 2026. That is the highest rate per resident among the city's 59 community districts. Two years earlier the number was 1,516.","311 Service Requests, as counted for the planner",https://data.cityofnewyork.us/d/erm2-nwe9
b98c6ee27ce7,school,"The School Construction Authority's latest Enrollment, Capacity and Utilization report shows 629 students at P.S. 11.","School Construction Authority, Enrollment, Capacity and Utilization",https://data.cityofnewyork.us/d/gkd7-3vk7
b9c26499feb5,district_311,"311 received 3,634 complaints about litter, dumping and missed collection in our district from September 2025 through August 2026. That is the 14th highest number among the city's 59 community districts.","311 Service Requests, as counted for the planner",https://data.cityofnewyork.us/d/erm2-nwe9
b9cc863bbcae,district_311,"311 received 9,980 requests for help for homeless people or about encampments in our district from September 2025 through August 2026. That is the second highest rate per resident among the city's 59 community districts. Two years earlier the number was 6,541.","311 Service Requests, as counted for the planner",https://data.cityofnewyork.us/d/erm2-nwe9
b9d546a3aa8d,district_311,"311 received 1,536 complaints about water mains, hydrants and water quality in our district from September 2025 through August 2026. That is the 14th highest rate per resident among the city's 59 community districts. Two years earlier the number was 1,141.","311 Service Requests, as counted for the planner",https://data.cityofnewyork.us/d/erm2-nwe9
b9d925c0b565,district_311,311 received 694 complaints about park maintenance in our district from September 2025 through August 2026. That is the eighth highest rate per resident among the city's 59 community districts.,"311 Service Requests, as counted for the planner",https://data.cityofnewyork.us/d/erm2-nwe9
ba2c1de76fc1,district_311,"311 received 1,491 complaints about sewers, catch basins and flooding in our district from September 2025 through August 2026. That is the highest rate per resident among the city's 59 community districts.","311 Service Requests, as counted for the planner",https://data.cityofnewyork.us/d/erm2-nwe9
ba504c22300c,district_311,311 received 475 complaints about rats and other pests in our district from September 2025 through August 2026. That is the 14th highest rate per resident among the city's 59 community districts.,"311 Service Requests, as counted for the planner",https://data.cityofnewyork.us/d/erm2-nwe9
ba5f0fe13ef9,district_311,"311 received 978 complaints about sewers, catch basins and flooding in our district from September 2025 through August 2026. That is the sixth highest rate per resident among the city's 59 community districts.","311 Service Requests, as counted for the planner",https://data.cityofnewyork.us/d/erm2-nwe9
ba6a9c52dc68,crashes,"NYPD crash reports show 22 crashes at or near the intersection of Broadway and Monroe Street from June 2023 through May 2026. Those crashes injured 8 people, including 3 pedestrians.","NYPD, Motor Vehicle Collisions",https://data.cityofnewyork.us/d/h9gi-nx95
ba6a9c52dc68,site_311,311 received 7 reports of street lights out or damaged within 150 feet of the intersection of Broadway and Monroe Street from September 2023 through August 2026.,311 Service Requests,https://data.cityofnewyork.us/d/erm2-nwe9
ba886a0c6fd1,district_311,311 received 908 complaints about rats and other pests in our district from September 2025 through August 2026. That is the sixth highest rate per resident among the city's 59 community districts.,"311 Service Requests, as counted for the planner",https://data.cityofnewyork.us/d/erm2-nwe9
babeea465f1a@5fba90,school,"The School Construction Authority's latest Enrollment, Capacity and Utilization report shows 398 students at P.S. 111.","School Construction Authority, Enrollment, Capacity and Utilization",https://data.cityofnewyork.us/d/gkd7-3vk7
babeea465f1a@de97b0,school,"The School Construction Authority's latest Enrollment, Capacity and Utilization report shows 398 students at P.S. 111.","School Construction Authority, Enrollment, Capacity and Utilization",https://data.cityofnewyork.us/d/gkd7-3vk7
badd0e7dd884,district_311,"311 received 1,330 complaints about rats and other pests in our district from September 2025 through August 2026. That is the fourth highest rate per resident among the city's 59 community districts.","311 Service Requests, as counted for the planner",https://data.cityofnewyork.us/d/erm2-nwe9
bb1b2862faea,district_311,"311 received 14,142 requests for help for homeless people or about encampments in our district from September 2025 through August 2026. That is the highest rate per resident among the city's 59 community districts.","311 Service Requests, as counted for the planner",https://data.cityofnewyork.us/d/erm2-nwe9
bb4c4003ef96@83ec2f,crashes,"NYPD crash reports show 17 crashes at or near the intersection of Brooklyn Avenue and Empire Boulevard from June 2023 through May 2026. Those crashes injured 8 people, including 1 pedestrian and 1 cyclist.","NYPD, Motor Vehicle Collisions",https://data.cityofnewyork.us/d/h9gi-nx95
bb4c4003ef96@bf0645,crashes,"NYPD crash reports show 14 crashes at or near the intersection of Kingston Avenue and Empire Boulevard from June 2023 through May 2026. Those crashes injured 10 people, including 1 pedestrian.","NYPD, Motor Vehicle Collisions",https://data.cityofnewyork.us/d/h9gi-nx95
bb5d122a4203@90a9ee,school,"The School Construction Authority's latest Enrollment, Capacity and Utilization report shows 1,155 students at P.S. 89.","School Construction Authority, Enrollment, Capacity and Utilization",https://data.cityofnewyork.us/d/gkd7-3vk7
bb68a12cdd7f,district_311,"311 received 5,650 complaints about litter, dumping and missed collection in our district from September 2025 through August 2026. That is the fourth highest rate per resident among the city's 59 community districts.","311 Service Requests, as counted for the planner",https://data.cityofnewyork.us/d/erm2-nwe9
bbaaeb04e822,district_311,"311 received 952 complaints about sewers, catch basins and flooding in our district from September 2025 through August 2026. That is the tenth highest rate per resident among the city's 59 community districts.","311 Service Requests, as counted for the planner",https://data.cityofnewyork.us/d/erm2-nwe9
bbceff724cdd,street_trees,"As of February 2025, NYC Parks' tree inventory listed 2,379 empty street tree beds in our district.","NYC Parks, Forestry Planting Spaces",https://data.cityofnewyork.us/d/82zj-84is
bbea7472eeb3@43cff2,district_311,"311 received 1,366 complaints about sewers, catch basins and flooding in our district from September 2025 through August 2026. That is the seventh highest rate per resident among the city's 59 community districts.","311 Service Requests, as counted for the planner",https://data.cityofnewyork.us/d/erm2-nwe9
bbf77f2b65c6,district_311,311 received 468 complaints about street lights in our district from September 2025 through August 2026. Two years earlier the number was 352.,"311 Service Requests, as counted for the planner",https://data.cityofnewyork.us/d/erm2-nwe9
bbfcb7fa308b@75fe30,site_311,311 received 5 reports of street flooding or clogged catch basins within 300 feet of the intersection of 76th Street and Colonial Road from September 2023 through August 2026.,311 Service Requests,https://data.cityofnewyork.us/d/erm2-nwe9
bc48b390e0b5,district_311,"311 received 19,337 complaints about illegal parking and blocked driveways in our district from September 2025 through August 2026. That is the 15th highest number among the city's 59 community districts. Two years earlier the number was 13,376.","311 Service Requests, as counted for the planner",https://data.cityofnewyork.us/d/erm2-nwe9
bc5a9f6285c8,park_inspection,NYC Parks inspectors rated Rosemary's Playground unacceptable overall in 2 of 5 inspections from August 2024 through July 2026. They rated its paved surfaces unacceptable in 2 of 5 inspections.,"NYC Parks, Parks Inspection Program",https://data.cityofnewyork.us/d/yg3y-7juh
bc5db5721f0a@19e52a,district_311,"311 received 1,733 complaints about potholes and other street conditions in our district from September 2025 through August 2026. Two years earlier the number was 878.","311 Service Requests, as counted for the planner",https://data.cityofnewyork.us/d/erm2-nwe9
bc61d7f01f6b,district_311,311 received 841 complaints about street lights in our district from September 2025 through August 2026. That is the seventh highest number among the city's 59 community districts.,"311 Service Requests, as counted for the planner",https://data.cityofnewyork.us/d/erm2-nwe9
bc62a98478a1,district_311,"311 received 2,321 complaints about water mains, hydrants and water quality in our district from September 2025 through August 2026. That is the third highest rate per resident among the city's 59 community districts. Two years earlier the number was 1,527.","311 Service Requests, as counted for the planner",https://data.cityofnewyork.us/d/erm2-nwe9
bc73ca6614a6,district_311,311 received 569 complaints about street lights in our district from September 2025 through August 2026. Two years earlier the number was 419.,"311 Service Requests, as counted for the planner",https://data.cityofnewyork.us/d/erm2-nwe9
bc7ad4edf1bd@db62a8,crashes,"NYPD crash reports show 11 crashes at or near the intersection of Linden Boulevard and 195th Street from June 2023 through May 2026. Those crashes injured 8 people, including 2 cyclists.","NYPD, Motor Vehicle Collisions",https://data.cityofnewyork.us/d/h9gi-nx95
bc8abcca25a6,district_311,"311 received 2,157 complaints about sewers, catch basins and flooding in our district from September 2025 through August 2026. That is the third highest rate per resident among the city's 59 community districts.","311 Service Requests, as counted for the planner",https://data.cityofnewyork.us/d/erm2-nwe9
bc9b93bb57a9,district_311,"311 received 2,026 complaints about litter, dumping and missed collection in our district from September 2025 through August 2026. Two years earlier the number was 1,381.","311 Service Requests, as counted for the planner",https://data.cityofnewyork.us/d/erm2-nwe9
bcb1a0c3b237@9a053d,district_311,311 received 841 complaints about street lights in our district from September 2025 through August 2026. That is the seventh highest number among the city's 59 community districts.,"311 Service Requests, as counted for the planner",https://data.cityofnewyork.us/d/erm2-nwe9
bcc1476186ee@a4a290,school,"The School Construction Authority's latest Enrollment, Capacity and Utilization report shows 198 students at I.S. 35.","School Construction Authority, Enrollment, Capacity and Utilization",https://data.cityofnewyork.us/d/gkd7-3vk7
bce70553d3b0@4e0780,crashes,NYPD crash reports show 39 crashes at or near the intersection of 114th Street and Astoria Boulevard from June 2023 through May 2026. Those crashes injured 15 people.,"NYPD, Motor Vehicle Collisions",https://data.cityofnewyork.us/d/h9gi-nx95
bcffa9f00013,district_311,"311 received 1,491 complaints about sewers, catch basins and flooding in our district from September 2025 through August 2026. That is the highest rate per resident among the city's 59 community districts.","311 Service Requests, as counted for the planner",https://data.cityofnewyork.us/d/erm2-nwe9
bd19c16f9742,district_311,"311 received 754 complaints about sewers, catch basins and flooding in our district from September 2025 through August 2026. That is the 15th highest rate per resident among the city's 59 community districts.","311 Service Requests, as counted for the planner",https://data.cityofnewyork.us/d/erm2-nwe9
bd3cd060833e,district_311,"311 received 2,463 requests for help for homeless people or about encampments in our district from September 2025 through August 2026. That is the fifth highest rate per resident among the city's 59 community districts.","311 Service Requests, as counted for the planner",https://data.cityofnewyork.us/d/erm2-nwe9
bd44af244b94@8cdccb,district_311,"311 received 1,733 complaints about potholes and other street conditions in our district from September 2025 through August 2026. Two years earlier the number was 878.","311 Service Requests, as counted for the planner",https://data.cityofnewyork.us/d/erm2-nwe9
bd44af244b94@ad0bb6,district_311,"311 received 1,733 complaints about potholes and other street conditions in our district from September 2025 through August 2026. Two years earlier the number was 878.","311 Service Requests, as counted for the planner",https://data.cityofnewyork.us/d/erm2-nwe9
bd522925b7d3,school,"The School Construction Authority's latest Enrollment, Capacity and Utilization report shows 198 students at I.S. 35.","School Construction Authority, Enrollment, Capacity and Utilization",https://data.cityofnewyork.us/d/gkd7-3vk7
bd522925b7d3@a4a290,school,"The School Construction Authority's latest Enrollment, Capacity and Utilization report shows 198 students at I.S. 35.","School Construction Authority, Enrollment, Capacity and Utilization",https://data.cityofnewyork.us/d/gkd7-3vk7
bd905dc77ed4,district_311,"311 received 3,412 complaints about potholes and other street conditions in our district from September 2025 through August 2026. That is the fifth highest rate per resident among the city's 59 community districts. Two years earlier the number was 1,686.","311 Service Requests, as counted for the planner",https://data.cityofnewyork.us/d/erm2-nwe9
bda5a3b2ba1e,district_311,"311 received 4,980 complaints about litter, dumping and missed collection in our district from September 2025 through August 2026. That is the eighth highest rate per resident among the city's 59 community districts.","311 Service Requests, as counted for the planner",https://data.cityofnewyork.us/d/erm2-nwe9
bdb768e0e20b,district_311,"311 received 1,884 complaints about litter, dumping and missed collection in our district from September 2025 through August 2026. That is the highest rate per resident among the city's 59 community districts.","311 Service Requests, as counted for the planner",https://data.cityofnewyork.us/d/erm2-nwe9
bde164c71462,district_311,"311 received 3,619 complaints about potholes and other street conditions in our district from September 2025 through August 2026. That is the ninth highest rate per resident among the city's 59 community districts. Two years earlier the number was 1,834.","311 Service Requests, as counted for the planner",https://data.cityofnewyork.us/d/erm2-nwe9
bde9873412cf,district_311,"311 received 1,267 complaints about construction and illegal building use in our district from September 2025 through August 2026. That is the tenth highest rate per resident among the city's 59 community districts.","311 Service Requests, as counted for the planner",https://data.cityofnewyork.us/d/erm2-nwe9
be2c43ddd92b,park_inspection,"NYC Parks inspectors rated Phil ""Scooter"" Rizzuto Park unacceptable overall in 3 of 5 inspections from August 2024 through July 2026. They rated its paved surfaces unacceptable in 2 of 4 inspections.","NYC Parks, Parks Inspection Program",https://data.cityofnewyork.us/d/yg3y-7juh
be3390ac4209,district_311,"311 received 1,366 complaints about sewers, catch basins and flooding in our district from September 2025 through August 2026. That is the seventh highest rate per resident among the city's 59 community districts.","311 Service Requests, as counted for the planner",https://data.cityofnewyork.us/d/erm2-nwe9
be375e5e8758,district_311,311 received 993 complaints about park maintenance in our district from September 2025 through August 2026. That is the third highest rate per resident among the city's 59 community districts.,"311 Service Requests, as counted for the planner",https://data.cityofnewyork.us/d/erm2-nwe9
be3f1de79b14,park_inspection,"NYC Parks inspectors rated Phil ""Scooter"" Rizzuto Park unacceptable overall in 3 of 5 inspections from August 2024 through July 2026.","NYC Parks, Parks Inspection Program",https://data.cityofnewyork.us/d/yg3y-7juh
be633035d5f2@fdf3bd,district_311,311 received 402 complaints about street lights in our district from September 2025 through August 2026. Two years earlier the number was 275.,"311 Service Requests, as counted for the planner",https://data.cityofnewyork.us/d/erm2-nwe9
be6b61ba6f6b@a22f87,crashes,"NYPD crash reports show 174 crashes on 11th Avenue between West 42nd Street and West 57th Street from June 2023 through May 2026. Those crashes injured 88 people, including 21 pedestrians and 23 cyclists, and killed 1 person.","NYPD, Motor Vehicle Collisions",https://data.cityofnewyork.us/d/h9gi-nx95
be7e4b33d266,district_311,"311 received 4,071 complaints about litter, dumping and missed collection in our district from September 2025 through August 2026. That is the tenth highest number among the city's 59 community districts. Two years earlier the number was 3,088.","311 Service Requests, as counted for the planner",https://data.cityofnewyork.us/d/erm2-nwe9
beaed0f89aa2,district_311,311 received 243 complaints about graffiti in our district from September 2025 through August 2026. That is the 13th highest rate per resident among the city's 59 community districts.,"311 Service Requests, as counted for the planner",https://data.cityofnewyork.us/d/erm2-nwe9
beb83dcdb4ef,district_311,"311 received 1,453 complaints about potholes and other street conditions in our district from September 2025 through August 2026. Two years earlier the number was 927.","311 Service Requests, as counted for the planner",https://data.cityofnewyork.us/d/erm2-nwe9
bec39f13f2cb@a4b8f6,crashes,"NYPD crash reports show 7 crashes at or near the intersection of Waverly Place and Christopher Street from June 2023 through May 2026. Those crashes injured 3 people, including 2 pedestrians.","NYPD, Motor Vehicle Collisions",https://data.cityofnewyork.us/d/h9gi-nx95
beca814e0138,district_311,"311 received 1,436 complaints about park maintenance in our district from September 2025 through August 2026. That is the second highest rate per resident among the city's 59 community districts.","311 Service Requests, as counted for the planner",https://data.cityofnewyork.us/d/erm2-nwe9
bede1fb5b7a1@f1c329,school,"The School Construction Authority's latest Enrollment, Capacity and Utilization report shows 848 students at I.S. 93.","School Construction Authority, Enrollment, Capacity and Utilization",https://data.cityofnewyork.us/d/gkd7-3vk7
befc60261e13@ea3fa9,park_inspection,NYC Parks inspectors rated the play equipment at Corporal John A. Seravalli Playground unacceptable in 2 of 6 inspections from August 2024 through July 2026.,"NYC Parks, Parks Inspection Program",https://data.cityofnewyork.us/d/yg3y-7juh
bf1a525d0291,school,"The School Construction Authority's latest Enrollment, Capacity and Utilization report shows 352 students at P.S. 138.","School Construction Authority, Enrollment, Capacity and Utilization",https://data.cityofnewyork.us/d/gkd7-3vk7
bf295feabacf@916c20,crashes,"NYPD crash reports show 7 crashes at or near the intersection of Waverly Place and Christopher Street from June 2023 through May 2026. Those crashes injured 3 people, including 2 pedestrians.","NYPD, Motor Vehicle Collisions",https://data.cityofnewyork.us/d/h9gi-nx95
bf345cf8f182,district_311,"311 received 4,750 complaints about litter, dumping and missed collection in our district from September 2025 through August 2026. That is the 15th highest rate per resident among the city's 59 community districts.","311 Service Requests, as counted for the planner",https://data.cityofnewyork.us/d/erm2-nwe9
bf3ad94d44d0,district_311,"311 received 21,403 complaints about heat, hot water and other apartment conditions in our district from September 2025 through August 2026. That is the 13th highest rate per resident among the city's 59 community districts.","311 Service Requests, as counted for the planner",https://data.cityofnewyork.us/d/erm2-nwe9
bf47c5af3187,district_311,311 received 762 complaints about street lights in our district from September 2025 through August 2026. That is the 11th highest number among the city's 59 community districts. Two years earlier the number was 603.,"311 Service Requests, as counted for the planner",https://data.cityofnewyork.us/d/erm2-nwe9
bf5eb735ea74,district_311,311 received 360 requests for help for homeless people or about encampments in our district from September 2025 through August 2026. Two years earlier the number was 265.,"311 Service Requests, as counted for the planner",https://data.cityofnewyork.us/d/erm2-nwe9
bf64e4c92318,district_311,"311 received 6,127 complaints about litter, dumping and missed collection in our district from September 2025 through August 2026. That is the seventh highest rate per resident among the city's 59 community districts.","311 Service Requests, as counted for the planner",https://data.cityofnewyork.us/d/erm2-nwe9
bf9bf972955f,district_311,311 received 483 complaints about potholes and other street conditions in our district from September 2025 through August 2026. Two years earlier the number was 241.,"311 Service Requests, as counted for the planner",https://data.cityofnewyork.us/d/erm2-nwe9
bfb73cb452d9,park_inspection,NYC Parks inspectors rated Harvey Park unacceptable overall in 2 of 5 inspections from August 2024 through July 2026.,"NYC Parks, Parks Inspection Program",https://data.cityofnewyork.us/d/yg3y-7juh
bfd58b06e2b1@19e52a,district_311,"311 received 1,733 complaints about potholes and other street conditions in our district from September 2025 through August 2026. Two years earlier the number was 878.","311 Service Requests, as counted for the planner",https://data.cityofnewyork.us/d/erm2-nwe9
bfd58b06e2b1@923c0e,district_311,"311 received 1,733 complaints about potholes and other street conditions in our district from September 2025 through August 2026. Two years earlier the number was 878.","311 Service Requests, as counted for the planner",https://data.cityofnewyork.us/d/erm2-nwe9
bfe07214d4f0,district_311,"311 received 1,082 complaints about sewers, catch basins and flooding in our district from September 2025 through August 2026. That is the 13th highest rate per resident among the city's 59 community districts.","311 Service Requests, as counted for the planner",https://data.cityofnewyork.us/d/erm2-nwe9
bff746500b19,district_311,"311 received 4,782 complaints about potholes and other street conditions in our district from September 2025 through August 2026. That is the 13th highest rate per resident among the city's 59 community districts. Two years earlier the number was 2,431.","311 Service Requests, as counted for the planner",https://data.cityofnewyork.us/d/erm2-nwe9
c0044b48495d,district_311,"311 received 4,782 complaints about potholes and other street conditions in our district from September 2025 through August 2026. That is the 13th highest rate per resident among the city's 59 community districts. Two years earlier the number was 2,431.","311 Service Requests, as counted for the planner",https://data.cityofnewyork.us/d/erm2-nwe9
c01114e5a50a,district_311,"311 received 3,412 complaints about potholes and other street conditions in our district from September 2025 through August 2026. That is the fifth highest rate per resident among the city's 59 community districts. Two years earlier the number was 1,686.","311 Service Requests, as counted for the planner",https://data.cityofnewyork.us/d/erm2-nwe9
c0492200a11d@92d39b,district_311,"311 received 1,147 complaints about sewers, catch basins and flooding in our district from September 2025 through August 2026. That is the seventh highest number among the city's 59 community districts.","311 Service Requests, as counted for the planner",https://data.cityofnewyork.us/d/erm2-nwe9
c0659df5c16b,district_311,311 received 605 complaints about park maintenance in our district from September 2025 through August 2026. That is the 11th highest rate per resident among the city's 59 community districts. Two years earlier the number was 434.,"311 Service Requests, as counted for the planner",https://data.cityofnewyork.us/d/erm2-nwe9
c0744208ff8c,district_311,"311 received 754 complaints about sewers, catch basins and flooding in our district from September 2025 through August 2026. That is the 15th highest rate per resident among the city's 59 community districts.","311 Service Requests, as counted for the planner",https://data.cityofnewyork.us/d/erm2-nwe9
c08a15ab6632,district_311,"311 received 3,573 complaints about street trees in our district from September 2025 through August 2026. That is the fifth highest number among the city's 59 community districts.","311 Service Requests, as counted for the planner",https://data.cityofnewyork.us/d/erm2-nwe9
c09fd33562f2@d5bfeb,district_311,"311 received 1,733 complaints about potholes and other street conditions in our district from September 2025 through August 2026. Two years earlier the number was 878.","311 Service Requests, as counted for the planner",https://data.cityofnewyork.us/d/erm2-nwe9
c0aa015406ed@2709af,school,"The School Construction Authority's latest Enrollment, Capacity and Utilization report shows 528 students at I.S. 285.","School Construction Authority, Enrollment, Capacity and Utilization",https://data.cityofnewyork.us/d/gkd7-3vk7
c0ac7715e1f6,district_311,"311 received 3,634 complaints about litter, dumping and missed collection in our district from September 2025 through August 2026. That is the 14th highest number among the city's 59 community districts.","311 Service Requests, as counted for the planner",https://data.cityofnewyork.us/d/erm2-nwe9
c0ce7d0bedf7,school,"The School Construction Authority's latest Enrollment, Capacity and Utilization report shows 497 students at P.S. 130.","School Construction Authority, Enrollment, Capacity and Utilization",https://data.cityofnewyork.us/d/gkd7-3vk7
c0e18389d126,district_311,311 received 884 requests for help for homeless people or about encampments in our district from September 2025 through August 2026. Two years earlier the number was 421.,"311 Service Requests, as counted for the planner",https://data.cityofnewyork.us/d/erm2-nwe9
c0fa9d1d80a1,district_311,311 received 614 complaints about sidewalks and curbs in our district from September 2025 through August 2026. That is the 14th highest rate per resident among the city's 59 community districts.,"311 Service Requests, as counted for the planner",https://data.cityofnewyork.us/d/erm2-nwe9
c10b871f87d5,district_311,"311 received 9,980 requests for help for homeless people or about encampments in our district from September 2025 through August 2026. That is the second highest rate per resident among the city's 59 community districts. Two years earlier the number was 6,541.","311 Service Requests, as counted for the planner",https://data.cityofnewyork.us/d/erm2-nwe9
c1168f1ec1fd@f98e94,district_311,"311 received 11,838 complaints about illegal parking and blocked driveways in our district from September 2025 through August 2026. Two years earlier the number was 7,482.","311 Service Requests, as counted for the planner",https://data.cityofnewyork.us/d/erm2-nwe9
c15b777938dd@edbb51,district_311,"311 received 1,549 complaints about potholes and other street conditions in our district from September 2025 through August 2026. That is the 14th highest rate per resident among the city's 59 community districts. Two years earlier the number was 983.","311 Service Requests, as counted for the planner",https://data.cityofnewyork.us/d/erm2-nwe9
c170412a33c8@68763a,district_311,"311 received 2,590 complaints about litter, dumping and missed collection in our district from September 2025 through August 2026. That is the 11th highest rate per resident among the city's 59 community districts.","311 Service Requests, as counted for the planner",https://data.cityofnewyork.us/d/erm2-nwe9
c170412a33c8@f00340,district_311,"311 received 2,590 complaints about litter, dumping and missed collection in our district from September 2025 through August 2026. That is the 11th highest rate per resident among the city's 59 community districts.","311 Service Requests, as counted for the planner",https://data.cityofnewyork.us/d/erm2-nwe9
c180b44b78cb@479be5,district_311,"311 received 1,027 complaints about sidewalks and curbs in our district from September 2025 through August 2026. That is the 11th highest rate per resident among the city's 59 community districts.","311 Service Requests, as counted for the planner",https://data.cityofnewyork.us/d/erm2-nwe9
c180b44b78cb@50594c,district_311,"311 received 1,027 complaints about sidewalks and curbs in our district from September 2025 through August 2026. That is the 11th highest rate per resident among the city's 59 community districts.","311 Service Requests, as counted for the planner",https://data.cityofnewyork.us/d/erm2-nwe9
c186928cd766@b0f34b,district_311,311 received 541 complaints about potholes and other street conditions in our district from September 2025 through August 2026. Two years earlier the number was 405.,"311 Service Requests, as counted for the planner",https://data.cityofnewyork.us/d/erm2-nwe9
c18731714aa1@2a5cab,district_311,"311 received 1,393 complaints about potholes and other street conditions in our district from September 2025 through August 2026. Two years earlier the number was 798.","311 Service Requests, as counted for the planner",https://data.cityofnewyork.us/d/erm2-nwe9
c18731714aa1@7a4d29,district_311,"311 received 1,393 complaints about potholes and other street conditions in our district from September 2025 through August 2026. Two years earlier the number was 798.","311 Service Requests, as counted for the planner",https://data.cityofnewyork.us/d/erm2-nwe9
c1a123284ccb@1cd6a7,district_311,"311 received 2,590 complaints about litter, dumping and missed collection in our district from September 2025 through August 2026. That is the 11th highest rate per resident among the city's 59 community districts.","311 Service Requests, as counted for the planner",https://data.cityofnewyork.us/d/erm2-nwe9
c1a123284ccb@be085f,district_311,"311 received 2,590 complaints about litter, dumping and missed collection in our district from September 2025 through August 2026. That is the 11th highest rate per resident among the city's 59 community districts.","311 Service Requests, as counted for the planner",https://data.cityofnewyork.us/d/erm2-nwe9
c1aaa7068ec2,crashes,"NYPD crash reports show 482 crashes on Canal Street between Bowery and West Street from June 2023 through May 2026. Those crashes injured 220 people, including 38 pedestrians and 29 cyclists, and killed 1 person.","NYPD, Motor Vehicle Collisions",https://data.cityofnewyork.us/d/h9gi-nx95
c1b1e4cdd446,district_311,311 received 292 requests for help for homeless people or about encampments in our district from September 2025 through August 2026. Two years earlier the number was 130.,"311 Service Requests, as counted for the planner",https://data.cityofnewyork.us/d/erm2-nwe9
c1bef9ff8c36,district_311,"311 received 1,082 complaints about sewers, catch basins and flooding in our district from September 2025 through August 2026. That is the 13th highest rate per resident among the city's 59 community districts.","311 Service Requests, as counted for the planner",https://data.cityofnewyork.us/d/erm2-nwe9
c1c6e5aa2bda@040557,crashes,"NYPD crash reports show 8 crashes at or near the intersection of New York Avenue and Maple Street from June 2023 through May 2026. Those crashes injured 3 people, including 1 cyclist.","NYPD, Motor Vehicle Collisions",https://data.cityofnewyork.us/d/h9gi-nx95
c1d08db21355,crashes,"NYPD crash reports show 16 crashes at or near the intersection of Winthrop Street and Flatbush Avenue from June 2023 through May 2026. Those crashes injured 8 people, including 5 pedestrians and 1 cyclist.","NYPD, Motor Vehicle Collisions",https://data.cityofnewyork.us/d/h9gi-nx95
c1d9af63c001,crashes,"NYPD crash reports show 11 crashes at or near the intersection of Linden Boulevard and 195th Street from June 2023 through May 2026. Those crashes injured 8 people, including 2 cyclists.","NYPD, Motor Vehicle Collisions",https://data.cityofnewyork.us/d/h9gi-nx95
c1e9681f998b,district_311,311 received 475 complaints about rats and other pests in our district from September 2025 through August 2026. That is the 14th highest rate per resident among the city's 59 community districts.,"311 Service Requests, as counted for the planner",https://data.cityofnewyork.us/d/erm2-nwe9
c1f0de06bfbe@52703e,district_311,"311 received 1,366 complaints about sewers, catch basins and flooding in our district from September 2025 through August 2026. That is the seventh highest rate per resident among the city's 59 community districts.","311 Service Requests, as counted for the planner",https://data.cityofnewyork.us/d/erm2-nwe9
c1f22e37ae79,district_311,"311 received 2,590 complaints about litter, dumping and missed collection in our district from September 2025 through August 2026. That is the 11th highest rate per resident among the city's 59 community districts.","311 Service Requests, as counted for the planner",https://data.cityofnewyork.us/d/erm2-nwe9
c1f4ce05ee35,school,"The School Construction Authority's latest Enrollment, Capacity and Utilization report shows 193 students at P.S. 154.","School Construction Authority, Enrollment, Capacity and Utilization",https://data.cityofnewyork.us/d/gkd7-3vk7
c2037843d709@f0884c,district_311,"311 received 4,027 complaints about litter, dumping and missed collection in our district from September 2025 through August 2026. That is the tenth highest rate per resident among the city's 59 community districts.","311 Service Requests, as counted for the planner",https://data.cityofnewyork.us/d/erm2-nwe9
c203d44fd0ef,district_311,"311 received 2,629 complaints about litter, dumping and missed collection in our district from September 2025 through August 2026. That is the second highest rate per resident among the city's 59 community districts.","311 Service Requests, as counted for the planner",https://data.cityofnewyork.us/d/erm2-nwe9
c2226db5874a,district_311,"311 received 540 complaints about sewers, catch basins and flooding in our district from September 2025 through August 2026. Two years earlier the number was 408.","311 Service Requests, as counted for the planner",https://data.cityofnewyork.us/d/erm2-nwe9
c234598801db@c05660,school,"The School Construction Authority's latest Enrollment, Capacity and Utilization report shows 276 students at P.S. 67.","School Construction Authority, Enrollment, Capacity and Utilization",https://data.cityofnewyork.us/d/gkd7-3vk7
c25640b6ac38,crashes,"NYPD crash reports show 18 crashes on South End Avenue between Liberty Street and West Thames Street from June 2023 through May 2026. Those crashes injured 14 people, including 6 pedestrians and 6 cyclists.","NYPD, Motor Vehicle Collisions",https://data.cityofnewyork.us/d/h9gi-nx95
c27ad8935215@2e9400,district_311,311 received 490 complaints about sidewalks and curbs in our district from September 2025 through August 2026. That is the third highest rate per resident among the city's 59 community districts.,"311 Service Requests, as counted for the planner",https://data.cityofnewyork.us/d/erm2-nwe9
c2805828e464,district_311,311 received 558 complaints about rats and other pests in our district from September 2025 through August 2026. That is the 11th highest rate per resident among the city's 59 community districts.,"311 Service Requests, as counted for the planner",https://data.cityofnewyork.us/d/erm2-nwe9
c28ba27af2e1@39c0de,district_311,311 received 813 complaints about rats and other pests in our district from September 2025 through August 2026. That is the seventh highest number among the city's 59 community districts.,"311 Service Requests, as counted for the planner",https://data.cityofnewyork.us/d/erm2-nwe9
c2c4b93e5afa,district_311,"311 received 978 complaints about sewers, catch basins and flooding in our district from September 2025 through August 2026. That is the sixth highest rate per resident among the city's 59 community districts.","311 Service Requests, as counted for the planner",https://data.cityofnewyork.us/d/erm2-nwe9
c2e7a6d190f5@f4c754,district_311,"311 received 1,366 complaints about sewers, catch basins and flooding in our district from September 2025 through August 2026. That is the seventh highest rate per resident among the city's 59 community districts.","311 Service Requests, as counted for the planner",https://data.cityofnewyork.us/d/erm2-nwe9
c2f8d6f09c9b,district_311,311 received 945 requests for help for homeless people or about encampments in our district from September 2025 through August 2026. Two years earlier the number was 647.,"311 Service Requests, as counted for the planner",https://data.cityofnewyork.us/d/erm2-nwe9
c31234a1c66d,district_311,"311 received 1,421 complaints about rats and other pests in our district from September 2025 through August 2026. That is the second highest rate per resident among the city's 59 community districts.","311 Service Requests, as counted for the planner",https://data.cityofnewyork.us/d/erm2-nwe9
c31395fa1e9f,district_311,311 received 408 complaints about street lights in our district from September 2025 through August 2026. That is the fifth highest rate per resident among the city's 59 community districts.,"311 Service Requests, as counted for the planner",https://data.cityofnewyork.us/d/erm2-nwe9
c328178d14d1,district_311,"311 received 1,884 complaints about litter, dumping and missed collection in our district from September 2025 through August 2026. That is the highest rate per resident among the city's 59 community districts.","311 Service Requests, as counted for the planner",https://data.cityofnewyork.us/d/erm2-nwe9
c32bc0db833b@352bb8,district_311,"311 received 1,194 complaints about sewers, catch basins and flooding in our district from September 2025 through August 2026. That is the 11th highest rate per resident among the city's 59 community districts. Two years earlier the number was 930.","311 Service Requests, as counted for the planner",https://data.cityofnewyork.us/d/erm2-nwe9
c32bc0db833b@352bb8,site_311,311 received 30 reports of street flooding or clogged catch basins along 77th Avenue between 76th Street and 88th Street from September 2023 through August 2026.,311 Service Requests,https://data.cityofnewyork.us/d/erm2-nwe9
c32da2fc939d,district_311,"311 received 15,687 complaints about heat, hot water and other apartment conditions in our district from September 2025 through August 2026. Two years earlier the number was 12,406.","311 Service Requests, as counted for the planner",https://data.cityofnewyork.us/d/erm2-nwe9
c3412a233e8e,district_311,"311 received 3,573 complaints about street trees in our district from September 2025 through August 2026. That is the fifth highest number among the city's 59 community districts.","311 Service Requests, as counted for the planner",https://data.cityofnewyork.us/d/erm2-nwe9
c36fb1539298,district_311,311 received 545 complaints about park maintenance in our district from September 2025 through August 2026. That is the 15th highest rate per resident among the city's 59 community districts.,"311 Service Requests, as counted for the planner",https://data.cityofnewyork.us/d/erm2-nwe9
c374d0f20aad,district_311,"311 received 14,142 requests for help for homeless people or about encampments in our district from September 2025 through August 2026. That is the highest rate per resident among the city's 59 community districts.","311 Service Requests, as counted for the planner",https://data.cityofnewyork.us/d/erm2-nwe9
c376918b2232@740f6c,district_311,"311 received 1,366 complaints about sewers, catch basins and flooding in our district from September 2025 through August 2026. That is the seventh highest rate per resident among the city's 59 community districts.","311 Service Requests, as counted for the planner",https://data.cityofnewyork.us/d/erm2-nwe9
c3916a6ae972,district_311,"311 received 48,623 complaints about heat, hot water and other apartment conditions in our district from September 2025 through August 2026. That is the seventh highest rate per resident among the city's 59 community districts.","311 Service Requests, as counted for the planner",https://data.cityofnewyork.us/d/erm2-nwe9
c39a5d95294a,district_311,"311 received 2,821 complaints about litter, dumping and missed collection in our district from September 2025 through August 2026. Two years earlier the number was 2,149.","311 Service Requests, as counted for the planner",https://data.cityofnewyork.us/d/erm2-nwe9
c39e8713d4e7,district_311,"311 received 9,980 requests for help for homeless people or about encampments in our district from September 2025 through August 2026. That is the second highest rate per resident among the city's 59 community districts. Two years earlier the number was 6,541.","311 Service Requests, as counted for the planner",https://data.cityofnewyork.us/d/erm2-nwe9
c3b6c7e5f153,district_311,"311 received 34,621 noise complaints in our district from September 2025 through August 2026. That is the third highest rate per resident among the city's 59 community districts.","311 Service Requests, as counted for the planner",https://data.cityofnewyork.us/d/erm2-nwe9
c3b75eee3d87,site_311,311 received 12 reports of street lights out or damaged along Rockaway Avenue between Pitkin Avenue and Eastern Parkway from September 2023 through August 2026.,311 Service Requests,https://data.cityofnewyork.us/d/erm2-nwe9
c3bc69f58bf7,school,"The School Construction Authority's latest Enrollment, Capacity and Utilization report shows 313 students at P.S. 46.","School Construction Authority, Enrollment, Capacity and Utilization",https://data.cityofnewyork.us/d/gkd7-3vk7
c3ffc374b35b,district_311,"311 received 5,004 requests for help for homeless people or about encampments in our district from September 2025 through August 2026. That is the sixth highest rate per resident among the city's 59 community districts.","311 Service Requests, as counted for the planner",https://data.cityofnewyork.us/d/erm2-nwe9
c4022f2c002d@ac8c92,district_311,311 received 741 complaints about street lights in our district from September 2025 through August 2026. That is the seventh highest rate per resident among the city's 59 community districts. Two years earlier the number was 499.,"311 Service Requests, as counted for the planner",https://data.cityofnewyork.us/d/erm2-nwe9
c4258270d69b,district_311,"311 received 1,366 complaints about sewers, catch basins and flooding in our district from September 2025 through August 2026. That is the seventh highest rate per resident among the city's 59 community districts.","311 Service Requests, as counted for the planner",https://data.cityofnewyork.us/d/erm2-nwe9
c4258270d69b@5dc415,district_311,"311 received 1,366 complaints about sewers, catch basins and flooding in our district from September 2025 through August 2026. That is the seventh highest rate per resident among the city's 59 community districts.","311 Service Requests, as counted for the planner",https://data.cityofnewyork.us/d/erm2-nwe9
c46109b05d7d@b8cfe7,district_311,"311 received 4,027 complaints about litter, dumping and missed collection in our district from September 2025 through August 2026. That is the tenth highest rate per resident among the city's 59 community districts.","311 Service Requests, as counted for the planner",https://data.cityofnewyork.us/d/erm2-nwe9
c47b042141c3,district_311,311 received 332 complaints about sidewalks and curbs in our district from September 2025 through August 2026. Two years earlier the number was 225.,"311 Service Requests, as counted for the planner",https://data.cityofnewyork.us/d/erm2-nwe9
c4a8d164bf33,district_311,"311 received 2,463 requests for help for homeless people or about encampments in our district from September 2025 through August 2026. That is the fifth highest rate per resident among the city's 59 community districts.","311 Service Requests, as counted for the planner",https://data.cityofnewyork.us/d/erm2-nwe9
c4ae0a574601,district_311,"311 received 14,142 requests for help for homeless people or about encampments in our district from September 2025 through August 2026. That is the highest rate per resident among the city's 59 community districts.","311 Service Requests, as counted for the planner",https://data.cityofnewyork.us/d/erm2-nwe9
c4ccf19a1ef4,district_311,"311 received 754 complaints about sewers, catch basins and flooding in our district from September 2025 through August 2026. That is the 15th highest rate per resident among the city's 59 community districts.","311 Service Requests, as counted for the planner",https://data.cityofnewyork.us/d/erm2-nwe9
c51305839abd,district_311,"311 received 3,247 complaints about street trees in our district from September 2025 through August 2026. That is the eighth highest rate per resident among the city's 59 community districts.","311 Service Requests, as counted for the planner",https://data.cityofnewyork.us/d/erm2-nwe9
c51305839abd,street_trees,"As of February 2025, NYC Parks' tree inventory listed 3,040 empty street tree beds in our district.","NYC Parks, Forestry Planting Spaces",https://data.cityofnewyork.us/d/82zj-84is
c517082b83eb@ceebab,school,"The School Construction Authority's latest Enrollment, Capacity and Utilization report shows P.S. 24 with 758 students, 107% of its target capacity.","School Construction Authority, Enrollment, Capacity and Utilization",https://data.cityofnewyork.us/d/gkd7-3vk7
c53b3c08b271@39c0de,district_311,311 received 813 complaints about rats and other pests in our district from September 2025 through August 2026. That is the seventh highest number among the city's 59 community districts.,"311 Service Requests, as counted for the planner",https://data.cityofnewyork.us/d/erm2-nwe9
c567df236dea,district_311,"311 received 1,130 complaints about sewers, catch basins and flooding in our district from September 2025 through August 2026. That is the eighth highest rate per resident among the city's 59 community districts. Two years earlier the number was 711.","311 Service Requests, as counted for the planner",https://data.cityofnewyork.us/d/erm2-nwe9
c57fb6ab7432,district_311,311 received 884 requests for help for homeless people or about encampments in our district from September 2025 through August 2026. Two years earlier the number was 421.,"311 Service Requests, as counted for the planner",https://data.cityofnewyork.us/d/erm2-nwe9
c585ce40053d,district_311,"311 received 1,084 complaints about sewers, catch basins and flooding in our district from September 2025 through August 2026. That is the 14th highest rate per resident among the city's 59 community districts.","311 Service Requests, as counted for the planner",https://data.cityofnewyork.us/d/erm2-nwe9
c5931d6cca65,crashes,"NYPD crash reports show 63 crashes at or near the intersection of Broadway and Flushing Avenue from June 2023 through May 2026. Those crashes injured 34 people, including 9 pedestrians and 13 cyclists, and killed 1 person.","NYPD, Motor Vehicle Collisions",https://data.cityofnewyork.us/d/h9gi-nx95
c619478a228a,district_311,"311 received 754 complaints about sewers, catch basins and flooding in our district from September 2025 through August 2026. That is the 15th highest rate per resident among the city's 59 community districts.","311 Service Requests, as counted for the planner",https://data.cityofnewyork.us/d/erm2-nwe9
c625d3aa4b96@935516,district_311,"311 received 956 complaints about sewers, catch basins and flooding in our district from September 2025 through August 2026. That is the fifth highest rate per resident among the city's 59 community districts.","311 Service Requests, as counted for the planner",https://data.cityofnewyork.us/d/erm2-nwe9
c625d3aa4b96@b87c3f,district_311,"311 received 956 complaints about sewers, catch basins and flooding in our district from September 2025 through August 2026. That is the fifth highest rate per resident among the city's 59 community districts.","311 Service Requests, as counted for the planner",https://data.cityofnewyork.us/d/erm2-nwe9
c62adc2e5251,district_311,"311 received 540 complaints about sewers, catch basins and flooding in our district from September 2025 through August 2026. Two years earlier the number was 408.","311 Service Requests, as counted for the planner",https://data.cityofnewyork.us/d/erm2-nwe9
c632d49c6691,district_311,"311 received 6,539 complaints about heat, hot water and other apartment conditions in our district from September 2025 through August 2026. Two years earlier the number was 5,192.","311 Service Requests, as counted for the planner",https://data.cityofnewyork.us/d/erm2-nwe9
c641f7c4325c@f8ed90,district_311,"311 received 1,859 complaints about litter, dumping and missed collection in our district from September 2025 through August 2026. Two years earlier the number was 1,330.","311 Service Requests, as counted for the planner",https://data.cityofnewyork.us/d/erm2-nwe9
c6483060aefa@b596f8,district_311,"311 received 1,366 complaints about sewers, catch basins and flooding in our district from September 2025 through August 2026. That is the seventh highest rate per resident among the city's 59 community districts.","311 Service Requests, as counted for the planner",https://data.cityofnewyork.us/d/erm2-nwe9
c67df7bdd004,district_311,311 received 762 complaints about street lights in our district from September 2025 through August 2026. That is the 11th highest number among the city's 59 community districts. Two years earlier the number was 603.,"311 Service Requests, as counted for the planner",https://data.cityofnewyork.us/d/erm2-nwe9
c67df7bdd004@ca2223,district_311,311 received 762 complaints about street lights in our district from September 2025 through August 2026. That is the 11th highest number among the city's 59 community districts. Two years earlier the number was 603.,"311 Service Requests, as counted for the planner",https://data.cityofnewyork.us/d/erm2-nwe9
c67df7bdd004@ed9507,district_311,311 received 762 complaints about street lights in our district from September 2025 through August 2026. That is the 11th highest number among the city's 59 community districts. Two years earlier the number was 603.,"311 Service Requests, as counted for the planner",https://data.cityofnewyork.us/d/erm2-nwe9
c68250660434,district_311,"311 received 1,084 complaints about sewers, catch basins and flooding in our district from September 2025 through August 2026. That is the 14th highest rate per resident among the city's 59 community districts.","311 Service Requests, as counted for the planner",https://data.cityofnewyork.us/d/erm2-nwe9
c6915a2dffd2,district_311,"311 received 3,977 requests for help for homeless people or about encampments in our district from September 2025 through August 2026. That is the seventh highest rate per resident among the city's 59 community districts. Two years earlier the number was 2,911.","311 Service Requests, as counted for the planner",https://data.cityofnewyork.us/d/erm2-nwe9
c693c27814f6@80bd6c,district_311,"311 received 1,516 requests for help for homeless people or about encampments in our district from September 2025 through August 2026. That is the eighth highest rate per resident among the city's 59 community districts.","311 Service Requests, as counted for the planner",https://data.cityofnewyork.us/d/erm2-nwe9
c69b9c1527bd,park_inspection,NYC Parks inspectors rated Hoffman Park unacceptable overall in 3 of 5 inspections from August 2024 through July 2026.,"NYC Parks, Parks Inspection Program",https://data.cityofnewyork.us/d/yg3y-7juh
c6d0c99ae89d@3a9649,crashes,"NYPD crash reports show 47 crashes on White Plains Road between Lafayette Avenue and O'Brien Avenue from June 2023 through May 2026. Those crashes injured 33 people, including 11 pedestrians and 3 cyclists.","NYPD, Motor Vehicle Collisions",https://data.cityofnewyork.us/d/h9gi-nx95
c6e902481828,district_311,311 received 408 complaints about street lights in our district from September 2025 through August 2026. That is the fifth highest rate per resident among the city's 59 community districts.,"311 Service Requests, as counted for the planner",https://data.cityofnewyork.us/d/erm2-nwe9
c6ebb0eb517a,crashes,"NYPD crash reports show 7 crashes at or near the intersection of Avenue J and McDonald Avenue from June 2023 through May 2026. Those crashes injured 7 people, including 1 cyclist.","NYPD, Motor Vehicle Collisions",https://data.cityofnewyork.us/d/h9gi-nx95
c6ebfe36ecf2,district_311,"311 received 4,182 complaints about litter, dumping and missed collection in our district from September 2025 through August 2026. That is the eighth highest number among the city's 59 community districts.","311 Service Requests, as counted for the planner",https://data.cityofnewyork.us/d/erm2-nwe9
c6ecf045d931,district_311,"311 received 956 complaints about sewers, catch basins and flooding in our district from September 2025 through August 2026. That is the fifth highest rate per resident among the city's 59 community districts.","311 Service Requests, as counted for the planner",https://data.cityofnewyork.us/d/erm2-nwe9
c74030546985,district_311,"311 received 2,629 complaints about litter, dumping and missed collection in our district from September 2025 through August 2026. That is the second highest rate per resident among the city's 59 community districts.","311 Service Requests, as counted for the planner",https://data.cityofnewyork.us/d/erm2-nwe9
c76b1fc79595,district_311,"311 received 2,163 complaints about street lights in our district from September 2025 through August 2026. That is the second highest rate per resident among the city's 59 community districts. Two years earlier the number was 687.","311 Service Requests, as counted for the planner",https://data.cityofnewyork.us/d/erm2-nwe9
c780fa75766c,district_311,"311 received 2,590 complaints about litter, dumping and missed collection in our district from September 2025 through August 2026. That is the 11th highest rate per resident among the city's 59 community districts.","311 Service Requests, as counted for the planner",https://data.cityofnewyork.us/d/erm2-nwe9
c79506afd205@7c0d19,district_311,"311 received 1,109 complaints about potholes and other street conditions in our district from September 2025 through August 2026. Two years earlier the number was 706.","311 Service Requests, as counted for the planner",https://data.cityofnewyork.us/d/erm2-nwe9
c79506afd205@c7194f,district_311,"311 received 1,109 complaints about potholes and other street conditions in our district from September 2025 through August 2026. Two years earlier the number was 706.","311 Service Requests, as counted for the planner",https://data.cityofnewyork.us/d/erm2-nwe9
c797932fdb0c,district_311,"311 received 1,884 complaints about litter, dumping and missed collection in our district from September 2025 through August 2026. That is the highest rate per resident among the city's 59 community districts.","311 Service Requests, as counted for the planner",https://data.cityofnewyork.us/d/erm2-nwe9
c79a4bad5eaf,school,"The School Construction Authority's latest Enrollment, Capacity and Utilization report shows P.S. 81 with 703 students, 137% of its target capacity.","School Construction Authority, Enrollment, Capacity and Utilization",https://data.cityofnewyork.us/d/gkd7-3vk7
c7b302d1f386@d62c00,crashes,"NYPD crash reports show 14 crashes at or near the intersection of Broadway and Kosciuszko Street from June 2023 through May 2026. Those crashes injured 5 people, including 1 pedestrian.","NYPD, Motor Vehicle Collisions",https://data.cityofnewyork.us/d/h9gi-nx95
c7b6a14ae9cc@62b47e,park_inspection,NYC Parks inspectors rated Alexander Hamilton Playground unacceptable overall in 2 of 5 inspections from August 2024 through July 2026.,"NYC Parks, Parks Inspection Program",https://data.cityofnewyork.us/d/yg3y-7juh
c7c930d44f09,district_311,311 received 659 complaints about street lights in our district from September 2025 through August 2026. That is the eighth highest rate per resident among the city's 59 community districts. Two years earlier the number was 377.,"311 Service Requests, as counted for the planner",https://data.cityofnewyork.us/d/erm2-nwe9
c7e79fd813dc,school,"The School Construction Authority's latest Enrollment, Capacity and Utilization report shows 450 students at P.S. 128.","School Construction Authority, Enrollment, Capacity and Utilization",https://data.cityofnewyork.us/d/gkd7-3vk7
c7e862fd9585,school,"The School Construction Authority's latest Enrollment, Capacity and Utilization report shows 233 students at P.S. 46.","School Construction Authority, Enrollment, Capacity and Utilization",https://data.cityofnewyork.us/d/gkd7-3vk7
c80294742094@cd7ffa,street_trees,"As of February 2025, NYC Parks' tree inventory listed 926 empty street tree beds in our district.","NYC Parks, Forestry Planting Spaces",https://data.cityofnewyork.us/d/82zj-84is
c81cdc559f9d@615ab3,crashes,"NYPD crash reports show 63 crashes at or near the intersection of Broadway and Flushing Avenue from June 2023 through May 2026. Those crashes injured 34 people, including 9 pedestrians and 13 cyclists, and killed 1 person.","NYPD, Motor Vehicle Collisions",https://data.cityofnewyork.us/d/h9gi-nx95
c831fc930245,district_311,311 received 559 complaints about park maintenance in our district from September 2025 through August 2026. That is the 13th highest number among the city's 59 community districts. Two years earlier the number was 335.,"311 Service Requests, as counted for the planner",https://data.cityofnewyork.us/d/erm2-nwe9
c83357a34f48,district_311,"311 received 1,084 complaints about sewers, catch basins and flooding in our district from September 2025 through August 2026. That is the 14th highest rate per resident among the city's 59 community districts.","311 Service Requests, as counted for the planner",https://data.cityofnewyork.us/d/erm2-nwe9
c8525ea006fb,district_311,"311 received 21,403 complaints about heat, hot water and other apartment conditions in our district from September 2025 through August 2026. That is the 13th highest rate per resident among the city's 59 community districts.","311 Service Requests, as counted for the planner",https://data.cityofnewyork.us/d/erm2-nwe9
c852d5e00b1b,district_311,311 received 940 complaints about sidewalks and curbs in our district from September 2025 through August 2026. That is the ninth highest number among the city's 59 community districts.,"311 Service Requests, as counted for the planner",https://data.cityofnewyork.us/d/erm2-nwe9
c86e5cbce2f7,district_311,"311 received 1,399 complaints about potholes and other street conditions in our district from September 2025 through August 2026. That is the 11th highest rate per resident among the city's 59 community districts. Two years earlier the number was 993.","311 Service Requests, as counted for the planner",https://data.cityofnewyork.us/d/erm2-nwe9
c8878436bbb5,district_311,311 received 439 requests for help for homeless people or about encampments in our district from September 2025 through August 2026. Two years earlier the number was 335.,"311 Service Requests, as counted for the planner",https://data.cityofnewyork.us/d/erm2-nwe9
c8a6f41bca7b@f4d928,district_311,311 received 841 complaints about street lights in our district from September 2025 through August 2026. That is the seventh highest number among the city's 59 community districts.,"311 Service Requests, as counted for the planner",https://data.cityofnewyork.us/d/erm2-nwe9
c8b72d1c2a35,district_311,"311 received 9,980 requests for help for homeless people or about encampments in our district from September 2025 through August 2026. That is the second highest rate per resident among the city's 59 community districts. Two years earlier the number was 6,541.","311 Service Requests, as counted for the planner",https://data.cityofnewyork.us/d/erm2-nwe9
c8bacfe68b7e,district_311,311 received 176 requests for help for homeless people or about encampments in our district from September 2025 through August 2026. Two years earlier the number was 118.,"311 Service Requests, as counted for the planner",https://data.cityofnewyork.us/d/erm2-nwe9
c8dff21c46d6,district_311,"311 received 5,095 complaints about street trees in our district from September 2025 through August 2026. That is the third highest rate per resident among the city's 59 community districts.","311 Service Requests, as counted for the planner",https://data.cityofnewyork.us/d/erm2-nwe9
c8e277637f60,district_311,"311 received 1,491 complaints about sewers, catch basins and flooding in our district from September 2025 through August 2026. That is the highest rate per resident among the city's 59 community districts.","311 Service Requests, as counted for the planner",https://data.cityofnewyork.us/d/erm2-nwe9
c8e4de10a862,district_311,"311 received 1,366 complaints about sewers, catch basins and flooding in our district from September 2025 through August 2026. That is the seventh highest rate per resident among the city's 59 community districts.","311 Service Requests, as counted for the planner",https://data.cityofnewyork.us/d/erm2-nwe9
c8e4de10a862@705a48,district_311,"311 received 1,366 complaints about sewers, catch basins and flooding in our district from September 2025 through August 2026. That is the seventh highest rate per resident among the city's 59 community districts.","311 Service Requests, as counted for the planner",https://data.cityofnewyork.us/d/erm2-nwe9
c8e4de10a862@a78242,district_311,"311 received 1,366 complaints about sewers, catch basins and flooding in our district from September 2025 through August 2026. That is the seventh highest rate per resident among the city's 59 community districts.","311 Service Requests, as counted for the planner",https://data.cityofnewyork.us/d/erm2-nwe9
c8f3ffb4e33f,district_311,311 received 940 complaints about sidewalks and curbs in our district from September 2025 through August 2026. That is the ninth highest number among the city's 59 community districts.,"311 Service Requests, as counted for the planner",https://data.cityofnewyork.us/d/erm2-nwe9
c91599d1c8e2,street_trees,"As of February 2025, NYC Parks' tree inventory listed 2,284 empty street tree beds in our district.","NYC Parks, Forestry Planting Spaces",https://data.cityofnewyork.us/d/82zj-84is
c9298288c7ca,district_311,"311 received 11,967 complaints about illegal parking and blocked driveways in our district from September 2025 through August 2026. Two years earlier the number was 9,445.","311 Service Requests, as counted for the planner",https://data.cityofnewyork.us/d/erm2-nwe9
c9298288c7ca@14b199,district_311,"311 received 11,967 complaints about illegal parking and blocked driveways in our district from September 2025 through August 2026. Two years earlier the number was 9,445.","311 Service Requests, as counted for the planner",https://data.cityofnewyork.us/d/erm2-nwe9
c93cbcdb9f90,district_311,311 received 940 complaints about sidewalks and curbs in our district from September 2025 through August 2026. That is the ninth highest number among the city's 59 community districts.,"311 Service Requests, as counted for the planner",https://data.cityofnewyork.us/d/erm2-nwe9
c93db03bdd9d,district_311,311 received 884 requests for help for homeless people or about encampments in our district from September 2025 through August 2026. Two years earlier the number was 421.,"311 Service Requests, as counted for the planner",https://data.cityofnewyork.us/d/erm2-nwe9
c9451c34d455@3cd994,crashes,"NYPD crash reports show 49 crashes at or near the intersection of Eastern Parkway and Nostrand Avenue from June 2023 through May 2026. Those crashes injured 29 people, including 10 pedestrians and 2 cyclists.","NYPD, Motor Vehicle Collisions",https://data.cityofnewyork.us/d/h9gi-nx95
c9451c34d455@3cd994,district_311,311 received 541 complaints about potholes and other street conditions in our district from September 2025 through August 2026. Two years earlier the number was 405.,"311 Service Requests, as counted for the planner",https://data.cityofnewyork.us/d/erm2-nwe9
c9451c34d455@bb3ee1,crashes,"NYPD crash reports show 49 crashes at or near the intersection of Eastern Parkway and Nostrand Avenue from June 2023 through May 2026. Those crashes injured 29 people, including 10 pedestrians and 2 cyclists.","NYPD, Motor Vehicle Collisions",https://data.cityofnewyork.us/d/h9gi-nx95
c9451c34d455@bb3ee1,district_311,311 received 541 complaints about potholes and other street conditions in our district from September 2025 through August 2026. Two years earlier the number was 405.,"311 Service Requests, as counted for the planner",https://data.cityofnewyork.us/d/erm2-nwe9
c952dc4c1ac4,crashes,"NYPD crash reports show 7 crashes at or near the intersection of Waverly Place and Christopher Street from June 2023 through May 2026. Those crashes injured 3 people, including 2 pedestrians.","NYPD, Motor Vehicle Collisions",https://data.cityofnewyork.us/d/h9gi-nx95
c96c844f3bc9,district_311,"311 received 978 complaints about sewers, catch basins and flooding in our district from September 2025 through August 2026. That is the sixth highest rate per resident among the city's 59 community districts.","311 Service Requests, as counted for the planner",https://data.cityofnewyork.us/d/erm2-nwe9
c98f6e37d3f4,district_311,"311 received 2,095 requests for help for homeless people or about encampments in our district from September 2025 through August 2026. That is the tenth highest rate per resident among the city's 59 community districts.","311 Service Requests, as counted for the planner",https://data.cityofnewyork.us/d/erm2-nwe9
c997ebf45600,district_311,"311 received 3,074 complaints about litter, dumping and missed collection in our district from September 2025 through August 2026. That is the 12th highest rate per resident among the city's 59 community districts.","311 Service Requests, as counted for the planner",https://data.cityofnewyork.us/d/erm2-nwe9
c9a5b816e5ce,district_311,"311 received 1,147 complaints about sewers, catch basins and flooding in our district from September 2025 through August 2026. That is the seventh highest number among the city's 59 community districts.","311 Service Requests, as counted for the planner",https://data.cityofnewyork.us/d/erm2-nwe9
c9e8a1f8ca31,district_311,"311 received 9,308 complaints about heat, hot water and other apartment conditions in our district from September 2025 through August 2026. Two years earlier the number was 6,645.","311 Service Requests, as counted for the planner",https://data.cityofnewyork.us/d/erm2-nwe9
c9f9a9977dea,district_311,"311 received 1,366 complaints about sewers, catch basins and flooding in our district from September 2025 through August 2026. That is the seventh highest rate per resident among the city's 59 community districts.","311 Service Requests, as counted for the planner",https://data.cityofnewyork.us/d/erm2-nwe9
c9fb96d8d397@11437b,district_311,311 received 676 complaints about potholes and other street conditions in our district from September 2025 through August 2026. Two years earlier the number was 372.,"311 Service Requests, as counted for the planner",https://data.cityofnewyork.us/d/erm2-nwe9
c9fb96d8d397@bf2358,district_311,311 received 676 complaints about potholes and other street conditions in our district from September 2025 through August 2026. Two years earlier the number was 372.,"311 Service Requests, as counted for the planner",https://data.cityofnewyork.us/d/erm2-nwe9
ca16b30e24d1,district_311,"311 received 625 complaints about sewers, catch basins and flooding in our district from September 2025 through August 2026. Two years earlier the number was 461.","311 Service Requests, as counted for the planner",https://data.cityofnewyork.us/d/erm2-nwe9
ca336388c56b,district_311,"311 received 1,366 complaints about sewers, catch basins and flooding in our district from September 2025 through August 2026. That is the seventh highest rate per resident among the city's 59 community districts.","311 Service Requests, as counted for the planner",https://data.cityofnewyork.us/d/erm2-nwe9
ca399105ced6,park_inspection,NYC Parks inspectors rated Willow Lake Playground unacceptable overall in 2 of 5 inspections from August 2024 through July 2026.,"NYC Parks, Parks Inspection Program",https://data.cityofnewyork.us/d/yg3y-7juh
ca4318cb8e2c,district_311,311 received 993 complaints about park maintenance in our district from September 2025 through August 2026. That is the third highest rate per resident among the city's 59 community districts.,"311 Service Requests, as counted for the planner",https://data.cityofnewyork.us/d/erm2-nwe9
ca4e26cd7c97,district_311,"311 received 3,108 complaints about litter, dumping and missed collection in our district from September 2025 through August 2026. Two years earlier the number was 2,058.","311 Service Requests, as counted for the planner",https://data.cityofnewyork.us/d/erm2-nwe9
ca62bde073de,district_311,311 received 841 complaints about street lights in our district from September 2025 through August 2026. That is the seventh highest number among the city's 59 community districts.,"311 Service Requests, as counted for the planner",https://data.cityofnewyork.us/d/erm2-nwe9
ca79094d5fce@0d3c77,district_311,"311 received 2,157 complaints about sewers, catch basins and flooding in our district from September 2025 through August 2026. That is the third highest rate per resident among the city's 59 community districts.","311 Service Requests, as counted for the planner",https://data.cityofnewyork.us/d/erm2-nwe9
ca90bc558819,district_311,"311 received 978 complaints about sewers, catch basins and flooding in our district from September 2025 through August 2026. That is the sixth highest rate per resident among the city's 59 community districts.","311 Service Requests, as counted for the planner",https://data.cityofnewyork.us/d/erm2-nwe9
ca99fd2a2f9f@6c4e67,district_311,"311 received 1,082 complaints about sewers, catch basins and flooding in our district from September 2025 through August 2026. That is the 13th highest rate per resident among the city's 59 community districts.","311 Service Requests, as counted for the planner",https://data.cityofnewyork.us/d/erm2-nwe9
ca99fd2a2f9f@7b5905,district_311,"311 received 1,082 complaints about sewers, catch basins and flooding in our district from September 2025 through August 2026. That is the 13th highest rate per resident among the city's 59 community districts.","311 Service Requests, as counted for the planner",https://data.cityofnewyork.us/d/erm2-nwe9
cad8d5285e14@8e6e72,crashes,"NYPD crash reports show 6 crashes at or near the intersection of Ocean Parkway and Avenue K from June 2023 through May 2026. Those crashes injured 3 people, including 1 cyclist.","NYPD, Motor Vehicle Collisions",https://data.cityofnewyork.us/d/h9gi-nx95
caebb0dd08fe@1471fe,district_311,"311 received 1,951 complaints about abandoned and derelict vehicles in our district from September 2025 through August 2026. That is the 15th highest rate per resident among the city's 59 community districts.","311 Service Requests, as counted for the planner",https://data.cityofnewyork.us/d/erm2-nwe9
cafc87744ebe,park_inspection,NYC Parks inspectors rated Rosemary's Playground unacceptable overall in 2 of 5 inspections from August 2024 through July 2026. They rated its paved surfaces unacceptable in 2 of 5 inspections.,"NYC Parks, Parks Inspection Program",https://data.cityofnewyork.us/d/yg3y-7juh
cb156a28e6b4,district_311,"311 received 1,366 complaints about sewers, catch basins and flooding in our district from September 2025 through August 2026. That is the seventh highest rate per resident among the city's 59 community districts.","311 Service Requests, as counted for the planner",https://data.cityofnewyork.us/d/erm2-nwe9
cb156a28e6b4@cf0430,district_311,"311 received 1,366 complaints about sewers, catch basins and flooding in our district from September 2025 through August 2026. That is the seventh highest rate per resident among the city's 59 community districts.","311 Service Requests, as counted for the planner",https://data.cityofnewyork.us/d/erm2-nwe9
cb3298eb9467,district_311,"311 received 1,194 complaints about sewers, catch basins and flooding in our district from September 2025 through August 2026. That is the 11th highest rate per resident among the city's 59 community districts. Two years earlier the number was 930.","311 Service Requests, as counted for the planner",https://data.cityofnewyork.us/d/erm2-nwe9
cb4922d5a5c7@1266d3,district_311,311 received 904 complaints about sidewalks and curbs in our district from September 2025 through August 2026. That is the tenth highest number among the city's 59 community districts.,"311 Service Requests, as counted for the planner",https://data.cityofnewyork.us/d/erm2-nwe9
cb4922d5a5c7@96a8af,district_311,311 received 904 complaints about sidewalks and curbs in our district from September 2025 through August 2026. That is the tenth highest number among the city's 59 community districts.,"311 Service Requests, as counted for the planner",https://data.cityofnewyork.us/d/erm2-nwe9
cb5948eccb46@fc6add,district_311,311 received 195 requests for help for homeless people or about encampments in our district from September 2025 through August 2026. Two years earlier the number was 143.,"311 Service Requests, as counted for the planner",https://data.cityofnewyork.us/d/erm2-nwe9
cb896619168c,park_inspection,NYC Parks inspectors rated University Woods unacceptable overall in 4 of 5 inspections from August 2024 through July 2026.,"NYC Parks, Parks Inspection Program",https://data.cityofnewyork.us/d/yg3y-7juh
cbb1d971d42b,district_311,"311 received 14,142 requests for help for homeless people or about encampments in our district from September 2025 through August 2026. That is the highest rate per resident among the city's 59 community districts.","311 Service Requests, as counted for the planner",https://data.cityofnewyork.us/d/erm2-nwe9
cbb35f3f15f2,district_311,"311 received 3,634 complaints about litter, dumping and missed collection in our district from September 2025 through August 2026. That is the 14th highest number among the city's 59 community districts.","311 Service Requests, as counted for the planner",https://data.cityofnewyork.us/d/erm2-nwe9
cbc27cc567a8,district_311,"311 received 1,884 complaints about litter, dumping and missed collection in our district from September 2025 through August 2026. That is the highest rate per resident among the city's 59 community districts.","311 Service Requests, as counted for the planner",https://data.cityofnewyork.us/d/erm2-nwe9
cbf27fe506d6,district_311,"311 received 978 complaints about sewers, catch basins and flooding in our district from September 2025 through August 2026. That is the sixth highest rate per resident among the city's 59 community districts.","311 Service Requests, as counted for the planner",https://data.cityofnewyork.us/d/erm2-nwe9
cc09f40d28f4,district_311,"311 received 9,980 requests for help for homeless people or about encampments in our district from September 2025 through August 2026. That is the second highest rate per resident among the city's 59 community districts. Two years earlier the number was 6,541.","311 Service Requests, as counted for the planner",https://data.cityofnewyork.us/d/erm2-nwe9
cc17e4f28e5a,park_inspection,NYC Parks inspectors rated Utopia Playground unacceptable overall in 3 of 4 inspections from August 2024 through July 2026.,"NYC Parks, Parks Inspection Program",https://data.cityofnewyork.us/d/yg3y-7juh
cc5ceb26f081,district_311,"311 received 1,884 complaints about litter, dumping and missed collection in our district from September 2025 through August 2026. That is the highest rate per resident among the city's 59 community districts.","311 Service Requests, as counted for the planner",https://data.cityofnewyork.us/d/erm2-nwe9
cc85bf21f96b,district_311,"311 received 1,421 complaints about rats and other pests in our district from September 2025 through August 2026. That is the second highest rate per resident among the city's 59 community districts.","311 Service Requests, as counted for the planner",https://data.cityofnewyork.us/d/erm2-nwe9
cccdadc3e52a,district_311,"311 received 2,157 complaints about sewers, catch basins and flooding in our district from September 2025 through August 2026. That is the third highest rate per resident among the city's 59 community districts.","311 Service Requests, as counted for the planner",https://data.cityofnewyork.us/d/erm2-nwe9
ccce52a83f94,district_311,311 received 115 complaints about park maintenance in our district from September 2025 through August 2026. Two years earlier the number was 55.,"311 Service Requests, as counted for the planner",https://data.cityofnewyork.us/d/erm2-nwe9
cce9696fcc4f,district_311,"311 received 8,906 complaints about illegal parking and blocked driveways in our district from September 2025 through August 2026. Two years earlier the number was 6,850.","311 Service Requests, as counted for the planner",https://data.cityofnewyork.us/d/erm2-nwe9
ccebd6623f3a@8f2b6a,crashes,"NYPD crash reports show 31 crashes at or near the intersection of Parkside Avenue and Flatbush Avenue from June 2023 through May 2026. Those crashes injured 22 people, including 12 pedestrians and 2 cyclists.","NYPD, Motor Vehicle Collisions",https://data.cityofnewyork.us/d/h9gi-nx95
cceda4fbdec3,district_311,"311 received 14,142 requests for help for homeless people or about encampments in our district from September 2025 through August 2026. That is the highest rate per resident among the city's 59 community districts.","311 Service Requests, as counted for the planner",https://data.cityofnewyork.us/d/erm2-nwe9
cd02e1b80696,district_311,"311 received 3,753 complaints about street trees in our district from September 2025 through August 2026. That is the second highest rate per resident among the city's 59 community districts.","311 Service Requests, as counted for the planner",https://data.cityofnewyork.us/d/erm2-nwe9
cd0a6e4a5b46,district_311,311 received 574 complaints about rats and other pests in our district from September 2025 through August 2026. That is the 13th highest number among the city's 59 community districts.,"311 Service Requests, as counted for the planner",https://data.cityofnewyork.us/d/erm2-nwe9
cd0dfe7957d4,district_311,"311 received 3,619 complaints about potholes and other street conditions in our district from September 2025 through August 2026. That is the ninth highest rate per resident among the city's 59 community districts. Two years earlier the number was 1,834.","311 Service Requests, as counted for the planner",https://data.cityofnewyork.us/d/erm2-nwe9
cd134fbce5e6@609936,district_311,"311 received 1,366 complaints about sewers, catch basins and flooding in our district from September 2025 through August 2026. That is the seventh highest rate per resident among the city's 59 community districts.","311 Service Requests, as counted for the planner",https://data.cityofnewyork.us/d/erm2-nwe9
cd134fbce5e6@609936,site_311,311 received 9 reports of street flooding or clogged catch basins within 300 feet of the intersection of Avenue M and East 66th Street from September 2023 through August 2026.,311 Service Requests,https://data.cityofnewyork.us/d/erm2-nwe9
cd1bc91341a5,district_311,"311 received 3,619 complaints about potholes and other street conditions in our district from September 2025 through August 2026. That is the ninth highest rate per resident among the city's 59 community districts. Two years earlier the number was 1,834.","311 Service Requests, as counted for the planner",https://data.cityofnewyork.us/d/erm2-nwe9
cd26a9c64c57@960ecb,district_311,"311 received 5,230 complaints about potholes and other street conditions in our district from September 2025 through August 2026. That is the fourth highest rate per resident among the city's 59 community districts. Two years earlier the number was 3,022.","311 Service Requests, as counted for the planner",https://data.cityofnewyork.us/d/erm2-nwe9
cd2b16a9c827@8c264b,district_311,"311 received 1,147 complaints about sewers, catch basins and flooding in our district from September 2025 through August 2026. That is the seventh highest number among the city's 59 community districts.","311 Service Requests, as counted for the planner",https://data.cityofnewyork.us/d/erm2-nwe9
cd9a60afbe9d,district_311,"311 received 1,147 complaints about sewers, catch basins and flooding in our district from September 2025 through August 2026. That is the seventh highest number among the city's 59 community districts.","311 Service Requests, as counted for the planner",https://data.cityofnewyork.us/d/erm2-nwe9
cda520e9cf5b,district_311,"311 received 2,912 complaints about litter, dumping and missed collection in our district from September 2025 through August 2026. That is the ninth highest rate per resident among the city's 59 community districts.","311 Service Requests, as counted for the planner",https://data.cityofnewyork.us/d/erm2-nwe9
cdb48dcf39e3,park_inspection,NYC Parks inspectors rated Bensonhurst Park unacceptable overall in 2 of 5 inspections from August 2024 through July 2026. They rated its play equipment unacceptable in 2 of 5 inspections.,"NYC Parks, Parks Inspection Program",https://data.cityofnewyork.us/d/yg3y-7juh
cdbafd32d7f9@fc5739,school,"The School Construction Authority's latest Enrollment, Capacity and Utilization report shows 497 students at P.S. 130.","School Construction Authority, Enrollment, Capacity and Utilization",https://data.cityofnewyork.us/d/gkd7-3vk7
cddb21e7f94c,district_311,"311 received 34,621 noise complaints in our district from September 2025 through August 2026. That is the third highest rate per resident among the city's 59 community districts.","311 Service Requests, as counted for the planner",https://data.cityofnewyork.us/d/erm2-nwe9
cdf9665e7919,district_311,311 received 841 complaints about street lights in our district from September 2025 through August 2026. That is the seventh highest number among the city's 59 community districts.,"311 Service Requests, as counted for the planner",https://data.cityofnewyork.us/d/erm2-nwe9
ce01e23c7a1a@cf0430,district_311,"311 received 1,366 complaints about sewers, catch basins and flooding in our district from September 2025 through August 2026. That is the seventh highest rate per resident among the city's 59 community districts.","311 Service Requests, as counted for the planner",https://data.cityofnewyork.us/d/erm2-nwe9
ce172d904078,district_311,"311 received 248 complaints about sewers, catch basins and flooding in our district from September 2025 through August 2026. Two years earlier the number was 165.","311 Service Requests, as counted for the planner",https://data.cityofnewyork.us/d/erm2-nwe9
ce2578dac02a,district_311,311 received 601 requests for help for homeless people or about encampments in our district from September 2025 through August 2026. Two years earlier the number was 377.,"311 Service Requests, as counted for the planner",https://data.cityofnewyork.us/d/erm2-nwe9
ce2d0eebacb8,district_311,"311 received 4,182 complaints about litter, dumping and missed collection in our district from September 2025 through August 2026. That is the eighth highest number among the city's 59 community districts.","311 Service Requests, as counted for the planner",https://data.cityofnewyork.us/d/erm2-nwe9
ce6939d3465b@b33f57,district_311,"311 received 1,453 complaints about potholes and other street conditions in our district from September 2025 through August 2026. Two years earlier the number was 927.","311 Service Requests, as counted for the planner",https://data.cityofnewyork.us/d/erm2-nwe9
ce6939d3465b@b33f57,site_311,311 received 41 reports of street lights out or damaged along New Utrecht Avenue between 86th Street and 61st Street from September 2023 through August 2026.,311 Service Requests,https://data.cityofnewyork.us/d/erm2-nwe9
ce6939d3465b@f06226,district_311,"311 received 1,453 complaints about potholes and other street conditions in our district from September 2025 through August 2026. Two years earlier the number was 927.","311 Service Requests, as counted for the planner",https://data.cityofnewyork.us/d/erm2-nwe9
ce8795c12347@56d9ea,crashes,"NYPD crash reports show 5 crashes at or near the intersection of Beverley Road and Marlborough Road from June 2023 through May 2026. Those crashes injured 4 people, including 2 pedestrians and 1 cyclist.","NYPD, Motor Vehicle Collisions",https://data.cityofnewyork.us/d/h9gi-nx95
cea8f6486db2,district_311,"311 received 3,074 complaints about litter, dumping and missed collection in our district from September 2025 through August 2026. That is the 12th highest rate per resident among the city's 59 community districts.","311 Service Requests, as counted for the planner",https://data.cityofnewyork.us/d/erm2-nwe9
ceb30786bc88,district_311,"311 received 9,980 requests for help for homeless people or about encampments in our district from September 2025 through August 2026. That is the second highest rate per resident among the city's 59 community districts. Two years earlier the number was 6,541.","311 Service Requests, as counted for the planner",https://data.cityofnewyork.us/d/erm2-nwe9
cede00a70456,district_311,"311 received 1,330 complaints about rats and other pests in our district from September 2025 through August 2026. That is the fourth highest rate per resident among the city's 59 community districts.","311 Service Requests, as counted for the planner",https://data.cityofnewyork.us/d/erm2-nwe9
cee9e49772cb,district_311,"311 received 1,084 complaints about sewers, catch basins and flooding in our district from September 2025 through August 2026. That is the 14th highest rate per resident among the city's 59 community districts.","311 Service Requests, as counted for the planner",https://data.cityofnewyork.us/d/erm2-nwe9
cef2bb76a896,district_311,311 received 614 complaints about sidewalks and curbs in our district from September 2025 through August 2026. That is the 14th highest rate per resident among the city's 59 community districts.,"311 Service Requests, as counted for the planner",https://data.cityofnewyork.us/d/erm2-nwe9
cef7167c651d,district_311,311 received 243 complaints about graffiti in our district from September 2025 through August 2026. That is the 13th highest rate per resident among the city's 59 community districts.,"311 Service Requests, as counted for the planner",https://data.cityofnewyork.us/d/erm2-nwe9
cf73355a74ae,district_311,311 received 469 complaints about sidewalks and curbs in our district from September 2025 through August 2026. Two years earlier the number was 345.,"311 Service Requests, as counted for the planner",https://data.cityofnewyork.us/d/erm2-nwe9
cf79be7acf0a,site_311,311 received 11 reports of street lights out or damaged along Union Turnpike between Woodhaven Boulevard and Myrtle Avenue from September 2023 through August 2026.,311 Service Requests,https://data.cityofnewyork.us/d/erm2-nwe9
cf9305dff3f0,park_inspection,NYC Parks inspectors rated Bensonhurst Park unacceptable overall in 2 of 5 inspections from August 2024 through July 2026. They rated its play equipment unacceptable in 2 of 5 inspections.,"NYC Parks, Parks Inspection Program",https://data.cityofnewyork.us/d/yg3y-7juh
cfb3ef898d7b,park_inspection,NYC Parks inspectors rated the play equipment at Bensonhurst Park unacceptable in 2 of 5 inspections from August 2024 through July 2026.,"NYC Parks, Parks Inspection Program",https://data.cityofnewyork.us/d/yg3y-7juh
cfb9b3702182@34b062,district_311,"311 received 3,619 complaints about potholes and other street conditions in our district from September 2025 through August 2026. That is the ninth highest rate per resident among the city's 59 community districts. Two years earlier the number was 1,834.","311 Service Requests, as counted for the planner",https://data.cityofnewyork.us/d/erm2-nwe9
cfb9b3702182@a94a81,district_311,"311 received 3,619 complaints about potholes and other street conditions in our district from September 2025 through August 2026. That is the ninth highest rate per resident among the city's 59 community districts. Two years earlier the number was 1,834.","311 Service Requests, as counted for the planner",https://data.cityofnewyork.us/d/erm2-nwe9
cfd41d88566e,district_311,"311 received 1,985 complaints about potholes and other street conditions in our district from September 2025 through August 2026. Two years earlier the number was 928.","311 Service Requests, as counted for the planner",https://data.cityofnewyork.us/d/erm2-nwe9
cfe33f101afe,district_311,"311 received 2,321 complaints about water mains, hydrants and water quality in our district from September 2025 through August 2026. That is the third highest rate per resident among the city's 59 community districts. Two years earlier the number was 1,527.","311 Service Requests, as counted for the planner",https://data.cityofnewyork.us/d/erm2-nwe9
cff1b8f73066,district_311,"311 received 1,084 complaints about sewers, catch basins and flooding in our district from September 2025 through August 2026. That is the 14th highest rate per resident among the city's 59 community districts.","311 Service Requests, as counted for the planner",https://data.cityofnewyork.us/d/erm2-nwe9
cff6204c80a4@ae257e,district_311,"311 received 1,366 complaints about sewers, catch basins and flooding in our district from September 2025 through August 2026. That is the seventh highest rate per resident among the city's 59 community districts.","311 Service Requests, as counted for the planner",https://data.cityofnewyork.us/d/erm2-nwe9
d039b9cbb219,district_311,311 received 694 complaints about park maintenance in our district from September 2025 through August 2026. That is the eighth highest rate per resident among the city's 59 community districts.,"311 Service Requests, as counted for the planner",https://data.cityofnewyork.us/d/erm2-nwe9
d0489510c332@693f0d,district_311,"311 received 978 complaints about sewers, catch basins and flooding in our district from September 2025 through August 2026. That is the sixth highest rate per resident among the city's 59 community districts.","311 Service Requests, as counted for the planner",https://data.cityofnewyork.us/d/erm2-nwe9
d059a075a0c0@5baf78,district_311,"311 received 2,031 complaints about potholes and other street conditions in our district from September 2025 through August 2026. Two years earlier the number was 1,149.","311 Service Requests, as counted for the planner",https://data.cityofnewyork.us/d/erm2-nwe9
d059da5170ec,district_311,"311 received 1,491 complaints about sewers, catch basins and flooding in our district from September 2025 through August 2026. That is the highest rate per resident among the city's 59 community districts.","311 Service Requests, as counted for the planner",https://data.cityofnewyork.us/d/erm2-nwe9
d06a7c011f3f@a4ebbf,district_311,311 received 654 complaints about sidewalks and curbs in our district from September 2025 through August 2026. That is the 12th highest rate per resident among the city's 59 community districts.,"311 Service Requests, as counted for the planner",https://data.cityofnewyork.us/d/erm2-nwe9
d06a7c011f3f@f9fe0d,district_311,311 received 654 complaints about sidewalks and curbs in our district from September 2025 through August 2026. That is the 12th highest rate per resident among the city's 59 community districts.,"311 Service Requests, as counted for the planner",https://data.cityofnewyork.us/d/erm2-nwe9
d06c9eb27cdb,district_311,311 received 904 complaints about sidewalks and curbs in our district from September 2025 through August 2026. That is the tenth highest number among the city's 59 community districts.,"311 Service Requests, as counted for the planner",https://data.cityofnewyork.us/d/erm2-nwe9
d070d9ba94cd@2232f7,crashes,"NYPD crash reports show 100 crashes at or near the intersection of White Plains Road and Bruckner Boulevard from June 2023 through May 2026. Those crashes injured 62 people, including 9 pedestrians and 2 cyclists.","NYPD, Motor Vehicle Collisions",https://data.cityofnewyork.us/d/h9gi-nx95
d0801db620d4@935516,district_311,"311 received 956 complaints about sewers, catch basins and flooding in our district from September 2025 through August 2026. That is the fifth highest rate per resident among the city's 59 community districts.","311 Service Requests, as counted for the planner",https://data.cityofnewyork.us/d/erm2-nwe9
d096de6b806f,park_inspection,NYC Parks inspectors rated Leif Ericson Park unacceptable overall in 3 of 6 inspections from August 2024 through July 2026.,"NYC Parks, Parks Inspection Program",https://data.cityofnewyork.us/d/yg3y-7juh
d0a38960aaf5@fc5739,school,"The School Construction Authority's latest Enrollment, Capacity and Utilization report shows 497 students at P.S. 130.","School Construction Authority, Enrollment, Capacity and Utilization",https://data.cityofnewyork.us/d/gkd7-3vk7
d0b1686ab450@3310d0,crashes,"NYPD crash reports show 49 crashes at or near the intersection of 3rd Avenue and East Tremont Avenue from June 2023 through May 2026. Those crashes injured 49 people, including 11 pedestrians and 6 cyclists.","NYPD, Motor Vehicle Collisions",https://data.cityofnewyork.us/d/h9gi-nx95
d0c349ffde76,district_311,"311 received 1,572 requests for help for homeless people or about encampments in our district from September 2025 through August 2026. That is the tenth highest number among the city's 59 community districts.","311 Service Requests, as counted for the planner",https://data.cityofnewyork.us/d/erm2-nwe9
d0d0dff69d7d,district_311,"311 received 3,074 complaints about litter, dumping and missed collection in our district from September 2025 through August 2026. That is the 12th highest rate per resident among the city's 59 community districts.","311 Service Requests, as counted for the planner",https://data.cityofnewyork.us/d/erm2-nwe9
d1137c2da900@f27799,crashes,"NYPD crash reports show 11 crashes at or near the intersection of Fulton Street and Cliff Street from June 2023 through May 2026. Those crashes injured 10 people, including 2 pedestrians and 2 cyclists.","NYPD, Motor Vehicle Collisions",https://data.cityofnewyork.us/d/h9gi-nx95
d15cf33891a3,district_311,"311 received 3,573 complaints about street trees in our district from September 2025 through August 2026. That is the fifth highest number among the city's 59 community districts.","311 Service Requests, as counted for the planner",https://data.cityofnewyork.us/d/erm2-nwe9
d15e0aa4b728,district_311,"311 received 3,074 complaints about litter, dumping and missed collection in our district from September 2025 through August 2026. That is the 12th highest rate per resident among the city's 59 community districts.","311 Service Requests, as counted for the planner",https://data.cityofnewyork.us/d/erm2-nwe9
d1750950eacc,park_inspection,NYC Parks inspectors rated McKinley Park unacceptable overall in 3 of 6 inspections from August 2024 through July 2026.,"NYC Parks, Parks Inspection Program",https://data.cityofnewyork.us/d/yg3y-7juh
d17d0ba1e64d,school,"The School Construction Authority's latest Enrollment, Capacity and Utilization report shows 336 students at P.S. 198.","School Construction Authority, Enrollment, Capacity and Utilization",https://data.cityofnewyork.us/d/gkd7-3vk7
d17ecc525d55,district_311,"311 received 411 complaints about sewers, catch basins and flooding in our district from September 2025 through August 2026. Two years earlier the number was 226.","311 Service Requests, as counted for the planner",https://data.cityofnewyork.us/d/erm2-nwe9
d17ee0d4d8c4,district_311,"311 received 1,698 complaints about potholes and other street conditions in our district from September 2025 through August 2026. Two years earlier the number was 1,244.","311 Service Requests, as counted for the planner",https://data.cityofnewyork.us/d/erm2-nwe9
d18359166f56,district_311,"311 received 2,590 complaints about litter, dumping and missed collection in our district from September 2025 through August 2026. That is the 11th highest rate per resident among the city's 59 community districts.","311 Service Requests, as counted for the planner",https://data.cityofnewyork.us/d/erm2-nwe9
d19aafb12fc9,district_311,"311 received 14,142 requests for help for homeless people or about encampments in our district from September 2025 through August 2026. That is the highest rate per resident among the city's 59 community districts.","311 Service Requests, as counted for the planner",https://data.cityofnewyork.us/d/erm2-nwe9
d1b7ad417f45@f2fc1a,district_311,"311 received 3,619 complaints about potholes and other street conditions in our district from September 2025 through August 2026. That is the ninth highest rate per resident among the city's 59 community districts. Two years earlier the number was 1,834.","311 Service Requests, as counted for the planner",https://data.cityofnewyork.us/d/erm2-nwe9
d1bd60552c7b@2e583d,district_311,"311 received 4,027 complaints about litter, dumping and missed collection in our district from September 2025 through August 2026. That is the tenth highest rate per resident among the city's 59 community districts.","311 Service Requests, as counted for the planner",https://data.cityofnewyork.us/d/erm2-nwe9
d1c6bef7f169,district_311,311 received 884 requests for help for homeless people or about encampments in our district from September 2025 through August 2026. Two years earlier the number was 421.,"311 Service Requests, as counted for the planner",https://data.cityofnewyork.us/d/erm2-nwe9
d1d9c6086b4e,district_311,"311 received 1,453 complaints about potholes and other street conditions in our district from September 2025 through August 2026. Two years earlier the number was 927.","311 Service Requests, as counted for the planner",https://data.cityofnewyork.us/d/erm2-nwe9
d1e139f6af55,district_311,"311 received 3,108 complaints about litter, dumping and missed collection in our district from September 2025 through August 2026. Two years earlier the number was 2,058.","311 Service Requests, as counted for the planner",https://data.cityofnewyork.us/d/erm2-nwe9
d1ed66a8780b,district_311,"311 received 4,358 complaints about potholes and other street conditions in our district from September 2025 through August 2026. That is the third highest number among the city's 59 community districts. Two years earlier the number was 2,854.","311 Service Requests, as counted for the planner",https://data.cityofnewyork.us/d/erm2-nwe9
d1f8cab82c7d,district_311,311 received 940 complaints about sidewalks and curbs in our district from September 2025 through August 2026. That is the ninth highest number among the city's 59 community districts.,"311 Service Requests, as counted for the planner",https://data.cityofnewyork.us/d/erm2-nwe9
d1ffac69080f,school,"The School Construction Authority's latest Enrollment, Capacity and Utilization report shows 315 students at P.S. 446.","School Construction Authority, Enrollment, Capacity and Utilization",https://data.cityofnewyork.us/d/gkd7-3vk7
d20a9e8dc2ad,district_311,"311 received 754 complaints about sewers, catch basins and flooding in our district from September 2025 through August 2026. That is the 15th highest rate per resident among the city's 59 community districts.","311 Service Requests, as counted for the planner",https://data.cityofnewyork.us/d/erm2-nwe9
d21665bb98b4,district_311,311 received 763 complaints about street lights in our district from September 2025 through August 2026. That is the tenth highest number among the city's 59 community districts.,"311 Service Requests, as counted for the planner",https://data.cityofnewyork.us/d/erm2-nwe9
d2222785c068@ffae28,crashes,"NYPD crash reports show 59 crashes on Broadway between Marcus Garvey Boulevard and Ellery Street from June 2023 through May 2026. Those crashes injured 46 people, including 10 pedestrians and 11 cyclists.","NYPD, Motor Vehicle Collisions",https://data.cityofnewyork.us/d/h9gi-nx95
d2635160aa41,district_311,311 received 600 complaints about sidewalks and curbs in our district from September 2025 through August 2026. Two years earlier the number was 438.,"311 Service Requests, as counted for the planner",https://data.cityofnewyork.us/d/erm2-nwe9
d2774afb419b,park_inspection,NYC Parks inspectors rated Leif Ericson Park unacceptable overall in 3 of 6 inspections from August 2024 through July 2026.,"NYC Parks, Parks Inspection Program",https://data.cityofnewyork.us/d/yg3y-7juh
d2ab1281c461@45537a,district_311,"311 received 3,412 complaints about potholes and other street conditions in our district from September 2025 through August 2026. That is the fifth highest rate per resident among the city's 59 community districts. Two years earlier the number was 1,686.","311 Service Requests, as counted for the planner",https://data.cityofnewyork.us/d/erm2-nwe9
d2ab1281c461@dc59ed,district_311,"311 received 3,412 complaints about potholes and other street conditions in our district from September 2025 through August 2026. That is the fifth highest rate per resident among the city's 59 community districts. Two years earlier the number was 1,686.","311 Service Requests, as counted for the planner",https://data.cityofnewyork.us/d/erm2-nwe9
d2c0424a22f3@631729,district_311,"311 received 1,109 complaints about potholes and other street conditions in our district from September 2025 through August 2026. Two years earlier the number was 706.","311 Service Requests, as counted for the planner",https://data.cityofnewyork.us/d/erm2-nwe9
d2e6ea0c8dca,district_311,311 received 605 complaints about park maintenance in our district from September 2025 through August 2026. That is the 11th highest rate per resident among the city's 59 community districts. Two years earlier the number was 434.,"311 Service Requests, as counted for the planner",https://data.cityofnewyork.us/d/erm2-nwe9
d3118aa9a12e@b566f8,school,"The School Construction Authority's latest Enrollment, Capacity and Utilization report shows P.S. 97 with 566 students, 119% of its target capacity.","School Construction Authority, Enrollment, Capacity and Utilization",https://data.cityofnewyork.us/d/gkd7-3vk7
d3286e96601c,district_311,"311 received 978 complaints about sewers, catch basins and flooding in our district from September 2025 through August 2026. That is the sixth highest rate per resident among the city's 59 community districts.","311 Service Requests, as counted for the planner",https://data.cityofnewyork.us/d/erm2-nwe9
d344414a0d1c@6fb1f9,school,"The School Construction Authority's latest Enrollment, Capacity and Utilization report shows 450 students at P.S. 128.","School Construction Authority, Enrollment, Capacity and Utilization",https://data.cityofnewyork.us/d/gkd7-3vk7
d351bdfdf6a3@f06226,district_311,"311 received 1,453 complaints about potholes and other street conditions in our district from September 2025 through August 2026. Two years earlier the number was 927.","311 Service Requests, as counted for the planner",https://data.cityofnewyork.us/d/erm2-nwe9
d36aa3c7508f,district_311,"311 received 5,367 requests for help for homeless people or about encampments in our district from September 2025 through August 2026. That is the fourth highest rate per resident among the city's 59 community districts. Two years earlier the number was 3,162.","311 Service Requests, as counted for the planner",https://data.cityofnewyork.us/d/erm2-nwe9
d370cb74aa83,district_311,311 received 580 complaints about sidewalks and curbs in our district from September 2025 through August 2026. That is the seventh highest rate per resident among the city's 59 community districts. Two years earlier the number was 406.,"311 Service Requests, as counted for the planner",https://data.cityofnewyork.us/d/erm2-nwe9
d371983154aa,school,"The School Construction Authority's latest Enrollment, Capacity and Utilization report shows 184 students at P.S. 41.","School Construction Authority, Enrollment, Capacity and Utilization",https://data.cityofnewyork.us/d/gkd7-3vk7
d39740d83ec4,district_311,"311 received 978 complaints about sewers, catch basins and flooding in our district from September 2025 through August 2026. That is the sixth highest rate per resident among the city's 59 community districts.","311 Service Requests, as counted for the planner",https://data.cityofnewyork.us/d/erm2-nwe9
d3b5e3dce442,district_311,"311 received 1,859 complaints about litter, dumping and missed collection in our district from September 2025 through August 2026. Two years earlier the number was 1,330.","311 Service Requests, as counted for the planner",https://data.cityofnewyork.us/d/erm2-nwe9
d3e88e098efe@b20342,district_311,"311 received 1,109 complaints about potholes and other street conditions in our district from September 2025 through August 2026. Two years earlier the number was 706.","311 Service Requests, as counted for the planner",https://data.cityofnewyork.us/d/erm2-nwe9
d3f922eceaac,district_311,"311 received 1,147 complaints about sewers, catch basins and flooding in our district from September 2025 through August 2026. That is the seventh highest number among the city's 59 community districts.","311 Service Requests, as counted for the planner",https://data.cityofnewyork.us/d/erm2-nwe9
d3fba0ecfa14,district_311,"311 received 4,308 complaints about litter, dumping and missed collection in our district from September 2025 through August 2026. That is the 13th highest rate per resident among the city's 59 community districts.","311 Service Requests, as counted for the planner",https://data.cityofnewyork.us/d/erm2-nwe9
d42d8d0f87ea,district_311,"311 received 3,247 complaints about street trees in our district from September 2025 through August 2026. That is the eighth highest rate per resident among the city's 59 community districts.","311 Service Requests, as counted for the planner",https://data.cityofnewyork.us/d/erm2-nwe9
d42d8d0f87ea,street_trees,"As of February 2025, NYC Parks' tree inventory listed 3,040 empty street tree beds in our district.","NYC Parks, Forestry Planting Spaces",https://data.cityofnewyork.us/d/82zj-84is
d4484f20b2b2,district_311,"311 received 21,403 complaints about heat, hot water and other apartment conditions in our district from September 2025 through August 2026. That is the 13th highest rate per resident among the city's 59 community districts.","311 Service Requests, as counted for the planner",https://data.cityofnewyork.us/d/erm2-nwe9
d4588f684f4d,district_311,"311 received 2,157 complaints about sewers, catch basins and flooding in our district from September 2025 through August 2026. That is the third highest rate per resident among the city's 59 community districts.","311 Service Requests, as counted for the planner",https://data.cityofnewyork.us/d/erm2-nwe9
d47aad3677a0@e4dc99,park_inspection,NYC Parks inspectors rated Eugene McCabe Field unacceptable overall in 3 of 5 inspections from August 2024 through July 2026. They rated its athletic fields unacceptable in 4 of 4 inspections.,"NYC Parks, Parks Inspection Program",https://data.cityofnewyork.us/d/yg3y-7juh
d48b717fa7be,park_access,"By NYC Parks' Walk to a Park measure, about 49,000 of our district's residents, or 18%, live beyond walking distance of a park. Citywide the share is 16%.","NYC Parks, Walk to a Park Service Area, with 2020 Census blocks",https://data.cityofnewyork.us/d/99ii-hwh9
d4a2505b6296@dc59ed,district_311,"311 received 3,412 complaints about potholes and other street conditions in our district from September 2025 through August 2026. That is the fifth highest rate per resident among the city's 59 community districts. Two years earlier the number was 1,686.","311 Service Requests, as counted for the planner",https://data.cityofnewyork.us/d/erm2-nwe9
d4b7a450c462,crashes,"NYPD crash reports show 8 crashes at or near the intersection of New York Avenue and Maple Street from June 2023 through May 2026. Those crashes injured 3 people, including 1 cyclist.","NYPD, Motor Vehicle Collisions",https://data.cityofnewyork.us/d/h9gi-nx95
d4e958451bae,street_trees,"As of February 2025, NYC Parks' tree inventory listed 793 empty street tree beds in our district.","NYC Parks, Forestry Planting Spaces",https://data.cityofnewyork.us/d/82zj-84is
d4f01050ca60,district_311,311 received 541 complaints about potholes and other street conditions in our district from September 2025 through August 2026. Two years earlier the number was 405.,"311 Service Requests, as counted for the planner",https://data.cityofnewyork.us/d/erm2-nwe9
d501bb61060e,park_inspection,NYC Parks inspectors rated Rosemary's Playground unacceptable overall in 2 of 5 inspections from August 2024 through July 2026. They rated its paved surfaces unacceptable in 2 of 5 inspections.,"NYC Parks, Parks Inspection Program",https://data.cityofnewyork.us/d/yg3y-7juh
d510dc801171@e316d3,district_311,311 received 765 complaints about street lights in our district from September 2025 through August 2026. That is the ninth highest number among the city's 59 community districts.,"311 Service Requests, as counted for the planner",https://data.cityofnewyork.us/d/erm2-nwe9
d510dc801171@e316d3,site_311,311 received 11 reports of street lights out or damaged along Union Turnpike between Woodhaven Boulevard and Myrtle Avenue from September 2023 through August 2026.,311 Service Requests,https://data.cityofnewyork.us/d/erm2-nwe9
d51106921e97@1f0b5e,district_311,"311 received 362 complaints about sewers, catch basins and flooding in our district from September 2025 through August 2026. That is the ninth highest rate per resident among the city's 59 community districts. Two years earlier the number was 288.","311 Service Requests, as counted for the planner",https://data.cityofnewyork.us/d/erm2-nwe9
d52c81fe394b@9a6103,crashes,"NYPD crash reports show 99 crashes on Ocean Avenue between Flatbush Avenue and Parkside Avenue from June 2023 through May 2026. Those crashes injured 65 people, including 5 pedestrians and 13 cyclists.","NYPD, Motor Vehicle Collisions",https://data.cityofnewyork.us/d/h9gi-nx95
d530c5da7b40,district_311,"311 received 2,321 complaints about water mains, hydrants and water quality in our district from September 2025 through August 2026. That is the third highest rate per resident among the city's 59 community districts. Two years earlier the number was 1,527.","311 Service Requests, as counted for the planner",https://data.cityofnewyork.us/d/erm2-nwe9
d54ee064b820@5753ed,district_311,"311 received 1,399 complaints about potholes and other street conditions in our district from September 2025 through August 2026. That is the 11th highest rate per resident among the city's 59 community districts. Two years earlier the number was 993.","311 Service Requests, as counted for the planner",https://data.cityofnewyork.us/d/erm2-nwe9
d589effe86d5,district_311,"311 received 4,182 complaints about litter, dumping and missed collection in our district from September 2025 through August 2026. That is the eighth highest number among the city's 59 community districts.","311 Service Requests, as counted for the planner",https://data.cityofnewyork.us/d/erm2-nwe9
d59397360065@267419,district_311,"311 received 1,399 complaints about potholes and other street conditions in our district from September 2025 through August 2026. That is the 11th highest rate per resident among the city's 59 community districts. Two years earlier the number was 993.","311 Service Requests, as counted for the planner",https://data.cityofnewyork.us/d/erm2-nwe9
d59962dc6799,district_311,"311 received 1,194 complaints about sewers, catch basins and flooding in our district from September 2025 through August 2026. That is the 11th highest rate per resident among the city's 59 community districts. Two years earlier the number was 930.","311 Service Requests, as counted for the planner",https://data.cityofnewyork.us/d/erm2-nwe9
d5a79c24d439@d7af7e,school,"The School Construction Authority's latest Enrollment, Capacity and Utilization report shows 542 students at P.S. 3.","School Construction Authority, Enrollment, Capacity and Utilization",https://data.cityofnewyork.us/d/gkd7-3vk7
d5b3f91936d3,school,"The School Construction Authority's latest Enrollment, Capacity and Utilization report shows 344 students at P.S. 123.","School Construction Authority, Enrollment, Capacity and Utilization",https://data.cityofnewyork.us/d/gkd7-3vk7
d5c872cec554,district_311,"311 received 21,862 complaints about heat, hot water and other apartment conditions in our district from September 2025 through August 2026. Two years earlier the number was 13,773.","311 Service Requests, as counted for the planner",https://data.cityofnewyork.us/d/erm2-nwe9
d5d7a4aad348,school,"The School Construction Authority's latest Enrollment, Capacity and Utilization report shows P.S. 39 with 373 students, 143% of its target capacity.","School Construction Authority, Enrollment, Capacity and Utilization",https://data.cityofnewyork.us/d/gkd7-3vk7
d5f0c362aae4,district_311,"311 received 4,358 complaints about potholes and other street conditions in our district from September 2025 through August 2026. That is the third highest number among the city's 59 community districts. Two years earlier the number was 2,854.","311 Service Requests, as counted for the planner",https://data.cityofnewyork.us/d/erm2-nwe9
d602aeaa68d9,district_311,"311 received 5,367 requests for help for homeless people or about encampments in our district from September 2025 through August 2026. That is the fourth highest rate per resident among the city's 59 community districts. Two years earlier the number was 3,162.","311 Service Requests, as counted for the planner",https://data.cityofnewyork.us/d/erm2-nwe9
d660a009fe5e,district_311,"311 received 1,366 complaints about sewers, catch basins and flooding in our district from September 2025 through August 2026. That is the seventh highest rate per resident among the city's 59 community districts.","311 Service Requests, as counted for the planner",https://data.cityofnewyork.us/d/erm2-nwe9
d663349d251a,district_311,"311 received 4,980 complaints about litter, dumping and missed collection in our district from September 2025 through August 2026. That is the eighth highest rate per resident among the city's 59 community districts.","311 Service Requests, as counted for the planner",https://data.cityofnewyork.us/d/erm2-nwe9
d67111de5b20,school,"The School Construction Authority's latest Enrollment, Capacity and Utilization report shows 193 students at P.S. 154.","School Construction Authority, Enrollment, Capacity and Utilization",https://data.cityofnewyork.us/d/gkd7-3vk7
d675af4443a5,district_311,"311 received 3,977 requests for help for homeless people or about encampments in our district from September 2025 through August 2026. That is the seventh highest rate per resident among the city's 59 community districts. Two years earlier the number was 2,911.","311 Service Requests, as counted for the planner",https://data.cityofnewyork.us/d/erm2-nwe9
d682b3eea92d,district_311,"311 received 540 complaints about sewers, catch basins and flooding in our district from September 2025 through August 2026. Two years earlier the number was 408.","311 Service Requests, as counted for the planner",https://data.cityofnewyork.us/d/erm2-nwe9
d6a4fb91d92d@1ad7b6,district_311,"311 received 1,194 complaints about sewers, catch basins and flooding in our district from September 2025 through August 2026. That is the 11th highest rate per resident among the city's 59 community districts. Two years earlier the number was 930.","311 Service Requests, as counted for the planner",https://data.cityofnewyork.us/d/erm2-nwe9
d6bc0c79d9fd,district_311,"311 received 754 complaints about sewers, catch basins and flooding in our district from September 2025 through August 2026. That is the 15th highest rate per resident among the city's 59 community districts.","311 Service Requests, as counted for the planner",https://data.cityofnewyork.us/d/erm2-nwe9
d6c0fe6ed9c2,district_311,"311 received 84,027 noise complaints in our district from September 2025 through August 2026. That is the highest rate per resident among the city's 59 community districts. Two years earlier the number was 15,574.","311 Service Requests, as counted for the planner",https://data.cityofnewyork.us/d/erm2-nwe9
d6eb96a5f0e1,district_311,311 received 613 complaints about potholes and other street conditions in our district from September 2025 through August 2026. Two years earlier the number was 450.,"311 Service Requests, as counted for the planner",https://data.cityofnewyork.us/d/erm2-nwe9
d6f4db4edcb6,district_311,"311 received 3,634 complaints about litter, dumping and missed collection in our district from September 2025 through August 2026. That is the 14th highest number among the city's 59 community districts.","311 Service Requests, as counted for the planner",https://data.cityofnewyork.us/d/erm2-nwe9
d76a2438c97b,district_311,"311 received 3,776 complaints about street trees in our district from September 2025 through August 2026. That is the 14th highest rate per resident among the city's 59 community districts.","311 Service Requests, as counted for the planner",https://data.cityofnewyork.us/d/erm2-nwe9
d78bef752c88,district_311,"311 received 1,300 complaints about sidewalks and curbs in our district from September 2025 through August 2026. That is the highest rate per resident among the city's 59 community districts.","311 Service Requests, as counted for the planner",https://data.cityofnewyork.us/d/erm2-nwe9
d79d05359703,district_311,"311 received 14,142 requests for help for homeless people or about encampments in our district from September 2025 through August 2026. That is the highest rate per resident among the city's 59 community districts.","311 Service Requests, as counted for the planner",https://data.cityofnewyork.us/d/erm2-nwe9
d7a291b0bf95,school,"The School Construction Authority's latest Enrollment, Capacity and Utilization report shows 202 students at P.S. 133.","School Construction Authority, Enrollment, Capacity and Utilization",https://data.cityofnewyork.us/d/gkd7-3vk7
d7a526660475@339e28,crashes,"NYPD crash reports show 47 crashes at or near the intersection of Grand Avenue and 69th Street from June 2023 through May 2026. Those crashes injured 27 people, including 3 pedestrians and 3 cyclists.","NYPD, Motor Vehicle Collisions",https://data.cityofnewyork.us/d/h9gi-nx95
d7acc5c1f613,district_311,"311 received 7,814 complaints about heat, hot water and other apartment conditions in our district from September 2025 through August 2026. Two years earlier the number was 5,145.","311 Service Requests, as counted for the planner",https://data.cityofnewyork.us/d/erm2-nwe9
d7c4e4df1090,park_inspection,NYC Parks inspectors rated Chester Playground unacceptable overall in 4 of 5 inspections from August 2024 through July 2026.,"NYC Parks, Parks Inspection Program",https://data.cityofnewyork.us/d/yg3y-7juh
d7c52d06baa3,district_311,"311 received 2,527 complaints about potholes and other street conditions in our district from September 2025 through August 2026. That is the 14th highest number among the city's 59 community districts. Two years earlier the number was 1,189.","311 Service Requests, as counted for the planner",https://data.cityofnewyork.us/d/erm2-nwe9
d7f0b2978706,district_311,311 received 731 complaints about rats and other pests in our district from September 2025 through August 2026. That is the ninth highest rate per resident among the city's 59 community districts.,"311 Service Requests, as counted for the planner",https://data.cityofnewyork.us/d/erm2-nwe9
d82353d90b88,district_311,311 received 660 complaints about rats and other pests in our district from September 2025 through August 2026. That is the fifth highest rate per resident among the city's 59 community districts.,"311 Service Requests, as counted for the planner",https://data.cityofnewyork.us/d/erm2-nwe9
d840eced810e@aa77e9,school,"The School Construction Authority's latest Enrollment, Capacity and Utilization report shows 482 students at P.S. 315.","School Construction Authority, Enrollment, Capacity and Utilization",https://data.cityofnewyork.us/d/gkd7-3vk7
d8464e96e01e,school,"The School Construction Authority's latest Enrollment, Capacity and Utilization report shows 450 students at P.S. 128.","School Construction Authority, Enrollment, Capacity and Utilization",https://data.cityofnewyork.us/d/gkd7-3vk7
d8550213011d,park_inspection,NYC Parks inspectors rated the paved surfaces at Union Square Park unacceptable in 2 of 4 inspections from August 2024 through July 2026.,"NYC Parks, Parks Inspection Program",https://data.cityofnewyork.us/d/yg3y-7juh
d8577ddd63df,district_311,"311 received 5,004 requests for help for homeless people or about encampments in our district from September 2025 through August 2026. That is the sixth highest rate per resident among the city's 59 community districts.","311 Service Requests, as counted for the planner",https://data.cityofnewyork.us/d/erm2-nwe9
d85b00851bed,district_311,"311 received 1,366 complaints about construction and illegal building use in our district from September 2025 through August 2026. That is the 13th highest number among the city's 59 community districts.","311 Service Requests, as counted for the planner",https://data.cityofnewyork.us/d/erm2-nwe9
d870057334d0,crashes,"NYPD crash reports show 16 crashes on 38th Avenue between Main and Prince Streets from June 2023 through May 2026. Those crashes injured 7 people, including 4 pedestrians and 1 cyclist.","NYPD, Motor Vehicle Collisions",https://data.cityofnewyork.us/d/h9gi-nx95
d881d4130aae,district_311,311 received 574 complaints about rats and other pests in our district from September 2025 through August 2026. That is the 13th highest number among the city's 59 community districts.,"311 Service Requests, as counted for the planner",https://data.cityofnewyork.us/d/erm2-nwe9
d8919dd543d9,school,"The School Construction Authority's latest Enrollment, Capacity and Utilization report shows 237 students at P.S. 36.","School Construction Authority, Enrollment, Capacity and Utilization",https://data.cityofnewyork.us/d/gkd7-3vk7
d8919dd543d9@3f2bbe,school,"The School Construction Authority's latest Enrollment, Capacity and Utilization report shows 237 students at P.S. 36.","School Construction Authority, Enrollment, Capacity and Utilization",https://data.cityofnewyork.us/d/gkd7-3vk7
d8b0779023cb,park_inspection,NYC Parks inspectors rated Hoffman Park unacceptable overall in 3 of 5 inspections from August 2024 through July 2026.,"NYC Parks, Parks Inspection Program",https://data.cityofnewyork.us/d/yg3y-7juh
d8c4ceb13b12,district_311,"311 received 2,912 complaints about litter, dumping and missed collection in our district from September 2025 through August 2026. That is the ninth highest rate per resident among the city's 59 community districts.","311 Service Requests, as counted for the planner",https://data.cityofnewyork.us/d/erm2-nwe9
d8d3b95feefa@4aeffb,district_311,"311 received 5,230 complaints about potholes and other street conditions in our district from September 2025 through August 2026. That is the fourth highest rate per resident among the city's 59 community districts. Two years earlier the number was 3,022.","311 Service Requests, as counted for the planner",https://data.cityofnewyork.us/d/erm2-nwe9
d8d3b95feefa@ed8291,district_311,"311 received 5,230 complaints about potholes and other street conditions in our district from September 2025 through August 2026. That is the fourth highest rate per resident among the city's 59 community districts. Two years earlier the number was 3,022.","311 Service Requests, as counted for the planner",https://data.cityofnewyork.us/d/erm2-nwe9
d8e3d0c42a5b@be5477,district_311,"311 received 1,366 complaints about sewers, catch basins and flooding in our district from September 2025 through August 2026. That is the seventh highest rate per resident among the city's 59 community districts.","311 Service Requests, as counted for the planner",https://data.cityofnewyork.us/d/erm2-nwe9
d8e3d0c42a5b@be5477,site_311,311 received 23 reports of street flooding or clogged catch basins along East 72nd Street between Ralph Avenue and Avenue M from September 2023 through August 2026.,311 Service Requests,https://data.cityofnewyork.us/d/erm2-nwe9
d8f4dfa0b1c4,district_311,311 received 544 complaints about graffiti in our district from September 2025 through August 2026. That is the sixth highest rate per resident among the city's 59 community districts. Two years earlier the number was 207.,"311 Service Requests, as counted for the planner",https://data.cityofnewyork.us/d/erm2-nwe9
d8fa05c8c580,district_311,"311 received 1,082 complaints about sewers, catch basins and flooding in our district from September 2025 through August 2026. That is the 13th highest rate per resident among the city's 59 community districts.","311 Service Requests, as counted for the planner",https://data.cityofnewyork.us/d/erm2-nwe9
d90bbd3ab845,district_311,"311 received 1,082 complaints about sewers, catch basins and flooding in our district from September 2025 through August 2026. That is the 13th highest rate per resident among the city's 59 community districts.","311 Service Requests, as counted for the planner",https://data.cityofnewyork.us/d/erm2-nwe9
d927a95b595b@d0ce5b,crashes,"NYPD crash reports show 5 crashes at or near the intersection of East 40th Street and Glenwood Road from June 2023 through May 2026. Those crashes injured 4 people, including 3 pedestrians and 1 cyclist.","NYPD, Motor Vehicle Collisions",https://data.cityofnewyork.us/d/h9gi-nx95
d927a95b595b@e9255e,crashes,"NYPD crash reports show 5 crashes at or near the intersection of East 40th Street and Glenwood Road from June 2023 through May 2026. Those crashes injured 4 people, including 3 pedestrians and 1 cyclist.","NYPD, Motor Vehicle Collisions",https://data.cityofnewyork.us/d/h9gi-nx95
d93d19a06710,district_311,"311 received 1,366 complaints about sewers, catch basins and flooding in our district from September 2025 through August 2026. That is the seventh highest rate per resident among the city's 59 community districts.","311 Service Requests, as counted for the planner",https://data.cityofnewyork.us/d/erm2-nwe9
d93d19a06710@740f6c,district_311,"311 received 1,366 complaints about sewers, catch basins and flooding in our district from September 2025 through August 2026. That is the seventh highest rate per resident among the city's 59 community districts.","311 Service Requests, as counted for the planner",https://data.cityofnewyork.us/d/erm2-nwe9
d987da93986e,park_inspection,NYC Parks inspectors rated the safety surfacing at Garibaldi Playground unacceptable in 2 of 4 inspections from August 2024 through July 2026.,"NYC Parks, Parks Inspection Program",https://data.cityofnewyork.us/d/yg3y-7juh
d990c148e183,crashes,"NYPD crash reports show 21 crashes on West Houston Street between Washington Street and West Street from June 2023 through May 2026. Those crashes injured 20 people, including 1 pedestrian and 2 cyclists.","NYPD, Motor Vehicle Collisions",https://data.cityofnewyork.us/d/h9gi-nx95
d9b74dcb9f31,district_311,311 received 979 complaints about construction and illegal building use in our district from September 2025 through August 2026. That is the 11th highest rate per resident among the city's 59 community districts.,"311 Service Requests, as counted for the planner",https://data.cityofnewyork.us/d/erm2-nwe9
d9bbd494ed4c,district_311,"311 received 1,147 complaints about sewers, catch basins and flooding in our district from September 2025 through August 2026. That is the seventh highest number among the city's 59 community districts.","311 Service Requests, as counted for the planner",https://data.cityofnewyork.us/d/erm2-nwe9
d9cc6c093655,district_311,"311 received 1,436 complaints about park maintenance in our district from September 2025 through August 2026. That is the second highest rate per resident among the city's 59 community districts.","311 Service Requests, as counted for the planner",https://data.cityofnewyork.us/d/erm2-nwe9
d9cc6c093655@727334,district_311,"311 received 1,436 complaints about park maintenance in our district from September 2025 through August 2026. That is the second highest rate per resident among the city's 59 community districts.","311 Service Requests, as counted for the planner",https://data.cityofnewyork.us/d/erm2-nwe9
d9cc7a5dca2c@c7194f,district_311,"311 received 1,109 complaints about potholes and other street conditions in our district from September 2025 through August 2026. Two years earlier the number was 706.","311 Service Requests, as counted for the planner",https://data.cityofnewyork.us/d/erm2-nwe9
d9e2686a382c,district_311,"311 received 2,821 complaints about litter, dumping and missed collection in our district from September 2025 through August 2026. Two years earlier the number was 2,149.","311 Service Requests, as counted for the planner",https://data.cityofnewyork.us/d/erm2-nwe9
d9f829901960@57a076,district_311,"311 received 4,358 complaints about potholes and other street conditions in our district from September 2025 through August 2026. That is the third highest number among the city's 59 community districts. Two years earlier the number was 2,854.","311 Service Requests, as counted for the planner",https://data.cityofnewyork.us/d/erm2-nwe9
da1a316663c5@13f9d2,crashes,"NYPD crash reports show 6 crashes at or near the intersection of Ocean Parkway and Avenue K from June 2023 through May 2026. Those crashes injured 3 people, including 1 cyclist.","NYPD, Motor Vehicle Collisions",https://data.cityofnewyork.us/d/h9gi-nx95
da255d68098e,district_311,"311 received 594 complaints about sewers, catch basins and flooding in our district from September 2025 through August 2026. Two years earlier the number was 427.","311 Service Requests, as counted for the planner",https://data.cityofnewyork.us/d/erm2-nwe9
da471307b061,street_trees,"As of February 2025, NYC Parks' tree inventory listed 1,120 empty street tree beds in our district.","NYC Parks, Forestry Planting Spaces",https://data.cityofnewyork.us/d/82zj-84is
da4bc4c8b700@8b0ea9,district_311,311 received 992 complaints about sidewalks and curbs in our district from September 2025 through August 2026. That is the 15th highest rate per resident among the city's 59 community districts.,"311 Service Requests, as counted for the planner",https://data.cityofnewyork.us/d/erm2-nwe9
da57aeaa893f,district_311,"311 received 34,621 noise complaints in our district from September 2025 through August 2026. That is the third highest rate per resident among the city's 59 community districts.","311 Service Requests, as counted for the planner",https://data.cityofnewyork.us/d/erm2-nwe9
da6f4e994ffd,district_311,"311 received 9,308 complaints about heat, hot water and other apartment conditions in our district from September 2025 through August 2026. Two years earlier the number was 6,645.","311 Service Requests, as counted for the planner",https://data.cityofnewyork.us/d/erm2-nwe9
da77a429f10d@9b686a,district_311,311 received 192 requests for help for homeless people or about encampments in our district from September 2025 through August 2026. Two years earlier the number was 113.,"311 Service Requests, as counted for the planner",https://data.cityofnewyork.us/d/erm2-nwe9
dabca97aba3c,district_311,"311 received 1,440 complaints about water mains, hydrants and water quality in our district from September 2025 through August 2026. Two years earlier the number was 962.","311 Service Requests, as counted for the planner",https://data.cityofnewyork.us/d/erm2-nwe9
dad434a87662,district_311,"311 received 2,463 requests for help for homeless people or about encampments in our district from September 2025 through August 2026. That is the fifth highest rate per resident among the city's 59 community districts.","311 Service Requests, as counted for the planner",https://data.cityofnewyork.us/d/erm2-nwe9
daebc881c201,district_311,311 received 558 complaints about rats and other pests in our district from September 2025 through August 2026. That is the 11th highest rate per resident among the city's 59 community districts.,"311 Service Requests, as counted for the planner",https://data.cityofnewyork.us/d/erm2-nwe9
db07ea330ea6,district_311,311 received 884 requests for help for homeless people or about encampments in our district from September 2025 through August 2026. Two years earlier the number was 421.,"311 Service Requests, as counted for the planner",https://data.cityofnewyork.us/d/erm2-nwe9
db281269bfc5,district_311,"311 received 22,640 complaints about illegal parking and blocked driveways in our district from September 2025 through August 2026. That is the seventh highest rate per resident among the city's 59 community districts. Two years earlier the number was 17,667.","311 Service Requests, as counted for the planner",https://data.cityofnewyork.us/d/erm2-nwe9
db2ec9636d9d,district_311,"311 received 1,760 complaints about construction and illegal building use in our district from September 2025 through August 2026. That is the 12th highest rate per resident among the city's 59 community districts.","311 Service Requests, as counted for the planner",https://data.cityofnewyork.us/d/erm2-nwe9
db4c39088b73,school,"The School Construction Authority's latest Enrollment, Capacity and Utilization report shows 336 students at P.S. 142.","School Construction Authority, Enrollment, Capacity and Utilization",https://data.cityofnewyork.us/d/gkd7-3vk7
db5d1d72d7c3,district_311,"311 received 1,063 complaints about park maintenance in our district from September 2025 through August 2026. That is the tenth highest rate per resident among the city's 59 community districts. Two years earlier the number was 604.","311 Service Requests, as counted for the planner",https://data.cityofnewyork.us/d/erm2-nwe9
dba7295fb0f5@6fb1f9,school,"The School Construction Authority's latest Enrollment, Capacity and Utilization report shows 450 students at P.S. 128.","School Construction Authority, Enrollment, Capacity and Utilization",https://data.cityofnewyork.us/d/gkd7-3vk7
dbc54d403c71@adfce9,district_311,"311 received 2,590 complaints about litter, dumping and missed collection in our district from September 2025 through August 2026. That is the 11th highest rate per resident among the city's 59 community districts.","311 Service Requests, as counted for the planner",https://data.cityofnewyork.us/d/erm2-nwe9
dbc54d403c71@b3e956,district_311,"311 received 2,590 complaints about litter, dumping and missed collection in our district from September 2025 through August 2026. That is the 11th highest rate per resident among the city's 59 community districts.","311 Service Requests, as counted for the planner",https://data.cityofnewyork.us/d/erm2-nwe9
dbd0ca783431,district_311,311 received 675 complaints about rats and other pests in our district from September 2025 through August 2026. That is the 11th highest number among the city's 59 community districts.,"311 Service Requests, as counted for the planner",https://data.cityofnewyork.us/d/erm2-nwe9
dbdc1cd0acee,district_311,"311 received 2,217 complaints about construction and illegal building use in our district from September 2025 through August 2026. That is the third highest rate per resident among the city's 59 community districts. Two years earlier the number was 1,708.","311 Service Requests, as counted for the planner",https://data.cityofnewyork.us/d/erm2-nwe9
dc0ca261ca60@5a44cc,district_311,"311 received 1,399 complaints about potholes and other street conditions in our district from September 2025 through August 2026. That is the 11th highest rate per resident among the city's 59 community districts. Two years earlier the number was 993.","311 Service Requests, as counted for the planner",https://data.cityofnewyork.us/d/erm2-nwe9
dc3ff214dfca,district_311,"311 received 3,619 complaints about potholes and other street conditions in our district from September 2025 through August 2026. That is the ninth highest rate per resident among the city's 59 community districts. Two years earlier the number was 1,834.","311 Service Requests, as counted for the planner",https://data.cityofnewyork.us/d/erm2-nwe9
dc5a4078401f,district_311,"311 received 1,366 complaints about sewers, catch basins and flooding in our district from September 2025 through August 2026. That is the seventh highest rate per resident among the city's 59 community districts.","311 Service Requests, as counted for the planner",https://data.cityofnewyork.us/d/erm2-nwe9
dc5a4078401f@61f3c7,district_311,"311 received 1,366 complaints about sewers, catch basins and flooding in our district from September 2025 through August 2026. That is the seventh highest rate per resident among the city's 59 community districts.","311 Service Requests, as counted for the planner",https://data.cityofnewyork.us/d/erm2-nwe9
dc88acb0c6f8,district_311,"311 received 14,142 requests for help for homeless people or about encampments in our district from September 2025 through August 2026. That is the highest rate per resident among the city's 59 community districts.","311 Service Requests, as counted for the planner",https://data.cityofnewyork.us/d/erm2-nwe9
dc9faedb945c@4ad985,district_311,"311 received 1,549 complaints about potholes and other street conditions in our district from September 2025 through August 2026. That is the 14th highest rate per resident among the city's 59 community districts. Two years earlier the number was 983.","311 Service Requests, as counted for the planner",https://data.cityofnewyork.us/d/erm2-nwe9
dca0c210a778,district_311,"311 received 1,082 complaints about sewers, catch basins and flooding in our district from September 2025 through August 2026. That is the 13th highest rate per resident among the city's 59 community districts.","311 Service Requests, as counted for the planner",https://data.cityofnewyork.us/d/erm2-nwe9
dcab788fe3d0,school,"The School Construction Authority's latest Enrollment, Capacity and Utilization report shows 398 students at P.S. 111.","School Construction Authority, Enrollment, Capacity and Utilization",https://data.cityofnewyork.us/d/gkd7-3vk7
dcc3f119540f,district_311,"311 received 1,436 complaints about park maintenance in our district from September 2025 through August 2026. That is the second highest rate per resident among the city's 59 community districts.","311 Service Requests, as counted for the planner",https://data.cityofnewyork.us/d/erm2-nwe9
dd326d8a94e1,district_311,"311 received 754 complaints about sewers, catch basins and flooding in our district from September 2025 through August 2026. That is the 15th highest rate per resident among the city's 59 community districts.","311 Service Requests, as counted for the planner",https://data.cityofnewyork.us/d/erm2-nwe9
dd3716fe1b21,park_inspection,NYC Parks inspectors rated Leif Ericson Park unacceptable overall in 3 of 6 inspections from August 2024 through July 2026.,"NYC Parks, Parks Inspection Program",https://data.cityofnewyork.us/d/yg3y-7juh
dd6f7f68355a@b59f90,district_311,"311 received 4,076 complaints about litter, dumping and missed collection in our district from September 2025 through August 2026. That is the ninth highest number among the city's 59 community districts.","311 Service Requests, as counted for the planner",https://data.cityofnewyork.us/d/erm2-nwe9
ddb59ba9a5cd,street_trees,"As of February 2025, NYC Parks' tree inventory listed 369 empty street tree beds in our district.","NYC Parks, Forestry Planting Spaces",https://data.cityofnewyork.us/d/82zj-84is
ddcc1eba63b6,district_311,"311 received 5,367 requests for help for homeless people or about encampments in our district from September 2025 through August 2026. That is the fourth highest rate per resident among the city's 59 community districts. Two years earlier the number was 3,162.","311 Service Requests, as counted for the planner",https://data.cityofnewyork.us/d/erm2-nwe9
de295303a114@a78242,district_311,"311 received 1,366 complaints about sewers, catch basins and flooding in our district from September 2025 through August 2026. That is the seventh highest rate per resident among the city's 59 community districts.","311 Service Requests, as counted for the planner",https://data.cityofnewyork.us/d/erm2-nwe9
de5576b94c4e@501a0e,crashes,"NYPD crash reports show 30 crashes on 11th Avenue between West 20th Street and West 23rd Street from June 2023 through May 2026. Those crashes injured 11 people, including 2 cyclists.","NYPD, Motor Vehicle Collisions",https://data.cityofnewyork.us/d/h9gi-nx95
de86469a944a,district_311,311 received 372 complaints about graffiti in our district from September 2025 through August 2026. That is the ninth highest number among the city's 59 community districts.,"311 Service Requests, as counted for the planner",https://data.cityofnewyork.us/d/erm2-nwe9
de90858e4bbb,district_311,"311 received 1,549 complaints about potholes and other street conditions in our district from September 2025 through August 2026. That is the 14th highest rate per resident among the city's 59 community districts. Two years earlier the number was 983.","311 Service Requests, as counted for the planner",https://data.cityofnewyork.us/d/erm2-nwe9
de98cf70d73c,district_311,"311 received 1,087 complaints about rats and other pests in our district from September 2025 through August 2026. That is the highest rate per resident among the city's 59 community districts.","311 Service Requests, as counted for the planner",https://data.cityofnewyork.us/d/erm2-nwe9
deb789eb90b1,district_311,"311 received 4,358 complaints about potholes and other street conditions in our district from September 2025 through August 2026. That is the third highest number among the city's 59 community districts. Two years earlier the number was 2,854.","311 Service Requests, as counted for the planner",https://data.cityofnewyork.us/d/erm2-nwe9
decc0392c2d6,district_311,"311 received 978 complaints about sewers, catch basins and flooding in our district from September 2025 through August 2026. That is the sixth highest rate per resident among the city's 59 community districts.","311 Service Requests, as counted for the planner",https://data.cityofnewyork.us/d/erm2-nwe9
dee1f60904f0,district_311,"311 received 9,980 requests for help for homeless people or about encampments in our district from September 2025 through August 2026. That is the second highest rate per resident among the city's 59 community districts. Two years earlier the number was 6,541.","311 Service Requests, as counted for the planner",https://data.cityofnewyork.us/d/erm2-nwe9
dee44f377583,district_311,311 received 483 complaints about potholes and other street conditions in our district from September 2025 through August 2026. Two years earlier the number was 241.,"311 Service Requests, as counted for the planner",https://data.cityofnewyork.us/d/erm2-nwe9
def0587218af,site_311,311 received 41 reports of street lights out or damaged along New Utrecht Avenue between 86th Street and 61st Street from September 2023 through August 2026.,311 Service Requests,https://data.cityofnewyork.us/d/erm2-nwe9
df37336947f8,crashes,"NYPD crash reports show 154 crashes on Castle Hill Avenue between Westchester Avenue and Bruckner Boulevard from June 2023 through May 2026. Those crashes injured 107 people, including 22 pedestrians and 5 cyclists, and killed 1 person.","NYPD, Motor Vehicle Collisions",https://data.cityofnewyork.us/d/h9gi-nx95
df647b3e6b31,district_311,"311 received 3,728 complaints about litter, dumping and missed collection in our district from September 2025 through August 2026. That is the 12th highest number among the city's 59 community districts.","311 Service Requests, as counted for the planner",https://data.cityofnewyork.us/d/erm2-nwe9
df93d96bb110@a0efa0,district_311,311 received 841 complaints about street lights in our district from September 2025 through August 2026. That is the seventh highest number among the city's 59 community districts.,"311 Service Requests, as counted for the planner",https://data.cityofnewyork.us/d/erm2-nwe9
df93d96bb110@ecf723,district_311,311 received 841 complaints about street lights in our district from September 2025 through August 2026. That is the seventh highest number among the city's 59 community districts.,"311 Service Requests, as counted for the planner",https://data.cityofnewyork.us/d/erm2-nwe9
df97aa792864@205f9e,crashes,"NYPD crash reports show 22 crashes at or near the intersection of Broadway and Monroe Street from June 2023 through May 2026. Those crashes injured 8 people, including 3 pedestrians.","NYPD, Motor Vehicle Collisions",https://data.cityofnewyork.us/d/h9gi-nx95
df97aa792864@205f9e,site_311,311 received 7 reports of street lights out or damaged within 150 feet of the intersection of Broadway and Monroe Street from September 2023 through August 2026.,311 Service Requests,https://data.cityofnewyork.us/d/erm2-nwe9
df9ff32053ed@eb1ade,park_inspection,NYC Parks inspectors rated Evergreen Park unacceptable overall in 5 of 5 inspections from August 2024 through July 2026. They rated its paved surfaces unacceptable in 5 of 5 inspections.,"NYC Parks, Parks Inspection Program",https://data.cityofnewyork.us/d/yg3y-7juh
dfa14719f918,district_311,"311 received 3,672 complaints about potholes and other street conditions in our district from September 2025 through August 2026. That is the second highest rate per resident among the city's 59 community districts. Two years earlier the number was 1,979.","311 Service Requests, as counted for the planner",https://data.cityofnewyork.us/d/erm2-nwe9
dfb5366326c2,district_311,"311 received 3,634 complaints about litter, dumping and missed collection in our district from September 2025 through August 2026. That is the 14th highest number among the city's 59 community districts.","311 Service Requests, as counted for the planner",https://data.cityofnewyork.us/d/erm2-nwe9
dfb7f8811e8c,district_311,311 received 475 complaints about rats and other pests in our district from September 2025 through August 2026. That is the 14th highest rate per resident among the city's 59 community districts.,"311 Service Requests, as counted for the planner",https://data.cityofnewyork.us/d/erm2-nwe9
dfe8ec779f98,district_311,311 received 993 complaints about park maintenance in our district from September 2025 through August 2026. That is the third highest rate per resident among the city's 59 community districts.,"311 Service Requests, as counted for the planner",https://data.cityofnewyork.us/d/erm2-nwe9
e001961f11ef,district_311,311 received 606 complaints about potholes and other street conditions in our district from September 2025 through August 2026. Two years earlier the number was 400.,"311 Service Requests, as counted for the planner",https://data.cityofnewyork.us/d/erm2-nwe9
e01407b9f23c,district_311,"311 received 19,337 complaints about illegal parking and blocked driveways in our district from September 2025 through August 2026. That is the 15th highest number among the city's 59 community districts. Two years earlier the number was 13,376.","311 Service Requests, as counted for the planner",https://data.cityofnewyork.us/d/erm2-nwe9
e0185fe368f8,district_311,"311 received 34,621 noise complaints in our district from September 2025 through August 2026. That is the third highest rate per resident among the city's 59 community districts.","311 Service Requests, as counted for the planner",https://data.cityofnewyork.us/d/erm2-nwe9
e02050db7126,district_311,"311 received 3,634 complaints about litter, dumping and missed collection in our district from September 2025 through August 2026. That is the 14th highest number among the city's 59 community districts.","311 Service Requests, as counted for the planner",https://data.cityofnewyork.us/d/erm2-nwe9
e02730efd98a,district_311,"311 received 2,417 complaints about street trees in our district from September 2025 through August 2026. That is the 15th highest number among the city's 59 community districts.","311 Service Requests, as counted for the planner",https://data.cityofnewyork.us/d/erm2-nwe9
e07414414ade,district_311,"311 received 7,879 noise complaints in our district from September 2025 through August 2026. That is the seventh highest rate per resident among the city's 59 community districts.","311 Service Requests, as counted for the planner",https://data.cityofnewyork.us/d/erm2-nwe9
e07add81d417,district_311,"311 received 2,931 complaints about construction and illegal building use in our district from September 2025 through August 2026. That is the fifth highest rate per resident among the city's 59 community districts. Two years earlier the number was 2,254.","311 Service Requests, as counted for the planner",https://data.cityofnewyork.us/d/erm2-nwe9
e083f157a6bd,district_311,"311 received 9,980 requests for help for homeless people or about encampments in our district from September 2025 through August 2026. That is the second highest rate per resident among the city's 59 community districts. Two years earlier the number was 6,541.","311 Service Requests, as counted for the planner",https://data.cityofnewyork.us/d/erm2-nwe9
e0b3380d5114,district_311,311 received 992 complaints about sidewalks and curbs in our district from September 2025 through August 2026. That is the 15th highest rate per resident among the city's 59 community districts.,"311 Service Requests, as counted for the planner",https://data.cityofnewyork.us/d/erm2-nwe9
e0da277be5e9@685d97,district_311,"311 received 1,366 complaints about sewers, catch basins and flooding in our district from September 2025 through August 2026. That is the seventh highest rate per resident among the city's 59 community districts.","311 Service Requests, as counted for the planner",https://data.cityofnewyork.us/d/erm2-nwe9
e0e47790fb2e,district_311,"311 received 1,491 complaints about sewers, catch basins and flooding in our district from September 2025 through August 2026. That is the highest rate per resident among the city's 59 community districts.","311 Service Requests, as counted for the planner",https://data.cityofnewyork.us/d/erm2-nwe9
e11838425bb1,park_inspection,NYC Parks inspectors rated Grace Playground unacceptable overall in 3 of 5 inspections from August 2024 through July 2026.,"NYC Parks, Parks Inspection Program",https://data.cityofnewyork.us/d/yg3y-7juh
e11e95e9834b@83ec2f,crashes,"NYPD crash reports show 17 crashes at or near the intersection of Brooklyn Avenue and Empire Boulevard from June 2023 through May 2026. Those crashes injured 8 people, including 1 pedestrian and 1 cyclist.","NYPD, Motor Vehicle Collisions",https://data.cityofnewyork.us/d/h9gi-nx95
e11e95e9834b@bf0645,crashes,"NYPD crash reports show 14 crashes at or near the intersection of Kingston Avenue and Empire Boulevard from June 2023 through May 2026. Those crashes injured 10 people, including 1 pedestrian.","NYPD, Motor Vehicle Collisions",https://data.cityofnewyork.us/d/h9gi-nx95
e13c336bec09,district_311,"311 received 1,366 complaints about sewers, catch basins and flooding in our district from September 2025 through August 2026. That is the seventh highest rate per resident among the city's 59 community districts.","311 Service Requests, as counted for the planner",https://data.cityofnewyork.us/d/erm2-nwe9
e1493c9c132c@9274b1,district_311,"311 received 1,366 complaints about sewers, catch basins and flooding in our district from September 2025 through August 2026. That is the seventh highest rate per resident among the city's 59 community districts.","311 Service Requests, as counted for the planner",https://data.cityofnewyork.us/d/erm2-nwe9
e1493c9c132c@9274b1,site_311,311 received 19 reports of street flooding or clogged catch basins along Foster Avenue between Ralph Avenue and Rockaway Parkway from September 2023 through August 2026.,311 Service Requests,https://data.cityofnewyork.us/d/erm2-nwe9
e1552a207dd4,district_311,"311 received 2,590 complaints about litter, dumping and missed collection in our district from September 2025 through August 2026. That is the 11th highest rate per resident among the city's 59 community districts.","311 Service Requests, as counted for the planner",https://data.cityofnewyork.us/d/erm2-nwe9
e15e75ef5198,district_311,"311 received 4,182 complaints about litter, dumping and missed collection in our district from September 2025 through August 2026. That is the eighth highest number among the city's 59 community districts.","311 Service Requests, as counted for the planner",https://data.cityofnewyork.us/d/erm2-nwe9
e16258a13b27,district_311,"311 received 20,489 complaints about illegal parking and blocked driveways in our district from September 2025 through August 2026. That is the 13th highest rate per resident among the city's 59 community districts.","311 Service Requests, as counted for the planner",https://data.cityofnewyork.us/d/erm2-nwe9
e1639b87ca35@33c1a8,park_inspection,NYC Parks inspectors rated Cherry Tree Park unacceptable overall in 2 of 5 inspections from August 2024 through July 2026.,"NYC Parks, Parks Inspection Program",https://data.cityofnewyork.us/d/yg3y-7juh
e1770d0926b1,district_311,"311 received 5,692 complaints about street trees in our district from September 2025 through August 2026. That is the highest rate per resident among the city's 59 community districts.","311 Service Requests, as counted for the planner",https://data.cityofnewyork.us/d/erm2-nwe9
e18b8a35a21d,district_311,311 received 528 complaints about rats and other pests in our district from September 2025 through August 2026. That is the 13th highest rate per resident among the city's 59 community districts.,"311 Service Requests, as counted for the planner",https://data.cityofnewyork.us/d/erm2-nwe9
e18b8a35a21d@539a60,district_311,311 received 528 complaints about rats and other pests in our district from September 2025 through August 2026. That is the 13th highest rate per resident among the city's 59 community districts.,"311 Service Requests, as counted for the planner",https://data.cityofnewyork.us/d/erm2-nwe9
e19123349161@80dcae,crashes,"NYPD crash reports show 7 crashes at or near the intersection of Waverly Place and Christopher Street from June 2023 through May 2026. Those crashes injured 3 people, including 2 pedestrians.","NYPD, Motor Vehicle Collisions",https://data.cityofnewyork.us/d/h9gi-nx95
e19fe25d4d4a@4b99e6,district_311,"311 received 2,157 complaints about sewers, catch basins and flooding in our district from September 2025 through August 2026. That is the third highest rate per resident among the city's 59 community districts.","311 Service Requests, as counted for the planner",https://data.cityofnewyork.us/d/erm2-nwe9
e1bab799e826,district_311,311 received 884 requests for help for homeless people or about encampments in our district from September 2025 through August 2026. Two years earlier the number was 421.,"311 Service Requests, as counted for the planner",https://data.cityofnewyork.us/d/erm2-nwe9
e20a4119c06b,school,"The School Construction Authority's latest Enrollment, Capacity and Utilization report shows 538 students at P.S. 33.","School Construction Authority, Enrollment, Capacity and Utilization",https://data.cityofnewyork.us/d/gkd7-3vk7
e227f942d983@97f53a,street_trees,"As of February 2025, NYC Parks' tree inventory listed 926 empty street tree beds in our district.","NYC Parks, Forestry Planting Spaces",https://data.cityofnewyork.us/d/82zj-84is
e22c9b983fcd,district_311,"311 received 9,308 complaints about heat, hot water and other apartment conditions in our district from September 2025 through August 2026. Two years earlier the number was 6,645.","311 Service Requests, as counted for the planner",https://data.cityofnewyork.us/d/erm2-nwe9
e231bcb6081e@55f4d2,crashes,"NYPD crash reports show 57 crashes on Kingston Avenue between Empire Boulevard and Winthrop Street from June 2023 through May 2026. Those crashes injured 34 people, including 9 pedestrians and 1 cyclist.","NYPD, Motor Vehicle Collisions",https://data.cityofnewyork.us/d/h9gi-nx95
e231bcb6081e@55f4d2,district_311,"311 received 8,319 complaints about illegal parking and blocked driveways in our district from September 2025 through August 2026. Two years earlier the number was 5,782.","311 Service Requests, as counted for the planner",https://data.cityofnewyork.us/d/erm2-nwe9
e2537397812b@97f53a,district_311,"311 received 2,590 complaints about litter, dumping and missed collection in our district from September 2025 through August 2026. That is the 11th highest rate per resident among the city's 59 community districts.","311 Service Requests, as counted for the planner",https://data.cityofnewyork.us/d/erm2-nwe9
e26cae8fa780,district_311,"311 received 2,095 requests for help for homeless people or about encampments in our district from September 2025 through August 2026. That is the tenth highest rate per resident among the city's 59 community districts.","311 Service Requests, as counted for the planner",https://data.cityofnewyork.us/d/erm2-nwe9
e2982ab30aef,district_311,"311 received 3,074 complaints about litter, dumping and missed collection in our district from September 2025 through August 2026. That is the 12th highest rate per resident among the city's 59 community districts.","311 Service Requests, as counted for the planner",https://data.cityofnewyork.us/d/erm2-nwe9
e2ad4b19278e,district_311,"311 received 1,945 complaints about construction and illegal building use in our district from September 2025 through August 2026. That is the ninth highest rate per resident among the city's 59 community districts.","311 Service Requests, as counted for the planner",https://data.cityofnewyork.us/d/erm2-nwe9
e2bf5970ce6e,park_inspection,NYC Parks inspectors rated the safety surfacing at James Forten Playground unacceptable in 2 of 5 inspections from August 2024 through July 2026.,"NYC Parks, Parks Inspection Program",https://data.cityofnewyork.us/d/yg3y-7juh
e2d1a17b5be1@34b062,district_311,"311 received 3,619 complaints about potholes and other street conditions in our district from September 2025 through August 2026. That is the ninth highest rate per resident among the city's 59 community districts. Two years earlier the number was 1,834.","311 Service Requests, as counted for the planner",https://data.cityofnewyork.us/d/erm2-nwe9
e2fcfc59aec1,district_311,"311 received 594 complaints about sewers, catch basins and flooding in our district from September 2025 through August 2026. Two years earlier the number was 427.","311 Service Requests, as counted for the planner",https://data.cityofnewyork.us/d/erm2-nwe9
e32893078043,district_311,"311 received 4,071 complaints about litter, dumping and missed collection in our district from September 2025 through August 2026. That is the tenth highest number among the city's 59 community districts. Two years earlier the number was 3,088.","311 Service Requests, as counted for the planner",https://data.cityofnewyork.us/d/erm2-nwe9
e34eea67fd96@4fd14d,district_311,311 received 610 complaints about sidewalks and curbs in our district from September 2025 through August 2026. That is the 13th highest rate per resident among the city's 59 community districts.,"311 Service Requests, as counted for the planner",https://data.cityofnewyork.us/d/erm2-nwe9
e34eea67fd96@b81b24,district_311,311 received 610 complaints about sidewalks and curbs in our district from September 2025 through August 2026. That is the 13th highest rate per resident among the city's 59 community districts.,"311 Service Requests, as counted for the planner",https://data.cityofnewyork.us/d/erm2-nwe9
e37ba30fd134,district_311,"311 received 3,776 complaints about street trees in our district from September 2025 through August 2026. That is the 14th highest rate per resident among the city's 59 community districts.","311 Service Requests, as counted for the planner",https://data.cityofnewyork.us/d/erm2-nwe9
e380d62e3017@0b805c,crashes,"NYPD crash reports show 191 crashes on Flushing Avenue between Navy Street and Williamsburg St W from June 2023 through May 2026. Those crashes injured 119 people, including 11 pedestrians and 37 cyclists, and killed 1 person.","NYPD, Motor Vehicle Collisions",https://data.cityofnewyork.us/d/h9gi-nx95
e3b48e8b7787,district_311,"311 received 3,247 complaints about street trees in our district from September 2025 through August 2026. That is the eighth highest rate per resident among the city's 59 community districts.","311 Service Requests, as counted for the planner",https://data.cityofnewyork.us/d/erm2-nwe9
e3b48e8b7787,street_trees,"As of February 2025, NYC Parks' tree inventory listed 3,040 empty street tree beds in our district.","NYC Parks, Forestry Planting Spaces",https://data.cityofnewyork.us/d/82zj-84is
e3ef9d92bcef,park_inspection,NYC Parks inspectors rated the paved surfaces at Raymond Bush Playground unacceptable in 3 of 5 inspections from August 2024 through July 2026.,"NYC Parks, Parks Inspection Program",https://data.cityofnewyork.us/d/yg3y-7juh
e3fbd081ae40@ceebab,school,"The School Construction Authority's latest Enrollment, Capacity and Utilization report shows P.S. 24 with 758 students, 107% of its target capacity.","School Construction Authority, Enrollment, Capacity and Utilization",https://data.cityofnewyork.us/d/gkd7-3vk7
e42cc5d6e3c8@dfed81,school,"The School Construction Authority's latest Enrollment, Capacity and Utilization report shows 518 students at I.S. 447.","School Construction Authority, Enrollment, Capacity and Utilization",https://data.cityofnewyork.us/d/gkd7-3vk7
e430f4ad2ac0,district_311,"311 received 1,194 complaints about sewers, catch basins and flooding in our district from September 2025 through August 2026. That is the 11th highest rate per resident among the city's 59 community districts. Two years earlier the number was 930.","311 Service Requests, as counted for the planner",https://data.cityofnewyork.us/d/erm2-nwe9
e447c0962157,district_311,"311 received 5,692 complaints about street trees in our district from September 2025 through August 2026. That is the highest rate per resident among the city's 59 community districts.","311 Service Requests, as counted for the planner",https://data.cityofnewyork.us/d/erm2-nwe9
e456b6384275,district_311,"311 received 2,463 requests for help for homeless people or about encampments in our district from September 2025 through August 2026. That is the fifth highest rate per resident among the city's 59 community districts.","311 Service Requests, as counted for the planner",https://data.cityofnewyork.us/d/erm2-nwe9
e4588e63e999,street_trees,"As of February 2025, NYC Parks' tree inventory listed 1,651 empty street tree beds in our district.","NYC Parks, Forestry Planting Spaces",https://data.cityofnewyork.us/d/82zj-84is
e46a8fa8d46e,district_311,"311 received 594 complaints about sewers, catch basins and flooding in our district from September 2025 through August 2026. Two years earlier the number was 427.","311 Service Requests, as counted for the planner",https://data.cityofnewyork.us/d/erm2-nwe9
e495f6114d17,district_311,311 received 569 complaints about street lights in our district from September 2025 through August 2026. Two years earlier the number was 419.,"311 Service Requests, as counted for the planner",https://data.cityofnewyork.us/d/erm2-nwe9
e49aa23cf84f,district_311,"311 received 1,366 complaints about sewers, catch basins and flooding in our district from September 2025 through August 2026. That is the seventh highest rate per resident among the city's 59 community districts.","311 Service Requests, as counted for the planner",https://data.cityofnewyork.us/d/erm2-nwe9
e49aa23cf84f@443bb7,district_311,"311 received 1,366 complaints about sewers, catch basins and flooding in our district from September 2025 through August 2026. That is the seventh highest rate per resident among the city's 59 community districts.","311 Service Requests, as counted for the planner",https://data.cityofnewyork.us/d/erm2-nwe9
e4b60f730019,district_311,"311 received 5,230 complaints about potholes and other street conditions in our district from September 2025 through August 2026. That is the fourth highest rate per resident among the city's 59 community districts. Two years earlier the number was 3,022.","311 Service Requests, as counted for the planner",https://data.cityofnewyork.us/d/erm2-nwe9
e4c58c26a183,district_311,"311 received 30,360 complaints about heat, hot water and other apartment conditions in our district from September 2025 through August 2026. That is the 11th highest rate per resident among the city's 59 community districts. Two years earlier the number was 23,734.","311 Service Requests, as counted for the planner",https://data.cityofnewyork.us/d/erm2-nwe9
e4c59f4ff434,district_311,"311 received 2,590 complaints about litter, dumping and missed collection in our district from September 2025 through August 2026. That is the 11th highest rate per resident among the city's 59 community districts.","311 Service Requests, as counted for the planner",https://data.cityofnewyork.us/d/erm2-nwe9
e50283d69fd1,district_311,"311 received 2,912 complaints about litter, dumping and missed collection in our district from September 2025 through August 2026. That is the ninth highest rate per resident among the city's 59 community districts.","311 Service Requests, as counted for the planner",https://data.cityofnewyork.us/d/erm2-nwe9
e54a1919beab@3caa7b,crashes,"NYPD crash reports show 16 crashes at or near the intersection of Albany Street and West Street from June 2023 through May 2026. Those crashes injured 6 people, including 4 pedestrians and 1 cyclist.","NYPD, Motor Vehicle Collisions",https://data.cityofnewyork.us/d/h9gi-nx95
e55cc542ee45,district_311,"311 received 1,035 complaints about sidewalks and curbs in our district from September 2025 through August 2026. That is the eighth highest rate per resident among the city's 59 community districts. Two years earlier the number was 622.","311 Service Requests, as counted for the planner",https://data.cityofnewyork.us/d/erm2-nwe9
e562110b532c,district_311,"311 received 1,084 complaints about sewers, catch basins and flooding in our district from September 2025 through August 2026. That is the 14th highest rate per resident among the city's 59 community districts.","311 Service Requests, as counted for the planner",https://data.cityofnewyork.us/d/erm2-nwe9
e59613c95d37,district_311,311 received 759 complaints about sidewalks and curbs in our district from September 2025 through August 2026. That is the ninth highest rate per resident among the city's 59 community districts.,"311 Service Requests, as counted for the planner",https://data.cityofnewyork.us/d/erm2-nwe9
e5a4fcf30e96,district_311,"311 received 3,776 complaints about street trees in our district from September 2025 through August 2026. That is the 14th highest rate per resident among the city's 59 community districts.","311 Service Requests, as counted for the planner",https://data.cityofnewyork.us/d/erm2-nwe9
e5ae2b3c133d@69335f,district_311,"311 received 2,711 complaints about water mains, hydrants and water quality in our district from September 2025 through August 2026. That is the second highest number among the city's 59 community districts. Two years earlier the number was 1,682.","311 Service Requests, as counted for the planner",https://data.cityofnewyork.us/d/erm2-nwe9
e5e9c6531607,district_311,"311 received 39,246 complaints about heat, hot water and other apartment conditions in our district from September 2025 through August 2026. That is the fifth highest rate per resident among the city's 59 community districts. Two years earlier the number was 30,861.","311 Service Requests, as counted for the planner",https://data.cityofnewyork.us/d/erm2-nwe9
e5e9da3747dd,district_311,"311 received 1,082 complaints about sewers, catch basins and flooding in our district from September 2025 through August 2026. That is the 13th highest rate per resident among the city's 59 community districts.","311 Service Requests, as counted for the planner",https://data.cityofnewyork.us/d/erm2-nwe9
e5f9605dc844,district_311,"311 received 1,084 complaints about sewers, catch basins and flooding in our district from September 2025 through August 2026. That is the 14th highest rate per resident among the city's 59 community districts.","311 Service Requests, as counted for the planner",https://data.cityofnewyork.us/d/erm2-nwe9
e610c2da3708@c1ddc8,district_311,"311 received 685 complaints about water mains, hydrants and water quality in our district from September 2025 through August 2026. Two years earlier the number was 431.","311 Service Requests, as counted for the planner",https://data.cityofnewyork.us/d/erm2-nwe9
e6186528e363,park_inspection,NYC Parks inspectors rated Seward Park unacceptable overall in 4 of 5 inspections from August 2024 through July 2026. They rated it unacceptable for cleanliness in 4 of 5 inspections.,"NYC Parks, Parks Inspection Program",https://data.cityofnewyork.us/d/yg3y-7juh
e626bf1a8db7,district_311,"311 received 754 complaints about sewers, catch basins and flooding in our district from September 2025 through August 2026. That is the 15th highest rate per resident among the city's 59 community districts.","311 Service Requests, as counted for the planner",https://data.cityofnewyork.us/d/erm2-nwe9
e6375a06f25d@0be838,district_311,"311 received 1,109 complaints about potholes and other street conditions in our district from September 2025 through August 2026. Two years earlier the number was 706.","311 Service Requests, as counted for the planner",https://data.cityofnewyork.us/d/erm2-nwe9
e6375a06f25d@6cce59,district_311,"311 received 1,109 complaints about potholes and other street conditions in our district from September 2025 through August 2026. Two years earlier the number was 706.","311 Service Requests, as counted for the planner",https://data.cityofnewyork.us/d/erm2-nwe9
e6463df14a8d,park_inspection,NYC Parks inspectors rated Mott Playground unacceptable overall in 3 of 5 inspections from August 2024 through July 2026.,"NYC Parks, Parks Inspection Program",https://data.cityofnewyork.us/d/yg3y-7juh
e646dee56e9d,district_311,"311 received 2,821 complaints about litter, dumping and missed collection in our district from September 2025 through August 2026. Two years earlier the number was 2,149.","311 Service Requests, as counted for the planner",https://data.cityofnewyork.us/d/erm2-nwe9
e64e0c16bc66@ff7702,district_311,"311 received 1,109 complaints about potholes and other street conditions in our district from September 2025 through August 2026. Two years earlier the number was 706.","311 Service Requests, as counted for the planner",https://data.cityofnewyork.us/d/erm2-nwe9
e6552ca22c13,district_311,311 received 469 complaints about sidewalks and curbs in our district from September 2025 through August 2026. Two years earlier the number was 345.,"311 Service Requests, as counted for the planner",https://data.cityofnewyork.us/d/erm2-nwe9
e65b7b8c3936,school,"The School Construction Authority's latest Enrollment, Capacity and Utilization report shows 920 students at J.H.S. 190.","School Construction Authority, Enrollment, Capacity and Utilization",https://data.cityofnewyork.us/d/gkd7-3vk7
e68d9a557f18@701a06,park_inspection,NYC Parks inspectors rated the play equipment at Newtown Playground unacceptable in 3 of 5 inspections from August 2024 through July 2026.,"NYC Parks, Parks Inspection Program",https://data.cityofnewyork.us/d/yg3y-7juh
e68dcfb6708a,district_311,"311 received 978 complaints about sewers, catch basins and flooding in our district from September 2025 through August 2026. That is the sixth highest rate per resident among the city's 59 community districts.","311 Service Requests, as counted for the planner",https://data.cityofnewyork.us/d/erm2-nwe9
e68ff7c07967@47215d,crashes,"NYPD crash reports show 18 crashes on Vermont Street between Highland Boulevard and Jamaica Avenue from June 2023 through May 2026. Those crashes injured 7 people, including 3 pedestrians and 1 cyclist.","NYPD, Motor Vehicle Collisions",https://data.cityofnewyork.us/d/h9gi-nx95
e68ff7c07967@92e869,crashes,NYPD crash reports show 7 crashes on Bulwer Place between Crosby Avenue and Jackie Robinson Parkway from June 2023 through May 2026. Those crashes injured 1 person.,"NYPD, Motor Vehicle Collisions",https://data.cityofnewyork.us/d/h9gi-nx95
e68ff7c07967@b16ffb,crashes,"NYPD crash reports show 8 crashes on Sunnyside Avenue between Barbey Street and Miller Avenue from June 2023 through May 2026. Those crashes injured 4 people, including 2 pedestrians.","NYPD, Motor Vehicle Collisions",https://data.cityofnewyork.us/d/h9gi-nx95
e693f0f0a5ce,district_311,"311 received 2,289 complaints about water mains, hydrants and water quality in our district from September 2025 through August 2026. That is the highest rate per resident among the city's 59 community districts.","311 Service Requests, as counted for the planner",https://data.cityofnewyork.us/d/erm2-nwe9
e694a067482f@2277c2,district_311,311 received 660 complaints about rats and other pests in our district from September 2025 through August 2026. That is the fifth highest rate per resident among the city's 59 community districts.,"311 Service Requests, as counted for the planner",https://data.cityofnewyork.us/d/erm2-nwe9
e6dc0f2c9ccb,district_311,"311 received 2,821 complaints about litter, dumping and missed collection in our district from September 2025 through August 2026. Two years earlier the number was 2,149.","311 Service Requests, as counted for the planner",https://data.cityofnewyork.us/d/erm2-nwe9
e6e1f8302624@c9b73f,district_311,"311 received 1,985 complaints about potholes and other street conditions in our district from September 2025 through August 2026. Two years earlier the number was 928.","311 Service Requests, as counted for the planner",https://data.cityofnewyork.us/d/erm2-nwe9
e6f09527084f,district_311,311 received 967 requests for help for homeless people or about encampments in our district from September 2025 through August 2026. That is the 15th highest rate per resident among the city's 59 community districts.,"311 Service Requests, as counted for the planner",https://data.cityofnewyork.us/d/erm2-nwe9
e707c70456e4@210b59,district_311,"311 received 1,399 complaints about potholes and other street conditions in our district from September 2025 through August 2026. That is the 11th highest rate per resident among the city's 59 community districts. Two years earlier the number was 993.","311 Service Requests, as counted for the planner",https://data.cityofnewyork.us/d/erm2-nwe9
e7465382d7f2@705a48,district_311,"311 received 1,366 complaints about sewers, catch basins and flooding in our district from September 2025 through August 2026. That is the seventh highest rate per resident among the city's 59 community districts.","311 Service Requests, as counted for the planner",https://data.cityofnewyork.us/d/erm2-nwe9
e76b0f006b47,school,"The School Construction Authority's latest Enrollment, Capacity and Utilization report shows 380 students at P.S. 25.","School Construction Authority, Enrollment, Capacity and Utilization",https://data.cityofnewyork.us/d/gkd7-3vk7
e76cffb6d82d@898810,district_311,"311 received 1,130 complaints about sewers, catch basins and flooding in our district from September 2025 through August 2026. That is the eighth highest rate per resident among the city's 59 community districts. Two years earlier the number was 711.","311 Service Requests, as counted for the planner",https://data.cityofnewyork.us/d/erm2-nwe9
e78167efdff9@d0ce5b,crashes,"NYPD crash reports show 5 crashes at or near the intersection of East 40th Street and Glenwood Road from June 2023 through May 2026. Those crashes injured 4 people, including 3 pedestrians and 1 cyclist.","NYPD, Motor Vehicle Collisions",https://data.cityofnewyork.us/d/h9gi-nx95
e851b0492988,district_311,"311 received 4,980 complaints about litter, dumping and missed collection in our district from September 2025 through August 2026. That is the eighth highest rate per resident among the city's 59 community districts.","311 Service Requests, as counted for the planner",https://data.cityofnewyork.us/d/erm2-nwe9
e8580aeb6038,site_311,311 received 11 reports of street lights out or damaged along Union Turnpike between Woodhaven Boulevard and Myrtle Avenue from September 2023 through August 2026.,311 Service Requests,https://data.cityofnewyork.us/d/erm2-nwe9
e8a1e3d646e3,park_inspection,NYC Parks inspectors rated Devoe Park unacceptable overall in 2 of 4 inspections from August 2024 through July 2026.,"NYC Parks, Parks Inspection Program",https://data.cityofnewyork.us/d/yg3y-7juh
e8a70a9c6ec3,district_311,"311 received 1,147 complaints about sewers, catch basins and flooding in our district from September 2025 through August 2026. That is the seventh highest number among the city's 59 community districts.","311 Service Requests, as counted for the planner",https://data.cityofnewyork.us/d/erm2-nwe9
e8d757a4aab9,district_311,"311 received 1,516 requests for help for homeless people or about encampments in our district from September 2025 through August 2026. That is the eighth highest rate per resident among the city's 59 community districts.","311 Service Requests, as counted for the planner",https://data.cityofnewyork.us/d/erm2-nwe9
e8f0f834fb5c,district_311,"311 received 3,074 complaints about litter, dumping and missed collection in our district from September 2025 through August 2026. That is the 12th highest rate per resident among the city's 59 community districts.","311 Service Requests, as counted for the planner",https://data.cityofnewyork.us/d/erm2-nwe9
e9013d138451@af2490,crashes,"NYPD crash reports show 89 crashes on Broadway between 34th Street and 42nd Street from June 2023 through May 2026. Those crashes injured 54 people, including 24 pedestrians and 9 cyclists.","NYPD, Motor Vehicle Collisions",https://data.cityofnewyork.us/d/h9gi-nx95
e9013d138451@af2490,site_311,311 received 101 reports of a broken or malfunctioning traffic signal along Broadway between 34th Street and 42nd Street from September 2023 through August 2026.,311 Service Requests,https://data.cityofnewyork.us/d/erm2-nwe9
e9026776c924,district_311,"311 received 3,666 complaints about potholes and other street conditions in our district from September 2025 through August 2026. That is the seventh highest rate per resident among the city's 59 community districts. Two years earlier the number was 1,585.","311 Service Requests, as counted for the planner",https://data.cityofnewyork.us/d/erm2-nwe9
e92a19aab5ba@dd1c41,district_311,"311 received 1,985 complaints about potholes and other street conditions in our district from September 2025 through August 2026. Two years earlier the number was 928.","311 Service Requests, as counted for the planner",https://data.cityofnewyork.us/d/erm2-nwe9
e92a19aab5ba@f11a50,district_311,"311 received 1,985 complaints about potholes and other street conditions in our district from September 2025 through August 2026. Two years earlier the number was 928.","311 Service Requests, as counted for the planner",https://data.cityofnewyork.us/d/erm2-nwe9
e93a46926a2d,district_311,"311 received 1,317 complaints about construction and illegal building use in our district from September 2025 through August 2026. That is the 15th highest number among the city's 59 community districts.","311 Service Requests, as counted for the planner",https://data.cityofnewyork.us/d/erm2-nwe9
e945ebbc8c5e,district_311,"311 received 3,619 complaints about potholes and other street conditions in our district from September 2025 through August 2026. That is the ninth highest rate per resident among the city's 59 community districts. Two years earlier the number was 1,834.","311 Service Requests, as counted for the planner",https://data.cityofnewyork.us/d/erm2-nwe9
e9613cc86e95,crashes,"NYPD crash reports show 135 crashes on 42nd Street between Broadway and 8th Avenue from June 2023 through May 2026. Those crashes injured 76 people, including 32 pedestrians and 21 cyclists.","NYPD, Motor Vehicle Collisions",https://data.cityofnewyork.us/d/h9gi-nx95
e9613cc86e95,district_311,"311 received 362 complaints about sewers, catch basins and flooding in our district from September 2025 through August 2026. That is the ninth highest rate per resident among the city's 59 community districts. Two years earlier the number was 288.","311 Service Requests, as counted for the planner",https://data.cityofnewyork.us/d/erm2-nwe9
e96dfb11fd42@97f53a,district_311,"311 received 2,590 complaints about litter, dumping and missed collection in our district from September 2025 through August 2026. That is the 11th highest rate per resident among the city's 59 community districts.","311 Service Requests, as counted for the planner",https://data.cityofnewyork.us/d/erm2-nwe9
e979cd1669bf,district_311,311 received 574 complaints about rats and other pests in our district from September 2025 through August 2026. That is the 13th highest number among the city's 59 community districts.,"311 Service Requests, as counted for the planner",https://data.cityofnewyork.us/d/erm2-nwe9
e995ae1af180,district_311,"311 received 5,004 requests for help for homeless people or about encampments in our district from September 2025 through August 2026. That is the sixth highest rate per resident among the city's 59 community districts.","311 Service Requests, as counted for the planner",https://data.cityofnewyork.us/d/erm2-nwe9
e99e1f742de8@e5f527,district_311,"311 received 9,980 requests for help for homeless people or about encampments in our district from September 2025 through August 2026. That is the second highest rate per resident among the city's 59 community districts. Two years earlier the number was 6,541.","311 Service Requests, as counted for the planner",https://data.cityofnewyork.us/d/erm2-nwe9
e9b52fde0844,district_311,"311 received 3,728 complaints about litter, dumping and missed collection in our district from September 2025 through August 2026. That is the 12th highest number among the city's 59 community districts.","311 Service Requests, as counted for the planner",https://data.cityofnewyork.us/d/erm2-nwe9
e9f2e077963a,school,"The School Construction Authority's latest Enrollment, Capacity and Utilization report shows 191 students at I.S. 378.","School Construction Authority, Enrollment, Capacity and Utilization",https://data.cityofnewyork.us/d/gkd7-3vk7
ea22e15f9d46@742e65,district_311,"311 received 1,027 complaints about sidewalks and curbs in our district from September 2025 through August 2026. That is the 11th highest rate per resident among the city's 59 community districts.","311 Service Requests, as counted for the planner",https://data.cityofnewyork.us/d/erm2-nwe9
ea22e15f9d46@e4c24c,district_311,"311 received 1,027 complaints about sidewalks and curbs in our district from September 2025 through August 2026. That is the 11th highest rate per resident among the city's 59 community districts.","311 Service Requests, as counted for the planner",https://data.cityofnewyork.us/d/erm2-nwe9
ea6be5e7632b,district_311,"311 received 3,247 complaints about street trees in our district from September 2025 through August 2026. That is the eighth highest rate per resident among the city's 59 community districts.","311 Service Requests, as counted for the planner",https://data.cityofnewyork.us/d/erm2-nwe9
ea6be5e7632b,street_trees,"As of February 2025, NYC Parks' tree inventory listed 3,040 empty street tree beds in our district.","NYC Parks, Forestry Planting Spaces",https://data.cityofnewyork.us/d/82zj-84is
ea72e3378c5b,district_311,"311 received 7,814 complaints about heat, hot water and other apartment conditions in our district from September 2025 through August 2026. Two years earlier the number was 5,145.","311 Service Requests, as counted for the planner",https://data.cityofnewyork.us/d/erm2-nwe9
ea7ee369856a,district_311,311 received 605 complaints about park maintenance in our district from September 2025 through August 2026. That is the 11th highest rate per resident among the city's 59 community districts. Two years earlier the number was 434.,"311 Service Requests, as counted for the planner",https://data.cityofnewyork.us/d/erm2-nwe9
ea94bd3fc82f,district_311,"311 received 2,502 complaints about street trees in our district from September 2025 through August 2026. That is the 12th highest rate per resident among the city's 59 community districts.","311 Service Requests, as counted for the planner",https://data.cityofnewyork.us/d/erm2-nwe9
eaae50ad2d30@778593,district_311,"311 received 4,782 complaints about potholes and other street conditions in our district from September 2025 through August 2026. That is the 13th highest rate per resident among the city's 59 community districts. Two years earlier the number was 2,431.","311 Service Requests, as counted for the planner",https://data.cityofnewyork.us/d/erm2-nwe9
eaae50ad2d30@ba75d5,district_311,"311 received 4,782 complaints about potholes and other street conditions in our district from September 2025 through August 2026. That is the 13th highest rate per resident among the city's 59 community districts. Two years earlier the number was 2,431.","311 Service Requests, as counted for the planner",https://data.cityofnewyork.us/d/erm2-nwe9
eae841bb6149,district_311,"311 received 2,629 complaints about litter, dumping and missed collection in our district from September 2025 through August 2026. That is the second highest rate per resident among the city's 59 community districts.","311 Service Requests, as counted for the planner",https://data.cityofnewyork.us/d/erm2-nwe9
eb1c4034b62e,district_311,"311 received 9,308 complaints about heat, hot water and other apartment conditions in our district from September 2025 through August 2026. Two years earlier the number was 6,645.","311 Service Requests, as counted for the planner",https://data.cityofnewyork.us/d/erm2-nwe9
eb3052799ecb,district_311,"311 received 5,650 complaints about litter, dumping and missed collection in our district from September 2025 through August 2026. That is the fourth highest rate per resident among the city's 59 community districts.","311 Service Requests, as counted for the planner",https://data.cityofnewyork.us/d/erm2-nwe9
eb3c73a6448f,district_311,"311 received 3,247 complaints about street trees in our district from September 2025 through August 2026. That is the eighth highest rate per resident among the city's 59 community districts.","311 Service Requests, as counted for the planner",https://data.cityofnewyork.us/d/erm2-nwe9
eb4e2fc44b9d@69335f,district_311,"311 received 2,711 complaints about water mains, hydrants and water quality in our district from September 2025 through August 2026. That is the second highest number among the city's 59 community districts. Two years earlier the number was 1,682.","311 Service Requests, as counted for the planner",https://data.cityofnewyork.us/d/erm2-nwe9
eba7f011006a,district_311,"311 received 1,068 complaints about rats and other pests in our district from September 2025 through August 2026. That is the eighth highest rate per resident among the city's 59 community districts.","311 Service Requests, as counted for the planner",https://data.cityofnewyork.us/d/erm2-nwe9
ebbd94f97b48,district_311,"311 received 1,884 complaints about litter, dumping and missed collection in our district from September 2025 through August 2026. That is the highest rate per resident among the city's 59 community districts.","311 Service Requests, as counted for the planner",https://data.cityofnewyork.us/d/erm2-nwe9
ebe3efce580c@20a49a,crashes,"NYPD crash reports show 66 crashes at or near the intersection of Broadway and Myrtle Avenue from June 2023 through May 2026. Those crashes injured 45 people, including 20 pedestrians and 3 cyclists, and killed 1 person.","NYPD, Motor Vehicle Collisions",https://data.cityofnewyork.us/d/h9gi-nx95
ebe3efce580c@8d674e,crashes,"NYPD crash reports show 24 crashes on Broadway between Willoughby Avenue and Hart Street from June 2023 through May 2026. Those crashes injured 12 people, including 5 pedestrians and 2 cyclists, and killed 1 person.","NYPD, Motor Vehicle Collisions",https://data.cityofnewyork.us/d/h9gi-nx95
ec017da19178,district_311,"311 received 1,945 complaints about construction and illegal building use in our district from September 2025 through August 2026. That is the ninth highest rate per resident among the city's 59 community districts.","311 Service Requests, as counted for the planner",https://data.cityofnewyork.us/d/erm2-nwe9
ec179aa86a9c@8a194c,district_311,"311 received 1,399 complaints about potholes and other street conditions in our district from September 2025 through August 2026. That is the 11th highest rate per resident among the city's 59 community districts. Two years earlier the number was 993.","311 Service Requests, as counted for the planner",https://data.cityofnewyork.us/d/erm2-nwe9
ec179aa86a9c@dc4f8f,district_311,"311 received 1,399 complaints about potholes and other street conditions in our district from September 2025 through August 2026. That is the 11th highest rate per resident among the city's 59 community districts. Two years earlier the number was 993.","311 Service Requests, as counted for the planner",https://data.cityofnewyork.us/d/erm2-nwe9
ec1cbf2ef418@45fba1,district_311,"311 received 2,031 complaints about potholes and other street conditions in our district from September 2025 through August 2026. Two years earlier the number was 1,149.","311 Service Requests, as counted for the planner",https://data.cityofnewyork.us/d/erm2-nwe9
ec1cbf2ef418@5baf78,district_311,"311 received 2,031 complaints about potholes and other street conditions in our district from September 2025 through August 2026. Two years earlier the number was 1,149.","311 Service Requests, as counted for the planner",https://data.cityofnewyork.us/d/erm2-nwe9
ec1e06969564@b1549d,district_311,"311 received 1,366 complaints about sewers, catch basins and flooding in our district from September 2025 through August 2026. That is the seventh highest rate per resident among the city's 59 community districts.","311 Service Requests, as counted for the planner",https://data.cityofnewyork.us/d/erm2-nwe9
ec1e06969564@b1549d,site_311,311 received 20 reports of street flooding or clogged catch basins along East 108th Street between Flatlands Avenue and Seaview Avenue from September 2023 through August 2026.,311 Service Requests,https://data.cityofnewyork.us/d/erm2-nwe9
ec23b2108096,district_311,"311 received 411 complaints about sewers, catch basins and flooding in our district from September 2025 through August 2026. Two years earlier the number was 226.","311 Service Requests, as counted for the planner",https://data.cityofnewyork.us/d/erm2-nwe9
ec3db526db16,district_311,"311 received 754 complaints about sewers, catch basins and flooding in our district from September 2025 through August 2026. That is the 15th highest rate per resident among the city's 59 community districts.","311 Service Requests, as counted for the planner",https://data.cityofnewyork.us/d/erm2-nwe9
ec65065c2020@066735,district_311,"311 received 2,163 complaints about street lights in our district from September 2025 through August 2026. That is the second highest rate per resident among the city's 59 community districts. Two years earlier the number was 687.","311 Service Requests, as counted for the planner",https://data.cityofnewyork.us/d/erm2-nwe9
ec65065c2020@066735,site_311,311 received 16 reports of street lights out or damaged within 150 feet of the intersection of Vanderbilt Avenue and Richmond Road from September 2023 through August 2026.,311 Service Requests,https://data.cityofnewyork.us/d/erm2-nwe9
ec7e361818c1,district_311,"311 received 1,194 complaints about sewers, catch basins and flooding in our district from September 2025 through August 2026. That is the 11th highest rate per resident among the city's 59 community districts. Two years earlier the number was 930.","311 Service Requests, as counted for the planner",https://data.cityofnewyork.us/d/erm2-nwe9
ec7e361818c1,site_311,311 received 30 reports of street flooding or clogged catch basins along 77th Avenue between 76th Street and 88th Street from September 2023 through August 2026.,311 Service Requests,https://data.cityofnewyork.us/d/erm2-nwe9
ecc179c9c654,district_311,"311 received 1,366 complaints about sewers, catch basins and flooding in our district from September 2025 through August 2026. That is the seventh highest rate per resident among the city's 59 community districts.","311 Service Requests, as counted for the planner",https://data.cityofnewyork.us/d/erm2-nwe9
ecc179c9c654@f4c754,district_311,"311 received 1,366 complaints about sewers, catch basins and flooding in our district from September 2025 through August 2026. That is the seventh highest rate per resident among the city's 59 community districts.","311 Service Requests, as counted for the planner",https://data.cityofnewyork.us/d/erm2-nwe9
ecd1953f10cc,school,"The School Construction Authority's latest Enrollment, Capacity and Utilization report shows 286 students at P.S. 155.","School Construction Authority, Enrollment, Capacity and Utilization",https://data.cityofnewyork.us/d/gkd7-3vk7
ece5a59e14fd,district_311,"311 received 2,004 complaints about potholes and other street conditions in our district from September 2025 through August 2026. Two years earlier the number was 1,348.","311 Service Requests, as counted for the planner",https://data.cityofnewyork.us/d/erm2-nwe9
ecf09add45ce,park_inspection,NYC Parks inspectors rated Seward Park unacceptable overall in 4 of 5 inspections from August 2024 through July 2026. They rated it unacceptable for cleanliness in 4 of 5 inspections.,"NYC Parks, Parks Inspection Program",https://data.cityofnewyork.us/d/yg3y-7juh
ecf57da90578,district_311,"311 received 21,403 complaints about heat, hot water and other apartment conditions in our district from September 2025 through August 2026. That is the 13th highest rate per resident among the city's 59 community districts.","311 Service Requests, as counted for the planner",https://data.cityofnewyork.us/d/erm2-nwe9
ed12bef6ff3b,district_311,311 received 545 complaints about park maintenance in our district from September 2025 through August 2026. That is the 15th highest rate per resident among the city's 59 community districts.,"311 Service Requests, as counted for the planner",https://data.cityofnewyork.us/d/erm2-nwe9
ed18a5b4f70b,district_311,"311 received 1,194 complaints about sewers, catch basins and flooding in our district from September 2025 through August 2026. That is the 11th highest rate per resident among the city's 59 community districts. Two years earlier the number was 930.","311 Service Requests, as counted for the planner",https://data.cityofnewyork.us/d/erm2-nwe9
ed3f2e7313de,district_311,"311 received 5,004 requests for help for homeless people or about encampments in our district from September 2025 through August 2026. That is the sixth highest rate per resident among the city's 59 community districts.","311 Service Requests, as counted for the planner",https://data.cityofnewyork.us/d/erm2-nwe9
ed3f762d1986@8109b6,district_311,311 received 968 complaints about street lights in our district from September 2025 through August 2026. That is the fourth highest rate per resident among the city's 59 community districts.,"311 Service Requests, as counted for the planner",https://data.cityofnewyork.us/d/erm2-nwe9
ed4bc50e7f58,park_inspection,NYC Parks inspectors rated Devoe Park unacceptable overall in 2 of 4 inspections from August 2024 through July 2026.,"NYC Parks, Parks Inspection Program",https://data.cityofnewyork.us/d/yg3y-7juh
ed4bc50e7f58@7dc132,park_inspection,NYC Parks inspectors rated Devoe Park unacceptable overall in 2 of 4 inspections from August 2024 through July 2026.,"NYC Parks, Parks Inspection Program",https://data.cityofnewyork.us/d/yg3y-7juh
ed9df516911a,school,"The School Construction Authority's latest Enrollment, Capacity and Utilization report shows P.S. 24 with 758 students, 107% of its target capacity.","School Construction Authority, Enrollment, Capacity and Utilization",https://data.cityofnewyork.us/d/gkd7-3vk7
edc9a3eabe8f@a46a76,school,"The School Construction Authority's latest Enrollment, Capacity and Utilization report shows 1,155 students at P.S. 89.","School Construction Authority, Enrollment, Capacity and Utilization",https://data.cityofnewyork.us/d/gkd7-3vk7
edc9a3eabe8f@b4902c,school,"The School Construction Authority's latest Enrollment, Capacity and Utilization report shows 1,155 students at P.S. 89.","School Construction Authority, Enrollment, Capacity and Utilization",https://data.cityofnewyork.us/d/gkd7-3vk7
edd2d0531c27@6ec908,park_inspection,NYC Parks inspectors rated Alexander Hamilton Playground unacceptable overall in 2 of 5 inspections from August 2024 through July 2026.,"NYC Parks, Parks Inspection Program",https://data.cityofnewyork.us/d/yg3y-7juh
ede238b99d3e,district_311,"311 received 3,074 complaints about litter, dumping and missed collection in our district from September 2025 through August 2026. That is the 12th highest rate per resident among the city's 59 community districts.","311 Service Requests, as counted for the planner",https://data.cityofnewyork.us/d/erm2-nwe9
ee3ff397fedc@0e64c6,crashes,"NYPD crash reports show 16 crashes at or near the intersection of Winthrop Street and Flatbush Avenue from June 2023 through May 2026. Those crashes injured 8 people, including 5 pedestrians and 1 cyclist.","NYPD, Motor Vehicle Collisions",https://data.cityofnewyork.us/d/h9gi-nx95
ee3ff397fedc@0f714f,crashes,"NYPD crash reports show 32 crashes at or near the intersection of Ocean Avenue and Parkside Avenue from June 2023 through May 2026. Those crashes injured 25 people, including 5 pedestrians and 4 cyclists.","NYPD, Motor Vehicle Collisions",https://data.cityofnewyork.us/d/h9gi-nx95
ee3ff397fedc@4bb209,crashes,"NYPD crash reports show 31 crashes at or near the intersection of Parkside Avenue and Flatbush Avenue from June 2023 through May 2026. Those crashes injured 22 people, including 12 pedestrians and 2 cyclists.","NYPD, Motor Vehicle Collisions",https://data.cityofnewyork.us/d/h9gi-nx95
ee3ff397fedc@86487b,crashes,"NYPD crash reports show 32 crashes at or near the intersection of Ocean Avenue and Parkside Avenue from June 2023 through May 2026. Those crashes injured 25 people, including 5 pedestrians and 4 cyclists.","NYPD, Motor Vehicle Collisions",https://data.cityofnewyork.us/d/h9gi-nx95
ee3ff397fedc@8f2b6a,crashes,"NYPD crash reports show 31 crashes at or near the intersection of Parkside Avenue and Flatbush Avenue from June 2023 through May 2026. Those crashes injured 22 people, including 12 pedestrians and 2 cyclists.","NYPD, Motor Vehicle Collisions",https://data.cityofnewyork.us/d/h9gi-nx95
ee3ff397fedc@adb601,crashes,"NYPD crash reports show 16 crashes at or near the intersection of Winthrop Street and Flatbush Avenue from June 2023 through May 2026. Those crashes injured 8 people, including 5 pedestrians and 1 cyclist.","NYPD, Motor Vehicle Collisions",https://data.cityofnewyork.us/d/h9gi-nx95
ee8135e980be,school,"The School Construction Authority's latest Enrollment, Capacity and Utilization report shows 542 students at P.S. 3.","School Construction Authority, Enrollment, Capacity and Utilization",https://data.cityofnewyork.us/d/gkd7-3vk7
ee87f7b0cd95,district_311,"311 received 14,142 requests for help for homeless people or about encampments in our district from September 2025 through August 2026. That is the highest rate per resident among the city's 59 community districts.","311 Service Requests, as counted for the planner",https://data.cityofnewyork.us/d/erm2-nwe9
ef4726497a79,district_311,"311 received 1,147 complaints about sewers, catch basins and flooding in our district from September 2025 through August 2026. That is the seventh highest number among the city's 59 community districts.","311 Service Requests, as counted for the planner",https://data.cityofnewyork.us/d/erm2-nwe9
efdaf9746111,park_inspection,NYC Parks inspectors rated Harvey Park unacceptable overall in 2 of 5 inspections from August 2024 through July 2026.,"NYC Parks, Parks Inspection Program",https://data.cityofnewyork.us/d/yg3y-7juh
f0235c0e8715,district_311,"311 received 14,142 requests for help for homeless people or about encampments in our district from September 2025 through August 2026. That is the highest rate per resident among the city's 59 community districts.","311 Service Requests, as counted for the planner",https://data.cityofnewyork.us/d/erm2-nwe9
f02dc6fb289d@b159a8,crashes,"NYPD crash reports show 19 crashes at or near the intersection of West Houston Street and West Street from June 2023 through May 2026. Those crashes injured 19 people, including 1 pedestrian and 2 cyclists.","NYPD, Motor Vehicle Collisions",https://data.cityofnewyork.us/d/h9gi-nx95
f02ead1a746a,district_311,"311 received 14,142 requests for help for homeless people or about encampments in our district from September 2025 through August 2026. That is the highest rate per resident among the city's 59 community districts.","311 Service Requests, as counted for the planner",https://data.cityofnewyork.us/d/erm2-nwe9
f05444f33813,school,"The School Construction Authority's latest Enrollment, Capacity and Utilization report shows 629 students at P.S. 11.","School Construction Authority, Enrollment, Capacity and Utilization",https://data.cityofnewyork.us/d/gkd7-3vk7
f055b5cac195@8e6e72,crashes,"NYPD crash reports show 6 crashes at or near the intersection of Ocean Parkway and Avenue K from June 2023 through May 2026. Those crashes injured 3 people, including 1 cyclist.","NYPD, Motor Vehicle Collisions",https://data.cityofnewyork.us/d/h9gi-nx95
f057a1ba87c7,park_inspection,NYC Parks inspectors rated the play equipment at Newtown Playground unacceptable in 3 of 5 inspections from August 2024 through July 2026.,"NYC Parks, Parks Inspection Program",https://data.cityofnewyork.us/d/yg3y-7juh
f06a51ca4dff,district_311,311 received 468 complaints about street lights in our district from September 2025 through August 2026. Two years earlier the number was 352.,"311 Service Requests, as counted for the planner",https://data.cityofnewyork.us/d/erm2-nwe9
f09cade8ec7d,park_inspection,NYC Parks inspectors rated Bensonhurst Park unacceptable overall in 2 of 5 inspections from August 2024 through July 2026. They rated its play equipment unacceptable in 2 of 5 inspections.,"NYC Parks, Parks Inspection Program",https://data.cityofnewyork.us/d/yg3y-7juh
f0a3d2001684,district_311,"311 received 1,188 complaints about sidewalks and curbs in our district from September 2025 through August 2026. That is the fourth highest rate per resident among the city's 59 community districts. Two years earlier the number was 836.","311 Service Requests, as counted for the planner",https://data.cityofnewyork.us/d/erm2-nwe9
f0bbecb93d20@9bf772,district_311,"311 received 1,536 complaints about water mains, hydrants and water quality in our district from September 2025 through August 2026. That is the 14th highest rate per resident among the city's 59 community districts. Two years earlier the number was 1,141.","311 Service Requests, as counted for the planner",https://data.cityofnewyork.us/d/erm2-nwe9
f0cadb40039d@cf3109,district_311,"311 received 7,829 complaints about abandoned and derelict vehicles in our district from September 2025 through August 2026. That is the highest rate per resident among the city's 59 community districts.","311 Service Requests, as counted for the planner",https://data.cityofnewyork.us/d/erm2-nwe9
f0e42615a04b,district_311,"311 received 1,393 complaints about potholes and other street conditions in our district from September 2025 through August 2026. Two years earlier the number was 798.","311 Service Requests, as counted for the planner",https://data.cityofnewyork.us/d/erm2-nwe9
f0f18e8ea613,district_311,"311 received 1,035 complaints about sidewalks and curbs in our district from September 2025 through August 2026. That is the eighth highest rate per resident among the city's 59 community districts. Two years earlier the number was 622.","311 Service Requests, as counted for the planner",https://data.cityofnewyork.us/d/erm2-nwe9
f1327479aab7,district_311,311 received 675 complaints about rats and other pests in our district from September 2025 through August 2026. That is the 11th highest number among the city's 59 community districts.,"311 Service Requests, as counted for the planner",https://data.cityofnewyork.us/d/erm2-nwe9
f14804b33602@339e28,crashes,"NYPD crash reports show 47 crashes at or near the intersection of Grand Avenue and 69th Street from June 2023 through May 2026. Those crashes injured 27 people, including 3 pedestrians and 3 cyclists.","NYPD, Motor Vehicle Collisions",https://data.cityofnewyork.us/d/h9gi-nx95
f14a31ae7f7e,district_311,"311 received 2,527 complaints about potholes and other street conditions in our district from September 2025 through August 2026. That is the 14th highest number among the city's 59 community districts. Two years earlier the number was 1,189.","311 Service Requests, as counted for the planner",https://data.cityofnewyork.us/d/erm2-nwe9
f14b01f6bb12@b63610,crashes,"NYPD crash reports show 22 crashes at or near the intersection of Broadway and Monroe Street from June 2023 through May 2026. Those crashes injured 8 people, including 3 pedestrians.","NYPD, Motor Vehicle Collisions",https://data.cityofnewyork.us/d/h9gi-nx95
f14b01f6bb12@b63610,site_311,311 received 7 reports of street lights out or damaged within 150 feet of the intersection of Broadway and Monroe Street from September 2023 through August 2026.,311 Service Requests,https://data.cityofnewyork.us/d/erm2-nwe9
f1650cd2e54b@839d3e,district_311,311 received 541 complaints about potholes and other street conditions in our district from September 2025 through August 2026. Two years earlier the number was 405.,"311 Service Requests, as counted for the planner",https://data.cityofnewyork.us/d/erm2-nwe9
f1650cd2e54b@b0f34b,district_311,311 received 541 complaints about potholes and other street conditions in our district from September 2025 through August 2026. Two years earlier the number was 405.,"311 Service Requests, as counted for the planner",https://data.cityofnewyork.us/d/erm2-nwe9
f16e32ea418c,district_311,311 received 614 complaints about sidewalks and curbs in our district from September 2025 through August 2026. That is the 14th highest rate per resident among the city's 59 community districts.,"311 Service Requests, as counted for the planner",https://data.cityofnewyork.us/d/erm2-nwe9
f172d6ffa109@6778b2,crashes,"NYPD crash reports show 18 crashes on South End Avenue between Liberty Street and West Thames Street from June 2023 through May 2026. Those crashes injured 14 people, including 6 pedestrians and 6 cyclists.","NYPD, Motor Vehicle Collisions",https://data.cityofnewyork.us/d/h9gi-nx95
f179cb06c8d3,district_311,"311 received 2,590 complaints about litter, dumping and missed collection in our district from September 2025 through August 2026. That is the 11th highest rate per resident among the city's 59 community districts.","311 Service Requests, as counted for the planner",https://data.cityofnewyork.us/d/erm2-nwe9
f1979279bd3b,district_311,"311 received 2,157 complaints about sewers, catch basins and flooding in our district from September 2025 through August 2026. That is the third highest rate per resident among the city's 59 community districts.","311 Service Requests, as counted for the planner",https://data.cityofnewyork.us/d/erm2-nwe9
f1d3dc2f5f39,district_311,"311 received 11,838 complaints about illegal parking and blocked driveways in our district from September 2025 through August 2026. Two years earlier the number was 7,482.","311 Service Requests, as counted for the planner",https://data.cityofnewyork.us/d/erm2-nwe9
f1df65515a7c@a1f52f,park_inspection,NYC Parks inspectors rated Benninger Playground unacceptable overall in 2 of 4 inspections from August 2024 through July 2026.,"NYC Parks, Parks Inspection Program",https://data.cityofnewyork.us/d/yg3y-7juh
f1f4f723c2ee,district_311,"311 received 14,154 complaints about heat, hot water and other apartment conditions in our district from September 2025 through August 2026. That is the sixth highest rate per resident among the city's 59 community districts.","311 Service Requests, as counted for the planner",https://data.cityofnewyork.us/d/erm2-nwe9
f202269dcb0b,district_311,"311 received 3,074 complaints about litter, dumping and missed collection in our district from September 2025 through August 2026. That is the 12th highest rate per resident among the city's 59 community districts.","311 Service Requests, as counted for the planner",https://data.cityofnewyork.us/d/erm2-nwe9
f27696ce27ae,district_311,"311 received 1,366 complaints about sewers, catch basins and flooding in our district from September 2025 through August 2026. That is the seventh highest rate per resident among the city's 59 community districts.","311 Service Requests, as counted for the planner",https://data.cityofnewyork.us/d/erm2-nwe9
f27696ce27ae@06605a,district_311,"311 received 1,366 complaints about sewers, catch basins and flooding in our district from September 2025 through August 2026. That is the seventh highest rate per resident among the city's 59 community districts.","311 Service Requests, as counted for the planner",https://data.cityofnewyork.us/d/erm2-nwe9
f2b35f278633,district_311,311 received 659 complaints about street lights in our district from September 2025 through August 2026. That is the eighth highest rate per resident among the city's 59 community districts. Two years earlier the number was 377.,"311 Service Requests, as counted for the planner",https://data.cityofnewyork.us/d/erm2-nwe9
f2d7f751e9ca@bb8679,site_311,311 received 41 reports of street lights out or damaged along New Utrecht Avenue between 86th Street and 61st Street from September 2023 through August 2026.,311 Service Requests,https://data.cityofnewyork.us/d/erm2-nwe9
f2d99a9fd95e,district_311,"311 received 861 complaints about sewers, catch basins and flooding in our district from September 2025 through August 2026. That is the 15th highest number among the city's 59 community districts.","311 Service Requests, as counted for the planner",https://data.cityofnewyork.us/d/erm2-nwe9
f2dd769a7e62@4509cb,district_311,"311 received 1,109 complaints about potholes and other street conditions in our district from September 2025 through August 2026. Two years earlier the number was 706.","311 Service Requests, as counted for the planner",https://data.cityofnewyork.us/d/erm2-nwe9
f2e4bcf4288c@cf3109,district_311,"311 received 7,829 complaints about abandoned and derelict vehicles in our district from September 2025 through August 2026. That is the highest rate per resident among the city's 59 community districts.","311 Service Requests, as counted for the planner",https://data.cityofnewyork.us/d/erm2-nwe9
f2fa9d1cb695,district_311,"311 received 2,004 complaints about potholes and other street conditions in our district from September 2025 through August 2026. Two years earlier the number was 1,348.","311 Service Requests, as counted for the planner",https://data.cityofnewyork.us/d/erm2-nwe9
f2fe128da20f@bb67dc,district_311,"311 received 1,491 complaints about sewers, catch basins and flooding in our district from September 2025 through August 2026. That is the highest rate per resident among the city's 59 community districts.","311 Service Requests, as counted for the planner",https://data.cityofnewyork.us/d/erm2-nwe9
f33de6e34476,crashes,"NYPD crash reports show 14 crashes at or near the intersection of Broadway and Willoughby Avenue from June 2023 through May 2026. Those crashes injured 5 people, including 2 pedestrians and 2 cyclists.","NYPD, Motor Vehicle Collisions",https://data.cityofnewyork.us/d/h9gi-nx95
f3580dc40f20@6228a1,school,"The School Construction Authority's latest Enrollment, Capacity and Utilization report shows 696 students at P.S. 20.","School Construction Authority, Enrollment, Capacity and Utilization",https://data.cityofnewyork.us/d/gkd7-3vk7
f35d699d3aee@35140f,district_311,311 received 195 requests for help for homeless people or about encampments in our district from September 2025 through August 2026. Two years earlier the number was 143.,"311 Service Requests, as counted for the planner",https://data.cityofnewyork.us/d/erm2-nwe9
f3773aca4d10,park_inspection,NYC Parks inspectors rated Devoe Park unacceptable overall in 2 of 4 inspections from August 2024 through July 2026.,"NYC Parks, Parks Inspection Program",https://data.cityofnewyork.us/d/yg3y-7juh
f39490e32f5f@d5f955,district_311,311 received 841 complaints about street lights in our district from September 2025 through August 2026. That is the seventh highest number among the city's 59 community districts.,"311 Service Requests, as counted for the planner",https://data.cityofnewyork.us/d/erm2-nwe9
f39490e32f5f@f4d928,district_311,311 received 841 complaints about street lights in our district from September 2025 through August 2026. That is the seventh highest number among the city's 59 community districts.,"311 Service Requests, as counted for the planner",https://data.cityofnewyork.us/d/erm2-nwe9
f39c21f29fc6,school,"The School Construction Authority's latest Enrollment, Capacity and Utilization report shows I.S. 227 with 1,555 students, 101% of its target capacity.","School Construction Authority, Enrollment, Capacity and Utilization",https://data.cityofnewyork.us/d/gkd7-3vk7
f3b436e98242,park_inspection,NYC Parks inspectors rated Helen Marshall Playground unacceptable overall in 2 of 5 inspections from August 2024 through July 2026. They rated its athletic fields unacceptable in 2 of 5 inspections.,"NYC Parks, Parks Inspection Program",https://data.cityofnewyork.us/d/yg3y-7juh
f3c620f4300b@d1c5ca,district_311,"311 received 3,619 complaints about potholes and other street conditions in our district from September 2025 through August 2026. That is the ninth highest rate per resident among the city's 59 community districts. Two years earlier the number was 1,834.","311 Service Requests, as counted for the planner",https://data.cityofnewyork.us/d/erm2-nwe9
f3c8f4ff910a,district_311,"311 received 19,337 complaints about illegal parking and blocked driveways in our district from September 2025 through August 2026. That is the 15th highest number among the city's 59 community districts. Two years earlier the number was 13,376.","311 Service Requests, as counted for the planner",https://data.cityofnewyork.us/d/erm2-nwe9
f3ff606428ba@2bdd28,district_311,"311 received 1,109 complaints about potholes and other street conditions in our district from September 2025 through August 2026. Two years earlier the number was 706.","311 Service Requests, as counted for the planner",https://data.cityofnewyork.us/d/erm2-nwe9
f4190290cc43,district_311,"311 received 1,109 complaints about potholes and other street conditions in our district from September 2025 through August 2026. Two years earlier the number was 706.","311 Service Requests, as counted for the planner",https://data.cityofnewyork.us/d/erm2-nwe9
f42123276115,district_311,"311 received 4,782 complaints about potholes and other street conditions in our district from September 2025 through August 2026. That is the 13th highest rate per resident among the city's 59 community districts. Two years earlier the number was 2,431.","311 Service Requests, as counted for the planner",https://data.cityofnewyork.us/d/erm2-nwe9
f43812415ddd,district_311,311 received 940 complaints about sidewalks and curbs in our district from September 2025 through August 2026. That is the ninth highest number among the city's 59 community districts.,"311 Service Requests, as counted for the planner",https://data.cityofnewyork.us/d/erm2-nwe9
f441d8718b51@561e5f,district_311,"311 received 5,230 complaints about potholes and other street conditions in our district from September 2025 through August 2026. That is the fourth highest rate per resident among the city's 59 community districts. Two years earlier the number was 3,022.","311 Service Requests, as counted for the planner",https://data.cityofnewyork.us/d/erm2-nwe9
f443d06e9592,district_311,"311 received 2,629 complaints about litter, dumping and missed collection in our district from September 2025 through August 2026. That is the second highest rate per resident among the city's 59 community districts.","311 Service Requests, as counted for the planner",https://data.cityofnewyork.us/d/erm2-nwe9
f4670e67ebe8,district_311,"311 received 41,429 complaints about heat, hot water and other apartment conditions in our district from September 2025 through August 2026. That is the highest rate per resident among the city's 59 community districts.","311 Service Requests, as counted for the planner",https://data.cityofnewyork.us/d/erm2-nwe9
f46ce373ccb1,district_311,"311 received 4,750 complaints about litter, dumping and missed collection in our district from September 2025 through August 2026. That is the 15th highest rate per resident among the city's 59 community districts.","311 Service Requests, as counted for the planner",https://data.cityofnewyork.us/d/erm2-nwe9
f4882dd2bb84@eeda09,crashes,"NYPD crash reports show 21 crashes on West Houston Street between West Street and Washington Street from June 2023 through May 2026. Those crashes injured 20 people, including 1 pedestrian and 2 cyclists.","NYPD, Motor Vehicle Collisions",https://data.cityofnewyork.us/d/h9gi-nx95
f495b91d5db5,park_inspection,NYC Parks inspectors rated Tudor Park unacceptable overall in 2 of 5 inspections from August 2024 through July 2026.,"NYC Parks, Parks Inspection Program",https://data.cityofnewyork.us/d/yg3y-7juh
f4b01812ae78@60dc62,district_311,"311 received 540 complaints about sewers, catch basins and flooding in our district from September 2025 through August 2026. Two years earlier the number was 408.","311 Service Requests, as counted for the planner",https://data.cityofnewyork.us/d/erm2-nwe9
f4b01812ae78@60dc62,site_311,311 received 12 reports of street flooding or clogged catch basins within 300 feet of the intersection of 111th Street and 46th Avenue from September 2023 through August 2026.,311 Service Requests,https://data.cityofnewyork.us/d/erm2-nwe9
f4c2b1a05655@956e24,park_inspection,NYC Parks inspectors rated Dutch Kills Playground unacceptable overall in 2 of 5 inspections from August 2024 through July 2026.,"NYC Parks, Parks Inspection Program",https://data.cityofnewyork.us/d/yg3y-7juh
f4eafe9b39e0,district_311,"311 received 1,491 complaints about sewers, catch basins and flooding in our district from September 2025 through August 2026. That is the highest rate per resident among the city's 59 community districts.","311 Service Requests, as counted for the planner",https://data.cityofnewyork.us/d/erm2-nwe9
f4f4ed888ee9@5753ed,district_311,"311 received 1,399 complaints about potholes and other street conditions in our district from September 2025 through August 2026. That is the 11th highest rate per resident among the city's 59 community districts. Two years earlier the number was 993.","311 Service Requests, as counted for the planner",https://data.cityofnewyork.us/d/erm2-nwe9
f4f4ed888ee9@7595fc,district_311,"311 received 1,399 complaints about potholes and other street conditions in our district from September 2025 through August 2026. That is the 11th highest rate per resident among the city's 59 community districts. Two years earlier the number was 993.","311 Service Requests, as counted for the planner",https://data.cityofnewyork.us/d/erm2-nwe9
f4fb9d6a83d8,park_inspection,NYC Parks inspectors rated Leif Ericson Park unacceptable overall in 3 of 6 inspections from August 2024 through July 2026.,"NYC Parks, Parks Inspection Program",https://data.cityofnewyork.us/d/yg3y-7juh
f50a0c359e1f,district_311,"311 received 7,590 noise complaints in our district from September 2025 through August 2026. Two years earlier the number was 6,040.","311 Service Requests, as counted for the planner",https://data.cityofnewyork.us/d/erm2-nwe9
f51c64da1894,district_311,"311 received 1,194 complaints about sewers, catch basins and flooding in our district from September 2025 through August 2026. That is the 11th highest rate per resident among the city's 59 community districts. Two years earlier the number was 930.","311 Service Requests, as counted for the planner",https://data.cityofnewyork.us/d/erm2-nwe9
f548c2512d2e,district_311,"311 received 4,358 complaints about potholes and other street conditions in our district from September 2025 through August 2026. That is the third highest number among the city's 59 community districts. Two years earlier the number was 2,854.","311 Service Requests, as counted for the planner",https://data.cityofnewyork.us/d/erm2-nwe9
f56c42dfaa14,district_311,"311 received 1,436 complaints about park maintenance in our district from September 2025 through August 2026. That is the second highest rate per resident among the city's 59 community districts.","311 Service Requests, as counted for the planner",https://data.cityofnewyork.us/d/erm2-nwe9
f56eca84cc66@9d6034,site_311,311 received 11 reports of street lights out or damaged within 150 feet of the intersection of Jerome Avenue and 161st Street from September 2023 through August 2026.,311 Service Requests,https://data.cityofnewyork.us/d/erm2-nwe9
f59bef4a9ebf,district_311,311 received 439 requests for help for homeless people or about encampments in our district from September 2025 through August 2026. Two years earlier the number was 335.,"311 Service Requests, as counted for the planner",https://data.cityofnewyork.us/d/erm2-nwe9
f5e9785713fd,district_311,"311 received 2,465 complaints about street trees in our district from September 2025 through August 2026. That is the sixth highest rate per resident among the city's 59 community districts.","311 Service Requests, as counted for the planner",https://data.cityofnewyork.us/d/erm2-nwe9
f605e6d53404,district_311,"311 received 2,989 complaints about abandoned and derelict vehicles in our district from September 2025 through August 2026. That is the sixth highest rate per resident among the city's 59 community districts.","311 Service Requests, as counted for the planner",https://data.cityofnewyork.us/d/erm2-nwe9
f624705a15bb,district_311,"311 received 3,329 complaints about litter, dumping and missed collection in our district from September 2025 through August 2026. That is the 14th highest rate per resident among the city's 59 community districts.","311 Service Requests, as counted for the planner",https://data.cityofnewyork.us/d/erm2-nwe9
f624e3b07b64@ea4153,school,"The School Construction Authority's latest Enrollment, Capacity and Utilization report shows 474 students at P.S. 41.","School Construction Authority, Enrollment, Capacity and Utilization",https://data.cityofnewyork.us/d/gkd7-3vk7
f648e670c6ab@e2d613,district_311,"311 received 1,733 complaints about potholes and other street conditions in our district from September 2025 through August 2026. Two years earlier the number was 878.","311 Service Requests, as counted for the planner",https://data.cityofnewyork.us/d/erm2-nwe9
f651d64a44da@df2ef2,district_311,311 received 841 complaints about street lights in our district from September 2025 through August 2026. That is the seventh highest number among the city's 59 community districts.,"311 Service Requests, as counted for the planner",https://data.cityofnewyork.us/d/erm2-nwe9
f651d64a44da@f5ed35,district_311,311 received 841 complaints about street lights in our district from September 2025 through August 2026. That is the seventh highest number among the city's 59 community districts.,"311 Service Requests, as counted for the planner",https://data.cityofnewyork.us/d/erm2-nwe9
f6561b44c8cb,district_311,"311 received 754 complaints about sewers, catch basins and flooding in our district from September 2025 through August 2026. That is the 15th highest rate per resident among the city's 59 community districts.","311 Service Requests, as counted for the planner",https://data.cityofnewyork.us/d/erm2-nwe9
f65d1992a003@c97715,district_311,"311 received 1,366 complaints about sewers, catch basins and flooding in our district from September 2025 through August 2026. That is the seventh highest rate per resident among the city's 59 community districts.","311 Service Requests, as counted for the planner",https://data.cityofnewyork.us/d/erm2-nwe9
f65d1992a003@c97715,site_311,311 received 16 reports of street flooding or clogged catch basins along East 80th Street between Foster Avenue and Glenwood Road from September 2023 through August 2026.,311 Service Requests,https://data.cityofnewyork.us/d/erm2-nwe9
f68c681f0a1e,district_311,"311 received 2,912 complaints about litter, dumping and missed collection in our district from September 2025 through August 2026. That is the ninth highest rate per resident among the city's 59 community districts.","311 Service Requests, as counted for the planner",https://data.cityofnewyork.us/d/erm2-nwe9
f68ef1daeb6c,district_311,"311 received 1,150 complaints about water mains, hydrants and water quality in our district from September 2025 through August 2026. Two years earlier the number was 799.","311 Service Requests, as counted for the planner",https://data.cityofnewyork.us/d/erm2-nwe9
f6b4099f24bc,district_311,"311 received 2,590 complaints about litter, dumping and missed collection in our district from September 2025 through August 2026. That is the 11th highest rate per resident among the city's 59 community districts.","311 Service Requests, as counted for the planner",https://data.cityofnewyork.us/d/erm2-nwe9
f6f55f63f71c,district_311,"311 received 14,142 requests for help for homeless people or about encampments in our district from September 2025 through August 2026. That is the highest rate per resident among the city's 59 community districts.","311 Service Requests, as counted for the planner",https://data.cityofnewyork.us/d/erm2-nwe9
f70bf69abaea@6403ff,district_311,"311 received 978 complaints about sewers, catch basins and flooding in our district from September 2025 through August 2026. That is the sixth highest rate per resident among the city's 59 community districts.","311 Service Requests, as counted for the planner",https://data.cityofnewyork.us/d/erm2-nwe9
f70bf69abaea@6403ff,site_311,311 received 5 reports of street flooding or clogged catch basins within 300 feet of the intersection of Barnett Avenue and 48th Street from September 2023 through August 2026.,311 Service Requests,https://data.cityofnewyork.us/d/erm2-nwe9
f70bf69abaea@6432c3,district_311,"311 received 978 complaints about sewers, catch basins and flooding in our district from September 2025 through August 2026. That is the sixth highest rate per resident among the city's 59 community districts.","311 Service Requests, as counted for the planner",https://data.cityofnewyork.us/d/erm2-nwe9
f70bf69abaea@6432c3,site_311,311 received 6 reports of street flooding or clogged catch basins along Barnett Avenue between 48th Street and 52nd Street from September 2023 through August 2026.,311 Service Requests,https://data.cityofnewyork.us/d/erm2-nwe9
f73ef160b74d,district_311,"311 received 4,071 complaints about litter, dumping and missed collection in our district from September 2025 through August 2026. That is the tenth highest number among the city's 59 community districts. Two years earlier the number was 3,088.","311 Service Requests, as counted for the planner",https://data.cityofnewyork.us/d/erm2-nwe9
f7528a28cd86,school,"The School Construction Authority's latest Enrollment, Capacity and Utilization report shows 417 students at J.H.S. 50.","School Construction Authority, Enrollment, Capacity and Utilization",https://data.cityofnewyork.us/d/gkd7-3vk7
f75a58251ee5,park_inspection,NYC Parks inspectors rated Mafera Park unacceptable overall in 3 of 5 inspections from August 2024 through July 2026.,"NYC Parks, Parks Inspection Program",https://data.cityofnewyork.us/d/yg3y-7juh
f764e67bfa2e,district_311,"311 received 2,280 complaints about street trees in our district from September 2025 through August 2026. That is the 13th highest rate per resident among the city's 59 community districts.","311 Service Requests, as counted for the planner",https://data.cityofnewyork.us/d/erm2-nwe9
f7af33692f8a,district_311,311 received 731 complaints about rats and other pests in our district from September 2025 through August 2026. That is the ninth highest rate per resident among the city's 59 community districts.,"311 Service Requests, as counted for the planner",https://data.cityofnewyork.us/d/erm2-nwe9
f7b388647cf9,district_311,311 received 468 complaints about street lights in our district from September 2025 through August 2026. Two years earlier the number was 352.,"311 Service Requests, as counted for the planner",https://data.cityofnewyork.us/d/erm2-nwe9
f7b5f73366ab@88543f,crashes,"NYPD crash reports show 84 crashes on Avenue I between McDonald Avenue and Coney Island Avenue from June 2023 through May 2026. Those crashes injured 68 people, including 14 pedestrians and 13 cyclists, and killed 1 person.","NYPD, Motor Vehicle Collisions",https://data.cityofnewyork.us/d/h9gi-nx95
f7b5f73366ab@b3e555,crashes,"NYPD crash reports show 18 crashes at or near the intersection of Avenue I and McDonald Avenue from June 2023 through May 2026. Those crashes injured 13 people, including 2 pedestrians and 2 cyclists.","NYPD, Motor Vehicle Collisions",https://data.cityofnewyork.us/d/h9gi-nx95
f7c086a4f35e@ad01bd,site_311,311 received 5 reports of street lights out or damaged within 150 feet of the intersection of Union Turnpike and Woodhaven Boulevard from September 2023 through August 2026.,311 Service Requests,https://data.cityofnewyork.us/d/erm2-nwe9
f7c086a4f35e@e316d3,site_311,311 received 11 reports of street lights out or damaged along Union Turnpike between Woodhaven Boulevard and Myrtle Avenue from September 2023 through August 2026.,311 Service Requests,https://data.cityofnewyork.us/d/erm2-nwe9
f7d06eacd023,district_311,311 received 884 requests for help for homeless people or about encampments in our district from September 2025 through August 2026. Two years earlier the number was 421.,"311 Service Requests, as counted for the planner",https://data.cityofnewyork.us/d/erm2-nwe9
f7e1a41502e8@5baf78,district_311,"311 received 2,031 complaints about potholes and other street conditions in our district from September 2025 through August 2026. Two years earlier the number was 1,149.","311 Service Requests, as counted for the planner",https://data.cityofnewyork.us/d/erm2-nwe9
f7e1c307f6d4,district_311,"311 received 5,004 requests for help for homeless people or about encampments in our district from September 2025 through August 2026. That is the sixth highest rate per resident among the city's 59 community districts.","311 Service Requests, as counted for the planner",https://data.cityofnewyork.us/d/erm2-nwe9
f83e190921b2,district_311,"311 received 540 complaints about sewers, catch basins and flooding in our district from September 2025 through August 2026. Two years earlier the number was 408.","311 Service Requests, as counted for the planner",https://data.cityofnewyork.us/d/erm2-nwe9
f874813cc573,district_311,311 received 195 requests for help for homeless people or about encampments in our district from September 2025 through August 2026. Two years earlier the number was 143.,"311 Service Requests, as counted for the planner",https://data.cityofnewyork.us/d/erm2-nwe9
f88405c78ac5@b228dd,district_311,"311 received 4,027 complaints about litter, dumping and missed collection in our district from September 2025 through August 2026. That is the tenth highest rate per resident among the city's 59 community districts.","311 Service Requests, as counted for the planner",https://data.cityofnewyork.us/d/erm2-nwe9
f88a15ca947d,school,"The School Construction Authority's latest Enrollment, Capacity and Utilization report shows P.S. 207 with 379 students, 109% of its target capacity.","School Construction Authority, Enrollment, Capacity and Utilization",https://data.cityofnewyork.us/d/gkd7-3vk7
f8914885c052,district_311,"311 received 754 complaints about sewers, catch basins and flooding in our district from September 2025 through August 2026. That is the 15th highest rate per resident among the city's 59 community districts.","311 Service Requests, as counted for the planner",https://data.cityofnewyork.us/d/erm2-nwe9
f89e365edaa1,district_311,"311 received 1,130 complaints about construction and illegal building use in our district from September 2025 through August 2026. That is the 13th highest rate per resident among the city's 59 community districts.","311 Service Requests, as counted for the planner",https://data.cityofnewyork.us/d/erm2-nwe9
f8a9f9af74e6,district_311,"311 received 4,027 complaints about litter, dumping and missed collection in our district from September 2025 through August 2026. That is the tenth highest rate per resident among the city's 59 community districts.","311 Service Requests, as counted for the planner",https://data.cityofnewyork.us/d/erm2-nwe9
f8ecd1bc6e15,district_311,"311 received 9,980 requests for help for homeless people or about encampments in our district from September 2025 through August 2026. That is the second highest rate per resident among the city's 59 community districts. Two years earlier the number was 6,541.","311 Service Requests, as counted for the planner",https://data.cityofnewyork.us/d/erm2-nwe9
f8ff1b767ef6@323f41,school,"The School Construction Authority's latest Enrollment, Capacity and Utilization report shows 145 students at P.S. 67.","School Construction Authority, Enrollment, Capacity and Utilization",https://data.cityofnewyork.us/d/gkd7-3vk7
f91746a0ca9f@9d29ba,district_311,"311 received 22,687 complaints about illegal parking and blocked driveways in our district from September 2025 through August 2026. That is the ninth highest rate per resident among the city's 59 community districts.","311 Service Requests, as counted for the planner",https://data.cityofnewyork.us/d/erm2-nwe9
f92cc45ba3a8,district_311,311 received 264 complaints about graffiti in our district from September 2025 through August 2026. That is the 13th highest rate per resident among the city's 59 community districts.,"311 Service Requests, as counted for the planner",https://data.cityofnewyork.us/d/erm2-nwe9
f9367fc2e74d,district_311,"311 received 754 complaints about sewers, catch basins and flooding in our district from September 2025 through August 2026. That is the 15th highest rate per resident among the city's 59 community districts.","311 Service Requests, as counted for the planner",https://data.cityofnewyork.us/d/erm2-nwe9
f9812eb1dedb,school,"The School Construction Authority's latest Enrollment, Capacity and Utilization report shows 160 students at P.S. 92.","School Construction Authority, Enrollment, Capacity and Utilization",https://data.cityofnewyork.us/d/gkd7-3vk7
f983ac734a4c,district_311,"311 received 2,026 complaints about litter, dumping and missed collection in our district from September 2025 through August 2026. Two years earlier the number was 1,381.","311 Service Requests, as counted for the planner",https://data.cityofnewyork.us/d/erm2-nwe9
f9ac83d5ce9e,district_311,"311 received 4,071 complaints about litter, dumping and missed collection in our district from September 2025 through August 2026. That is the tenth highest number among the city's 59 community districts. Two years earlier the number was 3,088.","311 Service Requests, as counted for the planner",https://data.cityofnewyork.us/d/erm2-nwe9
f9c2b8aad705,district_311,311 received 372 complaints about graffiti in our district from September 2025 through August 2026. That is the ninth highest number among the city's 59 community districts.,"311 Service Requests, as counted for the planner",https://data.cityofnewyork.us/d/erm2-nwe9
f9f3f9c4b5fb,district_311,"311 received 7,879 noise complaints in our district from September 2025 through August 2026. That is the seventh highest rate per resident among the city's 59 community districts.","311 Service Requests, as counted for the planner",https://data.cityofnewyork.us/d/erm2-nwe9
f9fecb59afcc,district_311,"311 received 978 complaints about sewers, catch basins and flooding in our district from September 2025 through August 2026. That is the sixth highest rate per resident among the city's 59 community districts.","311 Service Requests, as counted for the planner",https://data.cityofnewyork.us/d/erm2-nwe9
fa0eacc48686@8b525d,crashes,"NYPD crash reports show 7 crashes at or near the intersection of Avenue J and McDonald Avenue from June 2023 through May 2026. Those crashes injured 7 people, including 1 cyclist.","NYPD, Motor Vehicle Collisions",https://data.cityofnewyork.us/d/h9gi-nx95
fa1348ad90dc,district_311,311 received 691 complaints about sidewalks and curbs in our district from September 2025 through August 2026. That is the second highest rate per resident among the city's 59 community districts. Two years earlier the number was 422.,"311 Service Requests, as counted for the planner",https://data.cityofnewyork.us/d/erm2-nwe9
fa3cae91d6e1,school,"The School Construction Authority's latest Enrollment, Capacity and Utilization report shows 404 students at P.S. 184.","School Construction Authority, Enrollment, Capacity and Utilization",https://data.cityofnewyork.us/d/gkd7-3vk7
fa4df3055a78,district_311,"311 received 1,150 complaints about water mains, hydrants and water quality in our district from September 2025 through August 2026. Two years earlier the number was 799.","311 Service Requests, as counted for the planner",https://data.cityofnewyork.us/d/erm2-nwe9
fa4e3f5f1a36,district_311,"311 received 754 complaints about sewers, catch basins and flooding in our district from September 2025 through August 2026. That is the 15th highest rate per resident among the city's 59 community districts.","311 Service Requests, as counted for the planner",https://data.cityofnewyork.us/d/erm2-nwe9
fa711d8aca55,district_311,"311 received 1,035 complaints about sidewalks and curbs in our district from September 2025 through August 2026. That is the eighth highest rate per resident among the city's 59 community districts. Two years earlier the number was 622.","311 Service Requests, as counted for the planner",https://data.cityofnewyork.us/d/erm2-nwe9
fa73ee488c35,district_311,311 received 408 complaints about street lights in our district from September 2025 through August 2026. That is the fifth highest rate per resident among the city's 59 community districts.,"311 Service Requests, as counted for the planner",https://data.cityofnewyork.us/d/erm2-nwe9
fa77e8819afe,district_311,"311 received 1,393 complaints about potholes and other street conditions in our district from September 2025 through August 2026. Two years earlier the number was 798.","311 Service Requests, as counted for the planner",https://data.cityofnewyork.us/d/erm2-nwe9
fa7c1cbdd8db,district_311,"311 received 22,687 complaints about illegal parking and blocked driveways in our district from September 2025 through August 2026. That is the ninth highest rate per resident among the city's 59 community districts.","311 Service Requests, as counted for the planner",https://data.cityofnewyork.us/d/erm2-nwe9
fa7c3c447aa0,crashes,"NYPD crash reports show 6 crashes at or near the intersection of Ocean Parkway and Avenue K from June 2023 through May 2026. Those crashes injured 3 people, including 1 cyclist.","NYPD, Motor Vehicle Collisions",https://data.cityofnewyork.us/d/h9gi-nx95
fae28d3c9550,district_311,311 received 694 complaints about park maintenance in our district from September 2025 through August 2026. That is the eighth highest rate per resident among the city's 59 community districts.,"311 Service Requests, as counted for the planner",https://data.cityofnewyork.us/d/erm2-nwe9
faee475d37fd,park_inspection,NYC Parks inspectors rated Vleigh Playground unacceptable overall in 2 of 4 inspections from August 2024 through July 2026.,"NYC Parks, Parks Inspection Program",https://data.cityofnewyork.us/d/yg3y-7juh
fafdd97b7390,district_311,"311 received 1,453 complaints about potholes and other street conditions in our district from September 2025 through August 2026. Two years earlier the number was 927.","311 Service Requests, as counted for the planner",https://data.cityofnewyork.us/d/erm2-nwe9
fb0787426d2a,district_311,"311 received 2,590 complaints about litter, dumping and missed collection in our district from September 2025 through August 2026. That is the 11th highest rate per resident among the city's 59 community districts.","311 Service Requests, as counted for the planner",https://data.cityofnewyork.us/d/erm2-nwe9
fb3b6c45f504,district_311,311 received 614 complaints about sidewalks and curbs in our district from September 2025 through August 2026. That is the 14th highest rate per resident among the city's 59 community districts.,"311 Service Requests, as counted for the planner",https://data.cityofnewyork.us/d/erm2-nwe9
fb534b92ae2e,district_311,"311 received 4,358 complaints about potholes and other street conditions in our district from September 2025 through August 2026. That is the third highest number among the city's 59 community districts. Two years earlier the number was 2,854.","311 Service Requests, as counted for the planner",https://data.cityofnewyork.us/d/erm2-nwe9
fb5d349e0142,crashes,NYPD crash reports show 15 crashes at or near the intersection of Jamaica Avenue and Arlington Avenue from June 2023 through May 2026. Those crashes injured 17 people.,"NYPD, Motor Vehicle Collisions",https://data.cityofnewyork.us/d/h9gi-nx95
fb5d864e46b9,district_311,"311 received 3,329 complaints about litter, dumping and missed collection in our district from September 2025 through August 2026. That is the 14th highest rate per resident among the city's 59 community districts.","311 Service Requests, as counted for the planner",https://data.cityofnewyork.us/d/erm2-nwe9
fb87d164b43c,district_311,"311 received 1,035 complaints about sidewalks and curbs in our district from September 2025 through August 2026. That is the eighth highest rate per resident among the city's 59 community districts. Two years earlier the number was 622.","311 Service Requests, as counted for the planner",https://data.cityofnewyork.us/d/erm2-nwe9
fba09cfc8a02,street_trees,"As of February 2025, NYC Parks' tree inventory listed 926 empty street tree beds in our district.","NYC Parks, Forestry Planting Spaces",https://data.cityofnewyork.us/d/82zj-84is
fbba70b8eeeb,school,"The School Construction Authority's latest Enrollment, Capacity and Utilization report shows P.S. 207 with 379 students, 109% of its target capacity.","School Construction Authority, Enrollment, Capacity and Utilization",https://data.cityofnewyork.us/d/gkd7-3vk7
fc0a9a55604e,street_trees,"As of February 2025, NYC Parks' tree inventory listed 793 empty street tree beds in our district.","NYC Parks, Forestry Planting Spaces",https://data.cityofnewyork.us/d/82zj-84is
fc18d9e030c1,district_311,"311 received 1,399 complaints about potholes and other street conditions in our district from September 2025 through August 2026. That is the 11th highest rate per resident among the city's 59 community districts. Two years earlier the number was 993.","311 Service Requests, as counted for the planner",https://data.cityofnewyork.us/d/erm2-nwe9
fc29a73f1ad8,street_trees,"As of February 2025, NYC Parks' tree inventory listed 1,120 empty street tree beds in our district.","NYC Parks, Forestry Planting Spaces",https://data.cityofnewyork.us/d/82zj-84is
fc4f3db2028b,street_trees,"As of February 2025, NYC Parks' tree inventory listed 1,176 empty street tree beds in our district.","NYC Parks, Forestry Planting Spaces",https://data.cityofnewyork.us/d/82zj-84is
fca419c4d58e@0d3c77,district_311,"311 received 2,157 complaints about sewers, catch basins and flooding in our district from September 2025 through August 2026. That is the third highest rate per resident among the city's 59 community districts.","311 Service Requests, as counted for the planner",https://data.cityofnewyork.us/d/erm2-nwe9
fcdc4d991939,district_311,311 received 292 requests for help for homeless people or about encampments in our district from September 2025 through August 2026. Two years earlier the number was 130.,"311 Service Requests, as counted for the planner",https://data.cityofnewyork.us/d/erm2-nwe9
fd07d29477d9,district_311,"311 received 1,436 complaints about park maintenance in our district from September 2025 through August 2026. That is the second highest rate per resident among the city's 59 community districts.","311 Service Requests, as counted for the planner",https://data.cityofnewyork.us/d/erm2-nwe9
fd2a235115a0,district_311,311 received 718 complaints about street lights in our district from September 2025 through August 2026. That is the 14th highest number among the city's 59 community districts.,"311 Service Requests, as counted for the planner",https://data.cityofnewyork.us/d/erm2-nwe9
fd4bbd4148d3,district_311,"311 received 1,491 complaints about sewers, catch basins and flooding in our district from September 2025 through August 2026. That is the highest rate per resident among the city's 59 community districts.","311 Service Requests, as counted for the planner",https://data.cityofnewyork.us/d/erm2-nwe9
fd501947ebb7@066735,district_311,"311 received 2,163 complaints about street lights in our district from September 2025 through August 2026. That is the second highest rate per resident among the city's 59 community districts. Two years earlier the number was 687.","311 Service Requests, as counted for the planner",https://data.cityofnewyork.us/d/erm2-nwe9
fd501947ebb7@066735,site_311,311 received 16 reports of street lights out or damaged within 150 feet of the intersection of Vanderbilt Avenue and Richmond Road from September 2023 through August 2026.,311 Service Requests,https://data.cityofnewyork.us/d/erm2-nwe9
fd581991d86c,district_311,"311 received 2,004 complaints about potholes and other street conditions in our district from September 2025 through August 2026. Two years earlier the number was 1,348.","311 Service Requests, as counted for the planner",https://data.cityofnewyork.us/d/erm2-nwe9
fda81140d155@b1aadf,district_311,"311 received 1,366 complaints about sewers, catch basins and flooding in our district from September 2025 through August 2026. That is the seventh highest rate per resident among the city's 59 community districts.","311 Service Requests, as counted for the planner",https://data.cityofnewyork.us/d/erm2-nwe9
fdb258aba2dc,district_311,"311 received 1,366 complaints about sewers, catch basins and flooding in our district from September 2025 through August 2026. That is the seventh highest rate per resident among the city's 59 community districts.","311 Service Requests, as counted for the planner",https://data.cityofnewyork.us/d/erm2-nwe9
fdb258aba2dc@6e52ac,district_311,"311 received 1,366 complaints about sewers, catch basins and flooding in our district from September 2025 through August 2026. That is the seventh highest rate per resident among the city's 59 community districts.","311 Service Requests, as counted for the planner",https://data.cityofnewyork.us/d/erm2-nwe9
fdb258aba2dc@6e52ac,site_311,311 received 5 reports of street flooding or clogged catch basins along East 45th Street between Avenue H and Avenue I from September 2023 through August 2026.,311 Service Requests,https://data.cityofnewyork.us/d/erm2-nwe9
fdf72226fa7a,district_311,"311 received 41,429 complaints about heat, hot water and other apartment conditions in our district from September 2025 through August 2026. That is the highest rate per resident among the city's 59 community districts.","311 Service Requests, as counted for the planner",https://data.cityofnewyork.us/d/erm2-nwe9
fe2d19ed88b7,district_311,"311 received 1,884 complaints about litter, dumping and missed collection in our district from September 2025 through August 2026. That is the highest rate per resident among the city's 59 community districts.","311 Service Requests, as counted for the planner",https://data.cityofnewyork.us/d/erm2-nwe9
fe46801361af,district_311,"311 received 2,629 complaints about litter, dumping and missed collection in our district from September 2025 through August 2026. That is the second highest rate per resident among the city's 59 community districts.","311 Service Requests, as counted for the planner",https://data.cityofnewyork.us/d/erm2-nwe9
fe4f67bdaa37,district_311,"311 received 1,084 complaints about sewers, catch basins and flooding in our district from September 2025 through August 2026. That is the 14th highest rate per resident among the city's 59 community districts.","311 Service Requests, as counted for the planner",https://data.cityofnewyork.us/d/erm2-nwe9
fe7e17703967,district_311,311 received 651 requests for help for homeless people or about encampments in our district from September 2025 through August 2026. Two years earlier the number was 478.,"311 Service Requests, as counted for the planner",https://data.cityofnewyork.us/d/erm2-nwe9
fe9486c59bd4,district_311,311 received 369 complaints about potholes and other street conditions in our district from September 2025 through August 2026. Two years earlier the number was 186.,"311 Service Requests, as counted for the planner",https://data.cityofnewyork.us/d/erm2-nwe9
fe97297c492f,district_311,"311 received 754 complaints about sewers, catch basins and flooding in our district from September 2025 through August 2026. That is the 15th highest rate per resident among the city's 59 community districts.","311 Service Requests, as counted for the planner",https://data.cityofnewyork.us/d/erm2-nwe9
feca283c852b,district_311,311 received 333 complaints about sidewalks and curbs in our district from September 2025 through August 2026. Two years earlier the number was 174.,"311 Service Requests, as counted for the planner",https://data.cityofnewyork.us/d/erm2-nwe9
feca5bc6d6a6@91ae11,district_311,"311 received 5,230 complaints about potholes and other street conditions in our district from September 2025 through August 2026. That is the fourth highest rate per resident among the city's 59 community districts. Two years earlier the number was 3,022.","311 Service Requests, as counted for the planner",https://data.cityofnewyork.us/d/erm2-nwe9
fecb11f2eb25,district_311,311 received 408 complaints about street lights in our district from September 2025 through August 2026. That is the fifth highest rate per resident among the city's 59 community districts.,"311 Service Requests, as counted for the planner",https://data.cityofnewyork.us/d/erm2-nwe9
fedd588593bb,district_311,"311 received 1,063 complaints about park maintenance in our district from September 2025 through August 2026. That is the tenth highest rate per resident among the city's 59 community districts. Two years earlier the number was 604.","311 Service Requests, as counted for the planner",https://data.cityofnewyork.us/d/erm2-nwe9
feee9fed38a6,district_311,"311 received 9,980 requests for help for homeless people or about encampments in our district from September 2025 through August 2026. That is the second highest rate per resident among the city's 59 community districts. Two years earlier the number was 6,541.","311 Service Requests, as counted for the planner",https://data.cityofnewyork.us/d/erm2-nwe9
ff00d80901fc,park_inspection,NYC Parks inspectors rated Rosemary's Playground unacceptable overall in 2 of 5 inspections from August 2024 through July 2026. They rated its paved surfaces unacceptable in 2 of 5 inspections.,"NYC Parks, Parks Inspection Program",https://data.cityofnewyork.us/d/yg3y-7juh
ff173280e6fc,crashes,"NYPD crash reports show 28 crashes at or near the intersection of Ocean Avenue and Flatbush Avenue from June 2023 through May 2026. Those crashes injured 19 people, including 5 cyclists.","NYPD, Motor Vehicle Collisions",https://data.cityofnewyork.us/d/h9gi-nx95
ff1b94b8b606,district_311,"311 received 21,403 complaints about heat, hot water and other apartment conditions in our district from September 2025 through August 2026. That is the 13th highest rate per resident among the city's 59 community districts.","311 Service Requests, as counted for the planner",https://data.cityofnewyork.us/d/erm2-nwe9
ff46349b4077,district_311,"311 received 2,912 complaints about litter, dumping and missed collection in our district from September 2025 through August 2026. That is the ninth highest rate per resident among the city's 59 community districts.","311 Service Requests, as counted for the planner",https://data.cityofnewyork.us/d/erm2-nwe9
ff54aaa598db,district_311,"311 received 952 complaints about sewers, catch basins and flooding in our district from September 2025 through August 2026. That is the tenth highest rate per resident among the city's 59 community districts.","311 Service Requests, as counted for the planner",https://data.cityofnewyork.us/d/erm2-nwe9
ff5c735eb1d9,district_311,"311 received 5,004 requests for help for homeless people or about encampments in our district from September 2025 through August 2026. That is the sixth highest rate per resident among the city's 59 community districts.","311 Service Requests, as counted for the planner",https://data.cityofnewyork.us/d/erm2-nwe9
ff6d9811e617,district_311,"311 received 978 complaints about sewers, catch basins and flooding in our district from September 2025 through August 2026. That is the sixth highest rate per resident among the city's 59 community districts.","311 Service Requests, as counted for the planner",https://data.cityofnewyork.us/d/erm2-nwe9
ff89a254e7ec,district_311,311 received 724 complaints about potholes and other street conditions in our district from September 2025 through August 2026. Two years earlier the number was 488.,"311 Service Requests, as counted for the planner",https://data.cityofnewyork.us/d/erm2-nwe9
ff95b62a0189,district_311,"311 received 754 complaints about sewers, catch basins and flooding in our district from September 2025 through August 2026. That is the 15th highest rate per resident among the city's 59 community districts.","311 Service Requests, as counted for the planner",https://data.cityofnewyork.us/d/erm2-nwe9
ff97eb0fc5ef@40c512,park_inspection,NYC Parks inspectors rated Woodtree Playground unacceptable overall in 2 of 5 inspections from August 2024 through July 2026.,"NYC Parks, Parks Inspection Program",https://data.cityofnewyork.us/d/yg3y-7juh
ff97eb0fc5ef@82349f,park_inspection,NYC Parks inspectors rated Woodtree Playground unacceptable overall in 2 of 5 inspections from August 2024 through July 2026.,"NYC Parks, Parks Inspection Program",https://data.cityofnewyork.us/d/yg3y-7juh
ff9b3224a01e,district_311,"311 received 355 complaints about water mains, hydrants and water quality in our district from September 2025 through August 2026. Two years earlier the number was 219.","311 Service Requests, as counted for the planner",https://data.cityofnewyork.us/d/erm2-nwe9
ffa916d2094c,district_311,"311 received 2,629 complaints about litter, dumping and missed collection in our district from September 2025 through August 2026. That is the second highest rate per resident among the city's 59 community districts.","311 Service Requests, as counted for the planner",https://data.cityofnewyork.us/d/erm2-nwe9
ffb42243ff8c,district_311,311 received 429 complaints about street lights in our district from September 2025 through August 2026. That is the ninth highest rate per resident among the city's 59 community districts. Two years earlier the number was 266.,"311 Service Requests, as counted for the planner",https://data.cityofnewyork.us/d/erm2-nwe9
ffc4ce49c1b2@dc4f8f,district_311,"311 received 1,399 complaints about potholes and other street conditions in our district from September 2025 through August 2026. That is the 11th highest rate per resident among the city's 59 community districts. Two years earlier the number was 993.","311 Service Requests, as counted for the planner",https://data.cityofnewyork.us/d/erm2-nwe9
ffcb1f4dfd77@14b199,district_311,"311 received 11,967 complaints about illegal parking and blocked driveways in our district from September 2025 through August 2026. Two years earlier the number was 9,445.","311 Service Requests, as counted for the planner",https://data.cityofnewyork.us/d/erm2-nwe9
ffd375affcba,school,"The School Construction Authority's latest Enrollment, Capacity and Utilization report shows P.S. 37 with 471 students, 105% of its target capacity.","School Construction Authority, Enrollment, Capacity and Utilization",https://data.cityofnewyork.us/d/gkd7-3vk7
ffe2b493d677,district_311,"311 received 1,059 complaints about potholes and other street conditions in our district from September 2025 through August 2026. Two years earlier the number was 487.","311 Service Requests, as counted for the planner",https://data.cityofnewyork.us/d/erm2-nwe9
ffe2b493d677@4246f5,district_311,"311 received 1,059 complaints about potholes and other street conditions in our district from September 2025 through August 2026. Two years earlier the number was 487.","311 Service Requests, as counted for the planner",https://data.cityofnewyork.us/d/erm2-nwe9
ffe2b493d677@62e282,district_311,"311 received 1,059 complaints about potholes and other street conditions in our district from September 2025 through August 2026. Two years earlier the number was 487.","311 Service Requests, as counted for the planner",https://data.cityofnewyork.us/d/erm2-nwe9
fffa1ebd4d41@2bb870,district_311,311 received 841 complaints about street lights in our district from September 2025 through August 2026. That is the seventh highest number among the city's 59 community districts.,"311 Service Requests, as counted for the planner",https://data.cityofnewyork.us/d/erm2-nwe9
