board,then_fy,then_label,now_fy,now_label,similarity,verdict,why,judge,kind
BKCB1,2020,5f6931ceceac,2021,5b68e61ef300,0.419,different,tennis court lighting versus handball court renovation at McCarren Park,sonnet,reworded
BKCB1,2020,009293bf2e19,2021,75915202c907,0.625,same,same building inspector training and more inspectors,sonnet,reworded
BKCB1,2020,d28905c680b3,2021,9407fbf2dce2,0.986,same,Same Bushwick Inlet Park development and remediation request,sonnet,reworded
BKCB1,2020,ee72982341b9,2021,ad8def38ddad,0.556,same,"same Greenpoint/Williamsburg day care and Head Start request, agency changed",sonnet,reworded
BKCB1,2020,98525217124f,2021,c1404d3ce52a,0.661,same,Same Moore Street Market plaza project support,sonnet,reworded
BKCB1,2020,5822a5f2f299,2021,d4f564c57d5e,0.696,same,Same acquisition of replacement site for MTA facility at 65 Commercial Street,sonnet,reworded
BKCB1,2020,503ac17196fa,2021,f56c42dfaa14,0.479,same,"same park maintenance and staffing request, swim hours added",sonnet,reworded
BKCB1,2021,10c5fa2f48d7,2022,48fdb35ac3af,0.931,same,same Tenant Legal Fund reinstatement,sonnet,reworded
BKCB1,2022,131040ecc59b,2023,5aa551526713,0.922,same,"same homecare and homebound meals funding, pandemic reason added",sonnet,reworded
BKCB1,2022,48fdb35ac3af,2023,810894e02c11,0.937,same,same Tenant Legal Fund reinstatement,sonnet,reworded
BKCB1,2022,2a05fba0f530,2023,b1a72c1a764e,0.555,same,"same outreach staffing for infectious disease and drug abuse, COVID added",sonnet,reworded
BKCB1,2023,45485cef599e,2024,054089996e3b,0.901,same,Same Roebling Street NYCHA playground redevelopment,sonnet,reworded
BKCB1,2023,6dcf10a1af0e,2024,165ce37845fe,0.98,same,Same senior center for southwest Williamsburg,sonnet,reworded
BKCB1,2020,3f19ec54c1f5@cf279a,2024,2c663498051b@b64da6,1.0,same,"same Metropolitan Avenue, Varick Avenue to River Street; Register cross streets differ",sonnet,site
BKCB1,2021,3f19ec54c1f5@cf279a,2024,2c663498051b@b64da6,1.0,same,"same Metropolitan Avenue, Varick Avenue to River Street; Register cross streets differ",sonnet,site
BKCB1,2022,3f19ec54c1f5@f7aa75,2024,2c663498051b@b64da6,1.0,same,"same Metropolitan Avenue, Varick Avenue to River Street; Register cross streets differ",sonnet,site
BKCB1,2023,3f19ec54c1f5@f7aa75,2024,2c663498051b@b64da6,1.0,same,"same Metropolitan Avenue, Varick Avenue to River Street; Register cross streets differ",sonnet,site
BKCB1,2023,c1f6badd0b87,2024,3ef519d189a9,0.709,same,"Same DOE school upgrades in SD-14, including Automotive Trades HS",sonnet,reworded
BKCB1,2023,f399b48387d4,2024,58718c355445,0.868,same,same Brooklyn Public Library operations funding for CD1 branches,sonnet,reworded
BKCB1,2023,d124a7d7c571,2024,6036ad0b885c,0.969,same,same truck route signage funding,sonnet,reworded
BKCB1,2023,75915202c907,2024,957010359df8,0.637,same,"same more building inspectors and training, reworded",sonnet,reworded
BKCB1,2023,b1a72c1a764e,2024,97e5b71f8309,0.669,same,"same public health outreach staffing, emphasis reordered",sonnet,reworded
BKCB1,2023,16d8be4080a0,2024,bf64e4c92318,0.508,same,same cameras and sanitation police at dumping spots; litter baskets also in earlier text,sonnet,reworded
BKCB1,2023,18b697449ea9,2024,d9cc6c093655,0.516,same,Same WNYC Transmitter Park comfort station,sonnet,reworded
BKCB1,2023,a8f21c6f3471,2024,f42ddbaca985,0.942,same,Same Jackson Street and Kingsland Avenue crossing guard post,sonnet,reworded
BKCB1,2023,5aa551526713,2024,f95b926b4091,0.648,same,"same homecare and homebound meals funding, post-pandemic wording",sonnet,reworded
BKCB1,2024,0bd80e323fed,2025,040c6255a111,0.624,same,"Same continued subway station upgrades, elevator access, Hewes Street lighting",sonnet,reworded
BKCB1,2024,c89b95439a94,2025,1c0a44a6c440,0.834,same,same composting education and curbside organics request,sonnet,reworded
BKCB1,2024,5070dc4d8fac,2025,5d67ad2c6400,0.327,different,McCarren Park tennis court lighting versus asphalt field renovation with dog run,sonnet,reworded
BKCB1,2024,beca814e0138,2025,61a25ed92c81,0.4,different,general park restoration program versus McGolrick Park-specific upgrades,sonnet,reworded
BKCB1,2022,a17c5c8d16ad@f8e6cc,2025,635762a33afa@f89b16,1.0,same,"same Grand Street, Grand Street Bridge to River Street; Register wording differs",sonnet,site
BKCB1,2023,a17c5c8d16ad@f8e6cc,2025,635762a33afa@f89b16,1.0,same,"same Grand Street, Grand Street Bridge to River Street; Register wording differs",sonnet,site
BKCB1,2024,635762a33afa@6830bc,2025,635762a33afa@f89b16,1.0,same,"same Grand Street, Grand Street Bridge to River Street; Register wording differs",sonnet,site
BKCB1,2020,3aedf8bad862@83fa6d,2025,7549e6b12518@3638ee,1.0,same,same Williams Plaza sidewalks; Register address versus streets,sonnet,site
BKCB1,2021,3aedf8bad862@83fa6d,2025,7549e6b12518@3638ee,1.0,same,same Williams Plaza sidewalks; Register address versus streets,sonnet,site
BKCB1,2022,3aedf8bad862@83fa6d,2025,7549e6b12518@3638ee,1.0,same,same Williams Plaza sidewalks; Register address versus streets,sonnet,site
BKCB1,2023,3aedf8bad862@83fa6d,2025,7549e6b12518@3638ee,1.0,same,same Williams Plaza sidewalks; Register address versus streets,sonnet,site
BKCB1,2024,3aedf8bad862@907de3,2025,7549e6b12518@3638ee,1.0,same,same Williams Plaza sidewalks; agency changed NYCHA to DOT,sonnet,site
BKCB1,2024,48d851af1fec,2025,9d08a06282ea,0.941,same,same new North side firehouse,sonnet,reworded
BKCB1,2024,cb4922d5a5c7,2025,9e57c422b8fd,0.613,different,"Street reconstruction versus playground equipment renovation, different work",sonnet,reworded
BKCB1,2024,9ffaee9a2355,2025,9f8ec4cd9097,0.903,same,same subsidized and affordable housing construction funding,sonnet,reworded
BKCB1,2024,33d5080f8ba2,2025,ab74333ad31a,0.843,same,"Same Withers Street trench restoration, Humboldt Street to Woodpoint Road",sonnet,reworded
BKCB1,2020,0fcf89a00e4f@f21aa2,2025,cb4922d5a5c7@96a8af,1.0,same,"same Frost Street, Debevoise to Morgan Avenue, named in text",sonnet,site
BKCB1,2021,0fcf89a00e4f@f21aa2,2025,cb4922d5a5c7@96a8af,1.0,same,"same Frost Street, Debevoise to Morgan Avenue, named in text",sonnet,site
BKCB1,2022,0fcf89a00e4f@985212,2025,cb4922d5a5c7@96a8af,1.0,same,"same Frost Street, Debevoise to Morgan Avenue, named in text",sonnet,site
BKCB1,2023,0fcf89a00e4f@985212,2025,cb4922d5a5c7@96a8af,1.0,same,"same Frost Street, Debevoise to Morgan Avenue, named in text",sonnet,site
BKCB1,2024,cb4922d5a5c7@1266d3,2025,cb4922d5a5c7@96a8af,1.0,same,"same Frost Street, Debevoise to Morgan Avenue, named in text",sonnet,site
BKCB1,2024,2c663498051b,2025,fcd71b30c0bb,0.915,same,"Same Metropolitan Avenue reconstruction, Varick Avenue to River Street",sonnet,reworded
BKCB1,2025,5309cfd99239,2026,1547db7d1d89,0.58,same,same comprehensive environmental health hazards study including DEP wastewater plant,sonnet,reworded
BKCB1,2025,a6741978a235,2026,43c741625c87,0.886,same,"same new pickleball courts request, identical text",sonnet,reworded
BKCB1,2023,c7c6afee7021,2026,4906277b52e1,0.886,same,"same four MTA bus stops, seats and shelter",sonnet,reworded
BKCB1,2025,9f8ec4cd9097,2026,5df8212af852,0.763,same,"same subsidized and affordable housing construction funding, reworded",sonnet,reworded
BKCB1,2025,fcd71b30c0bb,2026,783e4aab63bf,0.348,same,"Same Metropolitan Avenue reconstruction, Varick to River; now adds redesign detail",sonnet,reworded
BKCB1,2025,333de6b090e5,2026,a42b462dbd33,0.716,same,same playground equipment renovation at the same four playgrounds,sonnet,reworded
BKCB1,2025,f56c42dfaa14,2026,b67d545b77a8,0.696,same,"same park maintenance funds and staffing, Metropolitan Pool swim hours",sonnet,reworded
BKCB1,2025,040c6255a111,2026,c355447c4b79,0.582,same,"Same station upgrade program, elevators and Hewes lighting; now adds items",sonnet,reworded
BKCB1,2025,61a25ed92c81,2026,dcc3f119540f,0.748,same,same McGolrick Park grounds and play area improvement,sonnet,reworded
BKCB1,2026,d06c9eb27cdb,2027,423e39a3de3d,0.572,same,same sidewalk repair funding; now narrowed to tree-root damage,sonnet,reworded
BKCB1,2026,a42b462dbd33,2027,52a03553b62e,0.965,same,same playground equipment renovation; American Playground dropped from list,sonnet,reworded
BKCB1,2026,b938d9bbb524,2027,70f7aa1f73b4,0.6,same,"same women's health programs, reproductive access and domestic violence data; agency changed",sonnet,reworded
BKCB1,2026,b938d9bbb524,2027,7a8baea41a1d,0.721,same,"same women's health programs, reproductive access and domestic violence data",sonnet,reworded
BKCB1,2026,d9cc6c093655,2027,9658fee7c559,0.968,same,"same comfort station at WNYC Transmitter Park, now called restroom",sonnet,reworded
BKCB1,2026,97e5b71f8309,2027,eed1e8efa106,0.601,same,same addiction outreach staffing; infectious disease mention dropped,sonnet,reworded
BKCB10,2020,e8cc4272af73,2021,351f0965d5d4,0.861,same,"Same Belt Parkway undermining study, agency changed from Parks to DOT",sonnet,reworded
BKCB10,2020,a9caa84b0861,2021,55e92b0f0b7a,0.62,different,different park: Dyker Beach Park playground versus Leif Ericson Park,sonnet,reworded
BKCB10,2020,ce96b06d9352,2021,5adfdfe36baf,0.796,same,Same Oyster Garden at Owls Head treatment facility,sonnet,reworded
BKCB10,2020,e6b29f205948,2021,8eab7e5389b7,0.387,same,same library capital improvements; later names Dyker and McKinley Park branches,sonnet,reworded
BKCB10,2020,31e7842c7f9a,2021,aca35057afc5,0.792,same,"same baselined community board funding request, year updated",sonnet,reworded
BKCB10,2020,f323aa24386c,2021,bab1ac1f59e6,0.591,different,different lists of streets with one location in common,resolved,reworded
BKCB10,2020,4542e97d652a,2021,bbfcb7fa308b,0.882,same,Same 76th Street step street restoration at Colonial Road,sonnet,reworded
BKCB10,2020,1ad1c56d13ad,2021,bde9873412cf,0.619,same,same DOB inspectors for illegal conversions; complaint statistics dropped,sonnet,reworded
BKCB10,2020,e9356156bd3f,2021,e459e1a8a956,0.757,same,same accessible play equipment and landscaping on 7th Avenue portion of park,sonnet,reworded
BKCB10,2020,e6b29f205948,2021,ef3300208521,0.517,same,same library capital improvements; later names Bay Ridge branch and its HVAC,sonnet,reworded
BKCB10,2021,a9bc2d8a1be2,2022,0201b37fb287,0.853,same,same Owls Head Park lower path erosion rehabilitation,sonnet,reworded
BKCB10,2021,c5e6a1d7cec8,2022,1587961b6b7b,0.832,same,same DEP sewer depression study on the same five avenues,sonnet,reworded
BKCB10,2021,b7fddd28857c,2022,31b67d8978f5,0.866,same,same Leif Ericson Park ball fields refurbishment at 67th Street and 6th Avenue,sonnet,reworded
BKCB10,2021,55e92b0f0b7a,2022,5b05a5b63003,0.841,same,"same Leif Ericson Park complete refurbishment, block range added",sonnet,reworded
BKCB10,2021,bde9873412cf,2022,698f4c0e5ac3,0.947,same,same DOB inspectors for illegal conversions,sonnet,reworded
BKCB10,2021,8f66ed4658f4,2022,75d661e56d33,0.441,same,Same Owls Head Wastewater Treatment Plant modernization and odor control,sonnet,reworded
BKCB10,2021,8be1e35be26c,2022,7e4738080268,0.789,same,same Dyker Beach Park asphalt field multi-use recreational field,sonnet,reworded
BKCB10,2021,93a930f171b2,2022,816e5c3630da,0.992,same,"same Shore Road Park interior path rehabilitation, 79th to 95th",sonnet,reworded
BKCB10,2021,dd3716fe1b21,2022,85c0ee805a35,0.897,same,"same tennis court refurbishment at Bay 8th Street, Leif Ericson and Shore Road Parks",sonnet,reworded
BKCB10,2021,04cd5e834bad,2022,8d405cd8572f,0.654,same,"same JJ Carty Park refurbishment; playground then, whole park now",sonnet,reworded
BKCB10,2021,6e67d0246358,2022,98927b3e9b89,0.942,same,"same home delivered meals capacity request, waiting list figures updated",sonnet,reworded
BKCB10,2021,b8067b3e2e10,2022,99758920582c,0.988,same,same trench restoration at 96th Street and 87th Street,sonnet,reworded
BKCB10,2021,9ea52934d0d0,2022,9b57a2551931,0.591,unsure,a walking and cycling track versus rebuilding the sidewalk,resolved,reworded
BKCB10,2021,a2aa03bfc2ca,2022,ac0b85750055,0.883,same,same complete renovation of Shore Road Park at 3rd Avenue,sonnet,reworded
BKCB10,2021,09dd14a33b0d,2022,ccdd342208f4,0.752,same,"same Shore Road Park hexblock restoration, same stretches, narrower wording",sonnet,reworded
BKCB10,2021,dc9704dbd6fd,2022,d9ef7e4eefac,0.632,same,"same illegal dumping enforcement in CD10, after-hours staffing detail added",sonnet,reworded
BKCB10,2021,5adfdfe36baf,2022,ddd76def24f8,0.844,same,same Owls Head oyster garden request,sonnet,reworded
BKCB10,2021,aca35057afc5,2022,e20d7c817ea9,0.72,same,"same community board funding restoration request, reason updated",sonnet,reworded
BKCB10,2021,f68024cd0c6b,2022,f55bf3548055,0.92,same,"same firefighter personnel funding maintenance, EMS added",sonnet,reworded
BKCB10,2022,7e8d4625e7d3,2023,076ce24f5751,0.326,different,Senior center relocation versus youth community center,sonnet,reworded
BKCB10,2022,b50870bdf7fb,2023,0dac28ff5715,0.512,same,"same additional school crossing guards for CD10, allotment detail updated",sonnet,reworded
BKCB10,2022,2babc7485dc7,2023,0fbe0968d735,0.492,same,same rodent inspection and baiting staffing increase,sonnet,reworded
BKCB10,2022,5849c61d3a7c,2023,119a19607bb3,0.927,same,same mosquito control funding for West Nile Virus,sonnet,reworded
BKCB10,2022,e20d7c817ea9,2023,3329fb2b35ed,0.826,same,"same community board baseline funding request, reason reworded",sonnet,reworded
BKCB10,2022,7e4738080268,2023,4015d20e6327,0.327,different,Dyker Beach asphalt field versus Mosomillo basketball courts reconstruction,sonnet,reworded
BKCB10,2022,d9ef7e4eefac,2023,531b1e52d7b8,0.474,same,same illegal dumping and stoop line enforcement in CD10,sonnet,reworded
BKCB10,2022,fa848550fa39,2023,5333b3712936,0.961,same,"same playground associates at the same parks, five then six",sonnet,reworded
BKCB10,2022,fb5d93d6f093,2023,7736ec94be95,0.827,same,"same traffic enforcement agents at the same corridors, Vision Zero",sonnet,reworded
BKCB10,2022,98927b3e9b89,2023,7e37dd44bbfc,0.758,same,same home delivered meals capacity increase in CD10,sonnet,reworded
BKCB10,2021,9ea52934d0d0,2023,bc8a0c19f155,0.384,different,new perimeter track versus reconstructing paths in one quadrant,sonnet,reworded
BKCB10,2022,7e4738080268,2023,bc8a0c19f155,0.368,different,Dyker Beach asphalt field versus reconstructing paths in Bay 8th quadrant,sonnet,reworded
BKCB10,2022,0d7a2f366099,2023,e2c5595218a8,0.854,same,"same native planting along Shore Road Promenade and Belt Parkway, agency changed",sonnet,reworded
BKCB10,2022,5cfc8a0af894,2023,e9e24476d143,0.656,different,one sewer design versus a district list of sewer sites,resolved,reworded
BKCB10,2022,1587961b6b7b,2023,e9e24476d143,0.599,different,study of sewer depressions versus design of new higher-capacity sewers; site lists differ,sonnet,reworded
BKCB10,2023,bc8a0c19f155,2024,01475c95497d,0.391,different,Dyker Beach Park path reconstruction versus comfort station refurbishment,sonnet,reworded
BKCB10,2021,8eab7e5389b7,2024,05d0ed7910a9,0.603,same,Dyker Heights branch renovation again; McKinley branch dropped,sonnet,reworded
BKCB10,2023,a9caa84b0861,2024,12990e3f97fd,0.911,same,"Same Dyker Beach Park Playground refurbishment, near-identical text",sonnet,reworded
BKCB10,2023,698f4c0e5ac3,2024,2794557620fb,0.799,same,"same DOB inspectors for illegal conversions, commercial added",sonnet,reworded
BKCB10,2023,f193b8c94f17,2024,3b62d666ac41,0.884,same,"same public murals and art funding, new mural site mentioned",sonnet,reworded
BKCB10,2023,88c9377fcb31,2024,5c048b8ae3e4,0.954,same,same McKinley Park comfort station ADA repairs,sonnet,reworded
BKCB10,2023,149e02b8f27b,2024,74c4f0902e67,0.803,same,same rehabilitation of 3 remaining Dyker Beach Park ball fields,sonnet,reworded
BKCB10,2023,119a19607bb3,2024,7702244ac323,0.899,same,same mosquito control funding for West Nile Virus,sonnet,reworded
BKCB10,2023,99758920582c,2024,778335a75c86,0.8,same,same 87th Street trench restoration; 96th Street location dropped,sonnet,reworded
BKCB10,2023,d9a9d0664e62,2024,783f2b20db9d,0.698,same,same DCWP street vendor enforcement personnel funding,sonnet,reworded
BKCB10,2023,bbfcb7fa308b,2024,7deead528921,0.872,same,Same 76th Street step street restoration; now adds lighting,sonnet,reworded
BKCB10,2023,0dac28ff5715,2024,8d8e043c3b35,0.808,same,"same crossing guard staffing for CD10, vacancy figures updated",sonnet,reworded
BKCB10,2023,bab1ac1f59e6,2024,902479629383,0.63,different,DOT street trench restoration versus DEP sewage backup remediation,sonnet,reworded
BKCB10,2022,1587961b6b7b,2024,902479629383,0.578,same,"same 11th, 12th, 13th Avenue sewer backup locations, study to remedial action",sonnet,reworded
BKCB10,2023,c02f383b6c4a,2024,954aabd7bb0e,0.334,different,Shore Road Park Field 3 rehabilitation versus new comfort station at 101 Street,sonnet,reworded
BKCB10,2023,5b05a5b63003,2024,a9408733e911,0.382,different,Leif Ericson Park play equipment refurbishment versus Millennium Playground comfort station,sonnet,reworded
BKCB10,2023,bfe936a7502f,2024,b0b6d2d72682,0.581,same,"same parks maintenance staff for rodent abatement, rat details added",sonnet,reworded
BKCB10,2023,fae28d3c9550,2024,b9d925c0b565,0.931,same,"same shortage of park gardeners for 352.5 acres, one then zero",sonnet,reworded
BKCB10,2023,754c8b89b3d1,2024,de80947e5e93,0.964,same,same parks enforcement patrols and security staffing,sonnet,reworded
BKCB10,2023,e9e24476d143,2024,eac90bbf5787,0.701,unsure,"sewer design versus sewage backup remediation; partly overlapping streets, work differs",sonnet,reworded
BKCB10,2022,5cfc8a0af894,2024,eac90bbf5787,0.654,same,Narrows/Colonial sewer corridor recurs within longer Bay Ridge list,sonnet,reworded
BKCB10,2023,8d405cd8572f,2024,ebfbc1a2c44f,0.47,unsure,General John J. Carty Park refurbishment versus its comfort station; same project unclear,sonnet,reworded
BKCB10,2023,a9caa84b0861,2024,f7b5dc68e75d,0.533,same,the same Dyker Beach Park playground; the later year adds its location,resolved,reworded
BKCB10,2023,1e0079199ea7,2024,fc8b9d19015b,0.53,different,Russell Pedersen comfort station versus handball and basketball court reconstruction,sonnet,reworded
BKCB10,2023,c02f383b6c4a,2024,ffa930f84af8,0.522,different,Shore Road Park Field 3 rehabilitation versus comfort station refurbishment,sonnet,reworded
BKCB10,2024,ddd76def24f8,2025,031f3b14ec4a,0.954,unsure,Owls Head oyster garden established versus study of feasibility,sonnet,reworded
BKCB10,2024,f3b7dfed07b7,2025,253820efc73d,0.831,same,"same Shore Road perimeter hexblock sidewalk restoration, accessibility added",sonnet,reworded
BKCB10,2024,52688fd41506,2025,5c6a4d869cf5,0.721,same,same solar lighting for Shore Road bicycle path and Promenade,sonnet,reworded
BKCB10,2024,eac90bbf5787,2025,667c6a8b1492,0.836,unsure,same five sewage backup sites; remedial action became drainage study,sonnet,reworded
BKCB10,2023,e9e24476d143,2025,667c6a8b1492,0.609,different,"one sewer list for the district, later split by neighborhood; this keeps the Bay Ridge streets",resolved,reworded
BKCB10,2022,5cfc8a0af894,2025,667c6a8b1492,0.594,same,Narrows/Colonial sewer corridor recurs within longer Bay Ridge list,sonnet,reworded
BKCB10,2024,902479629383,2025,6dcd15353c43,0.822,unsure,remedial work versus a drainage study at the same places,resolved,reworded
BKCB10,2022,1587961b6b7b,2025,6dcd15353c43,0.531,same,"same 11th, 12th, 13th Avenue sewer study locations",sonnet,reworded
BKCB10,2023,e9e24476d143,2025,6dcd15353c43,0.501,different,"one sewer list for the district, later split by neighborhood; this keeps the Dyker Heights streets",resolved,reworded
BKCB10,2024,6f86f0aecefe,2025,766d1992371f,0.707,same,"same Belt Parkway drainage infrastructure study, flooding reason added",sonnet,reworded
BKCB10,2024,12990e3f97fd,2025,7edf1d747b8d,0.511,different,"Dyker Beach Park Playground versus Dan Ross Playground, different parks",sonnet,reworded
BKCB10,2024,b0b6d2d72682,2025,833f60b7b1d8,0.336,same,same parks maintenance headcount to address rat infestation,sonnet,reworded
BKCB10,2024,778335a75c86,2025,88b1cd7a30a6,0.723,same,same 87th Street trench restoration; 6th Avenue location added,sonnet,reworded
BKCB10,2024,2794557620fb,2025,944128a811f9,0.489,same,"same DOB inspectors for complaints and zoning compliance, reworded",sonnet,reworded
BKCB10,2024,46f494e0d6ec,2025,9cb5c1ab24a9,0.706,same,Same Owls Head Wastewater Treatment Plant modernization request,sonnet,reworded
BKCB10,2024,8d8e043c3b35,2025,a25b6d14546a,0.705,same,"same 68th Precinct crossing guard staffing request, allotment figures updated",sonnet,reworded
BKCB10,2024,7deead528921,2025,b4fd3b1dd933,0.646,same,"same 76th Street step street restoration, same location, added fence and lighting detail",sonnet,reworded
BKCB10,2024,7702244ac323,2025,d7687fe62a09,0.771,same,same mosquito control staffing for West Nile Virus,sonnet,reworded
BKCB10,2024,12990e3f97fd,2025,e1d8398aa7fe,1.0,same,"same Dyker Beach Park Playground refurbishment, same wording",sonnet,reworded
BKCB10,2024,5b05a5b63003,2025,f4fb9d6a83d8,0.815,same,"same Leif Ericson Park refurbishment, now names ball fields too",sonnet,reworded
BKCB10,2024,72d9f4af7103,2025,fba72748c824,0.878,same,same two Dyker Heights trench restoration locations,sonnet,reworded
BKCB10,2025,6e21c34d74a2,2026,805114a0cc01,0.912,same,"same tennis court refurbishment text; one park swapped, pickleball feasibility kept",sonnet,reworded
BKCB10,2025,e3f0e31e382f,2026,8912cb50c472,0.534,different,new comfort station versus terrace overlook at Shore Road Park 101 Street,sonnet,reworded
BKCB10,2025,253820efc73d,2026,a03e0cea49b4,0.374,different,Shore Road perimeter hexblock sidewalks versus interior asphalt pathways 74th to 88th,sonnet,reworded
BKCB10,2023,df4fd05a947f,2026,a03e0cea49b4,0.304,different,"Vinland playground versus Shore Road Park pathways, different site and work",sonnet,reworded
BKCB10,2025,f982aeed5a65,2026,a3e72b3e3d66,0.522,same,same district-wide tree and sidewalk contract request,sonnet,reworded
BKCB10,2025,7edf1d747b8d,2026,bae61f86d5ff,0.822,same,"same Dan Ross Playground refurbishment, identical scope",sonnet,reworded
BKCB10,2025,04c6a760b0a9,2026,c072dd9029ef,0.683,same,"same park restrooms open past 3pm, now until dusk",sonnet,reworded
BKCB10,2026,feab57f48287,2027,0c56fbed1a4d,0.498,different,79th Street comfort station versus 79th Street playground reconstruction,sonnet,reworded
BKCB10,2024,64697229c232,2027,0c56fbed1a4d,0.308,different,"different parks, John Paul Jones Park versus 79th Street playground",sonnet,reworded
BKCB10,2026,feab57f48287,2027,660cc838f9be,0.847,same,same Shore Road Park 79th Street comfort station refurbishment,sonnet,reworded
BKCB11,2020,e2ad4b19278e,2021,157359644052,0.528,same,same additional DOB inspectors for illegal use and zoning infractions,sonnet,reworded
BKCB11,2020,46771f98b7fd,2021,38367b14fcdc,0.792,same,same enforcement of litter laws to protect waterways and beaches,sonnet,reworded
BKCB11,2020,3297d79a4e73,2021,5491e769f804,0.672,same,same increased funding for senior services,sonnet,reworded
BKCB11,2020,0cf1952b821d,2021,750a3914f6f6,0.36,same,same increased funding for youth programs in CB11,sonnet,reworded
BKCB11,2020,62a85d02c651,2021,98158b965ebd,0.598,same,same study of whether infrastructure supports growth; core services added,sonnet,reworded
BKCB11,2020,280ea22dbbfd,2021,b1bb4e2b3e68,0.917,same,"same Bay Parkway and Shore Parkway flooding study, identical text",sonnet,reworded
BKCB11,2020,8e1c6531038c,2021,b34a75f421e9,0.55,same,same basketball and handball court refurbishment; later text omits park name,sonnet,reworded
BKCB11,2020,cf9305dff3f0,2021,cdb48dcf39e3,0.895,same,same Bensonhurst Park additional funding for final renovation phases,sonnet,reworded
BKCB11,2020,87be35fc1905,2021,f15d2674e81d,0.367,different,DSNY mechanical brooms versus police Fleet Services replacement vehicles,sonnet,reworded
BKCB11,2020,38667ba78886,2021,fe8dcf7d2d3e,0.755,same,same FDNY Community Affairs funding for open houses and block parties,sonnet,reworded
BKCB11,2021,63db39bbe051,2022,04d66fbcb2eb,0.576,same,same forestry operations pruners and climbers funding,sonnet,reworded
BKCB11,2021,fa46e1418fe9,2022,09dadcd9da48,0.951,same,same cleaning personnel for arterial highways,sonnet,reworded
BKCB11,2021,b34a75f421e9,2022,2c5fca16c8d4,0.342,different,basketball and handball courts versus Benson Playground renovation,sonnet,reworded
BKCB11,2021,c1f6fb55fabd,2022,662da9975292,0.955,same,same motorized litter patrols funding,sonnet,reworded
BKCB11,2021,ff8a5eac1e72,2022,88aa8f0e0dbd,0.964,same,same maintenance and recreation workers for CB11 parks,sonnet,reworded
BKCB11,2020,80e65487275a,2022,9d1a1c5f03ef,0.578,same,same leading pedestrian interval expansion,sonnet,reworded
BKCB11,2021,98b56fc185ab,2022,9d9f754099bf,0.841,same,same DOT milling and resurfacing program funding,sonnet,reworded
BKCB11,2021,de86469a944a,2022,ac6fa7e1c502,0.843,same,"same private-site graffiti removal service request, restore versus expand",sonnet,reworded
BKCB11,2021,5f09ef1941f4,2022,b159229af0fa,1.0,same,same sanitation enforcement agents for illegal dumping,sonnet,reworded
BKCB11,2021,b770b86fb161,2022,b5131c72a1b8,0.463,same,same added patrol strength for the 62nd Precinct,sonnet,reworded
BKCB11,2021,6d5d161c8c9b,2022,c484f36c021f,0.737,same,"same dedicated day-line basket truck, now baseline funding",sonnet,reworded
BKCB11,2021,40278f6dc411,2022,d1d9c6086b4e,0.793,same,same DOT night resurfacing program funding,sonnet,reworded
BKCB11,2021,87be35fc1905,2022,e0ee9f4f0e98,0.765,same,"same DSNY fleet replacement; brooms kept, trucks and vehicles added",sonnet,reworded
BKCB11,2021,9ccfd4ab9b1f,2022,e37c0c90fba2,0.904,same,"same pedestrian countdown clock installation, intersections specified in CB11",sonnet,reworded
BKCB11,2022,4491594e0a36,2023,0afb899426f8,0.471,different,DOHMH rat inspection and abatement versus Parks rat abatement personnel in parks,sonnet,reworded
BKCB11,2022,562f28006093,2023,169188a9bf82,0.404,different,Bay Parkway intersection flooding study versus Shore Parkway Bay 8th to Bay 20th reconstruction study,sonnet,reworded
BKCB11,2022,662da9975292,2023,187438ac8385,0.771,same,same motorized litter patrols funding,sonnet,reworded
BKCB11,2022,667f49798c8d,2023,1c84435c6cca,0.92,same,same eastbound Belt Parkway entrance relocation from Bay Parkway,sonnet,reworded
BKCB11,2022,2164db48c406,2023,20db9578d56e,0.95,same,same Small Business Services merchant organizing support for commercial corridors,sonnet,reworded
BKCB11,2022,88aa8f0e0dbd,2023,24c7a388055f,0.924,same,"same maintenance and recreation workers for parks, seasonal and permanent added",sonnet,reworded
BKCB11,2022,b159229af0fa,2023,3108ae122ae5,0.63,same,same dedicated sanitation enforcement agents for illegal dumping and routing times,sonnet,reworded
BKCB11,2022,2c5fca16c8d4,2023,3149ddc94d0d,0.319,different,Benson Playground versus Garibaldi Playground,sonnet,reworded
BKCB11,2022,028ca716dcd9,2023,32d72a54ff9e,0.371,different,Bay Parkway roadway cave-ins versus Regulator 9A sewer odor study,sonnet,reworded
BKCB11,2022,5dc6f3750c64,2023,41ece28a47e5,0.305,different,Bath Beach Park courts versus synthetic turf field conversion,sonnet,reworded
BKCB11,2022,9f0782fc3eaa,2023,4cb233905917,0.724,same,same tidal gate study at 17th Avenue outfall,sonnet,reworded
BKCB11,2022,f52e9a1d110f,2023,5255e075228f,0.882,same,"same additional basket truck collection on commercial strips, baseline funding",sonnet,reworded
BKCB11,2022,5dc6f3750c64,2023,52eedbd8276f,0.662,same,same Bath Beach Park basketball and handball court reconstruction,sonnet,reworded
BKCB11,2022,4491594e0a36,2023,6a7b4dc91f7b,0.603,same,same DOHMH rat control resources for increased sightings,sonnet,reworded
BKCB11,2022,04d66fbcb2eb,2023,7636a7f4cf90,0.79,same,same forestry pruners and climbers funding,sonnet,reworded
BKCB11,2022,a38feaf6d259,2023,8d736046cd50,0.85,same,same EFAP expansion for food pantries after COVID-19,sonnet,reworded
BKCB11,2022,5dc6f3750c64,2023,a70cd54d3f5a,0.376,different,Bath Beach Park courts versus Bensonhurst Park courts,sonnet,reworded
BKCB11,2022,3747dd323184,2023,a70cd54d3f5a,0.376,different,Comfort station feasibility versus basketball and handball court reconstruction,sonnet,reworded
BKCB11,2022,3747dd323184,2023,cfb3ef898d7b,0.414,different,comfort station feasibility versus Bensonhurst ballfields reconstruction with restroom,sonnet,reworded
BKCB11,2022,74054882d817,2023,d44b61581388,0.739,same,"same Bath Playground reconstruction, more detail added",sonnet,reworded
BKCB11,2022,de0396662ffa,2023,d9554fd55754,0.956,same,same HPD Housing Litigation funding,sonnet,reworded
BKCB11,2022,cf856afce330,2023,dc575c6b2603,0.789,same,same additional Park Enforcement Police for CB11 parks,sonnet,reworded
BKCB11,2022,157359644052,2023,ec017da19178,0.649,same,same additional DOB inspectors and training for illegal uses and zoning,sonnet,reworded
BKCB11,2023,09dadcd9da48,2024,222a159dc050,1.0,same,same arterial highway cleaning personnel,sonnet,reworded
BKCB11,2023,1f813ab38f93,2024,2a7a275a7d44,0.848,same,same feasibility study of flood-warning signs at Belt Parkway entrances,sonnet,reworded
BKCB11,2021,517e49537dea,2024,37b37d61b53c,0.486,same,same perimeter sidewalk replacement at Bath Beach Park or its playground,sonnet,reworded
BKCB11,2023,69b7bf1e68e6,2024,37b37d61b53c,0.354,different,Bay Parkway trench restoration versus Bath Beach Playground sidewalks,sonnet,reworded
BKCB11,2023,562f28006093,2024,5c3190f22f33,0.545,different,flooding study versus sidewalk replacement and widening on Bay Parkway,sonnet,reworded
BKCB11,2021,b477cfb0833f,2024,5c3190f22f33,0.4,different,"greenway guardrails versus Bay Parkway sidewalk, different sites",sonnet,reworded
BKCB11,2023,e0ee9f4f0e98,2024,7b6bd59eee4f,0.949,same,same DSNY replacement cycle for collection trucks and mechanical brooms,sonnet,reworded
BKCB11,2023,9136a87c0072,2024,9136a87c0072,1.0,same,identical request to increase firefighter headcount,sonnet,reworded
BKCB11,2023,995eeb463d94,2024,d987da93986e,0.38,different,Benson Playground versus Garibaldi Playground,sonnet,reworded
BKCB11,2023,5255e075228f,2024,f56865d2446f,0.474,same,same extra basket truck collection on commercial strips,sonnet,reworded
BKCB11,2022,ac6fa7e1c502,2024,f9c2b8aad705,0.639,same,same graffiti removal program funding,sonnet,reworded
BKCB11,2024,3108ae122ae5,2025,200247e305e5,0.316,different,sanitation dumping enforcement versus police overnight parking enforcement agents,sonnet,reworded
BKCB11,2024,37b37d61b53c,2025,2cf6ae450854,0.65,same,"same Bath Beach Playground sidewalk replacement, narrowed to 17th Avenue side",sonnet,reworded
BKCB11,2024,72e91a6ba414,2025,3724ddbf3b76,0.312,unsure,"different park names, similar upgrades; cannot confirm same site",sonnet,reworded
BKCB11,2024,5c3190f22f33,2025,70537748dd90,0.967,same,same Bay Parkway east side sidewalk replacement and widening,sonnet,reworded
BKCB11,2024,7af4aced2ca3,2025,7af4aced2ca3,1.0,same,identical power washing request,sonnet,reworded
BKCB11,2024,f2102237ef0c,2025,86c3dd65198d,0.326,different,Belt Parkway open space study versus Cropsey Avenue median green infrastructure,sonnet,reworded
BKCB11,2024,9136a87c0072,2025,9136a87c0072,1.0,same,identical request for more firefighters,sonnet,reworded
BKCB11,2023,52eedbd8276f,2025,d99646c7fb2d,0.732,same,same Bath Beach Park basketball and handball court reconstruction,sonnet,reworded
BKCB11,2024,fb54510071a2,2025,d99646c7fb2d,0.441,same,"same Bath playground courts reconstruction, now narrowed to courts",sonnet,reworded
BKCB11,2024,d351bdfdf6a3,2025,f2d7f751e9ca,0.456,unsure,Now only lighting under the el; then full streetscape rebuild including lighting,sonnet,reworded
BKCB11,2024,5c3190f22f33,2025,fb4606e4d246,0.556,different,Bay Parkway sidewalk widening versus relocating Shore Parkway bike lane,sonnet,reworded
BKCB11,2025,0ff8cb113148,2026,125455358d49,0.835,same,same Bensonhurst Park southern ballfields reconstruction,sonnet,reworded
BKCB11,2025,69b7bf1e68e6,2026,46e2598b0f6c,0.418,different,"Bay Parkway sewer defects versus 19th Avenue sewer defects, different street",sonnet,reworded
BKCB11,2025,7af4aced2ca3,2026,7af4aced2ca3,1.0,same,identical power washing request,sonnet,reworded
BKCB11,2025,9136a87c0072,2026,9136a87c0072,1.0,same,identical request for more firefighters,sonnet,reworded
BKCB11,2025,32d72a54ff9e,2026,a7ee6deac8dc,0.836,same,same Regulator 9A study at Bay 16 Street,sonnet,reworded
BKCB11,2025,0ff8cb113148,2026,f09cade8ec7d,0.346,same,same Bensonhurst Park south ballfields and water service rebuild,sonnet,reworded
BKCB11,2026,7af4aced2ca3,2027,7af4aced2ca3,1.0,same,identical power washing request,sonnet,reworded
BKCB11,2026,9136a87c0072,2027,9136a87c0072,1.0,same,identical request for more firefighters,sonnet,reworded
BKCB12,2020,88eab064837d,2021,0668a72fdf9d,0.756,same,same HRA staff visits to board office,sonnet,reworded
BKCB12,2020,b29c794bbe1f,2021,08ed15c9f8b7,0.328,same,same tree health checks and faster replacement,sonnet,reworded
BKCB12,2020,e7a1ab2dae1f,2021,099f596056fd,0.791,same,same Friends Field lighting request,sonnet,reworded
BKCB12,2020,1ffb324a0e03,2021,13eebeb8b0f7,0.634,same,same Parks staff to lock parks after dusk,sonnet,reworded
BKCB12,2020,0123322eb596,2021,1ca0102b3bc0,0.577,same,same regular catch basin cleaning and repair,sonnet,reworded
BKCB12,2020,778b0f814dcd,2021,24fe208f4127,0.648,same,"same 18th Avenue traffic study, 45th Street to Ocean Parkway",sonnet,reworded
BKCB12,2020,d02f095d25e8,2021,3625c9241875,0.56,same,"same HRA social services office request, more detail",sonnet,reworded
BKCB12,2020,95bb36caa1db,2021,3964e4300188,0.59,same,"same vocational training investment emphasizing high-paying skills, near-identical text",sonnet,reworded
BKCB12,2020,20878c823736,2021,404527aaee7c,0.817,same,same expand Traffic Engineering staff for faster traffic studies,sonnet,reworded
BKCB12,2020,3432d8f96615,2021,47283e215d2c,0.767,same,same D and F line elevators at same stations,sonnet,reworded
BKCB12,2020,ef65ca2a2e40,2021,5020d5513dd6,0.996,same,same Rappaport roller hockey rink replacement,sonnet,reworded
BKCB12,2020,8003ea94c166,2021,7cae14190c7a,0.759,same,same 66th Precinct Community Affairs unmarked vehicle request,sonnet,reworded
BKCB12,2020,37eeafb9c5df,2021,91ec25bd55af,0.709,same,same Summer Youth Employment funding,sonnet,reworded
BKCB12,2020,4abe66bad6c5,2021,94059cba9cbd,0.782,same,same permanent cleaning officer for the district,sonnet,reworded
BKCB12,2020,429ac9c48cdd,2021,b7034df0a68c,0.646,same,same Sanitation police assigned to district for illegal dumping,sonnet,reworded
BKCB12,2020,3074215a168b,2021,d3ced2227629,0.476,same,same 37th Street reconstruction between 14th and 15th Avenues,sonnet,reworded
BKCB12,2020,fda402957a32,2021,dde26a6db001,0.483,same,same repair of tree-damaged sidewalks,sonnet,reworded
BKCB12,2020,778b0f814dcd,2021,e435bc7898c6,0.588,different,"18th Avenue traffic study versus 13th Avenue traffic study, different avenue",sonnet,reworded
BKCB12,2020,52a1edfb0efc,2021,f4c12778bbff,0.79,same,same traffic control agents for congested avenues,sonnet,reworded
BKCB12,2020,a0eadd9f8714,2021,f65b004ea323,0.594,same,same rezoning study of commercial strip near 60th Street,sonnet,reworded
BKCB12,2020,a968e60e0069,2021,f7b5f73366ab,0.926,same,"same Avenue I traffic study, McDonald to Coney Island Avenue",sonnet,reworded
BKCB12,2021,e39c90488baf,2022,2aca544eb57f,0.577,same,same daily pickup for private schools,sonnet,reworded
BKCB12,2021,1ca0102b3bc0,2022,aa1c0c538ca6,0.344,same,same proactive citywide catch basin cleaning request,sonnet,reworded
BKCB12,2022,47283e215d2c,2023,1d72b75e0630,0.859,same,same D and F line elevators at same stations,sonnet,reworded
BKCB12,2022,4ac331716694,2023,4adec486c02d,0.382,unsure,"general CBO social services funding narrowed to one program, IOI; scope unclear",sonnet,reworded
BKCB12,2022,0668a72fdf9d,2023,720574a2f8d0,0.702,same,same HRA staff visits to board office,sonnet,reworded
BKCB12,2022,d3ced2227629,2023,7897a1061256,0.709,same,"same 37th Street reconstruction, added funding history",sonnet,reworded
BKCB12,2022,dd5c649ad320,2023,84554040e5ca,0.665,same,same 60th Street and 13th Avenue wrong-way signage request,sonnet,reworded
BKCB12,2022,2aca544eb57f,2023,92c3ecb585ec,0.972,same,same dedicated truck for daily private school trash pickup,sonnet,reworded
BKCB12,2020,ddb378cedeab,2023,93942b21d8e8,0.318,unsure,"child care overlaps, but now adds early intervention and changes agency",sonnet,reworded
BKCB12,2022,0d2489b60f2b,2023,ab6fe3791c30,0.707,same,same targeted vocational training and Workforce1 gap funding,sonnet,reworded
BKCB12,2022,36821135860d,2023,bcf8657ea9b3,0.847,same,same weekly dedicated MPL route,sonnet,reworded
BKCB12,2022,b7034df0a68c,2023,bd68c81b4fbb,0.495,same,same Sanitation officers assigned to district for dumping hotspots,sonnet,reworded
BKCB12,2022,766be2134a03,2023,e01407b9f23c,0.908,same,same traffic control agents for congested avenues,sonnet,reworded
BKCB12,2022,929aea3c5df8,2023,e6d02c0ba0d8,0.421,same,same 66th Precinct new station house request,sonnet,reworded
BKCB12,2023,af1839c765fe,2024,0cd299c1a2f9,0.771,same,same NYPD tow truck for illegally parked residential-street vehicles,sonnet,reworded
BKCB12,2023,659bfe96927f,2024,2e79f3199142,0.898,same,same CBO mental health and special needs daycare funding,sonnet,reworded
BKCB12,2023,bd68c81b4fbb,2024,4607f2e5aec8,0.768,unsure,"same dumping hotspots, but officers request became cameras funding",sonnet,reworded
BKCB12,2023,e2a501dc5f8f,2024,50fc74ea3ccd,0.933,same,same Ocean Parkway malls maintenance crew and truck,sonnet,reworded
BKCB12,2023,92c3ecb585ec,2024,61b4adb42627,0.4,same,same dedicated truck for school trash collection,sonnet,reworded
BKCB12,2023,92c3ecb585ec,2024,7215abce3584,0.771,same,"same daily trash pickup for private schools, staff instead of truck",sonnet,reworded
BKCB12,2023,bc1c0d988a33,2024,7e9821772fa1,0.817,same,same dedicated mini packer for Ocean Parkway Malls,sonnet,reworded
BKCB12,2023,720574a2f8d0,2024,90fd360ab282,0.739,same,same HRA staff on-site assistance at board office,sonnet,reworded
BKCB12,2023,93942b21d8e8,2024,92ab923ae1d1,0.929,same,same early intervention and child daycare resources,sonnet,reworded
BKCB12,2023,5cd83ac43fff,2024,bf40b08ceef7,0.947,same,same return of midnight mechanical sweeper,sonnet,reworded
BKCB12,2023,1d72b75e0630,2024,c2319603a533,0.992,same,same D and F line elevators at same stations,sonnet,reworded
BKCB12,2023,bcf8657ea9b3,2024,d418fc1ae585,0.984,same,same weekly dedicated MLP route,sonnet,reworded
BKCB12,2023,ef5125f5a779,2024,d9ef47e885ff,1.0,same,same rat and pigeon control request,sonnet,reworded
BKCB12,2023,f2fa9d1cb695,2024,ece5a59e14fd,0.895,same,same increased annual street repaving funding,sonnet,reworded
BKCB12,2024,50fc74ea3ccd,2026,8b9c36f760c4,0.898,same,same Ocean Parkway malls maintenance crew and truck,sonnet,reworded
BKCB12,2024,e02730efd98a,2026,aed3567e1b99,0.774,same,same street tree pruning and replacement resources,sonnet,reworded
BKCB12,2024,c2319603a533,2026,bfc231048ccb,0.654,same,same D and F line elevators at 18th Ave and 50th St,sonnet,reworded
BKCB12,2024,01e7260dc4da,2026,f06bb2391aca,0.395,different,"different flooding sites, 17th versus 18th Avenue, 13th Avenue added",sonnet,reworded
BKCB12,2024,90fd360ab282,2026,f67e156da295,0.502,different,"on-site HRA staff versus scanning machine, different asks",sonnet,reworded
BKCB12,2026,d90d2569ab79,2027,0257fcecaf0d,0.558,same,same DYCD funding for CBO food pantry and social services,sonnet,reworded
BKCB12,2026,f31f77177b18,2027,0de9573b5d5f,0.638,same,"same senior center funding, kosher and translation needs",sonnet,reworded
BKCB12,2026,1b2c8707d87d,2027,184f9267f5c1,0.568,same,same 37th Street reconstruction between 14th and 15th Avenues,sonnet,reworded
BKCB12,2026,9f5b206bfb7c,2027,1b769b6aed9b,0.606,same,"same Rappaport roller hockey rink, now with playground added",sonnet,reworded
BKCB12,2026,90fc1298677f,2027,1dfc92fe0d5a,0.499,same,"same proactive catch basin cleaning, annual cycle added",sonnet,reworded
BKCB12,2026,aed3567e1b99,2027,2b87f38eff81,0.547,same,same tree health checks and faster tree replacement,sonnet,reworded
BKCB12,2026,f06bb2391aca,2027,3b4fbc4a8504,0.449,same,"same storm sewer upgrades at 18th Ave, 60th St, 13th Ave",sonnet,reworded
BKCB12,2026,7e9821772fa1,2027,3e1c1e463541,0.507,same,same dedicated mini packer for Ocean Parkway Malls,sonnet,reworded
BKCB12,2026,bf40b08ceef7,2027,4a354a0de9ec,0.524,same,same reinstate midnight mechanical sweeper,sonnet,reworded
BKCB12,2026,13eebeb8b0f7,2027,4dc4f729b4ea,0.433,same,same Parks staff to lock parks after dusk,sonnet,reworded
BKCB12,2026,26ef0593e74f,2027,5d8de88d7db9,0.585,same,same more HIQA inspectors and dedicated CB12 inspector,sonnet,reworded
BKCB12,2026,bfc231048ccb,2027,7dec8b20a165,0.568,same,same D and F line elevators at same stations,sonnet,reworded
BKCB12,2026,f3c8f4ff910a,2027,7ff62f960eec,0.809,same,same traffic control agents for congested avenues,sonnet,reworded
BKCB12,2026,3ec507839014,2027,81c65eff04b0,0.484,same,"same mosquito and rat control, skunk response added",sonnet,reworded
BKCB12,2026,dfa45ce1b121,2027,8e780f8266c3,0.468,same,"same targeted vocational training and Workforce1 gap, English classes added",sonnet,reworded
BKCB12,2026,02e259bdf855,2027,9d1ecd389758,0.473,same,same 13th Avenue engineering traffic study,sonnet,reworded
BKCB12,2026,8414aedb429f,2027,b91817d824f6,0.702,same,same SOS Supporting Our Seniors funding increase,sonnet,reworded
BKCB12,2026,4014745b3350,2027,c96f777a8d86,0.331,same,"same sixth broom for Monday, Tuesday, Thursday, Friday routes",sonnet,reworded
BKCB12,2026,f67e156da295,2027,ddb101a040de,0.609,same,same HRA scanning machine at board office,sonnet,reworded
BKCB12,2026,adaef700b548,2027,ece50a1acf5f,0.759,same,same comfort station in Col. Marcus Park playground,sonnet,reworded
BKCB13,2020,cd717c76e33d,2021,06eccdad5616,0.945,same,same storefront facade improvement support,sonnet,reworded
BKCB13,2020,1e25d7f3f04c,2021,4378471017b7,0.772,unsure,"shoreline green infrastructure both years, but dunes versus green streets and playgrounds",sonnet,reworded
BKCB13,2020,06b4c8ffdbef,2021,486e57192fa5,0.313,different,"Brighton Beach Avenue reconstruction versus pedestrian street lighting, different work",sonnet,reworded
BKCB13,2020,9bfbd1d9f5cc,2021,50609a08df57,0.997,same,same emergency housing for fire and vacate order displacement,sonnet,reworded
BKCB13,2020,e2fb54906cd8,2021,57591230e445,0.962,same,"same immigrant immunization outreach, measles added",sonnet,reworded
BKCB13,2020,5ff466c5bd3f,2021,59f64725efce,0.974,same,same extend B82 bus to Stillwell Avenue,sonnet,reworded
BKCB13,2020,60dfee60bbe2,2021,5ca71af28bc8,0.55,same,same Community Board 13 sanitation garage relocation,sonnet,reworded
BKCB13,2020,ced98495ff00,2021,71565d8e1be6,0.667,same,same Asser Levy Park dog run,sonnet,reworded
BKCB13,2020,d02d93c2b937,2021,7874e6f0cd54,0.688,same,same bikeway along beach parallel to Riegelmann Boardwalk,sonnet,reworded
BKCB13,2020,7a984c807519,2021,7a984c807519,1.0,same,identical Luna Park playground reconstruction,sonnet,reworded
BKCB13,2020,32d45604ac86,2021,8611545751e7,0.686,same,"same boardwalk bathrooms at west end, with drinking fountains",sonnet,reworded
BKCB13,2020,995b41c5262a,2021,995b41c5262a,1.0,same,identical Battalion 43 building repairs,sonnet,reworded
BKCB13,2020,fea9da52646c,2021,a1809dea238b,0.905,same,same HPD community outreach funding,sonnet,reworded
BKCB13,2020,1ac2f07fce2c,2021,a5f73e28750e,0.384,different,boardwalk capital rehabilitation versus operating funds for maintenance,sonnet,reworded
BKCB13,2020,3e2698775879,2021,f0a555207d7d,1.0,same,same Kaiser Park handball courts and Mark Twain circle,sonnet,reworded
BKCB13,2021,1ac2f07fce2c,2022,011cf23e7f0c,0.636,same,"same Coney Island Boardwalk rehabilitation, entire length",sonnet,reworded
BKCB13,2021,9210330e5dd5,2022,3f9b0371847a,0.73,same,"same Surfside Community Garden leveling, storage, fencing",sonnet,reworded
BKCB13,2021,71565d8e1be6,2022,71565d8e1be6,1.0,same,identical Asser Levy Park dog run,sonnet,reworded
BKCB13,2021,7a984c807519,2022,7a984c807519,1.0,same,identical Luna Park playground reconstruction,sonnet,reworded
BKCB13,2021,995b41c5262a,2022,995b41c5262a,1.0,same,identical Battalion 43 building repairs,sonnet,reworded
BKCB13,2021,a5f73e28750e,2022,ae35cf8fa162,0.99,same,same operating funds for Boardwalk maintenance,sonnet,reworded
BKCB13,2021,db6c66d4118c,2022,c808391cb5fa,0.327,same,"same NYCHA security cameras, now broader entry security systems",sonnet,reworded
BKCB13,2021,8611545751e7,2022,d14cf72e5c12,1.0,same,"same boardwalk west-end bathrooms, fountains, showers",sonnet,reworded
BKCB13,2021,788396f34d2b,2022,e5b41e4f4c41,0.499,same,same police surveillance cameras in high crime areas,sonnet,reworded
BKCB13,2021,110d2774b037,2022,f9421cf74655,0.502,same,same Coney Island Creek ferry landing,sonnet,reworded
BKCB13,2022,d14cf72e5c12,2023,14ad97e250d8,0.351,different,new boardwalk bathrooms versus operating funds for boardwalk upkeep,sonnet,reworded
BKCB13,2022,f9421cf74655,2023,272909f8e6f9,0.888,same,"same Coney Island ferry landing request, barge item added",sonnet,reworded
BKCB13,2020,04073f53ae58,2023,38d232c3219b,0.358,different,F train express versus extending B train to Stillwell,sonnet,reworded
BKCB13,2022,59f64725efce,2023,38d232c3219b,0.315,different,B82 bus extension versus B train extension to Stillwell,sonnet,reworded
BKCB13,2022,71565d8e1be6,2023,71565d8e1be6,1.0,same,identical Asser Levy Park dog run,sonnet,reworded
BKCB13,2022,011cf23e7f0c,2023,7a428446fab6,0.306,different,boardwalk rehabilitation versus recycling collection on boardwalk,sonnet,reworded
BKCB13,2022,7a984c807519,2023,7a984c807519,1.0,same,identical Luna Park playground reconstruction,sonnet,reworded
BKCB13,2022,995b41c5262a,2023,995b41c5262a,1.0,same,identical Battalion 43 building repairs,sonnet,reworded
BKCB13,2022,ae1c8e8d0711,2023,ad265091c757,0.875,same,same teen pregnancy programs in schools and community,sonnet,reworded
BKCB13,2022,011cf23e7f0c,2023,afc747d6f994,0.904,same,same Boardwalk rehabilitation and heavy vehicle problem,sonnet,reworded
BKCB13,2022,d6c63d9fb07b,2023,d45a09f4e34e,0.308,same,same consultants for community board planning services,sonnet,reworded
BKCB13,2022,805233ce1143,2023,de10a62eb05d,0.628,same,"same Boardwalk signage request, street names in both",sonnet,reworded
BKCB13,2022,70e20faf45ad,2023,e5abb84fd3ea,0.982,same,same NYCHA Coney Island mold and air quality testing,sonnet,reworded
BKCB13,2022,5cea94c8de59,2023,eccba7dcf6f4,0.97,same,same new recreation center behind Mark Twain JHS,sonnet,reworded
BKCB13,2022,1a2fae62f76a,2023,f669a0f35ed5,0.974,same,same NORC programs and health services,sonnet,reworded
BKCB13,2022,43db308ffbab,2023,fbc05289c4ed,0.658,same,"same more public art in district, now via Percent for Art",sonnet,reworded
BKCB13,2023,e5abb84fd3ea,2024,479ef7b2646b,0.881,same,"same mold air quality testing, areas broadened within Coney Island district",sonnet,reworded
BKCB13,2023,71565d8e1be6,2024,71565d8e1be6,1.0,same,identical Asser Levy Park dog run,sonnet,reworded
BKCB13,2023,7a984c807519,2024,7a984c807519,1.0,same,identical Luna Park playground reconstruction,sonnet,reworded
BKCB13,2023,1f7a8ddf888d,2024,a728f40530c1,0.946,same,same Level 1 trauma center at Coney Island Hospital,sonnet,reworded
BKCB13,2023,14ad97e250d8,2024,cd1be8ff95b2,0.946,same,same Riegelmann Boardwalk operating resources,sonnet,reworded
BKCB13,2023,272909f8e6f9,2024,e9398f78e5b4,0.572,unsure,ferry landing now built; ask became EDC report on Creek versus Steeplechase site,sonnet,reworded
BKCB13,2024,f41105ad3f29,2025,129d4c52f866,0.822,same,same Coney Island and Brighton Beach traffic study,sonnet,reworded
BKCB13,2024,d45a09f4e34e,2025,1e99e6cc3b25,1.0,same,same consultants for community board planning services,sonnet,reworded
BKCB13,2024,73e7f813083d,2025,3a429bbcb499,0.823,same,same Coney Island sewer upgrades through West 37th Street,sonnet,reworded
BKCB13,2024,f5c663faaf77,2025,401f60189d7f,0.946,same,"same additional uniformed officers, summer detail wording",sonnet,reworded
BKCB13,2024,2af342d92ec1,2025,431873596451,0.98,same,same incubator or lab space for small businesses,sonnet,reworded
BKCB13,2024,479ef7b2646b,2025,4977f7e7dd9a,0.907,same,same mold air quality testing in same four neighborhoods,sonnet,reworded
BKCB13,2024,3f9b0371847a,2025,6b2df3e3d2ba,0.433,unsure,"GreenThumb help for Surfside garden, but works changed and two gardens added",sonnet,reworded
BKCB13,2024,71565d8e1be6,2025,71565d8e1be6,1.0,same,identical Asser Levy Park dog run,sonnet,reworded
BKCB13,2024,7a984c807519,2025,7a984c807519,1.0,same,identical Luna Park playground reconstruction,sonnet,reworded
BKCB13,2024,e7edbda2443c,2025,8f09d0264aaf,0.735,same,"same more DEP inspectors, illegal creek connections",sonnet,reworded
BKCB13,2024,0ae47f4533dd,2025,94502dacaa3d,0.969,same,same emergency housing for fire and vacate displacement,sonnet,reworded
BKCB13,2024,38d232c3219b,2025,9adac4b65c3e,0.623,same,"same B train service at Stillwell terminal, now morning-start wording",sonnet,reworded
BKCB13,2024,ef5448af3526,2025,a0c73caddb42,0.967,same,same new recreation center behind Mark Twain JHS,sonnet,reworded
BKCB13,2024,ba548f489ce2,2025,a45ccd7ea4b3,0.966,same,"same summer parking and traffic flow problem, now framed as study",sonnet,reworded
BKCB13,2024,e9398f78e5b4,2025,af823e650d9f,0.617,same,"the same Coney Island ferry, now at Steeplechase Pier",resolved,reworded
BKCB13,2024,3628b61943ac,2025,bd2e7851438d,0.95,same,"same shoreline green streets and green playgrounds, porous pavement added",sonnet,reworded
BKCB13,2024,bdd433ce9b56,2025,dbbee3f1d903,0.953,same,same shoreline protection for entire shorefront,sonnet,reworded
BKCB13,2024,c917ad292a63,2025,fb28161a2b3f,0.962,same,"same Community Board 13 sanitation garage, added note to find another site",sonnet,reworded
BKCB13,2024,3773d90d3e32,2025,fb2e354c70f0,0.928,same,"same NYPD youth crime prevention programs, Saturday Night Lights added",sonnet,reworded
BKCB13,2025,8809dd8c73c7,2026,1b7b0d321eeb,1.0,same,same Riegelmann Boardwalk rehabilitation and storm surge study,sonnet,reworded
BKCB13,2025,ae4074178fb3,2026,46cc651501a6,0.783,same,same Level 1 trauma center at South Brooklyn Health,sonnet,reworded
BKCB13,2025,06b4c8ffdbef,2026,717aa48e7f3b,0.331,different,Brighton Beach Avenue reconstruction versus Barnes Dance crossings,sonnet,reworded
BKCB13,2025,0907374c887a,2026,73213adaac44,0.301,different,traffic enforcement agents versus Ocean Parkway bike lane reconstruction,sonnet,reworded
BKCB13,2025,7a984c807519,2026,7a984c807519,1.0,same,identical Luna Park playground reconstruction,sonnet,reworded
BKCB13,2025,3a429bbcb499,2026,8642097efcd0,0.416,different,sewer upgrades on three avenues versus Neptune Playground upgrade,sonnet,reworded
BKCB13,2025,4977f7e7dd9a,2026,8aaf3aed2d0c,0.904,same,"same air quality mold testing, separate study emphasis added",sonnet,reworded
BKCB13,2025,129d4c52f866,2026,94e945dcdc56,0.805,same,"same Coney Island and Brighton Beach traffic study, now underway",sonnet,reworded
BKCB13,2025,71565d8e1be6,2026,9a41b154c4ce,0.788,same,"same Asser Levy Park dog run, now funded and in design",sonnet,reworded
BKCB13,2025,f0a555207d7d,2026,bffdca50320c,0.944,same,same Kaiser Park handball court and Mark Twain circle work,sonnet,reworded
BKCB13,2025,fb2e354c70f0,2026,d722219503c7,0.82,same,"same youth crime prevention programs, Drone Soccer added",sonnet,reworded
BKCB13,2025,06b4c8ffdbef,2026,d84651b4ed02,0.333,different,Brighton Beach Avenue reconstruction versus Park Administrator for boardwalk area,sonnet,reworded
BKCB13,2025,5f2c1bf303ca,2026,dade6f7bad65,0.964,same,same 60th Precinct renovation with elevator and ADA access,sonnet,reworded
BKCB13,2025,5cf5412920ef,2026,dc2615ef235d,0.496,unsure,"crossing guards in both, but now school safety agents and security guards",sonnet,reworded
BKCB13,2025,a6bb8c476167,2026,e512469392a4,0.469,different,NYPD precinct vehicles versus FDNY Gators for ASAP program,sonnet,reworded
BKCB13,2025,8dfbd815b80b,2026,e7a06ee1bcfe,0.85,same,same B82 bus extension to Stillwell Avenue,sonnet,reworded
BKCB13,2025,401f60189d7f,2026,f03a9c6dc5a2,0.928,same,"same additional uniformed officers, summer detail wording",sonnet,reworded
BKCB13,2025,0907374c887a,2026,f1d3dc2f5f39,0.93,same,same traffic enforcement agents for Neptune Avenue and Ocean Parkway congestion,sonnet,reworded
BKCB13,2026,1b7b0d321eeb,2027,0e38dbc53d3d,0.742,same,same Riegelmann Boardwalk rehabilitation,sonnet,reworded
BKCB13,2026,dc684a4f1331,2027,235b8ddc2e43,0.94,same,"same sewer upgrades on Surf, Mermaid, Neptune Avenues to West 37th",sonnet,reworded
BKCB13,2026,43a93617d5d1,2027,30f7690f22c0,0.994,same,"same adolescent literacy and GED program, near identical wording",sonnet,reworded
BKCB13,2026,1b7b0d321eeb,2027,39b424b691f2,0.688,unsure,NOW is only the storm surge study part of a bundled boardwalk request,sonnet,reworded
BKCB13,2026,de40ead6c028,2027,3b1ec4029f26,0.456,different,street reconstruction versus repainting subway poles on Brighton Beach Avenue,sonnet,reworded
BKCB13,2026,adc10c1c2dc5,2027,3c8f5ba89d24,0.366,different,Parks lifeguard hiring versus new NYCHA youth lifeguard training pilot,sonnet,reworded
BKCB13,2026,7a984c807519,2027,40c27a4a8169,0.56,same,"same Luna Park playground reconstruction, athletic field added",sonnet,reworded
BKCB13,2026,1192cfb05e63,2027,4cdb89cf6bb9,0.599,same,"same multi-use senior center, candidate sites vary",sonnet,reworded
BKCB13,2026,9dcb2ee2646a,2027,51ce8650cecd,0.818,same,same new elementary schools for new residents,sonnet,reworded
BKCB13,2026,5427642c8a6e,2027,6bda90229ee5,0.762,same,same Coney Island air quality and respiratory illness epidemiological study,sonnet,reworded
BKCB13,2026,5912efe4a17f,2027,865c6eb68dbc,0.794,same,"same permanent boardwalk bathrooms at west end, fountains, showers",sonnet,reworded
BKCB13,2026,1b7b0d321eeb,2027,908e80279124,0.493,unsure,NOW is only the heavy-vehicle part of a bundled boardwalk rehabilitation request,sonnet,reworded
BKCB13,2026,9b350a8a05a8,2027,9abdd14ff10b,0.722,same,same off-site parking on city-owned lots with shuttle,sonnet,reworded
BKCB13,2026,b1d695e78a72,2027,af40cb2f2f5a,0.809,same,same performing arts facility request,sonnet,reworded
BKCB13,2026,16fc11ac9514,2027,b6c2ac13c60c,0.824,same,same new middle schools for new residents,sonnet,reworded
BKCB13,2024,fd8c26d1d2a5,2027,cc3d723bb49c,0.323,different,community air monitoring versus NYCHA mold and air study,sonnet,reworded
BKCB13,2026,7ef9dd9391f0,2027,d6d581f77651,0.791,same,same new high school for new residents,sonnet,reworded
BKCB13,2026,46cc651501a6,2027,f8196fd2db35,0.732,same,same Level 1 trauma center at South Brooklyn Health,sonnet,reworded
BKCB13,2026,e1c83926e212,2027,fff1507b59cc,0.865,same,same more FDNY ambulances,sonnet,reworded
BKCB14,2020,684457a36f35,2021,19b4e9a65d3e,0.658,same,"same ACS caseload reduction effort, near identical text",sonnet,reworded
BKCB14,2020,945285823ef5,2021,1ed068760984,0.727,same,same funding for more community board staff and specialists,sonnet,reworded
BKCB14,2020,dfb5366326c2,2021,3c3e9758cefb,0.425,same,"same illegal dumping stake-out enforcement, title mismatch only",sonnet,reworded
BKCB14,2020,8460deb09cc6,2021,3da8f4fce0d0,0.74,same,same Church Avenue subway station upgrade request,sonnet,reworded
BKCB14,2020,c91599d1c8e2,2021,454a037d5200,0.449,same,same street tree maintenance and more robust pruning cycle,sonnet,reworded
BKCB14,2020,a903a36f9f99,2021,9e229899e8c8,0.349,same,same MTA assuming Newkirk Plaza maintenance,sonnet,reworded
BKCB14,2020,a903a36f9f99,2021,aa3d9e8fdf99,0.313,different,EDC RFP for Newkirk Plaza versus MTA assuming its maintenance,sonnet,reworded
BKCB14,2020,07f106eee18c,2021,b39c10971222,0.785,same,same HRA homelessness prevention need and rent burden data,sonnet,reworded
BKCB14,2020,a903a36f9f99,2021,da2f81733ea6,0.379,different,DOT Plaza Program inclusion versus MTA assuming Newkirk Plaza maintenance,sonnet,reworded
BKCB14,2020,a7a0443147ac,2021,dd3d158013f4,0.318,same,"DOT traffic studies, repeated Church and Caton truck route study, added corridors",sonnet,reworded
BKCB14,2020,005c48acd357,2021,e5b9e25d0443,0.77,same,"same funding for firefighter, Marshal, EMS and inspector hires",sonnet,reworded
BKCB14,2020,4497e6065501,2021,ec4fed189824,0.836,same,same 18th Avenue Culver station accessibility improvement,sonnet,reworded
BKCB14,2020,d812dd57fa40,2021,ecc106e6ff7c,0.734,same,"same 70th Precinct relocation, history repeated, new site search added",sonnet,reworded
BKCB14,2020,d812dd57fa40,2021,f7e9854f59a3,0.475,same,"same 70th Precinct house relocation and deficiencies, shorter text",sonnet,reworded
BKCB14,2021,1ed068760984,2022,24530adfa648,0.453,same,same funding for more community board staff and specialists,sonnet,reworded
BKCB14,2021,454a037d5200,2022,2af9db510d77,0.597,same,same street tree pruning and emergency tree work funding,sonnet,reworded
BKCB14,2021,7316931bda0b,2022,54ed411af042,0.898,same,"same mechanism returning funding to community, agency EDC to SBS",sonnet,reworded
BKCB14,2021,6ae0ed918481,2022,7f2a17cac1d6,0.675,same,same Summer Youth Employment expansion and dependable funding,sonnet,reworded
BKCB14,2021,9abd5190b897,2022,c0ac7715e1f6,0.453,same,"same six-day litter basket collection funding, restore versus continue",sonnet,reworded
BKCB14,2021,09a12999ef7d,2022,ed2bcb1e787f,0.697,same,"same BK14 garage heating and cooling replacement, now noted as funded",sonnet,reworded
BKCB14,2022,d5a1b81198cf,2023,2fab6606e0ec,0.853,same,"same new elementary school seats in northern District, same utilization figures",sonnet,reworded
BKCB14,2022,24530adfa648,2023,4b89450342ac,0.791,same,same funding for community board staff and specialists,sonnet,reworded
BKCB14,2022,7f2a17cac1d6,2023,5be071aec871,0.734,same,same SYEP expansion and CBO capacity building,sonnet,reworded
BKCB14,2022,161b1cd05b82,2023,a2f982ccc3b6,0.859,same,same post-pandemic public health education and disparity programs,sonnet,reworded
BKCB14,2022,19a4f91c0f06,2023,e8de433e89fb,0.347,same,"same mental health outreach and mobile crisis teams, details updated",sonnet,reworded
BKCB14,2023,4d3c7bce6ef3,2024,06b4f7f8732c,0.317,same,"same Umma Park, Hot Spot Tot Lot and playground upgrades; Umma now funded",sonnet,reworded
BKCB14,2023,3da8f4fce0d0,2024,19e7b3af0c9d,0.804,same,"same Church Avenue station repair, added survey sentence",sonnet,reworded
BKCB14,2023,8b36594e4b36,2024,26fb1f4422c2,0.663,same,"same DOHMH rodent control coordination with DOB, DSNY and education",sonnet,reworded
BKCB14,2023,490a497faf73,2024,55010ea57f94,0.963,same,"same street tree pruning and in-house contracting, tree count updated",sonnet,reworded
BKCB14,2023,3bec1f610388,2024,5e1608c23379,0.387,same,same ACS caseload reduction and juvenile justice support,sonnet,reworded
BKCB14,2023,ee2ecf1fd3fb,2024,9d12a17eb562,0.379,same,"same DEP response to chronic flooding locations, backflow valve addition",sonnet,reworded
BKCB14,2023,2ba3e64db75c,2024,c10459dad231,0.931,same,"same DHS street outreach expansion, contractor name updated",sonnet,reworded
BKCB14,2023,257652f888c9,2024,c7a8a1c80508,0.454,different,DOT Pedestrian Plaza Program entry versus EDC RFP for Newkirk Plaza,sonnet,reworded
BKCB14,2024,cf6148d4b482,2025,0f984df6f516,0.96,same,"same SYEP expansion and CBO capacity building, attendee count changed",sonnet,reworded
BKCB14,2024,717e240eb13c,2025,18bc6cf74ce5,0.885,same,same DOT trench restoration funding and six repair locations,sonnet,reworded
BKCB14,2024,e4c58c26a183,2025,488fbd3df0bc,0.377,same,"same HPD housing inspection and code enforcement request, details reworded",sonnet,reworded
BKCB14,2024,c10459dad231,2025,5dc445234e81,0.728,same,same DHS street outreach expansion with substance and mental health professionals,sonnet,reworded
BKCB14,2024,06b4f7f8732c,2025,711aff6ca2fd,0.539,same,"same Hot Spot Tot Lot upgrade and DPR capital control, Umma Park dropped",sonnet,reworded
BKCB14,2024,34fc0ef68ecf,2025,91ec94965e99,0.889,same,"same DEP chronic flooding capital projects, text nearly identical",sonnet,reworded
BKCB14,2024,ce8795c12347,2025,985f69aee3cf,0.439,same,"same Beverley Road and Caton Road bridge rehabilitation, Newkirk Avenue added",sonnet,reworded
BKCB14,2024,19e7b3af0c9d,2025,bdda6cac24e0,0.496,same,"same Church Avenue station upgrades, now mentions elevator project",sonnet,reworded
BKCB14,2024,55010ea57f94,2025,c639948310c8,0.788,same,"same street tree pruning and contracting or in-house work, tree count updated",sonnet,reworded
BKCB14,2024,15ccab2c6fd8,2025,e90d759ae78a,0.324,same,same DFTA call to reimagine the senior center RFP,sonnet,reworded
BKCB14,2025,5dc445234e81,2026,134a57f30a1e,0.301,same,"same DHS street outreach expansion with specialized teams, SHAP added",sonnet,reworded
BKCB14,2025,cc32c0871423,2026,1fb7f990acfd,0.761,same,same Flatbush African Burial Ground memorial funding,sonnet,reworded
BKCB14,2024,fc99ad1070c2,2026,25b785a7e2ce,0.53,same,"Newkirk Plaza into DOT Plaza Program, then its capital improvements",sonnet,reworded
BKCB14,2023,257652f888c9,2026,25b785a7e2ce,0.488,different,EDC RFP for an operator versus DOT plaza capital improvements,sonnet,reworded
BKCB14,2025,760558dfba38,2026,25b785a7e2ce,0.472,different,capital improvements at Newkirk Plaza versus adoption into DOT Plaza Program,sonnet,reworded
BKCB14,2025,a5347ea978ea,2026,3dc2c49d8fe7,0.37,same,"same HPD low and extremely low income housing, senior and site detail added",sonnet,reworded
BKCB14,2025,488fbd3df0bc,2026,550c11350630,0.753,same,"same HPD housing code enforcement and DOB permit coordination, details added",sonnet,reworded
BKCB14,2025,91ec94965e99,2026,63fc269de92f,0.562,same,same DEP chronic flooding response and capital project advice,sonnet,reworded
BKCB14,2025,d56611baf247,2026,8e677c0e25d5,0.625,same,"same HRA rental assistance and prevention expansion, program detail added",sonnet,reworded
BKCB14,2025,18bc6cf74ce5,2026,996328c3d8d6,0.776,same,"same DOT trench restoration and roadway repair, seventh location added",sonnet,reworded
BKCB14,2025,393265d70f2a,2026,9a5b516c6fa0,0.555,same,"same BPL capital needs at Cortelyou, Flatbush, Midwood; Kensington added",sonnet,reworded
BKCB14,2025,488fbd3df0bc,2026,b457f7c21dfd,0.433,different,NOW centers on HPD housing plan and tenant harassment; shares only DOB permit sentence,sonnet,reworded
BKCB14,2025,44991248e5ee,2026,fd78bbfa81f3,0.35,same,same capital funding for NYPD tow vehicles and tow lot capacity,sonnet,reworded
BKCB14,2026,fd78bbfa81f3,2027,521be2617433,0.81,same,same capital funding for large NYPD tow vehicles and an additional tow pound,sonnet,reworded
BKCB14,2026,25b785a7e2ce,2027,eb0091c1ee26,0.34,different,MTA study delays and station house upkeep versus DOT capital improvements at plaza,sonnet,reworded
BKCB15,2020,5ad66626ab00,2021,0137458983d7,0.575,different,"Sheepshead Bay Library versus Kings Bay Library, different branch",sonnet,reworded
BKCB15,2020,a76f33187ad0,2021,09470838b2bb,0.777,same,"same Homecrest Library capital needs, reworded",sonnet,reworded
BKCB15,2020,e3a36641eabf@dbfa5e,2021,2b8df0b41434@c0b605,1.0,different,different site and level: 1401 Emmons middle versus 1970 Homecrest elementary,sonnet,site
BKCB15,2020,5ad66626ab00,2021,6b454b8cb9f3,0.867,same,"same Sheepshead Bay Library capital needs, reworded",sonnet,reworded
BKCB15,2020,23eac4b802bf,2021,8ed03edb497b,0.362,different,NYPD traffic enforcement officers versus DOT congestion study on Emmons and Sheepshead Bay Road,sonnet,reworded
BKCB15,2020,551f77e3554d,2021,c992463cc5dd,0.777,same,"same Gravesend Library capital needs, reworded",sonnet,reworded
BKCB15,2020,0b9d0f19966a,2021,e12748d43edf,0.978,same,"same firehouse equipment and upgrade list, near identical",sonnet,reworded
BKCB15,2020,2b8df0b41434@c0b605,2021,e3a36641eabf@dbfa5e,1.0,different,different site and level: 1970 Homecrest elementary versus 1401 Emmons middle school,sonnet,site
BKCB15,2020,e541bce3a642,2021,f5422723354e,0.618,same,"same additional 61st Precinct patrol cars, Capital to Expense",sonnet,reworded
BKCB15,2021,23eac4b802bf,2022,0300b823ab31,0.884,same,same traffic enforcement on the same four commercial corridors,sonnet,reworded
BKCB15,2021,1247a6316af9,2022,072a99f3d69c,0.871,same,same Emmons Avenue medians debris and sanitation manpower,sonnet,reworded
BKCB15,2021,62ce063be478,2022,07fc7312c045,0.761,same,same Sheepshead Bay Road dirty sidewalk enforcement,sonnet,reworded
BKCB15,2021,8ed03edb497b,2022,098436b3ea55,0.857,same,same Emmons Avenue and Sheepshead Bay Road congestion plan and school-hours study,sonnet,reworded
BKCB15,2021,2ceac6e38cc3,2022,0b3df8d379fa,0.853,same,"same back-flow preventers in Manhattan Beach, Sheepshead Bay and Gerritsen Beach",sonnet,reworded
BKCB15,2021,e12748d43edf,2022,0b4b0cb6c7ce,0.862,same,"same four firehouses and equipment upgrades, a few items swapped for stoves",sonnet,reworded
BKCB15,2021,143a6ce21828,2022,1066ac6c80b7,0.754,same,same solar lighting for street lights and traffic signals,sonnet,reworded
BKCB15,2021,54b15b785e53,2022,13700e2eb83d,0.846,same,same Coney Island Hospital Level 1 trauma designation funding,sonnet,reworded
BKCB15,2021,f855b7c86bd9,2022,19e0090fb9de,0.354,different,4x4 truck versus diesel dispenser and oil separator replacement,sonnet,reworded
BKCB15,2021,f5422723354e,2022,1bbc266afe95,0.459,same,same additional 61st Precinct fleet vehicles,sonnet,reworded
BKCB15,2021,c01596041e21,2022,223192ae7933,0.328,same,same incentives for vacant storefronts and small business support,sonnet,reworded
BKCB15,2021,71674e22121c,2022,2dd501037fca,0.825,same,same Gerritsen Beach sewer and street reconstruction south of Bartlett Avenue,sonnet,reworded
BKCB15,2021,60e68952ce1b,2022,32e2b85d2f06,0.927,same,same Manhattan Beach Bath House restoration,sonnet,reworded
BKCB15,2021,f855b7c86bd9,2022,39baa7ae3496,0.646,same,same 4x4 truck for Sanitation District 15,sonnet,reworded
BKCB15,2021,6d412019a0bc,2022,3a0e1d9e1b9a,0.974,same,"same catch basin cleaning on Shore Boulevard, Oriental and Gerritsen Avenues",sonnet,reworded
BKCB15,2021,fedc59a06dab,2022,40addc5875f3,0.728,same,same stronger enforcement against illegal posting,sonnet,reworded
BKCB15,2021,93024a2064b3,2022,45b8369ae345,0.927,same,"same affordable senior and middle income housing request, near identical",sonnet,reworded
BKCB15,2021,ab93cb1bd6df,2022,4f5deab76e7d,0.87,same,same East 16th Street underpass illegal dumping cameras and enforcement,sonnet,reworded
BKCB15,2021,2b8df0b41434,2022,585faff1d4ba,0.903,same,"same after-school program at 1970 Homecrest Avenue, now names P.S. 153",sonnet,reworded
BKCB15,2021,26d3be29017b,2022,64754ec75617,0.924,same,same Sheepshead-Nostrand Houses maintenance crews request,sonnet,reworded
BKCB15,2021,31d75d479619,2022,6acea60a9698,0.796,same,same faster speed hump installation through additional DOT crews,sonnet,reworded
BKCB15,2021,b210b98d0e94,2022,7e03d453fdd7,0.841,same,same Brooklyn heavy load tow truck,sonnet,reworded
BKCB15,2021,b4bb79dfd5f7,2022,810a5d31e229,0.925,same,"same Manhattan Beach bulkhead repair, Corbin Place to Ocean Avenue",sonnet,reworded
BKCB15,2021,52ceaaceaa4a,2022,8a5a47b0bf3c,0.72,same,same McDonald Park astroturf and court resurfacing,sonnet,reworded
BKCB15,2021,2e3ce4222837,2022,8b4224d772cc,0.774,same,same Sanitation 15 derelict vehicle unit manpower,sonnet,reworded
BKCB15,2021,e1bbe5afb726,2022,90c7a32cc1a1,0.83,same,same floatables removal in Sheepshead Bay and Gerritsen Creek,sonnet,reworded
BKCB15,2021,173ca5de82ff,2022,916e23c516d0,0.924,same,"same Coney Island Hospital equipment list, identical total",sonnet,reworded
BKCB15,2021,14182d2981fd,2022,974f69a27a88,0.879,same,same Avenue U sanitation enforcement officers,sonnet,reworded
BKCB15,2021,fef0d512112c,2022,aa8ee77b62a3,0.669,same,"same Manhattan Beach Park baseball field upgrade, tennis courts dropped",sonnet,reworded
BKCB15,2021,926f420705ca,2022,ae6cb8502653,0.87,same,same Pritchard Mall green space cement restoration,sonnet,reworded
BKCB15,2021,3ed88b0e541e,2022,c06b6de418d6,0.857,same,same added funding for tree-damaged sidewalk flag repair,sonnet,reworded
BKCB15,2021,a539ac1542fb,2022,d1471756cc14,0.846,same,same permanent Sanitation 15 garage replacing Knapp Street trailers,sonnet,reworded
BKCB15,2021,b2406af5d536,2022,d222201a945c,0.692,same,same city payment or waiver of $24 NYPD Explorer fee,sonnet,reworded
BKCB15,2021,3aba528551f6,2022,dbdc1cd0acee,0.842,same,same DOB timely investigation of low-priority complaints,sonnet,reworded
BKCB15,2021,c04ef0e7a96b,2022,e28369bb4235,0.971,same,same Kelly Park and Playground total reconstruction,sonnet,reworded
BKCB15,2020,2b8df0b41434@c0b605,2022,e3a36641eabf@dbfa5e,1.0,different,different site and level: 1970 Homecrest elementary versus 1401 Emmons middle school,sonnet,site
BKCB15,2021,2b8df0b41434@c0b605,2022,e3a36641eabf@dbfa5e,1.0,different,different site and level: 1970 Homecrest elementary versus 1401 Emmons middle school,sonnet,site
BKCB15,2021,ec2ecbe2d870,2022,e9e33e25e3b8,0.74,same,same Southern Brooklyn tow pound and added car lifts at existing pound,sonnet,reworded
BKCB15,2021,5b7535ce535d,2022,f0bc75dc32c3,0.842,same,same additional school crossing guards,sonnet,reworded
BKCB15,2021,74c6ffe491f5@cb1be3,2022,f64a487ab923@cb1be3,0.862,same,same Avenue V park lighting request at same site; title and wording changed,sonnet,reworded
BKCB15,2021,74c6ffe491f5@fb0a12,2022,f64a487ab923@fb0a12,0.895,same,same Belt Pkwy park lighting request at same site; title and wording changed,sonnet,reworded
BKCB15,2022,c06b6de418d6,2023,07064c9c23ef,0.791,same,same added funding for tree-damaged sidewalk flag repair,sonnet,reworded
BKCB15,2022,90c7a32cc1a1,2023,0e6dae7fc7c4,0.875,same,"same floatables removal in Sheepshead Bay and Gerritsen Creek, CSO plan added",sonnet,reworded
BKCB15,2022,d222201a945c,2023,2aaa51aa0427,1.0,same,same city payment or waiver of $24 NYPD Explorer fee,sonnet,reworded
BKCB15,2022,8a5a47b0bf3c,2023,33cbdb9292b2,0.446,same,"same McDonald Park court reconstruction, scope reworked with dollar amounts",sonnet,reworded
BKCB15,2022,b6ebc885fd98,2023,36986f9021bf,0.816,same,"same Kingsborough fireboat 24/7 staffing request, now year-round",sonnet,reworded
BKCB15,2022,072a99f3d69c,2023,3b965b160199,0.777,same,"same Emmons Avenue median litter manpower, now litter patrols",sonnet,reworded
BKCB15,2022,7e39847f5473,2023,3ff8bc0ef0c6,0.838,same,"same DOE laptops, iPads and internet access for remote learning",sonnet,reworded
BKCB15,2022,aa8ee77b62a3,2023,4b9e419b5d82,0.558,same,"same Manhattan Beach Park baseball field reconstruction, now with amount",sonnet,reworded
BKCB15,2022,0300b823ab31,2023,685724469fc7,0.521,different,traffic enforcement for double parking versus litter basket pickup,sonnet,reworded
BKCB15,2020,c2037843d709,2023,685724469fc7,0.315,different,Coney Island Ave baskets versus other named corridors,sonnet,reworded
BKCB15,2022,ff388c811e8c,2023,ac8ee68f35cd,0.955,same,same Brigham Park comfort station request,sonnet,reworded
BKCB15,2022,7a7a4d71ba73,2023,f309b33ad9fb,0.656,same,"same multilingual Covid education materials, vaccination encouragement added",sonnet,reworded
BKCB15,2022,f64a487ab923@fb0a12,2023,f64a487ab923@cb1be3,1.0,different,"generic park lighting text, location decides: Belt Parkway/Williams Court versus Avenue V",sonnet,site
BKCB15,2022,f64a487ab923@cb1be3,2023,f64a487ab923@fb0a12,1.0,different,"generic park lighting text, location decides: Avenue V versus Belt Parkway/Williams Court",sonnet,site
BKCB15,2022,ac3888c4219a,2023,f70fe3e2716f,0.773,same,"same additional uniformed officers, same precinct and reasons",sonnet,reworded
BKCB15,2022,0300b823ab31,2023,fa7c1cbdd8db,0.943,same,same traffic enforcement on the same four commercial corridors,sonnet,reworded
BKCB15,2022,64754ec75617,2023,fcde14811207,0.88,same,"same Sheepshead-Nostrand Houses maintenance, one sentence trimmed",sonnet,reworded
BKCB15,2023,fa7c1cbdd8db,2024,06ba7d551c44,0.34,different,Traffic enforcement agents versus Kings Highway curbs and sidewalks,sonnet,reworded
BKCB15,2023,c6798ff0481f,2024,22ab3290cddc,1.0,same,same Coney Island Water Treatment Plant maintenance funding,sonnet,reworded
BKCB15,2023,d15c749a97d2,2024,33974cce19be,0.393,different,Mellet at Avenue V versus unnamed playground at Avenue Y; different site,sonnet,reworded
BKCB15,2022,c992463cc5dd,2024,43c01942877b,0.387,same,Gravesend Library renovation; now only the outfitting component,sonnet,reworded
BKCB15,2023,4b9e419b5d82@63f48b,2024,4b9e419b5d82@0e2d91,1.0,same,same Manhattan Beach Park baseball field named in text; other cross streets,sonnet,site
BKCB15,2023,bfb8f93d9ede,2024,4f03ff530460,0.363,same,"same Bill Brown Playground reconstruction, new phases and amount",sonnet,reworded
BKCB15,2022,dfe1b5cbf3f0,2024,656ac9ba4391,0.436,same,Kings Bay Library exterior and windows recur; roof added,sonnet,reworded
BKCB15,2023,33cbdb9292b2,2024,656ac9ba4391,0.307,different,McDonald Park courts versus Kings Bay Library,sonnet,reworded
BKCB15,2022,6b454b8cb9f3,2024,68e4ac174802,0.57,same,"same Sheepshead Bay library upgrade, same itemized components",sonnet,reworded
BKCB15,2023,33cbdb9292b2,2024,68e4ac174802,0.333,different,McDonald Park courts versus Sheepshead Bay Library,sonnet,reworded
BKCB15,2023,0b4b0cb6c7ce,2024,6f3144c80e43,0.678,same,"same Engine 254 firehouse items, now only that firehouse",sonnet,reworded
BKCB15,2023,1376fc54a94f,2024,7a19ddb0c20b,0.521,same,"same Galapo Playground reconstruction, new amount",sonnet,reworded
BKCB15,2023,8ede54dc11dd,2024,8bd070373574,0.911,same,"same DFTA home delivered meals capacity, replacement fleet vehicles added",sonnet,reworded
BKCB15,2023,d15c749a97d2,2024,aa305b854d90,0.641,same,"same Mellet Playground completion, new phases and amount",sonnet,reworded
BKCB15,2023,33cbdb9292b2,2024,ad8fbc814bfd,0.468,different,"McDonald Park courts versus Kelly Playground, different park",sonnet,reworded
BKCB15,2023,d15c749a97d2,2024,ad8fbc814bfd,0.429,different,"Mellet Playground versus Kelly Playground, different parks",sonnet,reworded
BKCB15,2023,fcde14811207@2a5b73,2024,d99ba4d7b14b@cb1be3,1.0,same,same Sheepshead-Nostrand Houses named in text; address versus street only,sonnet,site
BKCB15,2022,09470838b2bb,2024,d9a2a043200b,0.506,same,"same Homecrest Library acquisition, cooling, roof and security items",sonnet,reworded
BKCB15,2023,13700e2eb83d,2024,db53e5b3f8e5,0.805,same,same Coney Island Hospital Level 1 trauma designation funding,sonnet,reworded
BKCB15,2022,f64a487ab923@fb0a12,2024,f64a487ab923@cb1be3,1.0,different,"generic park lighting text, location decides: Belt Parkway/Williams Court versus Avenue V",sonnet,site
BKCB15,2023,f64a487ab923@fb0a12,2024,f64a487ab923@cb1be3,1.0,different,text names no place; Belt Pkwy. at Williams Court versus Avenue V,sonnet,site
BKCB15,2022,f64a487ab923@cb1be3,2024,f64a487ab923@fb0a12,1.0,different,"generic park lighting text, location decides: Avenue V versus Belt Parkway/Williams Court",sonnet,site
BKCB15,2023,f64a487ab923@cb1be3,2024,f64a487ab923@fb0a12,1.0,different,text names no place; Avenue V versus Belt Pkwy. at Williams Court,sonnet,site
BKCB15,2022,e3a36641eabf,2025,04a770576eac,0.588,different,middle school versus elementary school after-school programs,sonnet,reworded
BKCB15,2021,6846bfcf179f@15ecbf,2025,0d89c6f7ceb1@c0b605,1.0,different,different school site: 2200 Gravesend Neck Road versus 1970 Homecrest Avenue (PS 153),sonnet,site
BKCB15,2022,6846bfcf179f@15ecbf,2025,0d89c6f7ceb1@c0b605,1.0,different,different school site: Gravesend Neck Road versus 1970 Homecrest Avenue (PS 153),sonnet,site
BKCB15,2023,6846bfcf179f@15ecbf,2025,0d89c6f7ceb1@c0b605,1.0,different,different school site: Gravesend Neck Road versus 1970 Homecrest Avenue (PS 153),sonnet,site
BKCB15,2024,91a3ba03cfc7@15ecbf,2025,0d89c6f7ceb1@c0b605,1.0,different,different school site: Gravesend Neck Road versus 1970 Homecrest Avenue (PS 153),sonnet,site
BKCB15,2024,2c456ae9ba12@1964f3,2025,2c456ae9ba12@a106e8,1.0,same,same Oriental Boulevard utility undergrounding; Kensington-to-Oxford stretch overlaps both records,sonnet,site
BKCB15,2022,e3a36641eabf,2025,361e91e41422,0.615,unsure,"after-school programs at one school's address, then a general request",resolved,reworded
BKCB15,2023,4b9e419b5d82@63f48b,2025,4b9e419b5d82@0e2d91,1.0,same,same Manhattan Beach Park baseball field named in text; other cross streets,sonnet,site
BKCB15,2024,8bd070373574,2025,5961f443ba22,0.892,same,same DFTA home delivered meals capacity and replacement fleet vehicles,sonnet,reworded
BKCB15,2022,4f5deab76e7d@2915eb,2025,60357a7254a3@83ef3f,1.0,same,same East 16th Street underpass stretch; start avenue changed from U to R,sonnet,site
BKCB15,2023,4f5deab76e7d@2915eb,2025,60357a7254a3@83ef3f,1.0,same,same East 16th Street underpass stretch; start avenue changed from U to R,sonnet,site
BKCB15,2024,4f5deab76e7d@2915eb,2025,60357a7254a3@83ef3f,1.0,same,same East 16th Street underpass stretch; start avenue changed from U to R,sonnet,site
BKCB15,2021,6846bfcf179f@15ecbf,2025,6b095f16fb66@98a761,1.0,different,different school site: 2200 Gravesend Neck Road versus 1801 Avenue Y (PS 254),sonnet,site
BKCB15,2022,6846bfcf179f@15ecbf,2025,6b095f16fb66@98a761,1.0,different,different school site: Gravesend Neck Road versus 1801 Avenue Y (PS 254),sonnet,site
BKCB15,2023,6846bfcf179f@15ecbf,2025,6b095f16fb66@98a761,1.0,different,different school site: Gravesend Neck Road versus 1801 Avenue Y (PS 254),sonnet,site
BKCB15,2024,91a3ba03cfc7@15ecbf,2025,6b095f16fb66@98a761,1.0,different,different school site: Gravesend Neck Road versus 1801 Avenue Y (PS 254),sonnet,site
BKCB15,2024,098436b3ea55,2025,86a4db34bc36,0.449,same,"same Emmons Avenue and Bay Academy congestion study, bike lane reason added",sonnet,reworded
BKCB15,2022,974f69a27a88@7f8916,2025,974f69a27a88@fb7d45,1.0,same,same Avenue U corridor named in text; other cross streets recorded,sonnet,site
BKCB15,2023,974f69a27a88@7f8916,2025,974f69a27a88@fb7d45,1.0,same,same Avenue U corridor named in text; other cross streets recorded,sonnet,site
BKCB15,2024,974f69a27a88@7f8916,2025,974f69a27a88@fb7d45,1.0,same,same Avenue U corridor named in text; other cross streets recorded,sonnet,site
BKCB15,2023,ac8ee68f35cd@d6d312,2025,ac8ee68f35cd@e53c44,1.0,same,same Brigham Park comfort station; Emmons Avenue versus park with cross streets,sonnet,site
BKCB15,2024,ac8ee68f35cd@d6d312,2025,ac8ee68f35cd@e53c44,1.0,same,same Brigham Park comfort station; Emmons Avenue versus park with cross streets,sonnet,site
BKCB15,2024,098436b3ea55,2025,b05986365ca4,0.698,same,"same Sheepshead Bay Road congestion plan, text largely repeated",sonnet,reworded
BKCB15,2024,ee544f49af36,2025,d69b8186e868,1.0,same,same Holocaust Park sidewalk replacement on West End Avenue,sonnet,reworded
BKCB15,2023,fcde14811207@2a5b73,2025,d99ba4d7b14b@cb1be3,1.0,same,same Sheepshead-Nostrand Houses named in text; address versus street only,sonnet,site
BKCB15,2022,f64a487ab923@fb0a12,2025,f64a487ab923@1735ed,1.0,different,"generic park lighting text, location decides: Belt Parkway/Williams Court versus Avenue V",sonnet,site
BKCB15,2023,f64a487ab923@fb0a12,2025,f64a487ab923@1735ed,1.0,different,text names no place; Belt Pkwy. at Williams Court versus Avenue V,sonnet,site
BKCB15,2024,f64a487ab923@fb0a12,2025,f64a487ab923@1735ed,1.0,different,text names no place; Belt Pkwy. at Williams Court versus Avenue V,sonnet,site
BKCB15,2022,f64a487ab923@cb1be3,2025,f64a487ab923@fb0a12,1.0,different,text names no place; Avenue V versus Belt Pkwy. at Williams Court,sonnet,site
BKCB15,2023,f64a487ab923@cb1be3,2025,f64a487ab923@fb0a12,1.0,different,text names no place; Avenue V versus Belt Pkwy. at Williams Court,sonnet,site
BKCB15,2024,f64a487ab923@cb1be3,2025,f64a487ab923@fb0a12,1.0,different,text names no place; Avenue V versus Belt Pkwy. at Williams Court,sonnet,site
BKCB15,2024,aa305b854d90,2025,fb540e996a11,1.0,same,"same Mellet Playground Phase 2 and 3, new amount",sonnet,reworded
BKCB15,2025,7a19ddb0c20b,2026,062ecf39c005,0.96,same,"same Galapo Playground reconstruction, new amount",sonnet,reworded
BKCB15,2022,974f69a27a88@7f8916,2026,2b2f7154c46f,1.0,same,same Avenue U corridor named in text; location moved into explanation,sonnet,site
BKCB15,2023,974f69a27a88@7f8916,2026,2b2f7154c46f,1.0,same,same Avenue U corridor named in text; location moved into explanation,sonnet,site
BKCB15,2024,974f69a27a88@7f8916,2026,2b2f7154c46f,1.0,same,same Avenue U corridor named in text; location moved into explanation,sonnet,site
BKCB15,2025,ad8fbc814bfd,2026,4eb8fd457f17,0.532,different,"Kelly Playground versus Homecrest Playground, different park",sonnet,reworded
BKCB15,2024,33cbdb9292b2,2026,4eb8fd457f17,0.343,different,McDonald Park versus Homecrest Playground,sonnet,reworded
BKCB15,2023,ac8ee68f35cd@d6d312,2026,7ca3d95b7454,1.0,same,same Brigham Park comfort station; location moved into explanation,sonnet,site
BKCB15,2024,ac8ee68f35cd@d6d312,2026,7ca3d95b7454,1.0,same,same Brigham Park comfort station; location moved into explanation,sonnet,site
BKCB15,2025,4b9e419b5d82,2026,80d996422042,0.582,same,"same Manhattan Beach Park baseball field reconstruction, new amount",sonnet,reworded
BKCB15,2025,5fcdb65f2a74,2026,8dbdf9ac533d,0.909,same,"same Bill Brown Playground Phase 2 and 3, new amounts",sonnet,reworded
BKCB15,2022,4f5deab76e7d@2915eb,2026,9dcd068156d7,1.0,same,"same East 16th Street stretch; location moved into explanation, R to Z",sonnet,site
BKCB15,2023,4f5deab76e7d@2915eb,2026,9dcd068156d7,1.0,same,"same East 16th Street stretch; location moved into explanation, R to Z",sonnet,site
BKCB15,2024,4f5deab76e7d@2915eb,2026,9dcd068156d7,1.0,same,"same East 16th Street stretch; location moved into explanation, R to Z",sonnet,site
BKCB15,2025,ad8fbc814bfd,2026,f8dc10947125,0.689,same,same Kelly Playground Phase 2 and 3 turf and courts,sonnet,reworded
BKCB15,2025,ad8fbc814bfd,2026,fae5b4e5b789,0.831,same,"same Kelly Playground Phase 2 and 3, new amount",sonnet,reworded
BKCB15,2022,974f69a27a88@7f8916,2027,2b2f7154c46f,1.0,same,same Avenue U corridor named in text; location moved into explanation,sonnet,site
BKCB15,2023,974f69a27a88@7f8916,2027,2b2f7154c46f,1.0,same,same Avenue U corridor named in text; location moved into explanation,sonnet,site
BKCB15,2024,974f69a27a88@7f8916,2027,2b2f7154c46f,1.0,same,same Avenue U corridor named in text; location moved into explanation,sonnet,site
BKCB15,2026,fa7c1cbdd8db,2027,5af19d5b123d,0.534,different,NYPD traffic enforcement agents versus DSNY Avenue P garbage pickup,sonnet,reworded
BKCB15,2024,06ba7d551c44,2027,5af19d5b123d,0.346,different,Kings Highway sidewalks versus Avenue P garbage pickup,sonnet,reworded
BKCB15,2026,6b85a5d476ad,2027,5c88e50f1883,0.33,different,"Homecrest Library versus Gerritsen Library, different branches",sonnet,reworded
BKCB15,2026,6cc6cba50387,2027,67766dd2b25c,0.361,different,61st Precinct new cars versus facility ADA upgrade,sonnet,reworded
BKCB15,2026,8dbdf9ac533d,2027,77cb9f9c7eb7,1.0,same,"same Bill Brown Playground reconstruction, $6.5M to $7M",sonnet,reworded
BKCB15,2026,4eb8fd457f17,2027,790d883fdbd3,0.827,same,"same Homecrest Playground phased upgrade, funded portion noted, comfort station added",sonnet,reworded
BKCB15,2025,fb540e996a11,2027,790d883fdbd3,0.541,different,Mellet Playground versus Homecrest Park,sonnet,reworded
BKCB15,2024,33cbdb9292b2,2027,790d883fdbd3,0.451,different,McDonald Park versus Homecrest Park,sonnet,reworded
BKCB15,2023,ac8ee68f35cd@d6d312,2027,7ca3d95b7454,1.0,same,same Brigham Park comfort station; location moved into explanation,sonnet,site
BKCB15,2024,ac8ee68f35cd@d6d312,2027,7ca3d95b7454,1.0,same,same Brigham Park comfort station; location moved into explanation,sonnet,site
BKCB15,2026,062ecf39c005,2027,914f907ac31f,1.0,same,"same Galapo Playground reconstruction, $5.5M to $6.5M",sonnet,reworded
BKCB15,2022,4f5deab76e7d@2915eb,2027,9dcd068156d7,1.0,same,"same East 16th Street stretch; location moved into explanation, R to Z",sonnet,site
BKCB15,2023,4f5deab76e7d@2915eb,2027,9dcd068156d7,1.0,same,"same East 16th Street stretch; location moved into explanation, R to Z",sonnet,site
BKCB15,2024,4f5deab76e7d@2915eb,2027,9dcd068156d7,1.0,same,"same East 16th Street stretch; location moved into explanation, R to Z",sonnet,site
BKCB15,2026,80d996422042,2027,cb3eda04f662,1.0,same,"same Manhattan Beach Park baseball field reconstruction, $4M to $6M",sonnet,reworded
BKCB15,2026,6b85a5d476ad,2027,d796fe17d185,0.453,different,"Homecrest Library versus Gravesend Library, different branches",sonnet,reworded
BKCB15,2026,db53e5b3f8e5,2027,e2b0b9c8917e,0.864,same,"same hospital at 2601 Ocean Parkway, Level 1 trauma center funding; name changed",sonnet,reworded
BKCB15,2026,23c9d2cfbc92,2027,fbbf54958f24,0.376,different,"Kings Bay Library versus Kings Highway Library, different branches",sonnet,reworded
BKCB16,2020,43026b797c1c,2021,1d9b50b2a5be,0.386,different,"Livonia Avenue street lights versus pedestrian bridge rehabilitation, different work and agency",sonnet,reworded
BKCB16,2020,9f1c290e8f86,2021,26538a2468be,0.355,different,East New York LIRR tunnel versus New Lots Avenue L station lighting,sonnet,reworded
BKCB16,2020,8a06aabe90e9,2021,45354b86705f,0.888,different,"Pitkin Avenue sidewalks versus Belmont Avenue sidewalks, different commercial strip",sonnet,reworded
BKCB16,2020,38ef6e4438d7,2021,4d9f4df68d5e,0.345,different,"Fish Playground versus South Pacific Playground, different parks",sonnet,reworded
BKCB16,2020,506cdbe1705b,2021,ed76738f1dc2,0.683,same,same Brownsville Multi Service Center renovation,sonnet,reworded
BKCB16,2020,9f1c290e8f86,2022,00ff1e5bc68c,0.36,same,same LIRR East New York tunnel lighting and cameras,sonnet,reworded
BKCB16,2020,739648b4666d,2022,40167a44c803,0.521,same,same expansion of day care and Head Start early education,sonnet,reworded
BKCB16,2020,c5803d0f0bc0,2022,7b601ffec994,0.365,different,P.S. 125 playground versus Howard Houses playground,sonnet,reworded
BKCB16,2021,6342980d0ac0,2022,7fbd882f5220,0.908,same,same Belmont Avenue storefront facade improvement support,sonnet,reworded
BKCB16,2020,73f22e2cca8c,2022,a3b86dbb96c3,0.348,same,same Brooklyn Collegiate High School technology and STEM funding,sonnet,reworded
BKCB16,2021,59478c142bf9,2022,bf4f6de442e4,0.893,same,same Pitkin Avenue storefront facade improvement support,sonnet,reworded
BKCB16,2021,4eef61d59ed7,2022,dc61d3c7041f,0.495,different,one school's bathrooms versus all District 23 schools' bathrooms,sonnet,reworded
BKCB16,2020,3d34561dab19,2022,dc61d3c7041f,0.492,different,classroom air conditioning versus bathroom renovation,sonnet,reworded
BKCB16,2022,1d1728bf60af,2023,0b12c3f16a61,0.951,same,same Livonia Park senior amenities; exercise equipment added,sonnet,reworded
BKCB16,2022,cd18d03ae133,2023,4c7a913b6c82,0.965,same,"same Kappa V upgrades to bathrooms, library, auditorium, gymnasium added",sonnet,reworded
BKCB16,2022,f76f9ef15bf8,2023,935b682e74e3,0.922,same,same Dr. Richard Greene Playground equipment and comfort station upgrade,sonnet,reworded
BKCB16,2023,6831705bffe0,2024,0595bcf751c6,0.497,different,"Howard Houses cameras versus Marcus Garvey Houses cameras, doors, intercoms",sonnet,reworded
BKCB16,2022,96e46d34e11d,2024,0595bcf751c6,0.339,different,"different NYCHA development, Woodson Houses versus Marcus Garvey Houses",sonnet,reworded
BKCB16,2023,786f0d6e245c,2024,098f9f548b72,0.347,different,Howard Houses sewer lines versus apartment windows and appliances,sonnet,reworded
BKCB16,2024,e9b9eba7efbd,2025,746a5a70441c,0.586,different,Van Dyke playground equipment and court rehabilitation versus new park bathroom,sonnet,reworded
BKCB16,2024,8e48cfd5f6ee,2025,c23fbe5acb8c,0.462,different,"Livonia Avenue lighting versus Junius Street wall lighting, different streets",sonnet,reworded
BKCB16,2024,1d9b50b2a5be,2025,c23fbe5acb8c,0.312,different,Junius Street pedestrian bridge rehabilitation versus new lighting along Junius Street wall,sonnet,reworded
BKCB16,2025,a22a473fd924,2026,0be1f278b414,0.325,different,district-wide school technology upgrade versus P.S. 41 specific equipment,sonnet,reworded
BKCB16,2025,3281c53d36a7,2026,141dc8e6a50a,0.446,different,"speed bumps at Eastern Parkway and Sutter versus Pitkin Avenue, different streets",sonnet,reworded
BKCB16,2025,1096826f376e,2026,405bb9bba58c,0.691,different,Rockaway Avenue station elevator versus Junius Street station elevator and passageway,sonnet,reworded
BKCB16,2025,cfb206f9096d,2026,70af2d520be5,0.949,same,"same cancer education and resources, throat and stomach cancers added",sonnet,reworded
BKCB16,2025,8e48cfd5f6ee,2026,85fa31e9d2ff,0.344,different,Livonia Avenue street lights versus subway station weeds and cleanliness,sonnet,reworded
BKCB16,2025,1d9b50b2a5be,2026,85fa31e9d2ff,0.343,different,pedestrian bridge rehabilitation and lighting versus weeds and cleanliness at stations,sonnet,reworded
BKCB16,2025,c2cff742b629,2026,8ece02d99b51,0.341,different,Dean Street traffic signal versus Rockaway Avenue street lighting,sonnet,reworded
BKCB16,2025,e9b9eba7efbd,2026,da4422d2d3e7,0.945,same,same Van Dyke Playground equipment rehabilitation; court swapped for bathroom,sonnet,reworded
BKCB16,2026,054f16b03ebc,2027,02db913c2b56,0.807,same,"same Saratoga Avenue station elevator or escalator, hospital rationale added",sonnet,reworded
BKCB16,2026,4167551634d8,2027,291cc0b099bf,0.922,same,"same restroom waterline repair; now only Chester, which was in the earlier list",sonnet,reworded
BKCB16,2025,746a5a70441c,2027,394a78de3400,0.345,different,Van Dyke Park bathroom versus Mother Gaston Boulevard resurfacing,sonnet,reworded
BKCB16,2026,8bc806726ba7,2027,394a78de3400,0.313,different,Veterans Triangle renovation versus Mother Gaston Boulevard resurfacing,sonnet,reworded
BKCB16,2026,88a1397f955b,2027,3f5d6685fb4c,0.67,different,street lights versus sanitation cameras for illegal dumping,sonnet,reworded
BKCB16,2025,c23fbe5acb8c,2027,3f5d6685fb4c,0.544,different,Junius Street lighting versus sanitation cameras for dumping,sonnet,reworded
BKCB16,2026,93b0c2d49e93,2027,4908b086a0be,0.995,same,"same Ocean Hill Playground renovation, identical title, restroom emphasized",sonnet,reworded
BKCB16,2026,7d00ba8762ea,2027,7217bea62c5b,0.403,different,chronic disease education versus dementia and Alzheimer's services,sonnet,reworded
BKCB16,2026,32226582ef65,2027,8df9eecea8d2,0.34,different,Chester Playground restrooms versus Livonia Avenue mural,sonnet,reworded
BKCB16,2025,746a5a70441c,2027,94629ad7ba1f,0.356,different,Van Dyke Park bathroom versus East New York Avenue resurfacing,sonnet,reworded
BKCB16,2026,8bc806726ba7,2027,94629ad7ba1f,0.338,different,Veterans Triangle renovation versus East New York Avenue resurfacing,sonnet,reworded
BKCB16,2026,88a1397f955b,2027,94629ad7ba1f,0.309,different,Livonia Avenue lighting versus East New York Avenue resurfacing,sonnet,reworded
BKCB16,2026,85fa31e9d2ff,2027,aa0cb3a930a7,0.904,same,same weeds and dirt upkeep at IRT 3 Junius and Livonia stations,sonnet,reworded
BKCB16,2026,88a1397f955b,2027,aeed24563166,0.946,same,"same Livonia Ave street lighting request, same stretch",sonnet,reworded
BKCB16,2026,8ece02d99b51,2027,c3b75eee3d87,0.958,same,same Rockaway Avenue lighting between Pitkin and Eastern Parkway,sonnet,reworded
BKCB16,2026,0ac7ea900d46,2027,dac28447d010,0.759,same,same district-wide bike lane repair request,sonnet,reworded
BKCB16,2026,d17ecc525d55,2027,f58556dc553b,0.478,same,same rain garden cleaning by DEP with more manpower,sonnet,reworded
BKCB17,2020,47562b66cdcd,2021,0a6eaee5c250,0.878,same,"same 67th Precinct second floor bathroom renovation, now both bathrooms",sonnet,reworded
BKCB17,2020,a6a07210f1c0,2021,1412df74b13b,0.654,unsure,installing catch basins versus a reason only,resolved,reworded
BKCB17,2020,43616013f08e,2021,4cb9f6c82132,0.404,different,Surveillance cameras versus Snyder Avenue sidewalk reconstruction,sonnet,reworded
BKCB17,2020,a6a07210f1c0,2021,96a14ce83dc0,0.562,different,Catch basin installation versus sidewalk installation on Farragut Road,sonnet,reworded
BKCB17,2020,64664a03eba3,2021,a2527b8b917a,0.631,same,same Meals on Wheels home delivered meals for shut-ins,sonnet,reworded
BKCB17,2020,1405e60a1b34,2021,c79506afd205,0.472,different,trench restoration on East 40th Street versus resurfacing under Glenwood Road overpass,sonnet,reworded
BKCB17,2020,2adfef6b532a,2021,e029181da3d6,0.383,same,"same 67th Precinct parking feasibility study, different suggested site",sonnet,reworded
BKCB17,2021,1412df74b13b,2022,1412df74b13b,1.0,same,"same district-wide catch basin cleaning, identical text",sonnet,reworded
BKCB17,2021,f3a112535f45,2022,15214a8b38bf,0.592,same,same fire prevention and juvenile fire setter program funding,sonnet,reworded
BKCB17,2020,8b5b887cf14a,2022,15214a8b38bf,0.532,same,same fire prevention inspection and juvenile fire setter programs,sonnet,reworded
BKCB17,2020,707fe49c80e0,2022,19637084bd13,0.424,same,same healthy eating and physical activity programs advocacy,sonnet,reworded
BKCB17,2021,3f81a723ae2e,2022,3f81a723ae2e,1.0,same,"same computer literacy classes, identical text",sonnet,reworded
BKCB17,2021,7ab50ed0c629,2022,45d0bbed8a87,0.445,same,"same cash assistance, rent negotiation and mortgage refinancing advisors request",sonnet,reworded
BKCB17,2021,70bf32412cac,2022,55ced10f684d,0.329,different,specific B8 line reliability versus general district bus frequency,sonnet,reworded
BKCB17,2020,5a3493a3c80e,2022,5dfc0fb3412e,0.343,different,Utica Avenue congestion versus SBS business support,sonnet,reworded
BKCB17,2021,6889f867f92c,2022,716b6b8414e4,0.765,same,same P.S. 198 bell system and clock installation,sonnet,reworded
BKCB17,2020,5a3493a3c80e,2022,7f5936bb23ff,0.366,different,Utica Avenue congestion versus business corridor expansion and SBS support,sonnet,reworded
BKCB17,2021,0d89dfcf156e,2022,8d8965e709c9,0.79,same,"same need for more senior centers, only one in the district",sonnet,reworded
BKCB17,2021,07535ee19a37,2022,a7b905092822,0.381,different,trench restoration at 3801 Farragut Road versus speed hump on 91st Street,sonnet,reworded
BKCB17,2020,1405e60a1b34,2022,a7b905092822,0.339,different,East 40th Street trench restoration versus 91st Street speed hump,sonnet,reworded
BKCB17,2021,e703af443ab7,2022,b0012acfe1d4,0.602,same,"same Medicaid expansion for seniors, HHA hours and prescription coverage",sonnet,reworded
BKCB17,2021,61f26d4f5ca4,2022,be68342041e6,0.676,same,"same mental health de-stigma and root-cause programs, reworded",sonnet,reworded
BKCB17,2021,c9ff12ce2029,2022,cac293d277f6,0.371,same,same street tree guards request,sonnet,reworded
BKCB17,2021,bcfb2e580b95,2022,cda6e41c9af3,0.397,same,the Remsen Senior Center is at 3304 Clarendon Road,resolved,reworded
BKCB17,2021,07535ee19a37,2022,d2c0424a22f3,0.326,different,trench restoration at 3801 Farragut Road versus Schenectady Avenue ponding reconstruction,sonnet,reworded
BKCB17,2020,5a3493a3c80e,2022,f17e92f68911,0.362,different,Utica Avenue congestion versus LinkNYC towers,sonnet,reworded
BKCB17,2021,bb0825f39520,2022,f32f0af538da,0.491,same,same home care for homebound seniors; later adds detail,sonnet,reworded
BKCB17,2020,1405e60a1b34,2022,f4190290cc43,0.811,same,"same East 40th Street, Farragut, Avenue D trench restoration",sonnet,reworded
BKCB17,2021,07535ee19a37,2022,f4190290cc43,0.699,different,trench at 3801 Farragut Road versus trench at East 40th Street and Farragut,sonnet,reworded
BKCB17,2022,41b2f1974879,2023,220f9525e27f,0.501,different,More traffic officers versus precinct house window replacement,sonnet,reworded
BKCB17,2022,3115d3b5ace6,2023,2fb4050cb7f9,0.715,same,same technology hubs along Church Avenue business strip,sonnet,reworded
BKCB17,2022,f4289514b064,2023,434830ecec2c,0.714,same,same more trash cans along Utica and Church Avenues,sonnet,reworded
BKCB17,2020,43616013f08e,2023,4a6669762f25,0.313,different,surveillance cameras versus Avenue D flooding street reconstruction,sonnet,reworded
BKCB17,2022,4d7b90b6fbc6,2023,5862e63ca433,0.79,same,same street lighting at East 53rd Street and Kings Highway,sonnet,reworded
BKCB17,2022,849882880552,2023,5ec097e79186,0.89,same,same traffic signal at East 38th Street and Glenwood Road,sonnet,reworded
BKCB17,2022,730474d26f11,2023,68786e0bcbcc,0.599,same,"same 161 Kent Avenue garage roof leak, HVAC and boiler added",sonnet,reworded
BKCB17,2022,c02fad724fd7,2023,6fe989aff37d,0.728,same,same Kings Highway and Clarendon Road capital reconstruction,sonnet,reworded
BKCB17,2022,2b748d1320d2,2023,843e4914df84,0.87,same,same traffic signal at East 35th Street and Farragut Road,sonnet,reworded
BKCB17,2022,96a14ce83dc0,2023,98dc8c53cc9d,0.576,same,"same Farragut Road sidewalk installation, Utica Avenue to Kings Highway",sonnet,reworded
BKCB17,2022,d2c0424a22f3,2023,9e0d9c698a84,0.786,same,same Schenectady Avenue ponding reconstruction request,sonnet,reworded
BKCB17,2022,3f81a723ae2e,2023,a0cd09168855,0.99,same,same computer literacy class funding,sonnet,reworded
BKCB17,2022,a5b8ec16464f,2023,ab6e8c45c601,0.877,same,same traffic signal at East 39th Street and Farragut Road,sonnet,reworded
BKCB17,2022,d927a95b595b,2023,abf5fbb1e373,0.377,different,Side street signal visibility versus storm drain at East 39th Street,sonnet,reworded
BKCB17,2020,43616013f08e,2023,acd453b3b528,0.35,different,surveillance cameras versus Avenue D sidewalk installation,sonnet,reworded
BKCB17,2022,96a14ce83dc0,2023,acd453b3b528,0.335,different,"Farragut Road sidewalk versus Avenue D sidewalk, different block",sonnet,reworded
BKCB17,2022,1412df74b13b,2023,b8e1fb035438,0.652,different,district-wide catch basin cleaning versus two specific intersections,sonnet,reworded
BKCB17,2020,13fa9d184b0e,2023,b8e1fb035438,0.451,different,East 94th Street catch basin versus East 55th and 58th cleaning,sonnet,reworded
BKCB17,2022,8782c26d780d,2023,c9298288c7ca,0.83,same,same 67th Precinct tow truck request,sonnet,reworded
BKCB17,2022,50ddc050c34a,2023,cccef91f5375,0.924,same,same park basketball court safety upgrades at Ditmas and East 91st Street,sonnet,reworded
BKCB17,2022,1412df74b13b,2023,cfd2ea8eddd2,0.626,different,district-wide catch basin cleaning versus East 58th Street block,sonnet,reworded
BKCB17,2020,a6a07210f1c0,2023,cfd2ea8eddd2,0.422,different,Farragut Road catch basins versus East 58th Street cleaning,sonnet,reworded
BKCB17,2022,c79506afd205,2023,d9cc7a5dca2c,0.866,same,same Glenwood Road overpass resurfacing request,sonnet,reworded
BKCB17,2022,c9ff12ce2029,2023,e493355ad0f4,0.564,different,the Register puts them at different corners,resolved,reworded
BKCB17,2022,d927a95b595b,2023,e78167efdff9,0.868,same,same traffic signal at East 40th Street and Glenwood Road,sonnet,reworded
BKCB17,2022,a7b905092822,2023,f2dd769a7e62,0.857,same,same 91st Street speed hump at Ditmas Avenue,sonnet,reworded
BKCB17,2023,bd5f41f6c878,2024,05d46fb54bd0,0.843,same,same top ten flooding areas green infrastructure request; Capital to Expense,sonnet,reworded
BKCB17,2023,220648cdebd8,2024,1bf40beb3701,0.935,same,"same illegal dumping surveillance cameras, identical text",sonnet,reworded
BKCB17,2023,843e4914df84,2024,2b748d1320d2,0.87,same,same traffic signal at East 35th Street and Farragut Road,sonnet,reworded
BKCB17,2023,434830ecec2c,2024,3092ad8fe276,0.334,same,same more trash cans on commercial streets,sonnet,reworded
BKCB17,2023,abf5fbb1e373,2024,4862181a9f5e,0.852,same,same storm drain at East 39th Street and Glenwood Road,sonnet,reworded
BKCB17,2023,5862e63ca433,2024,4d7b90b6fbc6,0.79,same,same street lighting at East 53rd Street and Kings Highway,sonnet,reworded
BKCB17,2023,e6375a06f25d,2024,53be2c3d5219,0.538,different,trench at 3801 Farragut Road versus ponding on East 58th Street,sonnet,reworded
BKCB17,2023,e6375a06f25d,2024,68e5444b02c3,0.312,different,trench at 3801 Farragut Road versus road dip at Cortelyou and Schenectady,sonnet,reworded
BKCB17,2023,220f9525e27f,2024,8290b2a231fa,0.785,same,same 67th Precinct rear windows request,sonnet,reworded
BKCB17,2023,5ec097e79186,2024,849882880552,0.89,same,same traffic signal at East 38th Street and Glenwood Road,sonnet,reworded
BKCB17,2023,5a27e5dd2476,2024,89ecdd24e8b5,0.758,same,same Engine 248 leaky roof repair at 2900 Snyder Avenue,sonnet,reworded
BKCB17,2023,e6375a06f25d,2024,9b482282f45f,0.467,different,trench at 3801 Farragut Road versus basement flooding on Farragut corridor at East 56th,sonnet,reworded
BKCB17,2023,ab6e8c45c601,2024,a5b8ec16464f,0.877,same,same traffic signal at East 39th Street and Farragut Road,sonnet,reworded
BKCB17,2023,bcfb2e580b95,2024,b0f673988f0d,0.452,different,senior center kitchen installation versus additional kitchen food staff,sonnet,reworded
BKCB17,2023,d9cc7a5dca2c,2024,c79506afd205,0.866,same,same Glenwood Road overpass resurfacing request,sonnet,reworded
BKCB17,2023,9e0d9c698a84,2024,d2c0424a22f3,0.786,same,same Schenectady Avenue ponding reconstruction request,sonnet,reworded
BKCB17,2023,e78167efdff9,2024,d927a95b595b,0.868,same,same traffic signal at East 40th Street and Glenwood Road,sonnet,reworded
BKCB17,2020,11db284ab6ab@198827,2024,dc8eb27c76e0@916586,1.0,same,same basket truck for BK17 garage; Register lists Church Avenue strip,sonnet,site
BKCB17,2021,11db284ab6ab@198827,2024,dc8eb27c76e0@916586,1.0,same,same basket truck for BK17 garage; Register lists Church Avenue strip,sonnet,site
BKCB17,2022,dc8eb27c76e0@198827,2024,dc8eb27c76e0@916586,1.0,same,same basket truck for BK17 garage; Register lists Church Avenue strip,sonnet,site
BKCB17,2023,dc8eb27c76e0@198827,2024,dc8eb27c76e0@916586,1.0,same,same basket truck for BK17 garage; Register lists Church Avenue strip,sonnet,site
BKCB17,2023,f2dd769a7e62,2025,8cfcf79256b4,0.342,different,91st Street speed hump versus Railroad Playground maintenance,sonnet,reworded
BKCB17,2024,abc4aaeaf7de,2025,abc4aaeaf7de,0.709,same,"same Avenue D sidewalk repair, identical text",sonnet,reworded
BKCB17,2020,11db284ab6ab@198827,2025,dc8eb27c76e0@916586,1.0,same,same basket truck for BK17 garage; Register lists Church Avenue strip,sonnet,site
BKCB17,2021,11db284ab6ab@198827,2025,dc8eb27c76e0@916586,1.0,same,same basket truck for BK17 garage; Register lists Church Avenue strip,sonnet,site
BKCB17,2022,dc8eb27c76e0@198827,2025,dc8eb27c76e0@916586,1.0,same,same basket truck for BK17 garage; Register lists Church Avenue strip,sonnet,site
BKCB17,2023,dc8eb27c76e0@198827,2025,dc8eb27c76e0@916586,1.0,same,same basket truck for BK17 garage; Register lists Church Avenue strip,sonnet,site
BKCB17,2024,9b482282f45f,2025,e64e0c16bc66,0.617,different,Farragut corridor flooding versus 295 East 49th Street flooding after resurfacing,sonnet,reworded
BKCB17,2024,ca70df263598@92d338,2025,ec4c75845942@6d3401,1.0,same,"same Farragut Road flooding, Utica to New York Ave; now adds East 58th and 56th",sonnet,site
BKCB17,2020,11db284ab6ab@198827,2026,21b05ee251ee,1.0,same,same basket truck for BK17 garage; location moved into explanation,sonnet,site
BKCB17,2021,11db284ab6ab@198827,2026,21b05ee251ee,1.0,same,same basket truck for BK17 garage; location moved into explanation,sonnet,site
BKCB17,2022,dc8eb27c76e0@198827,2026,21b05ee251ee,1.0,same,same basket truck for BK17 garage; location moved into explanation,sonnet,site
BKCB17,2023,dc8eb27c76e0@198827,2026,21b05ee251ee,1.0,same,same basket truck for BK17 garage; location moved into explanation,sonnet,site
BKCB17,2025,8290b2a231fa,2026,2dd3f557b820,0.662,same,"same 67th Precinct window installation, more sides now",sonnet,reworded
BKCB17,2025,89ecdd24e8b5,2026,55a36029d069,0.807,same,"same Engine 248 leaky roof repair, now notes the kitchen",sonnet,reworded
BKCB17,2025,e0022892a619,2026,5f673251a4ff,0.351,same,same more uniformed officers; reason changed,sonnet,reworded
BKCB17,2025,d3a5610697fa,2026,90671de55c45,0.429,same,same Engine 248 kitchen renovation request,sonnet,reworded
BKCB17,2025,bcfb2e580b95,2026,acfbec1f9434,0.608,same,same senior center kitchen installation at 3304 Clarendon Road,sonnet,reworded
BKCB17,2021,2b748d1320d2@5af56c,2026,b20cf90b0093,1.0,different,text names no place; East 35th and Farragut versus East 40th and Glenwood,sonnet,site
BKCB17,2022,2b748d1320d2@e5d4bc,2026,b20cf90b0093,1.0,different,text names no place; East 35th and Farragut versus East 40th and Glenwood,sonnet,site
BKCB17,2024,2b748d1320d2@e5d4bc,2026,b20cf90b0093,1.0,different,text names no place; East 35th and Farragut versus East 40th and Glenwood,sonnet,site
BKCB17,2025,d927a95b595b,2026,b20cf90b0093,0.725,same,same traffic signal at East 40th Street and Glenwood Road,sonnet,reworded
BKCB17,2025,fcfffbfdd930,2026,c7cbc43d0e9a,0.401,same,"same added precinct for Community District 17, more reasons given",sonnet,reworded
BKCB17,2023,a0cd09168855,2026,d9ee11eaee61,0.305,different,computer literacy classes versus older adult center,sonnet,reworded
BKCB17,2020,11db284ab6ab@198827,2027,21b05ee251ee,1.0,same,same basket truck for BK17 garage; location moved into explanation,sonnet,site
BKCB17,2021,11db284ab6ab@198827,2027,21b05ee251ee,1.0,same,same basket truck for BK17 garage; location moved into explanation,sonnet,site
BKCB17,2022,dc8eb27c76e0@198827,2027,21b05ee251ee,1.0,same,same basket truck for BK17 garage; location moved into explanation,sonnet,site
BKCB17,2023,dc8eb27c76e0@198827,2027,21b05ee251ee,1.0,same,same basket truck for BK17 garage; location moved into explanation,sonnet,site
BKCB17,2026,5d1cda263e9f,2027,44650f23c779,0.304,different,67th Precinct shower mold renovation versus women's restroom remodel,sonnet,reworded
BKCB18,2020,048569d0a027,2021,039324e8b30d,0.42,different,East 99 Street construction versus unbuilt Avenue X street end,sonnet,reworded
BKCB18,2020,a2ece61ddb35,2021,039324e8b30d,0.345,different,Avenue L reconstruction versus Avenue X unbuilt street end,sonnet,reworded
BKCB18,2020,b49d023d2fd7,2021,05bc7d2cb950,0.554,same,same new Parks maintenance equipment request,sonnet,reworded
BKCB18,2020,9be2748d9805,2021,068e8eb11c45,0.704,same,same added officers for the 63rd and 69th Precincts; later gives numbers,sonnet,reworded
BKCB18,2020,9aff6d7e66e5,2021,0bbadc39a6ec,1.0,same,"same East 99 Street catch basins and sewers, Flatlands to Conklin",sonnet,reworded
BKCB18,2020,048569d0a027,2021,1621fb23c0f7,0.42,different,East 99 Street construction versus unbuilt Avenue W street end,sonnet,reworded
BKCB18,2020,a2ece61ddb35,2021,1621fb23c0f7,0.345,different,Avenue L reconstruction versus Avenue W unbuilt street end,sonnet,reworded
BKCB18,2020,6070c7a4817f,2021,1c8f9162dc53,1.0,same,"same East 45 Street catch basins and sewers, Avenue H to I",sonnet,reworded
BKCB18,2020,fe59663c5c14,2021,27f650a3f179,0.942,same,"same added personnel for Engine Companies 257, 309 and 323",sonnet,reworded
BKCB18,2020,04ee4be251b3,2021,3b4b1310c7f0,1.0,same,"same Avenue M catch basins and sewers, East 66 Street to Bergen",sonnet,reworded
BKCB18,2020,1a3e8cd589c3,2021,3bcc622726f0,0.903,same,"same Foster Avenue reconstruction from Ralph, end point shortened to Remsen",sonnet,reworded
BKCB18,2020,fdb258aba2dc,2021,3e49ec0630e1,1.0,different,East 45 Street reconstruction versus East 56 Street reconstruction,sonnet,reworded
BKCB18,2020,cff6204c80a4,2021,3e49ec0630e1,0.97,same,"the same East 56th Street rebuild, narrowed to Avenue J to K",resolved,reworded
BKCB18,2020,fcc3833bb694,2021,40f17c247848,0.944,same,same added DOT street maintenance personnel,sonnet,reworded
BKCB18,2020,45c72ff5e4ca,2021,53765d6a6e8d,0.967,different,East 56 Street sewers versus Avenue N sewers,sonnet,reworded
BKCB18,2020,95117de2c0c1,2021,664e23af6b93,0.988,same,"same NYCHA maintenance staff for Bayview, Breukelen and Glenwood",sonnet,reworded
BKCB18,2020,cff6204c80a4,2021,6c50cc225d38,0.945,different,East 56 Street reconstruction versus Avenue N reconstruction,sonnet,reworded
BKCB18,2020,e7465382d7f2,2021,7506d17ac557,1.0,same,same Flatlands 7 Street catch basins and sewers,sonnet,reworded
BKCB18,2020,6eea5b268b82,2021,7fb5d954c7ee,0.98,same,"same Avenue M roadway reconstruction, East 66 Street to Bergen",sonnet,reworded
BKCB18,2020,45c72ff5e4ca,2021,89e11d81e12a,0.908,different,East 56 Street sewers versus East 80 Street sewers,sonnet,reworded
BKCB18,2020,048569d0a027,2021,92683ca0cdf1,1.0,same,same East 99 Street roadway construction and opening,sonnet,reworded
BKCB18,2020,6070c7a4817f,2021,a69e9f4661f0,1.0,different,East 45 Street sewers versus East 56 Street sewers,sonnet,reworded
BKCB18,2020,91e07d2aa78a,2021,b4af9e70c217,0.994,same,same added Parks personnel for maintenance and enforcement,sonnet,reworded
BKCB18,2020,bab88e94527d,2021,be8e598ba3db,1.0,same,same Brooklyn Public Library funding for hours and programs,sonnet,reworded
BKCB18,2020,e1493c9c132c,2021,c4258270d69b,0.937,same,"same Foster Avenue sewers from Ralph, end point shortened to Remsen",sonnet,reworded
BKCB18,2020,8af1b4639887,2021,c68d0041f50f,0.973,same,same added sanitation personnel for District 18,sonnet,reworded
BKCB18,2020,54d9cc0a952d,2021,d93d19a06710,1.0,same,"same East 38 Street sewer reconstruction, Kings Highway to Flatlands",sonnet,reworded
BKCB18,2020,f65d1992a003,2021,e49aa23cf84f,0.965,same,"same East 80 Street roadway reconstruction, Foster to Glenwood",sonnet,reworded
BKCB18,2020,d8e3d0c42a5b,2021,ecc179c9c654,1.0,same,same East 72 Street catch basin and sewer reconstruction,sonnet,reworded
BKCB18,2020,c6483060aefa,2021,f27696ce27ae,1.0,same,"same Avenue L sewer reconstruction, East 69 to East 70",sonnet,reworded
BKCB18,2021,068e8eb11c45,2022,513b07e9611e,1.0,same,same 20 officers each for 63rd and 69th Precincts,sonnet,reworded
BKCB18,2021,4fbfecf48ae6,2022,57949ae14da9,0.919,different,different street: Church Lane versus Avenue H,sonnet,reworded
BKCB18,2020,45c72ff5e4ca,2022,57949ae14da9,0.837,different,"East 56th Street sewers versus Avenue H sewers, different streets",sonnet,reworded
BKCB18,2021,05bc7d2cb950,2022,9ed0def6da53,0.991,same,"same Parks maintenance equipment request, near-identical text",sonnet,reworded
BKCB18,2021,e49aa23cf84f,2022,b27a8b13c108,0.919,different,different street: East 80 Street versus Avenue H,sonnet,reworded
BKCB18,2020,45c72ff5e4ca,2022,b27a8b13c108,0.75,different,"East 56th Street sewers versus Avenue H roadway, different streets",sonnet,reworded
BKCB18,2021,c68d0041f50f,2022,ff953cbd0d05,1.0,same,same added sanitation personnel for District 18,sonnet,reworded
BKCB18,2022,b27a8b13c108,2023,07346c1d7fab,0.985,same,"same Avenue H roadway reconstruction, East 55 to 56 Street",sonnet,reworded
BKCB18,2022,1414d3023df1,2023,10d1aac3719d,0.924,same,same Flatbush Avenue bioswales near Belt Parkway,sonnet,reworded
BKCB18,2022,dc5a4078401f,2023,17d60c8e39ff,0.988,same,"same Avenue K roadway reconstruction, Bergen to Ralph",sonnet,reworded
BKCB18,2022,e49aa23cf84f,2023,2c9061206055,0.987,same,same East 80 Street roadway reconstruction,sonnet,reworded
BKCB18,2022,a2ece61ddb35,2023,97f033dfef69,0.65,different,different street: Avenue L versus Paerdegat 9th Street,sonnet,reworded
BKCB18,2021,fdb258aba2dc,2023,97f033dfef69,0.458,different,East 45th Street versus Paerdegat 9th Street reconstruction,sonnet,reworded
BKCB18,2020,7a0ab3b40015,2023,97f033dfef69,0.363,different,Avenue M versus Paerdegat 9th Street reconstruction,sonnet,reworded
BKCB18,2022,96750c9aa41c,2023,ea6be3b464de,0.993,same,same Breukelen Community Center renovation,sonnet,reworded
BKCB18,2023,1ac9a4f40e1f,2024,f3fd0c2f8de2,0.626,different,different site: Church Lane versus Avenue H at Utica,sonnet,reworded
BKCB18,2023,3e49ec0630e1,2024,f3fd0c2f8de2,0.455,different,East 56 Street reconstruction versus Avenue H at Utica Avenue,sonnet,reworded
BKCB18,2021,fdb258aba2dc,2024,f3fd0c2f8de2,0.451,different,East 45th Street versus Avenue H at Utica Avenue,sonnet,reworded
BKCB18,2024,a9213d35f069,2025,e1fb8d05225d,0.769,same,"same Marine Park reconstruction, narrowed to the baseball fields",sonnet,reworded
BKCB18,2024,76d5376512e7,2025,f50a0c359e1f,0.354,same,same new 63rd Precinct house; later names Flatbush Avenue and Hendrickson Place site,sonnet,reworded
BKCB18,2025,2d7ba76bb0d2,2026,688cc70a20fc,0.38,different,Avenue U pedestrian fences versus Flatbush Avenue beautification and lighting,sonnet,reworded
BKCB18,2025,10d1aac3719d,2026,688cc70a20fc,0.3,different,"bioswales near Belt Parkway versus Flatbush lighting and beautification, Avenue T",sonnet,reworded
BKCB18,2025,6be4396ec879,2026,97c77b3601d8,0.491,same,same Lenape Playground renovation,sonnet,reworded
BKCB18,2024,18b8f6247e13,2027,34fabc2e6d2c,0.312,different,Church Lane reconstruction versus Remsen Avenue Playground,sonnet,reworded
BKCB18,2026,5e15c05cf632,2027,34fabc2e6d2c,0.302,different,Church Lane sewers versus Remsen Avenue playground reconstruction,sonnet,reworded
BKCB18,2026,2984e0b8e08f,2027,4fb6e412940c,0.315,same,same Amersfort Park fence replacement; later adds restroom,sonnet,reworded
BKCB2,2020,65f63d2bb828,2021,16dfb0f0928d,0.676,same,same new Downtown Brooklyn elementary school,sonnet,reworded
BKCB2,2020,738e84699987,2021,8cdb6ce53b3b,0.581,different,"speed sign versus school zone speed camera, different measure",sonnet,reworded
BKCB2,2020,251897484b11,2021,e03407fab2c4,0.41,different,more trash pickups versus building vermin-proof storage,sonnet,reworded
BKCB2,2020,c5c7e77c6d06,2021,e9812b601a73,0.991,same,same illegal dumping law update for technological evidence,sonnet,reworded
BKCB2,2021,8ae313bf2703,2022,13934d9b415a,0.336,different,"paint and electrical versus skylight repair, same senior center",sonnet,reworded
BKCB2,2020,736d26f18f1a,2022,3c923b41110d,0.544,different,Clark Street elevators versus York Street entrance,sonnet,reworded
BKCB2,2021,5e125cc6452e,2022,4544e7815f5b,0.34,different,tax abatements for affordable commercial space versus voucher program for small businesses,sonnet,reworded
BKCB2,2021,94a2617d2e94,2022,6be2ce95766f,0.881,same,"same Atlantic Avenue Gateway under BQE, added art and green space",sonnet,reworded
BKCB2,2021,03be072575e6,2022,82ca7022d652,0.907,same,"same after-school, Saturday and summer youth program funding",sonnet,reworded
BKCB2,2020,faa7abc19930,2022,cb1a7c2a7c4c,0.492,different,Borough Hall station elevators versus bus operator accessibility training,sonnet,reworded
BKCB2,2020,53ac40cb770a,2022,d6bb01785e2c,0.474,different,parking placard enforcement versus gun violence response,sonnet,reworded
BKCB2,2020,40fafe4ac39e,2022,db61b2b0e6e7,0.564,same,"same more frequent litter basket collection, no place named",sonnet,reworded
BKCB2,2021,08fabb2a42aa,2022,ee9591805878,0.394,different,school-based teen mental health versus public education campaign and treatment slots,sonnet,reworded
BKCB2,2022,995fc9e6bf69,2023,295238289a11,0.806,same,same Times Plaza construction,sonnet,reworded
BKCB2,2022,4544e7815f5b,2023,34c5ee770c11,0.484,unsure,tenant voucher program versus landlord incentives and expanded lease assistance; same goal,sonnet,reworded
BKCB2,2022,d81ee866bb40,2023,883fa74a442d,0.892,same,"same downtown Brooklyn business incubator and workspace, near-identical text",sonnet,reworded
BKCB2,2021,e45bb4712c7c,2023,9e5a82e96a6b,0.364,different,tennis court refurbishment versus installing court lighting,sonnet,reworded
BKCB2,2020,ea72e3378c5b,2023,d7acc5c1f613,0.341,same,same HPD inspector and code enforcement staffing increase,sonnet,reworded
BKCB2,2023,22627fbbacab,2024,0d007d59cbc6,0.666,same,same No Dogs signage at playground entrances,sonnet,reworded
BKCB2,2023,e0ef669b8b1f,2024,176a0f58b356,0.322,same,same bus shelters and countdown clocks at all bus stops,sonnet,reworded
BKCB2,2023,22627fbbacab,2024,1f9a94c2b4a1,0.404,different,playground no-dogs signage versus new dog park,sonnet,reworded
BKCB2,2023,1d126c8eb58f,2024,2356506a7583,0.79,different,restore pest control funds versus Rat Academy incentives for landlords,sonnet,reworded
BKCB2,2023,22627fbbacab,2024,38cb5ef8720d,0.409,different,playground no-dogs signage versus new dog park,sonnet,reworded
BKCB2,2023,86680e3d1476,2024,3a2bea05251d,0.756,same,same school nurses for asthma care; later says one in every school,sonnet,reworded
BKCB2,2022,cb1a7c2a7c4c,2024,4be61ba06974,0.314,different,bus operator accessibility training versus elevators in all stations,sonnet,reworded
BKCB2,2021,e45bb4712c7c,2024,52de6bcadaed,0.377,different,tennis courts refurbishment versus park safety patrols,sonnet,reworded
BKCB2,2023,b2ae11ee2083,2024,5ae896eece84,0.904,same,same Brooklyn War Memorial roof and parapet repair,sonnet,reworded
BKCB2,2023,94caf66065e9,2024,5e1c6eff8551,0.372,different,local hiring program versus NYCHA workforce training and DCAS exam prep,sonnet,reworded
BKCB2,2023,65e527b76a9a,2024,ab8cf340b279,0.834,same,same Walt Whitman Park sprinkler detector fix,sonnet,reworded
BKCB2,2023,e811cffc4bd7,2024,b3ecdcc8ef9c,0.809,different,new Coop-Tech school site versus youth workforce program funding,sonnet,reworded
BKCB2,2023,9e5a82e96a6b,2024,e43da13eaf32,0.692,same,same Fort Greene tennis court lighting,sonnet,reworded
BKCB2,2023,26cf9450e7ff,2024,e84fc7126f44,0.798,same,same University Place dog park,sonnet,reworded
BKCB2,2023,22627fbbacab,2024,f5a968379264,0.427,different,playground dog signage versus new dog park in Boerum Hill,sonnet,reworded
BKCB2,2024,f7659dca2149,2025,12c0565d22dd,0.316,unsure,business recovery aid versus retail attraction,resolved,reworded
BKCB2,2022,ee9591805878,2025,187c591eaf94,0.328,different,general mental health education versus programs for unhoused residents,sonnet,reworded
BKCB2,2024,1d3191c96b96,2025,2bdafede576b,0.821,same,same PS 287 schoolyard renovation,sonnet,reworded
BKCB2,2023,642cd4ea58ce,2025,3df0a4e298b5,0.305,different,NYCHA Waverly buildings versus PS 11 playground,sonnet,reworded
BKCB2,2024,4d12de6847dc,2025,768bfa474568,0.367,different,traffic enforcement agents versus automated enforcement technology,sonnet,reworded
BKCB2,2024,14e5e5f8a7ee,2025,7b916c6b577c,0.471,same,"same PS 46 yard renovation, narrowed to playground",sonnet,reworded
BKCB2,2024,4d12de6847dc,2025,81f497cee4e1,0.683,same,same traffic enforcement agents request; later adds automated enforcement,sonnet,reworded
BKCB2,2024,116ed12de0b9,2025,a5cf8cfc572c,0.686,same,same NYCHA repairs and maintenance request; later adds Atlantic,sonnet,reworded
BKCB2,2024,52de6bcadaed,2025,b6cff8c32f84,0.302,different,park security patrols versus health center capital funding,sonnet,reworded
BKCB2,2024,1e964de80426,2025,d341e99bb0e7,0.324,same,same police community policing training category; later text is survey result only,sonnet,reworded
BKCB2,2024,88cf269e73ca,2025,f3580dc40f20,0.301,different,"PS 20 elevator and rooftop farm versus cafeteria, flood prevention, fencing",sonnet,reworded
BKCB2,2024,fca4d022445b,2025,fab8f082372d,0.309,different,general free-fridge support versus Ingersoll pantry hours and staffing,sonnet,reworded
BKCB2,2023,caa506d3298d,2025,fb118c81b5eb,0.303,same,same more low-income housing request,sonnet,reworded
BKCB2,2024,b3ecdcc8ef9c,2025,fd07cf4ef47e,0.495,same,same youth skills training and employment funding; text shortened to survey result,sonnet,reworded
BKCB2,2025,e0fb53f18084,2026,1da991d9037d,0.371,same,same Grace Agard Harewood senior center renovation,sonnet,reworded
BKCB2,2024,f901cb8ff33a,2026,4f6a92e10610,0.434,different,opening locked park half versus bathrooms and spray shower,sonnet,reworded
BKCB2,2025,31785be7c9b9,2026,848c2626ca8b,0.374,same,Same Brooklyn Tech exterior construction acceleration request,sonnet,reworded
BKCB2,2024,a2cf4940c774,2026,a8778b42ed40,0.501,same,same South Oxford Park turf replacement,sonnet,reworded
BKCB2,2023,4b60bfb3ff10,2026,a8778b42ed40,0.345,different,port-a-johns versus turf replacement at South Oxford,sonnet,reworded
BKCB2,2025,7b916c6b577c,2026,bc635c33f41c,0.752,same,"same PS 46 playground renovation, agency now SCA",sonnet,reworded
BKCB2,2024,52de6bcadaed,2026,e50df252edba,0.312,different,Fort Greene safety patrols versus Greene Playground Phase 2,sonnet,reworded
BKCB2,2024,88cf269e73ca,2026,f8d29fa08153,0.364,different,PS 20 infrastructure versus after-school programming at PS 20,sonnet,reworded
BKCB2,2026,a97f5afc6a3d,2027,144424d182e6,0.935,same,same Sixteen Sycamores Park renovation,sonnet,reworded
BKCB2,2026,e50df252edba,2027,166d5956bad2,0.337,different,Greene Playground Phase 2 versus Edmonds Playground renovation,sonnet,reworded
BKCB2,2026,7af321a22eca,2027,23c5966fb8c5,0.615,same,same Parham Playground renovation; later gives phases and cost,sonnet,reworded
BKCB2,2026,23dd394fb287,2027,2416dc7fe80c,0.368,same,same DSNY MOM units for lots under the BQE,sonnet,reworded
BKCB2,2026,18ca7ca56d41,2027,2eab5204d9bb,0.486,same,same BID funding for public space management and trash,sonnet,reworded
BKCB2,2024,9aedfd62c9f9,2027,38e9cc1d7305,0.807,same,same Bridge Park 3 renovation next to Farragut Houses,sonnet,reworded
BKCB2,2026,9a57b302605f,2027,40464beb53c7,0.667,unsure,"same plaza; repointing versus repair and paint of honor rolls, may be one project",sonnet,reworded
BKCB2,2026,768bfa474568,2027,4bdb651b0873,0.363,same,same automated traffic enforcement; later specifies Argus cameras,sonnet,reworded
BKCB2,2026,4f63511524a3,2027,5ff688d8ac28,0.711,same,"same multi-use civic hall for seniors, youth and community",sonnet,reworded
BKCB2,2024,e380d62e3017,2027,6704eb8b601c,0.609,same,"same Flushing Avenue redesign, now quoting the earlier request",sonnet,reworded
BKCB2,2024,dc98c3dd8ceb,2027,680c9d9b6f20,0.463,same,same resident parking pilot program,sonnet,reworded
BKCB2,2026,3ca1a300bd0a,2027,6bfc6f35209a,0.487,same,same B-HEARD team funding; later narrows to B-HEARD in 84th and 88th Precincts,sonnet,reworded
BKCB2,2026,e50df252edba,2027,6ce74400be51,0.859,same,"same Greene Playground Phase 2 funding, now with amount",sonnet,reworded
BKCB2,2024,ab4371ba9032,2027,7be5cd3f3bbf,0.496,same,same High Street station flooding mitigation,sonnet,reworded
BKCB2,2024,b43df03121ea,2027,7cc188a32c33,0.433,same,same more curbside electric vehicle charging stations,sonnet,reworded
BKCB2,2026,769d6288a8f6,2027,8dc1a5583568,0.924,same,same multi-agency street vending enforcement feasibility study,sonnet,reworded
BKCB2,2026,5169252ddf57,2027,90e2da4bdbda,0.808,same,same Adam Yauch Park dog run renovation; later gives cost and name,sonnet,reworded
BKCB2,2026,e50df252edba,2027,93f952da3dfc,0.338,unsure,Greene Playground phase 2 versus Fort Greene Park phases 4 to 6,resolved,reworded
BKCB2,2025,ec9f4582b730,2027,95141e110219,0.323,same,same youth crime prevention program funding,sonnet,reworded
BKCB2,2026,dbad77ae997e,2027,98dba9b7dbdd,0.761,same,"same added Parks Enforcement Patrol officers, Brooklyn caseload",sonnet,reworded
BKCB2,2026,a15e356affac,2027,a0a31a3d8d98,0.811,same,same NYCHA REES expansion; later stresses outreach,sonnet,reworded
BKCB2,2024,db5bd3008301,2027,a1a5da0b558f,0.642,same,same ferry access points and shuttles to ferries,sonnet,reworded
BKCB2,2025,899ec1810cec,2027,a4dcb2dfc8d3,0.738,same,same Brooklyn Bridge tourist traffic and tourist center idea,sonnet,reworded
BKCB2,2026,81dc1a220cb9,2027,b12df7233974,0.908,same,same Adam Yauch Park basketball court renovation,sonnet,reworded
BKCB2,2026,aa10d36352b9,2027,b2f50b8c2af8,0.427,unsure,dedicated DOB community unit inspector versus more Emergency Response and Real-Time Enforcement staff,sonnet,reworded
BKCB2,2025,87063ba90a94,2027,bb20d444f0f3,0.473,different,substance misuse awareness versus mobile outreach units,sonnet,reworded
BKCB2,2025,f00744ab1b07,2027,ccc0b095838a,0.592,same,same sanitation enforcement of scofflaw violations,sonnet,reworded
BKCB2,2024,59eb2cc5417c,2027,e0a91bee3193,0.856,same,same dedicated parking for 84th and 88th precinct employees,sonnet,reworded
BKCB2,2026,7a70dd18ef30,2027,e36d824a1d18,0.561,same,"same Science Skills HS gym; later asks for feasibility study, a phase",sonnet,reworded
BKCB2,2025,12c0565d22dd,2027,fb95d49168a0,0.681,same,same retail attraction and retention support for vacant storefronts,sonnet,reworded
BKCB3,2020,2f54ea877d35,2021,031b2d964d9a,0.964,same,"same Von King Park cultural center kitchen and pottery kiln, near-identical text",sonnet,reworded
BKCB3,2020,58c1863d8ab9,2021,2302c29100df,0.576,same,same EDC tax incentives for business facade and space improvements,sonnet,reworded
BKCB3,2020,a417496b208b,2021,5050fc6d4a4e,0.892,different,the Register puts the earlier list at Atlantic and Nostrand; now Fulton and Tompkins,resolved,reworded
BKCB3,2020,b215503bc66e,2021,6c5f5d51b7bd,0.527,same,"same EDC space for start-ups and entrepreneurs, new title",sonnet,reworded
BKCB3,2020,a417496b208b,2021,79427c7f5a4f,0.894,different,the Register puts the earlier list at Atlantic and Nostrand; now Fulton and Albany,resolved,reworded
BKCB3,2020,50363a72ab03,2021,7b48110708f5,0.499,same,"same Macon Library retaining wall repair, HVAC added",sonnet,reworded
BKCB3,2020,24878893956c,2021,8630654219bf,0.977,same,same request for more DOB housing code inspectors in Bed-Stuy,sonnet,reworded
BKCB3,2020,9f8e8cc79f00,2021,8de3086ce7f9,0.667,unsure,"Bedford Library windows in both, boiler swapped for exterior renovation",sonnet,reworded
BKCB3,2020,4d7d932c8434,2021,9b9146193c4b,0.552,same,same DFTA senior resource center in Bed-Stuy; weekly pop-up now,sonnet,reworded
BKCB3,2020,bfd58b06e2b1,2021,bd44af244b94,0.475,different,different street: Jefferson Avenue versus Broadway,sonnet,reworded
BKCB3,2020,a417496b208b,2021,bf6ef8bfd5be,0.521,different,different intersection: Fulton and Ralph not in earlier list,sonnet,reworded
BKCB3,2020,a9b797fb76fe,2021,c90822f7fe0f,0.467,same,"same Marcy Library renovation, roof, interior, exterior",sonnet,reworded
BKCB3,2020,895e4abfc67b,2021,d9c8fe8b6366,0.538,same,"same HPD RFP for Bedford-Stuyvesant lots, block 1549, 1548 and 1557",sonnet,reworded
BKCB3,2020,8f78189b9e57,2021,ef7f0e1c01d0,0.641,same,"same Armory feasibility study recommendations funding, agency changed",sonnet,reworded
BKCB3,2020,0824050eca20,2021,f94c09c1775a,0.396,same,same Kosciuszko Pool year-round conversion,sonnet,reworded
BKCB3,2020,10a3346ff7dd,2021,fef6ff27e177,0.483,same,same Macon African American Heritage Center funding,sonnet,reworded
BKCB3,2021,7b48110708f5,2022,0700ca9c35cc,0.712,same,same Macon Library retaining wall and HVAC,sonnet,reworded
BKCB3,2021,d9c8fe8b6366,2022,0b5588f05739,0.39,same,same HPD Bed-Stuy plots RFP for affordable housing; lots described differently,sonnet,reworded
BKCB3,2021,bd44af244b94,2022,1f74938ba92c,0.374,different,"Broadway repaving versus traffic signal, lighting, walkway reconfiguration",sonnet,reworded
BKCB3,2021,cbf63895c629,2022,22a5f7d39c8c,0.414,same,both seek DOHMH substance-use prevention programming including K2/Spice; scope broadened,sonnet,reworded
BKCB3,2021,26bb5aec1a87,2022,26bb5aec1a87,0.933,same,"same DOHMH public health programs, text unchanged",sonnet,reworded
BKCB3,2021,ef7f0e1c01d0,2022,2be041f5238f,0.37,different,Armory overhaul RFP versus exterior facade restoration by DDC,sonnet,reworded
BKCB3,2021,2302c29100df,2022,36e631ba874b,0.834,same,same EDC tax incentives for business improvements; COVID item added,sonnet,reworded
BKCB3,2021,689d2df60682,2022,3c97c75b5fb1,0.649,same,same SBS satellite office in CB3 for MWBE certification,sonnet,reworded
BKCB3,2021,ef7f0e1c01d0,2022,51ef170fbec0,0.946,same,same Armory RFP request to EDC,sonnet,reworded
BKCB3,2021,bfdf04ce60f7,2022,5851b1d65b13,0.735,same,same Jackie Robinson Park play equipment,sonnet,reworded
BKCB3,2021,87b369012085,2022,60c038aab569,0.904,same,"same comfort station renovation, Saratoga Park",sonnet,reworded
BKCB3,2021,7b9d901330c6,2022,69e264cd7a01,0.674,same,same SBS job training for young adults; paid placement detail added,sonnet,reworded
BKCB3,2021,fef6ff27e177,2022,72d2fbe7691b,0.808,same,same Macon African American Heritage Center growth,sonnet,reworded
BKCB3,2021,c90822f7fe0f,2022,96dfd64788a9,0.836,same,same Marcy Library capital needs,sonnet,reworded
BKCB3,2021,fb563fe59ea5,2022,adaae67a853b,0.728,same,same Potomac Playground renovation,sonnet,reworded
BKCB3,2021,42f8dd0b1c16,2022,b8638c68aa49,0.969,same,same HPD NIHOP program expansion,sonnet,reworded
BKCB3,2021,031b2d964d9a,2022,c6db3127dd72,0.72,same,same Von King kitchen and pottery kiln upgrade,sonnet,reworded
BKCB3,2021,bf6ef8bfd5be,2022,ee868e71cb6c,0.969,same,"same Fulton and Ralph intersection safety request, new title",sonnet,reworded
BKCB3,2021,8de3086ce7f9,2022,f1f192b3d903,0.808,same,same Bedford Library exterior renovation and window restoration,sonnet,reworded
BKCB3,2021,e76b34626cb9,2022,f4e2096b1ba0,0.66,same,same SYEP slots for CB3 youth; quantity changed,sonnet,reworded
BKCB3,2022,ec718ed445f7,2023,00f26377f7e6,0.965,same,"same DYCD programs for disconnected young adults, text nearly unchanged",sonnet,reworded
BKCB3,2022,5851b1d65b13,2023,02d4396d5916,0.606,same,"same Jackie Robinson Park play equipment, wider upgrade added",sonnet,reworded
BKCB3,2022,26bb5aec1a87,2023,0b7c127f5e14,0.925,same,same DOHMH public health programs list; COVID-19 added,sonnet,reworded
BKCB3,2022,bd44af244b94,2023,0c1ca3efaf67,0.391,same,"same Broadway corridor roadway repair, Flushing to Saratoga",sonnet,reworded
BKCB3,2022,72d2fbe7691b,2023,37e37ee943e5,0.725,same,same Macon African American Heritage Center programming and collection,sonnet,reworded
BKCB3,2022,e3c2c6574457,2023,3d71fffde702,0.522,same,same SBS program for long-standing businesses; satellite office or incubator added,sonnet,reworded
BKCB3,2022,bfd58b06e2b1,2023,3fc3657f729a,0.576,same,"same Jefferson Avenue roadway depression repair, Stuyvesant to Malcolm X",sonnet,reworded
BKCB3,2022,8417b91b090f,2023,4153a7afad86,0.522,same,same EDC financial incentives for local job growth and retention,sonnet,reworded
BKCB3,2022,22a5f7d39c8c,2023,43593a0520c9,0.923,same,"same DOHMH substance misuse destigmatization and prevention, text nearly identical",sonnet,reworded
BKCB3,2022,f63143bde1d6@fb2432,2023,4842c8a97cb2,0.714,same,same Brevoort Houses green infrastructure request; now names the development in the text,sonnet,reworded
BKCB3,2022,1f74938ba92c,2023,485342bfdcdc,0.34,different,corridor-wide Broadway safety request versus two specific intersections,sonnet,reworded
BKCB3,2020,a417496b208b,2023,485342bfdcdc,0.3,different,Nostrand and Atlantic site versus Broadway at Park and Lewis,sonnet,reworded
BKCB3,2022,f1f192b3d903,2023,4f960ea674a2,0.497,same,same Bedford Library exterior renovation and window restoration,sonnet,reworded
BKCB3,2022,1f74938ba92c,2023,554698926899,0.356,different,corridor-wide Broadway safety request versus two specific intersections,sonnet,reworded
BKCB3,2022,dac238bd9582,2023,61b9e28988c9,0.756,same,same DYCD Beacon and Cornerstone expansion,sonnet,reworded
BKCB3,2022,1c603352e48e,2023,6331f0c35987,0.742,same,same DOHMH mental health wellness programs with churches for isolated seniors,sonnet,reworded
BKCB3,2022,1f74938ba92c,2023,6cb9eab0c475,0.398,unsure,a corridor-wide request versus two intersections,resolved,reworded
BKCB3,2022,6708f33cfd63,2023,6d7b57a04f4a,0.771,same,same HPD rent subsidy expansion for rent-burdened residents,sonnet,reworded
BKCB3,2022,aea727144f3e,2023,6f32ea2aa54f,0.941,same,Same PS 3 play area overhaul with lighting and cameras,sonnet,reworded
BKCB3,2022,bcc1476186ee,2023,6f32ea2aa54f,0.934,different,different school: MS 35 versus PS 3 play area,sonnet,reworded
BKCB3,2022,384daded13fa,2023,7edb1ae33473,0.599,same,same Macdonough Street depression repair near Stuyvesant,sonnet,reworded
BKCB3,2022,76c96af36e52,2023,81de0af8d031,0.815,same,"same NYPD youth violence prevention resources, cure violence and interrupters",sonnet,reworded
BKCB3,2022,1f74938ba92c,2023,82e5198e7af6,0.403,different,corridor-wide Broadway safety request versus two specific intersections,sonnet,reworded
BKCB3,2022,ee868e71cb6c,2023,82e5198e7af6,0.372,different,Fulton and Ralph intersection versus Broadway at Lexington and Ralph,sonnet,reworded
BKCB3,2022,1f74938ba92c,2023,8e479b0037bc,0.395,unsure,a corridor-wide request versus one intersection,resolved,reworded
BKCB3,2022,f2473b812abc,2023,9b2465d63e03,0.344,unsure,"K-Pool year-round capital conversion versus seasonal air dome expense, called a modification",sonnet,reworded
BKCB3,2020,e1751aea780a,2023,a0b4bc678666,0.454,same,same new homeownership programs request,sonnet,reworded
BKCB3,2022,eb3052799ecb,2023,a2c80b426bf7,0.454,same,same DSNY enforcement staff for dumping and dirty areas; signage unit dropped,sonnet,reworded
BKCB3,2022,51ef170fbec0,2023,ac06e1a47e7a,0.749,same,"same Armory RFP to fund study's recommended overhaul, interior emphasis",sonnet,reworded
BKCB3,2022,f63143bde1d6@db3b11,2023,ad482e14fc64,0.599,unsure,"now names Marcy Houses; then only says Park Avenue, which fits several developments",sonnet,reworded
BKCB3,2022,ee868e71cb6c,2023,ae0592cd05ee,0.927,same,same Fulton and Ralph intersection safety request,sonnet,reworded
BKCB3,2022,36e631ba874b,2023,b634156d7314,0.679,same,same EDC tax incentives for business improvements incl. facade restoration,sonnet,reworded
BKCB3,2022,69e264cd7a01,2023,b746d778c4e8,0.901,same,same SBS paid job training; target groups reworded,sonnet,reworded
BKCB3,2022,bcc1476186ee,2023,bd522925b7d3,0.934,same,same MS 35 play area overhaul,sonnet,reworded
BKCB3,2022,273c1ea6722b,2023,be4d3a7c7245,0.795,same,same Hancock Playground conversion to green park space,sonnet,reworded
BKCB3,2022,57b5b6ce7017,2023,c04c9d1a2532,0.944,same,same El-Shabazz Playground equipment,sonnet,reworded
BKCB3,2022,bfd58b06e2b1,2023,c09fd33562f2,0.5,different,"different blocks, Stuyvesant Avenue versus Hancock Street",resolved,reworded
BKCB3,2022,35569b94050b,2023,c09fd33562f2,0.48,same,"Same Hancock Street block, Marcy to Tompkins, depression and trench restoration",sonnet,reworded
BKCB3,2022,f63143bde1d6@db3b11,2023,c15a7de7778c,0.56,unsure,"Park Avenue fits Sumner, Marcy and Tompkins Houses alike, so site unclear",sonnet,reworded
BKCB3,2022,0700ca9c35cc,2023,c7fdb7b4794e,0.667,same,same Macon Library retaining wall and HVAC,sonnet,reworded
BKCB3,2022,1f74938ba92c,2023,c81cdc559f9d,0.442,unsure,a corridor-wide request versus one intersection,resolved,reworded
BKCB3,2020,a417496b208b,2023,c81cdc559f9d,0.307,different,Nostrand and Atlantic site versus Broadway and Flushing site,sonnet,reworded
BKCB3,2022,3ad298fb3a07,2023,cc85bf21f96b,0.31,same,"same DOHMH rat reduction in Bed-Stuy, reworded",sonnet,reworded
BKCB3,2022,f63143bde1d6@db3b11,2023,cefd8b46590a,0.579,unsure,"now names Tompkins Houses; then only says Park Avenue, which fits several developments",sonnet,reworded
BKCB3,2022,1f74938ba92c,2023,d2222785c068,0.308,different,corridor-wide Broadway safety request versus two specific intersections,sonnet,reworded
BKCB3,2020,a417496b208b,2023,d2222785c068,0.308,different,Nostrand and Atlantic site versus Broadway at Marcus Garvey and Ellery,sonnet,reworded
BKCB3,2021,79427c7f5a4f,2023,d2222785c068,0.307,different,Fulton and Albany intersection versus Broadway at Marcus Garvey and Ellery,sonnet,reworded
BKCB3,2022,1f74938ba92c,2023,df97aa792864,0.363,different,corridor-wide Broadway safety request versus two specific intersections,sonnet,reworded
BKCB3,2022,f63143bde1d6@fb2432,2023,e9ea65e9274e,0.661,different,"now is Lafayette Gardens on Classon Avenue, not Brevoort Houses",sonnet,reworded
BKCB3,2022,f63143bde1d6@cf5b01,2023,e9ea65e9274e,0.639,same,"FY2022's Classon Avenue row is the Lafayette Gardens request, which is on Classon Avenue",resolved,reworded
BKCB3,2022,1f74938ba92c,2023,ebe3efce580c@20a49a,0.333,different,"then covers whole Broadway corridor, Flushing to Saratoga; now only Myrtle and Stuyvesant intersections",sonnet,reworded
BKCB3,2020,a417496b208b,2023,ebe3efce580c@20a49a,0.324,different,Nostrand and Atlantic site versus Broadway at Myrtle and Stuyvesant,sonnet,reworded
BKCB3,2022,1f74938ba92c,2023,ebe3efce580c@8d674e,0.344,different,then covers whole Broadway corridor; now only a short intersection site,sonnet,reworded
BKCB3,2020,a417496b208b,2023,ebe3efce580c@8d674e,0.312,different,Nostrand and Atlantic site versus Broadway at Myrtle and Stuyvesant,sonnet,reworded
BKCB3,2023,554698926899@646dfc,2024,01daf8c65e58@0b2426,1.0,different,different intersections: Pulaski/Dekalb versus Quincy/Gates,sonnet,site
BKCB3,2023,6cb9eab0c475@34e7be,2024,01daf8c65e58@0b2426,1.0,different,different intersections: Kosciuszko/Lafayette versus Quincy/Gates,sonnet,site
BKCB3,2023,82e5198e7af6@ad5925,2024,01daf8c65e58@0b2426,1.0,different,different intersection: Lexington/Ralph versus Quincy/Gates,sonnet,site
BKCB3,2023,df97aa792864@205f9e,2024,01daf8c65e58@0b2426,1.0,different,different intersection: Monroe/Howard versus Quincy/Gates,sonnet,site
BKCB3,2023,9b2465d63e03,2024,10f6faa01f34,1.0,same,same K-Pool seasonal air dome expense request,sonnet,reworded
BKCB3,2023,554698926899@646dfc,2024,1e8312fe3c5e@b802c9,1.0,different,different intersections: Pulaski/Dekalb versus Lexington/Ralph,sonnet,site
BKCB3,2023,6cb9eab0c475@34e7be,2024,1e8312fe3c5e@b802c9,1.0,different,different intersections: Kosciuszko/Lafayette versus Lexington/Ralph,sonnet,site
BKCB3,2023,8e479b0037bc@24e977,2024,1e8312fe3c5e@b802c9,1.0,different,different intersection: Quincy/Gates versus Lexington/Ralph,sonnet,site
BKCB3,2023,df97aa792864@205f9e,2024,1e8312fe3c5e@b802c9,1.0,different,different intersection: Monroe/Howard versus Lexington/Ralph,sonnet,site
BKCB3,2023,37e37ee943e5,2024,2302a311b9eb,0.92,same,same Macon African American Heritage Center programming,sonnet,reworded
BKCB3,2023,c09fd33562f2,2024,3a4d3e3b52b6,0.911,same,"same Hancock Street trench restoration, Marcy to Tompkins",sonnet,reworded
BKCB3,2023,ac06e1a47e7a,2024,3e271d3a9244,0.913,same,same Armory interior overhaul RFP request to EDC,sonnet,reworded
BKCB3,2023,7edb1ae33473,2024,5542687b7cae,0.843,same,same Macdonough Street trench restoration,sonnet,reworded
BKCB3,2023,d2222785c068@ffae28,2024,57efe30f7b28@8127b0,1.0,different,different intersections: Marcus Garvey and Ellery versus Myrtle and Stuyvesant,sonnet,site
BKCB3,2023,485342bfdcdc@42a853,2024,57efe30f7b28@8127b0,1.0,different,different intersections: Park/Lewis Avenues versus Myrtle/Stuyvesant,sonnet,site
BKCB3,2023,ebe3efce580c@8d674e,2024,57efe30f7b28@8127b0,1.0,different,"the Register puts this row at Willoughby and Hart, and Myrtle has its own FY2023 row",resolved,site
BKCB3,2023,d2222785c068@ffae28,2024,5df5ebafe6e4@70a458,1.0,different,different intersections: Marcus Garvey and Ellery versus Park and Lewis Avenues,sonnet,site
BKCB3,2023,ebe3efce580c@20a49a,2024,5df5ebafe6e4@70a458,1.0,different,different intersections: Myrtle/Stuyvesant versus Park/Lewis Avenues,sonnet,site
BKCB3,2023,ebe3efce580c@8d674e,2024,5df5ebafe6e4@70a458,1.0,different,different intersections: text Myrtle/Stuyvesant versus Park/Lewis Avenues,sonnet,site
BKCB3,2023,a2c80b426bf7,2024,64011ed94b2b,0.709,same,same DSNY enforcement staff for dumping; more issues listed,sonnet,reworded
BKCB3,2023,e9ea65e9274e@cf5b01,2024,646c729b3892@766f00,1.0,same,same Lafayette Gardens Houses green infrastructure; Register gives street then borough,sonnet,site
BKCB3,2023,d690d184e9ae,2024,7cc61dae42dd,0.952,same,"same HPD affordable housing request, text unchanged",sonnet,reworded
BKCB3,2023,485342bfdcdc@42a853,2024,88e72a175aa9@cfa2a9,1.0,different,different intersections: Park/Lewis Avenues versus Marcus Garvey/Ellery,sonnet,site
BKCB3,2023,ebe3efce580c@20a49a,2024,88e72a175aa9@cfa2a9,1.0,different,different intersections: Myrtle/Stuyvesant versus Marcus Garvey/Ellery,sonnet,site
BKCB3,2023,ebe3efce580c@8d674e,2024,88e72a175aa9@cfa2a9,1.0,different,different intersections: text Myrtle/Stuyvesant versus Marcus Garvey/Ellery,sonnet,site
BKCB3,2023,ae0592cd05ee,2024,92316c57d677,0.959,same,same Fulton and Ralph intersection safety request,sonnet,reworded
BKCB3,2023,d2222785c068@ffae28,2024,95c366681505@d3303b,1.0,different,different intersections: Marcus Garvey and Ellery versus Willoughby and Hart,sonnet,site
BKCB3,2023,485342bfdcdc@42a853,2024,95c366681505@d3303b,1.0,different,different intersections: Park/Lewis Avenues versus Willoughby/Hart,sonnet,site
BKCB3,2023,ebe3efce580c@20a49a,2024,95c366681505@d3303b,1.0,different,different intersections: Myrtle/Stuyvesant versus Willoughby/Hart,sonnet,site
BKCB3,2023,43593a0520c9,2024,9b6387f5251f,0.891,same,"same DOHMH substance misuse destigmatization, text unchanged",sonnet,reworded
BKCB3,2023,79a5e6b28f46,2024,a19b4384a805,0.781,same,same Lafayette Playground basketball court renovation,sonnet,reworded
BKCB3,2023,6cb9eab0c475@34e7be,2024,ae78e2d39568@14599e,1.0,different,different intersections: Kosciuszko/Lafayette versus Pulaski/Dekalb,sonnet,site
BKCB3,2023,82e5198e7af6@ad5925,2024,ae78e2d39568@14599e,1.0,different,different intersection: Lexington/Ralph versus Pulaski/Dekalb,sonnet,site
BKCB3,2023,8e479b0037bc@24e977,2024,ae78e2d39568@14599e,1.0,different,different intersection: Quincy/Gates versus Pulaski/Dekalb,sonnet,site
BKCB3,2023,df97aa792864@205f9e,2024,ae78e2d39568@14599e,1.0,different,different intersection: Monroe/Howard versus Pulaski/Dekalb,sonnet,site
BKCB3,2023,02d4396d5916,2024,bb9dc40f57e4,0.976,same,same Jackie Robinson Playground complete upgrade,sonnet,reworded
BKCB3,2023,3fc3657f729a,2024,bc5db5721f0a,0.794,same,same Jefferson Avenue trench restoration,sonnet,reworded
BKCB3,2023,554698926899@646dfc,2024,c7b302d1f386@d62c00,1.0,different,different intersections: Pulaski/Dekalb versus Kosciuszko/Lafayette,sonnet,site
BKCB3,2023,82e5198e7af6@ad5925,2024,c7b302d1f386@d62c00,1.0,different,different intersection: Lexington/Ralph versus Kosciuszko/Lafayette,sonnet,site
BKCB3,2023,8e479b0037bc@24e977,2024,c7b302d1f386@d62c00,1.0,different,different intersection: Quincy/Gates versus Kosciuszko/Lafayette,sonnet,site
BKCB3,2023,df97aa792864@205f9e,2024,c7b302d1f386@d62c00,1.0,different,different intersection: Monroe/Howard versus Kosciuszko/Lafayette,sonnet,site
BKCB3,2023,a29b6336fa12,2024,d8f497beb722,0.481,different,"YAIP year-round internships versus SYEP summer jobs, different program",sonnet,reworded
BKCB3,2023,554698926899@646dfc,2024,f14b01f6bb12@b63610,1.0,different,different intersections: Pulaski/Dekalb versus Monroe/Howard,sonnet,site
BKCB3,2023,6cb9eab0c475@34e7be,2024,f14b01f6bb12@b63610,1.0,different,different intersections: Kosciuszko/Lafayette versus Monroe/Howard,sonnet,site
BKCB3,2023,82e5198e7af6@ad5925,2024,f14b01f6bb12@b63610,1.0,different,different intersection: Lexington/Ralph versus Monroe/Howard,sonnet,site
BKCB3,2023,8e479b0037bc@24e977,2024,f14b01f6bb12@b63610,1.0,different,different intersection: Quincy/Gates versus Monroe/Howard,sonnet,site
BKCB3,2023,b54475e18532,2024,f9d78a8392b6,0.49,same,"same Von King amphitheater renovation, dog run drainage added",sonnet,reworded
BKCB3,2023,554698926899@646dfc,2025,01daf8c65e58@0b2426,1.0,different,different intersections: Pulaski/Dekalb versus Quincy/Gates,sonnet,site
BKCB3,2023,6cb9eab0c475@34e7be,2025,01daf8c65e58@0b2426,1.0,different,different intersections: Kosciuszko/Lafayette versus Quincy/Gates,sonnet,site
BKCB3,2023,82e5198e7af6@ad5925,2025,01daf8c65e58@0b2426,1.0,different,different intersection: Lexington/Ralph versus Quincy/Gates,sonnet,site
BKCB3,2023,df97aa792864@205f9e,2025,01daf8c65e58@0b2426,1.0,different,different intersection: Monroe/Howard versus Quincy/Gates,sonnet,site
BKCB3,2024,ae78e2d39568@14599e,2025,01daf8c65e58@0b2426,1.0,different,different intersection: Pulaski/Dekalb versus Quincy/Gates,sonnet,site
BKCB3,2024,c7b302d1f386@d62c00,2025,01daf8c65e58@0b2426,1.0,different,different intersection: Kosciuszko/Lafayette versus Quincy/Gates,sonnet,site
BKCB3,2024,1e8312fe3c5e@b802c9,2025,01daf8c65e58@0b2426,1.0,different,different intersection: Lexington/Ralph versus Quincy/Gates,sonnet,site
BKCB3,2024,f14b01f6bb12@b63610,2025,01daf8c65e58@0b2426,1.0,different,different intersection: Monroe/Howard versus Quincy/Gates,sonnet,site
BKCB3,2023,554698926899@646dfc,2025,1e8312fe3c5e@b802c9,1.0,different,different intersections: Pulaski/Dekalb versus Lexington/Ralph,sonnet,site
BKCB3,2023,6cb9eab0c475@34e7be,2025,1e8312fe3c5e@b802c9,1.0,different,different intersections: Kosciuszko/Lafayette versus Lexington/Ralph,sonnet,site
BKCB3,2023,8e479b0037bc@24e977,2025,1e8312fe3c5e@b802c9,1.0,different,different intersection: Quincy/Gates versus Lexington/Ralph,sonnet,site
BKCB3,2023,df97aa792864@205f9e,2025,1e8312fe3c5e@b802c9,1.0,different,different intersection: Monroe/Howard versus Lexington/Ralph,sonnet,site
BKCB3,2024,ae78e2d39568@14599e,2025,1e8312fe3c5e@b802c9,1.0,different,different intersection: Pulaski/Dekalb versus Lexington/Ralph,sonnet,site
BKCB3,2024,c7b302d1f386@d62c00,2025,1e8312fe3c5e@b802c9,1.0,different,different intersection: Kosciuszko/Lafayette versus Lexington/Ralph,sonnet,site
BKCB3,2024,01daf8c65e58@0b2426,2025,1e8312fe3c5e@b802c9,1.0,different,different intersection: Quincy/Gates versus Lexington/Ralph,sonnet,site
BKCB3,2024,f14b01f6bb12@b63610,2025,1e8312fe3c5e@b802c9,1.0,different,different intersection: Monroe/Howard versus Lexington/Ralph,sonnet,site
BKCB3,2023,d2222785c068@ffae28,2025,57efe30f7b28@8127b0,1.0,different,different intersections: Marcus Garvey and Ellery versus Myrtle and Stuyvesant,sonnet,site
BKCB3,2023,485342bfdcdc@42a853,2025,57efe30f7b28@8127b0,1.0,different,different intersections: Park/Lewis Avenues versus Myrtle/Stuyvesant,sonnet,site
BKCB3,2023,ebe3efce580c@8d674e,2025,57efe30f7b28@8127b0,1.0,different,"the Register puts this row at Willoughby and Hart, and Myrtle has its own FY2023 row",resolved,site
BKCB3,2024,88e72a175aa9@cfa2a9,2025,57efe30f7b28@8127b0,1.0,different,different intersection: Marcus Garvey/Ellery versus Myrtle/Stuyvesant,sonnet,site
BKCB3,2024,5df5ebafe6e4@70a458,2025,57efe30f7b28@8127b0,1.0,different,different intersection: Park/Lewis versus Myrtle/Stuyvesant,sonnet,site
BKCB3,2024,95c366681505@d3303b,2025,57efe30f7b28@8127b0,1.0,different,different intersection: Willoughby/Hart versus Myrtle/Stuyvesant,sonnet,site
BKCB3,2023,d2222785c068@ffae28,2025,5df5ebafe6e4@70a458,1.0,different,different intersections: Marcus Garvey and Ellery versus Park and Lewis Avenues,sonnet,site
BKCB3,2023,ebe3efce580c@20a49a,2025,5df5ebafe6e4@70a458,1.0,different,different intersections: Myrtle/Stuyvesant versus Park/Lewis Avenues,sonnet,site
BKCB3,2023,ebe3efce580c@8d674e,2025,5df5ebafe6e4@70a458,1.0,different,different intersections: text Myrtle/Stuyvesant versus Park/Lewis Avenues,sonnet,site
BKCB3,2024,88e72a175aa9@cfa2a9,2025,5df5ebafe6e4@70a458,1.0,different,different intersection: Marcus Garvey/Ellery versus Park/Lewis,sonnet,site
BKCB3,2024,57efe30f7b28@8127b0,2025,5df5ebafe6e4@70a458,1.0,different,different intersection: Myrtle/Stuyvesant versus Park/Lewis,sonnet,site
BKCB3,2024,95c366681505@d3303b,2025,5df5ebafe6e4@70a458,1.0,different,different intersection: Willoughby/Hart versus Park/Lewis,sonnet,site
BKCB3,2023,e9ea65e9274e@cf5b01,2025,646c729b3892@766f00,1.0,same,same Lafayette Gardens Houses green infrastructure; Register gives street then borough,sonnet,site
BKCB3,2023,485342bfdcdc@42a853,2025,88e72a175aa9@cfa2a9,1.0,different,different intersections: Park/Lewis Avenues versus Marcus Garvey/Ellery,sonnet,site
BKCB3,2023,ebe3efce580c@20a49a,2025,88e72a175aa9@cfa2a9,1.0,different,different intersections: Myrtle/Stuyvesant versus Marcus Garvey/Ellery,sonnet,site
BKCB3,2023,ebe3efce580c@8d674e,2025,88e72a175aa9@cfa2a9,1.0,different,different intersections: text Myrtle/Stuyvesant versus Marcus Garvey/Ellery,sonnet,site
BKCB3,2024,5df5ebafe6e4@70a458,2025,88e72a175aa9@cfa2a9,1.0,different,different intersection: Park/Lewis versus Marcus Garvey/Ellery,sonnet,site
BKCB3,2024,57efe30f7b28@8127b0,2025,88e72a175aa9@cfa2a9,1.0,different,different intersection: Myrtle/Stuyvesant versus Marcus Garvey/Ellery,sonnet,site
BKCB3,2024,95c366681505@d3303b,2025,88e72a175aa9@cfa2a9,1.0,different,different intersection: Willoughby/Hart versus Marcus Garvey/Ellery,sonnet,site
BKCB3,2023,d2222785c068@ffae28,2025,95c366681505@d3303b,1.0,different,different intersections: Marcus Garvey and Ellery versus Willoughby and Hart,sonnet,site
BKCB3,2023,485342bfdcdc@42a853,2025,95c366681505@d3303b,1.0,different,different intersections: Park/Lewis Avenues versus Willoughby/Hart,sonnet,site
BKCB3,2023,ebe3efce580c@20a49a,2025,95c366681505@d3303b,1.0,different,different intersections: Myrtle/Stuyvesant versus Willoughby/Hart,sonnet,site
BKCB3,2024,88e72a175aa9@cfa2a9,2025,95c366681505@d3303b,1.0,different,different intersection: Marcus Garvey/Ellery versus Willoughby/Hart,sonnet,site
BKCB3,2024,5df5ebafe6e4@70a458,2025,95c366681505@d3303b,1.0,different,different intersection: Park/Lewis versus Willoughby/Hart,sonnet,site
BKCB3,2024,57efe30f7b28@8127b0,2025,95c366681505@d3303b,1.0,different,different intersection: Myrtle/Stuyvesant versus Willoughby/Hart,sonnet,site
BKCB3,2023,6cb9eab0c475@34e7be,2025,ae78e2d39568@14599e,1.0,different,different intersections: Kosciuszko/Lafayette versus Pulaski/Dekalb,sonnet,site
BKCB3,2023,82e5198e7af6@ad5925,2025,ae78e2d39568@14599e,1.0,different,different intersection: Lexington/Ralph versus Pulaski/Dekalb,sonnet,site
BKCB3,2023,8e479b0037bc@24e977,2025,ae78e2d39568@14599e,1.0,different,different intersection: Quincy/Gates versus Pulaski/Dekalb,sonnet,site
BKCB3,2023,df97aa792864@205f9e,2025,ae78e2d39568@14599e,1.0,different,different intersection: Monroe/Howard versus Pulaski/Dekalb,sonnet,site
BKCB3,2024,c7b302d1f386@d62c00,2025,ae78e2d39568@14599e,1.0,different,different intersection: Kosciuszko/Lafayette versus Pulaski/Dekalb,sonnet,site
BKCB3,2024,1e8312fe3c5e@b802c9,2025,ae78e2d39568@14599e,1.0,different,different intersection: Lexington/Ralph versus Pulaski/Dekalb,sonnet,site
BKCB3,2024,01daf8c65e58@0b2426,2025,ae78e2d39568@14599e,1.0,different,different intersection: Quincy/Gates versus Pulaski/Dekalb,sonnet,site
BKCB3,2024,f14b01f6bb12@b63610,2025,ae78e2d39568@14599e,1.0,different,different intersection: Monroe/Howard versus Pulaski/Dekalb,sonnet,site
BKCB3,2024,60c038aab569,2025,b1fc0a4e86d1,0.891,same,same Saratoga Park comfort station renovation,sonnet,reworded
BKCB3,2023,554698926899@646dfc,2025,c7b302d1f386@d62c00,1.0,different,different intersections: Pulaski/Dekalb versus Kosciuszko/Lafayette,sonnet,site
BKCB3,2023,82e5198e7af6@ad5925,2025,c7b302d1f386@d62c00,1.0,different,different intersection: Lexington/Ralph versus Kosciuszko/Lafayette,sonnet,site
BKCB3,2023,8e479b0037bc@24e977,2025,c7b302d1f386@d62c00,1.0,different,different intersection: Quincy/Gates versus Kosciuszko/Lafayette,sonnet,site
BKCB3,2023,df97aa792864@205f9e,2025,c7b302d1f386@d62c00,1.0,different,different intersection: Monroe/Howard versus Kosciuszko/Lafayette,sonnet,site
BKCB3,2024,ae78e2d39568@14599e,2025,c7b302d1f386@d62c00,1.0,different,different intersection: Pulaski/Dekalb versus Kosciuszko/Lafayette,sonnet,site
BKCB3,2024,1e8312fe3c5e@b802c9,2025,c7b302d1f386@d62c00,1.0,different,different intersection: Lexington/Ralph versus Kosciuszko/Lafayette,sonnet,site
BKCB3,2024,01daf8c65e58@0b2426,2025,c7b302d1f386@d62c00,1.0,different,different intersection: Quincy/Gates versus Kosciuszko/Lafayette,sonnet,site
BKCB3,2024,f14b01f6bb12@b63610,2025,c7b302d1f386@d62c00,1.0,different,different intersection: Monroe/Howard versus Kosciuszko/Lafayette,sonnet,site
BKCB3,2023,554698926899@646dfc,2025,f14b01f6bb12@b63610,1.0,different,different intersections: Pulaski/Dekalb versus Monroe/Howard,sonnet,site
BKCB3,2023,6cb9eab0c475@34e7be,2025,f14b01f6bb12@b63610,1.0,different,different intersections: Kosciuszko/Lafayette versus Monroe/Howard,sonnet,site
BKCB3,2023,82e5198e7af6@ad5925,2025,f14b01f6bb12@b63610,1.0,different,different intersection: Lexington/Ralph versus Monroe/Howard,sonnet,site
BKCB3,2023,8e479b0037bc@24e977,2025,f14b01f6bb12@b63610,1.0,different,different intersection: Quincy/Gates versus Monroe/Howard,sonnet,site
BKCB3,2024,ae78e2d39568@14599e,2025,f14b01f6bb12@b63610,1.0,different,different intersection: Pulaski/Dekalb versus Monroe/Howard,sonnet,site
BKCB3,2024,c7b302d1f386@d62c00,2025,f14b01f6bb12@b63610,1.0,different,different intersection: Kosciuszko/Lafayette versus Monroe/Howard,sonnet,site
BKCB3,2024,1e8312fe3c5e@b802c9,2025,f14b01f6bb12@b63610,1.0,different,different intersection: Lexington/Ralph versus Monroe/Howard,sonnet,site
BKCB3,2024,01daf8c65e58@0b2426,2025,f14b01f6bb12@b63610,1.0,different,different intersection: Quincy/Gates versus Monroe/Howard,sonnet,site
BKCB3,2024,3a4d3e3b52b6,2025,f648e670c6ab,0.399,same,the later request continues the decade-old Hancock Street trench repair,resolved,reworded
BKCB3,2024,5542687b7cae,2025,f648e670c6ab,0.303,different,different street: Macdonough versus Hancock Street corridor,sonnet,reworded
BKCB3,2023,6cb9eab0c475@34e7be,2026,2b1328da78a7,1.0,different,different intersections: Kosciuszko/Lafayette versus Pulaski/Dekalb,sonnet,site
BKCB3,2023,82e5198e7af6@ad5925,2026,2b1328da78a7,1.0,different,different intersection: Lexington/Ralph versus Pulaski/Dekalb,sonnet,site
BKCB3,2023,8e479b0037bc@24e977,2026,2b1328da78a7,1.0,different,different intersection: Quincy/Gates versus Pulaski/Dekalb,sonnet,site
BKCB3,2023,df97aa792864@205f9e,2026,2b1328da78a7,1.0,different,different intersection: Monroe/Howard versus Pulaski/Dekalb,sonnet,site
BKCB3,2024,c7b302d1f386@d62c00,2026,2b1328da78a7,1.0,different,different intersection: Kosciuszko/Lafayette versus Pulaski/Dekalb,sonnet,site
BKCB3,2024,1e8312fe3c5e@b802c9,2026,2b1328da78a7,1.0,different,different intersection: Lexington/Ralph versus Pulaski/Dekalb,sonnet,site
BKCB3,2024,01daf8c65e58@0b2426,2026,2b1328da78a7,1.0,different,different intersection: Quincy/Gates versus Pulaski/Dekalb,sonnet,site
BKCB3,2024,f14b01f6bb12@b63610,2026,2b1328da78a7,1.0,different,different intersection: Monroe/Howard versus Pulaski/Dekalb,sonnet,site
BKCB3,2025,c7b302d1f386@d62c00,2026,2b1328da78a7,1.0,different,different intersection: Kosciuszko/Lafayette versus Pulaski/Dekalb on Broadway,sonnet,site
BKCB3,2025,1e8312fe3c5e@b802c9,2026,2b1328da78a7,1.0,different,different intersection: Lexington/Ralph versus Pulaski/Dekalb on Broadway,sonnet,site
BKCB3,2025,01daf8c65e58@0b2426,2026,2b1328da78a7,1.0,different,different intersection: Quincy/Gates versus Pulaski/Dekalb on Broadway,sonnet,site
BKCB3,2025,f14b01f6bb12@b63610,2026,2b1328da78a7,1.0,different,different intersection: Monroe/Howard versus Pulaski/Dekalb on Broadway,sonnet,site
BKCB3,2023,554698926899@646dfc,2026,37e358a4e81b,1.0,different,different intersections: Pulaski/Dekalb versus Lexington/Ralph,sonnet,site
BKCB3,2023,6cb9eab0c475@34e7be,2026,37e358a4e81b,1.0,different,different intersections: Kosciuszko/Lafayette versus Lexington/Ralph,sonnet,site
BKCB3,2023,8e479b0037bc@24e977,2026,37e358a4e81b,1.0,different,different intersection: Quincy/Gates versus Lexington/Ralph,sonnet,site
BKCB3,2023,df97aa792864@205f9e,2026,37e358a4e81b,1.0,different,different intersection: Monroe/Howard versus Lexington/Ralph,sonnet,site
BKCB3,2024,ae78e2d39568@14599e,2026,37e358a4e81b,1.0,different,different intersection: Pulaski/Dekalb versus Lexington/Ralph,sonnet,site
BKCB3,2024,c7b302d1f386@d62c00,2026,37e358a4e81b,1.0,different,different intersection: Kosciuszko/Lafayette versus Lexington/Ralph,sonnet,site
BKCB3,2024,01daf8c65e58@0b2426,2026,37e358a4e81b,1.0,different,different intersection: Quincy/Gates versus Lexington/Ralph,sonnet,site
BKCB3,2024,f14b01f6bb12@b63610,2026,37e358a4e81b,1.0,different,different intersection: Monroe/Howard versus Lexington/Ralph,sonnet,site
BKCB3,2025,ae78e2d39568@14599e,2026,37e358a4e81b,1.0,different,different intersection: Pulaski/Dekalb versus Lexington/Ralph,sonnet,site
BKCB3,2025,c7b302d1f386@d62c00,2026,37e358a4e81b,1.0,different,different intersection: Kosciuszko/Lafayette versus Lexington/Ralph on Broadway,sonnet,site
BKCB3,2025,01daf8c65e58@0b2426,2026,37e358a4e81b,1.0,different,different intersection: Quincy/Gates versus Lexington/Ralph on Broadway,sonnet,site
BKCB3,2025,f14b01f6bb12@b63610,2026,37e358a4e81b,1.0,different,different intersection: Monroe/Howard versus Lexington/Ralph on Broadway,sonnet,site
BKCB3,2023,d2222785c068@ffae28,2026,531ab7d6d407,1.0,different,different intersections: Marcus Garvey/Ellery versus Myrtle/Stuyvesant,sonnet,site
BKCB3,2023,485342bfdcdc@42a853,2026,531ab7d6d407,1.0,different,different intersections: Park/Lewis Avenues versus Myrtle/Stuyvesant,sonnet,site
BKCB3,2023,ebe3efce580c@8d674e,2026,531ab7d6d407,1.0,different,"the Register puts this row at Willoughby and Hart, and Myrtle has its own FY2023 row",resolved,site
BKCB3,2024,88e72a175aa9@cfa2a9,2026,531ab7d6d407,1.0,different,different intersection: Marcus Garvey/Ellery versus Myrtle/Stuyvesant,sonnet,site
BKCB3,2024,5df5ebafe6e4@70a458,2026,531ab7d6d407,1.0,different,different intersection: Park/Lewis versus Myrtle/Stuyvesant,sonnet,site
BKCB3,2024,95c366681505@d3303b,2026,531ab7d6d407,1.0,different,different intersection: Willoughby/Hart versus Myrtle/Stuyvesant,sonnet,site
BKCB3,2025,88e72a175aa9@cfa2a9,2026,531ab7d6d407,1.0,different,different intersection: Marcus Garvey/Ellery versus Myrtle/Stuyvesant,sonnet,site
BKCB3,2025,5df5ebafe6e4@70a458,2026,531ab7d6d407,1.0,different,different intersection: Park/Lewis versus Myrtle/Stuyvesant,sonnet,site
BKCB3,2025,95c366681505@d3303b,2026,531ab7d6d407,1.0,different,different intersection: Willoughby/Hart versus Myrtle/Stuyvesant,sonnet,site
BKCB3,2025,95c366681505,2026,6b212f37c0d2,0.36,different,Broadway crosswalk safety versus reopening Myrtle-Willoughby G train access,sonnet,reworded
BKCB3,2023,485342bfdcdc@42a853,2026,77232e9a3a3b,1.0,different,different intersections: Park/Lewis Avenues versus Marcus Garvey/Ellery,sonnet,site
BKCB3,2023,ebe3efce580c@20a49a,2026,77232e9a3a3b,1.0,different,different intersections: Myrtle/Stuyvesant versus Marcus Garvey/Ellery,sonnet,site
BKCB3,2023,ebe3efce580c@8d674e,2026,77232e9a3a3b,1.0,different,different intersections: text Myrtle/Stuyvesant versus Marcus Garvey/Ellery,sonnet,site
BKCB3,2024,5df5ebafe6e4@70a458,2026,77232e9a3a3b,1.0,different,different intersection: Park/Lewis versus Marcus Garvey/Ellery,sonnet,site
BKCB3,2024,57efe30f7b28@8127b0,2026,77232e9a3a3b,1.0,different,different intersection: Myrtle/Stuyvesant versus Marcus Garvey/Ellery,sonnet,site
BKCB3,2024,95c366681505@d3303b,2026,77232e9a3a3b,1.0,different,different intersection: Willoughby/Hart versus Marcus Garvey/Ellery,sonnet,site
BKCB3,2025,5df5ebafe6e4@70a458,2026,77232e9a3a3b,1.0,different,different intersection: Park/Lewis versus Marcus Garvey/Ellery,sonnet,site
BKCB3,2025,57efe30f7b28@8127b0,2026,77232e9a3a3b,1.0,different,different intersection: Myrtle/Stuyvesant versus Marcus Garvey/Ellery,sonnet,site
BKCB3,2025,95c366681505@d3303b,2026,77232e9a3a3b,1.0,different,different intersection: Willoughby/Hart versus Marcus Garvey/Ellery,sonnet,site
BKCB3,2023,d2222785c068@ffae28,2026,7a3abc3c1caf,1.0,different,different intersections: Marcus Garvey/Ellery versus Park/Lewis Avenues,sonnet,site
BKCB3,2023,ebe3efce580c@20a49a,2026,7a3abc3c1caf,1.0,different,different intersections: Myrtle/Stuyvesant versus Park/Lewis Avenues,sonnet,site
BKCB3,2023,ebe3efce580c@8d674e,2026,7a3abc3c1caf,1.0,different,different intersections: text Myrtle/Stuyvesant versus Park/Lewis Avenues,sonnet,site
BKCB3,2024,88e72a175aa9@cfa2a9,2026,7a3abc3c1caf,1.0,different,different intersection: Marcus Garvey/Ellery versus Park/Lewis,sonnet,site
BKCB3,2024,57efe30f7b28@8127b0,2026,7a3abc3c1caf,1.0,different,different intersection: Myrtle/Stuyvesant versus Park/Lewis,sonnet,site
BKCB3,2024,95c366681505@d3303b,2026,7a3abc3c1caf,1.0,different,different intersection: Willoughby/Hart versus Park/Lewis,sonnet,site
BKCB3,2025,88e72a175aa9@cfa2a9,2026,7a3abc3c1caf,1.0,different,different intersection: Marcus Garvey/Ellery versus Park/Lewis,sonnet,site
BKCB3,2025,57efe30f7b28@8127b0,2026,7a3abc3c1caf,1.0,different,different intersection: Myrtle/Stuyvesant versus Park/Lewis,sonnet,site
BKCB3,2025,95c366681505@d3303b,2026,7a3abc3c1caf,1.0,different,different intersection: Willoughby/Hart versus Park/Lewis,sonnet,site
BKCB3,2023,554698926899@646dfc,2026,7db0808fb357,1.0,different,different intersections: Pulaski/Dekalb versus Quincy/Gates,sonnet,site
BKCB3,2023,6cb9eab0c475@34e7be,2026,7db0808fb357,1.0,different,different intersections: Kosciuszko/Lafayette versus Quincy/Gates,sonnet,site
BKCB3,2023,82e5198e7af6@ad5925,2026,7db0808fb357,1.0,different,different intersection: Lexington/Ralph versus Quincy/Gates,sonnet,site
BKCB3,2023,df97aa792864@205f9e,2026,7db0808fb357,1.0,different,different intersection: Monroe/Howard versus Quincy/Gates,sonnet,site
BKCB3,2024,ae78e2d39568@14599e,2026,7db0808fb357,1.0,different,different intersection: Pulaski/Dekalb versus Quincy/Gates,sonnet,site
BKCB3,2024,c7b302d1f386@d62c00,2026,7db0808fb357,1.0,different,different intersection: Kosciuszko/Lafayette versus Quincy/Gates,sonnet,site
BKCB3,2024,1e8312fe3c5e@b802c9,2026,7db0808fb357,1.0,different,different intersection: Lexington/Ralph versus Quincy/Gates,sonnet,site
BKCB3,2024,f14b01f6bb12@b63610,2026,7db0808fb357,1.0,different,different intersection: Monroe/Howard versus Quincy/Gates,sonnet,site
BKCB3,2025,ae78e2d39568@14599e,2026,7db0808fb357,1.0,different,different intersection: Pulaski/Dekalb versus Quincy/Gates on Broadway,sonnet,site
BKCB3,2025,c7b302d1f386@d62c00,2026,7db0808fb357,1.0,different,different intersection: Kosciuszko/Lafayette versus Quincy/Gates on Broadway,sonnet,site
BKCB3,2025,1e8312fe3c5e@b802c9,2026,7db0808fb357,1.0,different,different intersection: Lexington/Ralph versus Quincy/Gates on Broadway,sonnet,site
BKCB3,2025,f14b01f6bb12@b63610,2026,7db0808fb357,1.0,different,different intersection: Monroe/Howard versus Quincy/Gates on Broadway,sonnet,site
BKCB3,2023,554698926899@646dfc,2026,806fb3c9ec95,1.0,different,different intersections: Pulaski/Dekalb versus Kosciuszko/Lafayette,sonnet,site
BKCB3,2023,82e5198e7af6@ad5925,2026,806fb3c9ec95,1.0,different,different intersection: Lexington/Ralph versus Kosciuszko/Lafayette,sonnet,site
BKCB3,2023,8e479b0037bc@24e977,2026,806fb3c9ec95,1.0,different,different intersection: Quincy/Gates versus Kosciuszko/Lafayette,sonnet,site
BKCB3,2023,df97aa792864@205f9e,2026,806fb3c9ec95,1.0,different,different intersection: Monroe/Howard versus Kosciuszko/Lafayette,sonnet,site
BKCB3,2024,ae78e2d39568@14599e,2026,806fb3c9ec95,1.0,different,different intersection: Pulaski/Dekalb versus Kosciuszko/Lafayette,sonnet,site
BKCB3,2024,1e8312fe3c5e@b802c9,2026,806fb3c9ec95,1.0,different,different intersection: Lexington/Ralph versus Kosciuszko/Lafayette,sonnet,site
BKCB3,2024,01daf8c65e58@0b2426,2026,806fb3c9ec95,1.0,different,different intersection: Quincy/Gates versus Kosciuszko/Lafayette,sonnet,site
BKCB3,2024,f14b01f6bb12@b63610,2026,806fb3c9ec95,1.0,different,different intersection: Monroe/Howard versus Kosciuszko/Lafayette,sonnet,site
BKCB3,2025,ae78e2d39568@14599e,2026,806fb3c9ec95,1.0,different,different intersection: Pulaski/Dekalb versus Kosciuszko/Lafayette,sonnet,site
BKCB3,2025,1e8312fe3c5e@b802c9,2026,806fb3c9ec95,1.0,different,different intersection: Lexington/Ralph versus Kosciuszko/Lafayette on Broadway,sonnet,site
BKCB3,2025,01daf8c65e58@0b2426,2026,806fb3c9ec95,1.0,different,different intersection: Quincy/Gates versus Kosciuszko/Lafayette on Broadway,sonnet,site
BKCB3,2025,f14b01f6bb12@b63610,2026,806fb3c9ec95,1.0,different,different intersection: Monroe/Howard versus Kosciuszko/Lafayette on Broadway,sonnet,site
BKCB3,2025,57efe30f7b28,2026,8276914d0e8d,0.343,different,"Broadway at Myrtle versus Tompkins and Myrtle congestion, different intersections",sonnet,reworded
BKCB3,2025,05020d524045,2026,aa65e6592714,0.591,different,different park: St. Andrews Park versus Salgado Playground,sonnet,reworded
BKCB3,2023,554698926899@646dfc,2026,ba6a9c52dc68,1.0,different,different intersections: Pulaski/Dekalb versus Monroe/Howard,sonnet,site
BKCB3,2023,6cb9eab0c475@34e7be,2026,ba6a9c52dc68,1.0,different,different intersections: Kosciuszko/Lafayette versus Monroe/Howard,sonnet,site
BKCB3,2023,82e5198e7af6@ad5925,2026,ba6a9c52dc68,1.0,different,different intersection: Lexington/Ralph versus Monroe/Howard,sonnet,site
BKCB3,2023,8e479b0037bc@24e977,2026,ba6a9c52dc68,1.0,different,different intersection: Quincy/Gates versus Monroe/Howard,sonnet,site
BKCB3,2024,ae78e2d39568@14599e,2026,ba6a9c52dc68,1.0,different,different intersection: Pulaski/Dekalb versus Monroe/Howard,sonnet,site
BKCB3,2024,c7b302d1f386@d62c00,2026,ba6a9c52dc68,1.0,different,different intersection: Kosciuszko/Lafayette versus Monroe/Howard,sonnet,site
BKCB3,2024,1e8312fe3c5e@b802c9,2026,ba6a9c52dc68,1.0,different,different intersection: Lexington/Ralph versus Monroe/Howard,sonnet,site
BKCB3,2024,01daf8c65e58@0b2426,2026,ba6a9c52dc68,1.0,different,different intersection: Quincy/Gates versus Monroe/Howard,sonnet,site
BKCB3,2025,ae78e2d39568@14599e,2026,ba6a9c52dc68,1.0,different,different intersection: Pulaski/Dekalb versus Monroe/Howard on Broadway,sonnet,site
BKCB3,2025,c7b302d1f386@d62c00,2026,ba6a9c52dc68,1.0,different,different intersection: Kosciuszko/Lafayette versus Monroe/Howard on Broadway,sonnet,site
BKCB3,2025,1e8312fe3c5e@b802c9,2026,ba6a9c52dc68,1.0,different,different intersection: Lexington/Ralph versus Monroe/Howard on Broadway,sonnet,site
BKCB3,2025,01daf8c65e58@0b2426,2026,ba6a9c52dc68,1.0,different,different intersection: Quincy/Gates versus Monroe/Howard on Broadway,sonnet,site
BKCB3,2025,05020d524045,2026,e3ef9d92bcef,0.615,different,different park: St. Andrews Park versus Raymond Bush or Salgado Playground,sonnet,reworded
BKCB3,2025,000cf9b78427,2026,ea88c42917c4,0.612,different,different playground: Hattie Carthan versus Raymond Bush,sonnet,reworded
BKCB3,2023,d2222785c068@ffae28,2026,f33de6e34476,1.0,different,different intersections: Marcus Garvey/Ellery versus Willoughby/Hart,sonnet,site
BKCB3,2023,485342bfdcdc@42a853,2026,f33de6e34476,1.0,different,different intersections: Park/Lewis Avenues versus Willoughby/Hart,sonnet,site
BKCB3,2023,ebe3efce580c@20a49a,2026,f33de6e34476,1.0,different,different intersections: Myrtle/Stuyvesant versus Willoughby/Hart,sonnet,site
BKCB3,2024,88e72a175aa9@cfa2a9,2026,f33de6e34476,1.0,different,different intersection: Marcus Garvey/Ellery versus Willoughby/Hart,sonnet,site
BKCB3,2024,5df5ebafe6e4@70a458,2026,f33de6e34476,1.0,different,different intersection: Park/Lewis versus Willoughby/Hart,sonnet,site
BKCB3,2024,57efe30f7b28@8127b0,2026,f33de6e34476,1.0,different,different intersection: Myrtle/Stuyvesant versus Willoughby/Hart,sonnet,site
BKCB3,2025,88e72a175aa9@cfa2a9,2026,f33de6e34476,1.0,different,different intersection: Marcus Garvey/Ellery versus Willoughby/Hart,sonnet,site
BKCB3,2025,5df5ebafe6e4@70a458,2026,f33de6e34476,1.0,different,different intersection: Park/Lewis versus Willoughby/Hart,sonnet,site
BKCB3,2025,57efe30f7b28@8127b0,2026,f33de6e34476,1.0,different,different intersection: Myrtle/Stuyvesant versus Willoughby/Hart,sonnet,site
BKCB3,2025,000cf9b78427,2026,fff373d98aaf,0.508,different,different playground: Hattie Carthan versus Raymond Bush,sonnet,reworded
BKCB3,2023,6cb9eab0c475@34e7be,2027,2b1328da78a7,1.0,different,different intersections: Kosciuszko/Lafayette versus Pulaski/Dekalb,sonnet,site
BKCB3,2023,82e5198e7af6@ad5925,2027,2b1328da78a7,1.0,different,different intersection: Lexington/Ralph versus Pulaski/Dekalb,sonnet,site
BKCB3,2023,8e479b0037bc@24e977,2027,2b1328da78a7,1.0,different,different intersection: Quincy/Gates versus Pulaski/Dekalb,sonnet,site
BKCB3,2023,df97aa792864@205f9e,2027,2b1328da78a7,1.0,different,different intersection: Monroe/Howard versus Pulaski/Dekalb,sonnet,site
BKCB3,2024,c7b302d1f386@d62c00,2027,2b1328da78a7,1.0,different,different intersection: Kosciuszko/Lafayette versus Pulaski/Dekalb,sonnet,site
BKCB3,2024,1e8312fe3c5e@b802c9,2027,2b1328da78a7,1.0,different,different intersection: Lexington/Ralph versus Pulaski/Dekalb,sonnet,site
BKCB3,2024,01daf8c65e58@0b2426,2027,2b1328da78a7,1.0,different,different intersection: Quincy/Gates versus Pulaski/Dekalb,sonnet,site
BKCB3,2024,f14b01f6bb12@b63610,2027,2b1328da78a7,1.0,different,different intersection: Monroe/Howard versus Pulaski/Dekalb,sonnet,site
BKCB3,2025,c7b302d1f386@d62c00,2027,2b1328da78a7,1.0,different,different intersection: Kosciuszko/Lafayette versus Pulaski/Dekalb on Broadway,sonnet,site
BKCB3,2025,1e8312fe3c5e@b802c9,2027,2b1328da78a7,1.0,different,different intersection: Lexington/Ralph versus Pulaski/Dekalb on Broadway,sonnet,site
BKCB3,2025,01daf8c65e58@0b2426,2027,2b1328da78a7,1.0,different,different intersection: Quincy/Gates versus Pulaski/Dekalb on Broadway,sonnet,site
BKCB3,2025,f14b01f6bb12@b63610,2027,2b1328da78a7,1.0,different,different intersection: Monroe/Howard versus Pulaski/Dekalb on Broadway,sonnet,site
BKCB3,2023,554698926899@646dfc,2027,37e358a4e81b,1.0,different,different intersections: Pulaski/Dekalb versus Lexington/Ralph,sonnet,site
BKCB3,2023,6cb9eab0c475@34e7be,2027,37e358a4e81b,1.0,different,different intersections: Kosciuszko/Lafayette versus Lexington/Ralph,sonnet,site
BKCB3,2023,8e479b0037bc@24e977,2027,37e358a4e81b,1.0,different,different intersection: Quincy/Gates versus Lexington/Ralph,sonnet,site
BKCB3,2023,df97aa792864@205f9e,2027,37e358a4e81b,1.0,different,different intersection: Monroe/Howard versus Lexington/Ralph,sonnet,site
BKCB3,2024,ae78e2d39568@14599e,2027,37e358a4e81b,1.0,different,different intersection: Pulaski/Dekalb versus Lexington/Ralph,sonnet,site
BKCB3,2024,c7b302d1f386@d62c00,2027,37e358a4e81b,1.0,different,different intersection: Kosciuszko/Lafayette versus Lexington/Ralph,sonnet,site
BKCB3,2024,01daf8c65e58@0b2426,2027,37e358a4e81b,1.0,different,different intersection: Quincy/Gates versus Lexington/Ralph,sonnet,site
BKCB3,2024,f14b01f6bb12@b63610,2027,37e358a4e81b,1.0,different,different intersection: Monroe/Howard versus Lexington/Ralph,sonnet,site
BKCB3,2025,ae78e2d39568@14599e,2027,37e358a4e81b,1.0,different,different intersection: Pulaski/Dekalb versus Lexington/Ralph on Broadway,sonnet,site
BKCB3,2025,c7b302d1f386@d62c00,2027,37e358a4e81b,1.0,different,different intersection: Kosciuszko/Lafayette versus Lexington/Ralph on Broadway,sonnet,site
BKCB3,2025,01daf8c65e58@0b2426,2027,37e358a4e81b,1.0,different,different intersection: Quincy/Gates versus Lexington/Ralph on Broadway,sonnet,site
BKCB3,2025,f14b01f6bb12@b63610,2027,37e358a4e81b,1.0,different,different intersection: Monroe/Howard versus Lexington/Ralph on Broadway,sonnet,site
BKCB3,2023,d2222785c068@ffae28,2027,531ab7d6d407,1.0,different,different intersections: Marcus Garvey/Ellery versus Myrtle/Stuyvesant,sonnet,site
BKCB3,2023,485342bfdcdc@42a853,2027,531ab7d6d407,1.0,different,different intersections: Park/Lewis Avenues versus Myrtle/Stuyvesant,sonnet,site
BKCB3,2023,ebe3efce580c@8d674e,2027,531ab7d6d407,1.0,different,"the Register puts this row at Willoughby and Hart, and Myrtle has its own FY2023 row",resolved,site
BKCB3,2024,88e72a175aa9@cfa2a9,2027,531ab7d6d407,1.0,different,different intersection: Marcus Garvey/Ellery versus Myrtle/Stuyvesant,sonnet,site
BKCB3,2024,5df5ebafe6e4@70a458,2027,531ab7d6d407,1.0,different,different intersection: Park/Lewis versus Myrtle/Stuyvesant,sonnet,site
BKCB3,2024,95c366681505@d3303b,2027,531ab7d6d407,1.0,different,different intersection: Willoughby/Hart versus Myrtle/Stuyvesant,sonnet,site
BKCB3,2025,88e72a175aa9@cfa2a9,2027,531ab7d6d407,1.0,different,different intersection: Marcus Garvey/Ellery versus Myrtle/Stuyvesant,sonnet,site
BKCB3,2025,5df5ebafe6e4@70a458,2027,531ab7d6d407,1.0,different,different intersection: Park/Lewis versus Myrtle/Stuyvesant,sonnet,site
BKCB3,2025,95c366681505@d3303b,2027,531ab7d6d407,1.0,different,different intersection: Willoughby/Hart versus Myrtle/Stuyvesant,sonnet,site
BKCB3,2026,c9eb75215483,2027,685deb302bc3,0.474,different,"heart disease, diabetes, hypertension education versus maternal health education",sonnet,reworded
BKCB3,2023,485342bfdcdc@42a853,2027,77232e9a3a3b,1.0,different,different intersections: Park/Lewis Avenues versus Marcus Garvey/Ellery,sonnet,site
BKCB3,2023,ebe3efce580c@20a49a,2027,77232e9a3a3b,1.0,different,different intersections: Myrtle/Stuyvesant versus Marcus Garvey/Ellery,sonnet,site
BKCB3,2023,ebe3efce580c@8d674e,2027,77232e9a3a3b,1.0,different,different intersections: text Myrtle/Stuyvesant versus Marcus Garvey/Ellery,sonnet,site
BKCB3,2024,5df5ebafe6e4@70a458,2027,77232e9a3a3b,1.0,different,different intersection: Park/Lewis versus Marcus Garvey/Ellery,sonnet,site
BKCB3,2024,57efe30f7b28@8127b0,2027,77232e9a3a3b,1.0,different,different intersection: Myrtle/Stuyvesant versus Marcus Garvey/Ellery,sonnet,site
BKCB3,2024,95c366681505@d3303b,2027,77232e9a3a3b,1.0,different,different intersection: Willoughby/Hart versus Marcus Garvey/Ellery,sonnet,site
BKCB3,2025,5df5ebafe6e4@70a458,2027,77232e9a3a3b,1.0,different,different intersection: Park/Lewis versus Marcus Garvey/Ellery,sonnet,site
BKCB3,2025,57efe30f7b28@8127b0,2027,77232e9a3a3b,1.0,different,different intersection: Myrtle/Stuyvesant versus Marcus Garvey/Ellery,sonnet,site
BKCB3,2025,95c366681505@d3303b,2027,77232e9a3a3b,1.0,different,different intersection: Willoughby/Hart versus Marcus Garvey/Ellery,sonnet,site
BKCB3,2023,d2222785c068@ffae28,2027,7a3abc3c1caf,1.0,different,different intersections: Marcus Garvey/Ellery versus Park/Lewis Avenues,sonnet,site
BKCB3,2023,ebe3efce580c@20a49a,2027,7a3abc3c1caf,1.0,different,different intersections: Myrtle/Stuyvesant versus Park/Lewis Avenues,sonnet,site
BKCB3,2023,ebe3efce580c@8d674e,2027,7a3abc3c1caf,1.0,different,different intersections: text Myrtle/Stuyvesant versus Park/Lewis Avenues,sonnet,site
BKCB3,2024,88e72a175aa9@cfa2a9,2027,7a3abc3c1caf,1.0,different,different intersection: Marcus Garvey/Ellery versus Park/Lewis,sonnet,site
BKCB3,2024,57efe30f7b28@8127b0,2027,7a3abc3c1caf,1.0,different,different intersection: Myrtle/Stuyvesant versus Park/Lewis,sonnet,site
BKCB3,2024,95c366681505@d3303b,2027,7a3abc3c1caf,1.0,different,different intersection: Willoughby/Hart versus Park/Lewis,sonnet,site
BKCB3,2025,88e72a175aa9@cfa2a9,2027,7a3abc3c1caf,1.0,different,different intersection: Marcus Garvey/Ellery versus Park/Lewis,sonnet,site
BKCB3,2025,57efe30f7b28@8127b0,2027,7a3abc3c1caf,1.0,different,different intersection: Myrtle/Stuyvesant versus Park/Lewis,sonnet,site
BKCB3,2025,95c366681505@d3303b,2027,7a3abc3c1caf,1.0,different,different intersection: Willoughby/Hart versus Park/Lewis,sonnet,site
BKCB3,2023,554698926899@646dfc,2027,7db0808fb357,1.0,different,different intersections: Pulaski/Dekalb versus Quincy/Gates,sonnet,site
BKCB3,2023,6cb9eab0c475@34e7be,2027,7db0808fb357,1.0,different,different intersections: Kosciuszko/Lafayette versus Quincy/Gates,sonnet,site
BKCB3,2023,82e5198e7af6@ad5925,2027,7db0808fb357,1.0,different,different intersection: Lexington/Ralph versus Quincy/Gates,sonnet,site
BKCB3,2023,df97aa792864@205f9e,2027,7db0808fb357,1.0,different,different intersection: Monroe/Howard versus Quincy/Gates,sonnet,site
BKCB3,2024,ae78e2d39568@14599e,2027,7db0808fb357,1.0,different,different intersection: Pulaski/Dekalb versus Quincy/Gates,sonnet,site
BKCB3,2024,c7b302d1f386@d62c00,2027,7db0808fb357,1.0,different,different intersection: Kosciuszko/Lafayette versus Quincy/Gates,sonnet,site
BKCB3,2024,1e8312fe3c5e@b802c9,2027,7db0808fb357,1.0,different,different intersection: Lexington/Ralph versus Quincy/Gates,sonnet,site
BKCB3,2024,f14b01f6bb12@b63610,2027,7db0808fb357,1.0,different,different intersection: Monroe/Howard versus Quincy/Gates,sonnet,site
BKCB3,2025,ae78e2d39568@14599e,2027,7db0808fb357,1.0,different,different intersection: Pulaski/Dekalb versus Quincy/Gates on Broadway,sonnet,site
BKCB3,2025,c7b302d1f386@d62c00,2027,7db0808fb357,1.0,different,different intersection: Kosciuszko/Lafayette versus Quincy/Gates on Broadway,sonnet,site
BKCB3,2025,1e8312fe3c5e@b802c9,2027,7db0808fb357,1.0,different,different intersection: Lexington/Ralph versus Quincy/Gates on Broadway,sonnet,site
BKCB3,2025,f14b01f6bb12@b63610,2027,7db0808fb357,1.0,different,different intersection: Monroe/Howard versus Quincy/Gates on Broadway,sonnet,site
BKCB3,2023,554698926899@646dfc,2027,806fb3c9ec95,1.0,different,different intersections: Pulaski/Dekalb versus Kosciuszko/Lafayette,sonnet,site
BKCB3,2023,82e5198e7af6@ad5925,2027,806fb3c9ec95,1.0,different,different intersection: Lexington/Ralph versus Kosciuszko/Lafayette,sonnet,site
BKCB3,2023,8e479b0037bc@24e977,2027,806fb3c9ec95,1.0,different,different intersection: Quincy/Gates versus Kosciuszko/Lafayette,sonnet,site
BKCB3,2023,df97aa792864@205f9e,2027,806fb3c9ec95,1.0,different,different intersection: Monroe/Howard versus Kosciuszko/Lafayette,sonnet,site
BKCB3,2024,ae78e2d39568@14599e,2027,806fb3c9ec95,1.0,different,different intersection: Pulaski/Dekalb versus Kosciuszko/Lafayette,sonnet,site
BKCB3,2024,1e8312fe3c5e@b802c9,2027,806fb3c9ec95,1.0,different,different intersection: Lexington/Ralph versus Kosciuszko/Lafayette,sonnet,site
BKCB3,2024,01daf8c65e58@0b2426,2027,806fb3c9ec95,1.0,different,different intersection: Quincy/Gates versus Kosciuszko/Lafayette,sonnet,site
BKCB3,2024,f14b01f6bb12@b63610,2027,806fb3c9ec95,1.0,different,different intersection: Monroe/Howard versus Kosciuszko/Lafayette,sonnet,site
BKCB3,2025,ae78e2d39568@14599e,2027,806fb3c9ec95,1.0,different,different intersection: Pulaski/Dekalb versus Kosciuszko/Lafayette on Broadway,sonnet,site
BKCB3,2025,1e8312fe3c5e@b802c9,2027,806fb3c9ec95,1.0,different,different intersection: Lexington/Ralph versus Kosciuszko/Lafayette on Broadway,sonnet,site
BKCB3,2025,01daf8c65e58@0b2426,2027,806fb3c9ec95,1.0,different,different intersection: Quincy/Gates versus Kosciuszko/Lafayette on Broadway,sonnet,site
BKCB3,2025,f14b01f6bb12@b63610,2027,806fb3c9ec95,1.0,different,different intersection: Monroe/Howard versus Kosciuszko/Lafayette on Broadway,sonnet,site
BKCB3,2023,554698926899@646dfc,2027,ba6a9c52dc68,1.0,different,different intersections: Pulaski/Dekalb versus Monroe/Howard,sonnet,site
BKCB3,2023,6cb9eab0c475@34e7be,2027,ba6a9c52dc68,1.0,different,different intersections: Kosciuszko/Lafayette versus Monroe/Howard,sonnet,site
BKCB3,2023,82e5198e7af6@ad5925,2027,ba6a9c52dc68,1.0,different,different intersection: Lexington/Ralph versus Monroe/Howard,sonnet,site
BKCB3,2023,8e479b0037bc@24e977,2027,ba6a9c52dc68,1.0,different,different intersection: Quincy/Gates versus Monroe/Howard,sonnet,site
BKCB3,2024,ae78e2d39568@14599e,2027,ba6a9c52dc68,1.0,different,different intersection: Pulaski/Dekalb versus Monroe/Howard,sonnet,site
BKCB3,2024,c7b302d1f386@d62c00,2027,ba6a9c52dc68,1.0,different,different intersection: Kosciuszko/Lafayette versus Monroe/Howard,sonnet,site
BKCB3,2024,1e8312fe3c5e@b802c9,2027,ba6a9c52dc68,1.0,different,different intersection: Lexington/Ralph versus Monroe/Howard,sonnet,site
BKCB3,2024,01daf8c65e58@0b2426,2027,ba6a9c52dc68,1.0,different,different intersection: Quincy/Gates versus Monroe/Howard,sonnet,site
BKCB3,2025,ae78e2d39568@14599e,2027,ba6a9c52dc68,1.0,different,different intersection: Pulaski/Dekalb versus Monroe/Howard on Broadway,sonnet,site
BKCB3,2025,c7b302d1f386@d62c00,2027,ba6a9c52dc68,1.0,different,different intersection: Kosciuszko/Lafayette versus Monroe/Howard on Broadway,sonnet,site
BKCB3,2025,1e8312fe3c5e@b802c9,2027,ba6a9c52dc68,1.0,different,different intersection: Lexington/Ralph versus Monroe/Howard on Broadway,sonnet,site
BKCB3,2025,01daf8c65e58@0b2426,2027,ba6a9c52dc68,1.0,different,different intersection: Quincy/Gates versus Monroe/Howard on Broadway,sonnet,site
BKCB3,2023,d2222785c068@ffae28,2027,f33de6e34476,1.0,different,different intersections: Marcus Garvey/Ellery versus Willoughby/Hart,sonnet,site
BKCB3,2023,485342bfdcdc@42a853,2027,f33de6e34476,1.0,different,different intersections: Park/Lewis Avenues versus Willoughby/Hart,sonnet,site
BKCB3,2023,ebe3efce580c@20a49a,2027,f33de6e34476,1.0,different,different intersections: Myrtle/Stuyvesant versus Willoughby/Hart,sonnet,site
BKCB3,2024,88e72a175aa9@cfa2a9,2027,f33de6e34476,1.0,different,different intersection: Marcus Garvey/Ellery versus Willoughby/Hart,sonnet,site
BKCB3,2024,5df5ebafe6e4@70a458,2027,f33de6e34476,1.0,different,different intersection: Park/Lewis versus Willoughby/Hart,sonnet,site
BKCB3,2024,57efe30f7b28@8127b0,2027,f33de6e34476,1.0,different,different intersection: Myrtle/Stuyvesant versus Willoughby/Hart,sonnet,site
BKCB3,2025,88e72a175aa9@cfa2a9,2027,f33de6e34476,1.0,different,different intersection: Marcus Garvey/Ellery versus Willoughby/Hart,sonnet,site
BKCB3,2025,5df5ebafe6e4@70a458,2027,f33de6e34476,1.0,different,different intersection: Park/Lewis versus Willoughby/Hart,sonnet,site
BKCB3,2025,57efe30f7b28@8127b0,2027,f33de6e34476,1.0,different,different intersection: Myrtle/Stuyvesant versus Willoughby/Hart,sonnet,site
BKCB4,2020,aacd52803e7c,2021,febdf019840d,0.718,same,same Irving Square Park comfort station; feasibility study now a build request,sonnet,reworded
BKCB4,2021,50f147f5c531,2022,0f4139ad132b,1.0,same,same DSNY enforcement of the canine waste law,sonnet,reworded
BKCB4,2021,807e486ba852,2022,31195e25c882,0.697,same,same Broadway merchant organizing support from SBS,sonnet,reworded
BKCB4,2021,e46796d048df,2022,74b58ea132f1,0.993,same,"same HPD deeply affordable housing request, text nearly identical",sonnet,reworded
BKCB4,2021,d87eca449052,2022,b49a478f8ace,0.963,same,same Bushwick Neighborhood Health Action Center outreach plan,sonnet,reworded
BKCB4,2022,87dcfb885296,2023,76aaa44dbbca,0.615,different,Argus cameras differ from a mobile command center,sonnet,reworded
BKCB4,2022,febdf019840d,2023,fb1788c2cf14,0.557,different,"same park, but toddler play equipment differs from a new comfort station",sonnet,reworded
BKCB4,2023,ce495059c014,2024,63e3e718b60f,0.481,same,same expansion of street tree pruning contracts,sonnet,reworded
BKCB4,2023,5f0e79fa2875,2024,8d47d2c46d5c,0.982,same,"same Park Enforcement Patrol hiring request, text unchanged",sonnet,reworded
BKCB4,2023,f2aa5267f0f9,2024,8e693f0057b2,0.974,same,same added NYPD manpower for the 83rd Precinct and Transit District 33,sonnet,reworded
BKCB4,2023,2c9ef5e4a188,2024,de29cd10637d,0.91,same,same FDNY equipment request; printers dropped,sonnet,reworded
BKCB4,2024,252ee09915eb,2025,3f8634477247,0.539,same,"same Dekalb Library renovation, scope itemized differently",sonnet,reworded
BKCB4,2024,63e3e718b60f,2025,63e3e718b60f,0.917,same,"same tree pruning contract expansion, text unchanged",sonnet,reworded
BKCB4,2024,1376ec662da1,2025,e3936df581dc,0.85,same,"same Washington Irving Library interior renovation, elevator added",sonnet,reworded
BKCB4,2025,121e050c36ae,2026,9f59b374c1dc,0.467,same,"Same Wilson Avenue sewer upgrade, Myrtle to Halsey",sonnet,reworded
BKCB4,2025,63e3e718b60f,2026,c504cad682dc,0.917,same,"same tree pruning contract expansion, text unchanged",sonnet,reworded
BKCB4,2025,6f6d54f9091a,2026,ca16b30e24d1,0.782,same,same DEP catch basin and rain garden maintenance staff,sonnet,reworded
BKCB5,2020,ab5c4f9c992c,2021,2f59b26ca4e3,0.407,same,same affordable housing for returning single adults; developer incentive mechanism added,sonnet,reworded
BKCB5,2020,84337703ddd6,2021,81b5db59d986,0.996,same,"same Spring Creek freight signage at Erskine, Vandalia, Elton",sonnet,reworded
BKCB5,2020,a2a72ed56118,2021,8aa3f9a238b4,0.453,same,same developer incentives for local business tenants in mixed-use buildings,sonnet,reworded
BKCB5,2020,6d7b434f50b9,2021,984c58ca268f,0.993,same,same SHOP Healthy Brooklyn extension in CB5; zip codes narrowed to 11239,sonnet,reworded
BKCB5,2020,3d795a3fc7bc,2021,b9eb5d6f5407,0.422,unsure,Unity Plaza restroom funding versus expediting all pending center renovations,sonnet,reworded
BKCB5,2021,09f7e73d93ce,2022,054b5dda2a92,0.971,same,same Success Garden Playground comfort station,sonnet,reworded
BKCB5,2021,8aa3f9a238b4,2022,78a39eff04f5,0.904,same,same incentives for coworking space in mixed-use developments,sonnet,reworded
BKCB5,2022,698a95473248,2023,2cd520a0e2be,0.81,same,same Lions Pride Playground comfort station,sonnet,reworded
BKCB5,2022,78a39eff04f5,2023,40742725654b,0.897,same,same developer incentives for coworking space in mixed-use buildings; agency moved to HPD,sonnet,reworded
BKCB5,2022,21d251304884,2023,482d8aa3c786,0.994,same,same Erskine and Seaview turning signal request,sonnet,reworded
BKCB5,2022,ad19710e1a5e,2023,4aa8810dd4a9,0.341,different,"different park, Woodruff Playground versus Grace Playground basketball courts",sonnet,reworded
BKCB5,2022,e7056ee52daa,2023,78356e2b9a67,0.419,unsure,technology connection for homebound seniors versus general homebound services funding plus My Ride,sonnet,reworded
BKCB5,2022,a115969e9057,2023,8a721ffff226,0.876,same,"same DSNY inspection of abandoned and illegally parked vehicles, district-wide",sonnet,reworded
BKCB5,2022,5c69a0c6f624,2023,d562c34ec986,0.914,same,same EDC policy to notify board of new IBZ businesses,sonnet,reworded
BKCB5,2022,0e38d5d8e0fc,2023,dea9f3be0fc3,0.341,unsure,shelter workshops mandate versus broad funding for many shelter services; overlap partial,sonnet,reworded
BKCB5,2022,3234f5b5c786,2023,e25263d05e2b,0.337,different,LinkNYC expansion versus New Lots Avenue station underpass upgrade,sonnet,reworded
BKCB5,2021,ec9ab881b3b3,2024,31d770f6b996@15a9f8,0.342,different,different site: Glenmore and Schenck versus Schenck between New Lots and Pitkin,sonnet,reworded
BKCB5,2022,f7efdbd9772f,2024,31d770f6b996@4d6501,0.381,different,traffic controls at New Lots and Van Siclen versus street lighting,sonnet,reworded
BKCB5,2022,1bb8e3a73bcb,2024,31d770f6b996@5aca4b,0.367,different,Pitkin Avenue street cleaning versus street lighting,sonnet,reworded
BKCB5,2022,19564a598937,2024,31d770f6b996@d37299,0.308,different,Riverdale Avenue resurfacing versus street lighting on Miller Avenue,sonnet,reworded
BKCB5,2023,2cd520a0e2be,2024,4395e1ebfa5a,0.985,same,same Lion's Pride Playground comfort station,sonnet,reworded
BKCB5,2022,ad19710e1a5e,2024,44b853a17b18,0.306,different,Grace Playground courts versus new dog park,sonnet,reworded
BKCB5,2022,3234f5b5c786,2024,6791281b6847@04f115,0.433,different,LinkNYC expansion versus more trash cans on commercial strips,sonnet,reworded
BKCB5,2022,3234f5b5c786,2024,6791281b6847@570c48,0.418,different,LinkNYC expansion versus more trash cans on commercial strips,sonnet,reworded
BKCB5,2022,3234f5b5c786,2024,6791281b6847@f032ce,0.479,different,LinkNYC expansion versus more trash cans on commercial strips,sonnet,reworded
BKCB5,2022,3234f5b5c786,2024,6791281b6847@f2c78f,0.55,different,LinkNYC expansion versus more trash cans on commercial strips,sonnet,reworded
BKCB5,2022,ad19710e1a5e,2024,787f3d261fc5,0.348,different,Grace Playground courts versus Upper Highland Park playground,sonnet,reworded
BKCB5,2023,e25263d05e2b,2024,7e46a4f70beb,0.353,same,same New Lots Avenue L station underpass upgrade,sonnet,reworded
BKCB5,2022,19564a598937,2024,e68ff7c07967@b16ffb,0.306,different,Riverdale Avenue resurfacing versus speed humps on Sunnyside Avenue,sonnet,reworded
BKCB5,2022,bf172c68c735,2024,f2671f9aca25,0.324,different,library security versus tree pruning in Spring Creek,sonnet,reworded
BKCB5,2024,988cfdaa65da@14fc32,2025,01b9bbadc122@14fc32,0.92,same,same cafeteria renovation at same 330 Alabama Avenue school,sonnet,reworded
BKCB5,2024,988cfdaa65da@417841,2025,01b9bbadc122@417841,0.918,same,same cafeteria renovation at same 528 Ridgewood Avenue school,sonnet,reworded
BKCB5,2024,4fe3ac30e2dc,2025,10de34b707d7,0.661,same,same restoration of DFTA My Ride transportation pilot,sonnet,reworded
BKCB5,2024,7e46a4f70beb,2025,15b9fb55e2af,0.306,same,same New Lots Avenue L underpass lighting and exterior upgrades,sonnet,reworded
BKCB5,2024,3f6db07dbb72@eb38da,2025,34adec2141f2,0.924,same,same air conditioning and heating upgrade at same 590 Sheffield Avenue school,sonnet,reworded
BKCB5,2023,dc909ecfb897,2025,4b30dfc64245,0.341,different,Fountain and Loring bike lane removal versus Cozine and Wortman assessment,sonnet,reworded
BKCB5,2023,dc909ecfb897,2025,5ca99d83b6f2,0.359,unsure,"Fountain Avenue bike lane congestion, but removal versus study and Loring dropped",sonnet,reworded
BKCB5,2022,e8af93cea210,2025,5ca99d83b6f2,0.346,same,same DOT study of Fountain Avenue bike lane traffic impacts,sonnet,reworded
BKCB5,2022,bf172c68c735,2025,62dd95f05571,0.322,different,library security upgrades versus library programming and marketing,sonnet,reworded
BKCB5,2023,dc909ecfb897,2025,83e3b8afe7a0,0.35,different,Fountain and Loring bike lane removal versus Cozine and Wortman assessment,sonnet,reworded
BKCB5,2024,988cfdaa65da@281011,2025,988cfdaa65da,0.966,same,same cafeteria renovation at same 2781 Pitkin Avenue school,sonnet,reworded
BKCB5,2024,6eab400eace0,2025,a93acd07f6e5,0.405,same,same policy to notify board of new IBZ businesses; resubmission,sonnet,reworded
BKCB5,2024,988cfdaa65da@790e10,2025,be7b594edccb@790e10,0.928,same,same cafeteria renovation at same 574 Dumont Avenue school,sonnet,reworded
BKCB5,2024,988cfdaa65da@f5934d,2025,be7b594edccb@f5934d,0.927,same,same cafeteria renovation at same 605 Shepherd Avenue school,sonnet,reworded
BKCB5,2024,e68ff7c07967@47215d,2026,0d08c7fa128a,0.323,different,"different stretches of Vermont Street, Highland to Jamaica versus Hegeman to New Lots",sonnet,reworded
BKCB5,2025,01b9bbadc122@417841,2026,2d7f81b9bbb3,0.928,unsure,"FY2026 cafeteria text names no school, so cannot tie it to Ridgewood Avenue",sonnet,reworded
BKCB5,2025,34adec2141f2,2026,326e8a2a7746,0.958,unsure,"AC and heating boilerplate; FY2026 school unnamed, board reuses text across schools",sonnet,reworded
BKCB5,2025,01b9bbadc122@417841,2026,41ca5bdd6d1e,0.919,unsure,"FY2026 cafeteria text names no school, so cannot tie it to Ridgewood Avenue",sonnet,reworded
BKCB5,2025,83e3b8afe7a0@825288,2026,5ad740ee84e4,1.0,different,"FY2025 lists Wortman and Cozine as separate requests, and only Cozine continues",resolved,site
BKCB5,2025,34adec2141f2,2026,67580f9aca64,0.854,unsure,FY2026 names Thomas Jefferson Campus AC; FY2025 school at 590 Sheffield unnamed,sonnet,reworded
BKCB5,2024,3f6db07dbb72@533e24,2026,67580f9aca64,0.809,unsure,"same template; 350 Linwood versus Thomas Jefferson Campus, same site unclear",sonnet,reworded
BKCB5,2025,62dd95f05571,2026,759328af5500,0.404,different,Spring Creek branch programming versus extended hours staffing for all branches,sonnet,reworded
BKCB5,2025,988cfdaa65da,2026,ad29141a7ae6,0.963,unsure,"cafeteria boilerplate; FY2026 school unnamed, board reuses text across schools",sonnet,reworded
BKCB5,2025,83e3b8afe7a0@825288,2027,5ad740ee84e4,1.0,different,"FY2025 lists Wortman and Cozine as separate requests, and only Cozine continues",resolved,site
BKCB5,2026,948acd7ce190,2027,5c420aa683fb,0.401,different,"different intersections, Loring and Amber or Emerald versus Emerald and Sapphire",sonnet,reworded
BKCB5,2026,8332c528ecbd,2027,8544f30a408b,0.465,same,same 127 Pennsylvania Avenue community center structural repairs and ADA lift; agency changed,sonnet,reworded
BKCB5,2026,1e59f721db1c,2027,a26cee33b362,0.819,same,"same Lion's Pride Playground comfort station, now called public restroom",sonnet,reworded
BKCB6,2021,4c817d73768b,2022,00b900e6b098,0.709,same,same anti-bullying resources in every CB6 school; Respect for All added,sonnet,reworded
BKCB6,2021,d17ee0d4d8c4,2022,2f69f10fd87c,0.939,same,"same DOT year-round pothole work gangs, text unchanged",sonnet,reworded
BKCB6,2021,1a0e72105260,2022,70cee6b77da8,0.968,same,"same SBS funding for BID feasibility studies, text unchanged",sonnet,reworded
BKCB6,2021,611a36bc9b3c,2022,b24bd716f28f,0.941,same,"same SBS workforce development for Gowanus and Red Hook, text unchanged",sonnet,reworded
BKCB6,2022,b24bd716f28f,2023,1de92f526dbe,0.325,same,"same SBS workforce development for Gowanus and Red Hook, more data added",sonnet,reworded
BKCB6,2021,9146057a51c2,2023,2854cfac704f,0.954,same,"same NYPD bicycle patrol restoration, same text",sonnet,reworded
BKCB6,2022,2f69f10fd87c,2023,897b0e924821,0.952,same,"same DOT year-round pothole work gangs, text unchanged",sonnet,reworded
BKCB6,2022,b13dcc5da151,2023,b26783d5d9b6,0.979,same,"same 250 Baltic Street window replacement, text unchanged",sonnet,reworded
BKCB6,2022,add929eb5c23,2023,d314cfadb45c,0.507,different,permanent indoor Red Hook testing site differs from more mobile and pop-up units,sonnet,reworded
BKCB6,2021,4b4586c97beb,2023,d86e3518a8f0,0.722,different,restore patrol strength versus maintain NCO programs and train staff,sonnet,reworded
BKCB6,2021,7617a59ada67,2023,debb0981de52,0.311,unsure,earlier request has only a generic title and no explanation,sonnet,reworded
BKCB6,2023,ef9e3c38c0bd,2024,15be444375e9,1.0,same,same project SEK20068 on 9th Street and Second Avenue; agency changed to DEP,sonnet,reworded
BKCB6,2023,b26783d5d9b6,2024,ca1e91783b45,0.945,same,"same 250 Baltic Street window replacement, text unchanged",sonnet,reworded
BKCB7,2020,bce4fe10d81d,2021,07f075e4b235,0.752,same,same districtwide after school music and arts funding; more subjects added,sonnet,reworded
BKCB7,2020,487b6226f63f,2021,0b8573c6e326,0.738,same,same CB7 office rehabilitation for ADA compliance,sonnet,reworded
BKCB7,2020,696ecf63ac70,2021,19f629915d7f,0.87,same,same East 4th Street sidewalk and curb replacement at community garden,sonnet,reworded
BKCB7,2020,470c661b7793,2021,470c661b7793,1.0,same,same Martin Luther Playground rehabilitation,sonnet,reworded
BKCB7,2020,70407109711d,2021,4bed616534fa,0.926,same,same three elevators at 15th Street Prospect Park F station,sonnet,reworded
BKCB7,2020,4c26c5084b07,2021,54b4c4b0c0b0,0.868,same,same school safety officer training; scope broadened to all schools,sonnet,reworded
BKCB7,2020,6413bb9cb222,2021,6413bb9cb222,1.0,same,same Pena-Herrera Park rehabilitation,sonnet,reworded
BKCB7,2020,bdd24bb5db57,2021,746073c4c3f7,0.963,same,same crossing guard increase in CD 7; afterschool hours added,sonnet,reworded
BKCB7,2020,d82d1477c7f9,2021,7e9222f3d076,0.75,same,same districtwide after school music and arts funding; more subjects added,sonnet,reworded
BKCB7,2020,88b928cf6948,2021,88b928cf6948,1.0,same,same Rainbow Playground reconstruction,sonnet,reworded
BKCB7,2020,b8769232bf07,2021,a3070f0dd598,0.785,same,same increase in day care slots in CD 7; agency ACS now DOE,sonnet,reworded
BKCB7,2020,fcbfd52cb85d,2021,c0c78c937fde,0.867,same,identical sewer work on 33rd and 34th Streets in both years,resolved,reworded
BKCB7,2020,bd7bad7c2f21,2021,c560b214b5cf,0.834,same,same specialized and related education programs for eligible children; bilingual added,sonnet,reworded
BKCB7,2020,db08dcbabddc,2021,db08dcbabddc,1.0,same,same D'Emic Playground rehabilitation,sonnet,reworded
BKCB7,2020,3a9617c3bc37,2021,e34eea67fd96,0.959,same,"same Fort Hamilton Parkway sidewalk replacement, agency changed to DOT",sonnet,reworded
BKCB7,2020,3dd176c00f70,2021,f3d777eb9c29,0.733,same,same restoration of five-day school garbage pickup,sonnet,reworded
BKCB7,2021,54b4c4b0c0b0,2022,318ea0591d00,0.781,same,same school safety officer training funds; non-NYPD condition added,sonnet,reworded
BKCB7,2021,470c661b7793,2022,470c661b7793,1.0,same,same Martin Luther Playground rehabilitation,sonnet,reworded
BKCB7,2021,6413bb9cb222,2022,6413bb9cb222,1.0,same,same Pena-Herrera Park rehabilitation,sonnet,reworded
BKCB7,2021,88b928cf6948,2022,88b928cf6948,1.0,same,same Rainbow Playground reconstruction,sonnet,reworded
BKCB7,2021,c94ed1f0f415,2022,ad94576b9d55,0.547,unsure,then covers new and rehabilitated schools; now only new schools,sonnet,reworded
BKCB7,2021,db08dcbabddc,2022,db08dcbabddc,1.0,same,same D'Emic Playground rehabilitation,sonnet,reworded
BKCB7,2021,c94ed1f0f415,2022,fa39d214d031,0.747,same,"same 100% accessible schools request, now phrased as rehabilitating non-ADA schools",sonnet,reworded
BKCB7,2020,381c5fd9fbdf,2023,049387f89275,0.498,different,subway station benches versus B63 bus stop shelters,sonnet,reworded
BKCB7,2022,b4dd3e101d60,2023,049387f89275,0.314,different,shelters on 3rd Avenue stops versus shelters on B63 route stops,sonnet,reworded
BKCB7,2022,d0350f707c85,2023,049387f89275,0.303,different,Secondary subway entrances versus B63 bus stop shelters,sonnet,reworded
BKCB7,2022,e1465364e7b2,2023,331c578592ed,0.751,same,same added street sweeping personnel in CD 7,sonnet,reworded
BKCB7,2022,db08dcbabddc,2023,4475fda2f22c,0.316,different,"different site, D'Emic Playground versus Plascencia Park",sonnet,reworded
BKCB7,2022,470c661b7793,2023,470c661b7793,1.0,same,same Martin Luther Playground rehabilitation,sonnet,reworded
BKCB7,2022,6bbc8b4ca33d,2023,5109665ba5ce,0.346,different,recreation center windows versus new dog run,sonnet,reworded
BKCB7,2022,5664c8c1f8ca,2023,5381d9a69972,1.0,same,same elevators at 36th Street N/R station,sonnet,reworded
BKCB7,2022,6413bb9cb222,2023,6413bb9cb222,1.0,same,same Pena-Herrera Park rehabilitation,sonnet,reworded
BKCB7,2022,18d6c1de5268,2023,874ddfdd6c23,0.445,same,same BK-7 garage site acquisition off the waterfront,sonnet,reworded
BKCB7,2022,88b928cf6948,2023,88b928cf6948,1.0,same,same Rainbow Playground reconstruction,sonnet,reworded
BKCB7,2022,4dc320d5fe99,2023,a452dc547a67,0.303,different,Sewer and green infrastructure on 33rd and 34th versus decking MTA property,sonnet,reworded
BKCB7,2022,748f9d76a5bb,2023,b3c0e662b39f,0.596,different,"different bus route, B-37 versus B70",sonnet,reworded
BKCB7,2022,f3d777eb9c29,2023,c7c85d10d0a7,0.322,different,school garbage pickup versus employment training programs,sonnet,reworded
BKCB7,2022,07f075e4b235,2023,ccb469984b7a,0.833,same,same districtwide after school program funding,sonnet,reworded
BKCB7,2022,db08dcbabddc,2023,db08dcbabddc,1.0,same,same D'Emic Playground rehabilitation,sonnet,reworded
BKCB7,2022,3faa5e44834c,2023,deb3fd72dc6c,0.506,same,"same free wifi for all of CD 7, agency changed",sonnet,reworded
BKCB7,2022,c560b214b5cf,2023,f47e172f7a89,0.31,same,same funding for programs for all eligible special needs students,sonnet,reworded
BKCB7,2023,470c661b7793,2024,470c661b7793,1.0,same,same Martin Luther Playground rehabilitation,sonnet,reworded
BKCB7,2023,5109665ba5ce,2024,5109665ba5ce,1.0,same,same Sunset Park dog run,sonnet,reworded
BKCB7,2023,ca2417d5f96e,2024,609a8ef31c1c,0.966,same,"same Greenwood Park courts rehabilitation, playground added",sonnet,reworded
BKCB7,2023,a79ff06d1477,2024,6237845b81b5,0.668,same,"same 2nd Avenue rail removal and reconstruction, 29th to 42nd Streets",sonnet,reworded
BKCB7,2023,47b647022695,2024,6393ce3510e4,0.871,same,"same adult ESOL and literacy funding in CD 7, agency changed",sonnet,reworded
BKCB7,2023,6413bb9cb222,2024,6413bb9cb222,1.0,same,same Pena-Herrera Park rehabilitation,sonnet,reworded
BKCB7,2023,88b928cf6948,2024,88b928cf6948,1.0,same,same Rainbow Playground reconstruction,sonnet,reworded
BKCB7,2023,5109665ba5ce,2024,aae1c7149268,0.492,different,dog run versus interior walkway replacement in Sunset Park,sonnet,reworded
BKCB7,2023,7fa8ebadc951,2024,b58b6511348c,0.322,different,new Sunset Park library versus Windsor Terrace branch renovation,sonnet,reworded
BKCB7,2023,262763699464,2024,d6c7fd945efd,0.383,different,bicycle safety training versus traffic cameras,sonnet,reworded
BKCB7,2023,db08dcbabddc,2024,db08dcbabddc,1.0,same,same D'Emic Playground rehabilitation,sonnet,reworded
BKCB7,2023,683562037f80,2024,dde3619204cb,0.775,same,"same Kermit Place and Caton Avenue water and sewer study, boundary street edited",sonnet,reworded
BKCB7,2024,470c661b7793,2025,470c661b7793,1.0,same,same Martin Luther Playground rehabilitation,sonnet,reworded
BKCB7,2024,5109665ba5ce,2025,5109665ba5ce,1.0,same,same Sunset Park dog run,sonnet,reworded
BKCB7,2024,6413bb9cb222,2025,6413bb9cb222,1.0,same,same Pena-Herrera Park rehabilitation,sonnet,reworded
BKCB7,2024,db08dcbabddc,2025,db08dcbabddc,1.0,same,same D'Emic Playground rehabilitation,sonnet,reworded
BKCB7,2025,a3070f0dd598,2026,181010b1cbb0,0.521,same,same more day care slots in CD 7,sonnet,reworded
BKCB7,2025,fbacc163c474,2026,22d140fb1551,0.508,same,"same more crossing guards in CD 7, secondary ask differs",sonnet,reworded
BKCB7,2025,b3c0e662b39f,2026,3841cf9f658d,0.592,unsure,"B70 frequency now bundled with three more routes, expansion unclear",sonnet,reworded
BKCB7,2025,b5b729b9b96e,2026,3f552adfb8a1,0.859,same,same 63rd Street walkway ramp to BAT buildings,sonnet,reworded
BKCB7,2025,470c661b7793,2026,470c661b7793,1.0,same,same Martin Luther Playground rehabilitation,sonnet,reworded
BKCB7,2025,5109665ba5ce,2026,5109665ba5ce,1.0,same,same Sunset Park dog run,sonnet,reworded
BKCB7,2025,6413bb9cb222,2026,6413bb9cb222,1.0,same,same Pena-Herrera Park rehabilitation,sonnet,reworded
BKCB7,2025,fa39d214d031,2026,a8233670d3ce,0.741,same,"same full school accessibility, DOE then School Construction Authority",sonnet,reworded
BKCB7,2025,049387f89275,2026,ba40d93599a7,0.8,different,B63 route stops only versus every bus stop in CD 7,sonnet,reworded
BKCB7,2025,d6c7fd945efd,2026,cd090fb9d9d8,0.811,same,"same speed cameras throughout CD 7, other camera type reworded",sonnet,reworded
BKCB7,2025,db08dcbabddc,2026,db08dcbabddc,1.0,same,same D'Emic Playground rehabilitation,sonnet,reworded
BKCB7,2025,20c33978b197,2026,e9c6dcb9f451,0.886,same,same increase to community board budgets citywide,sonnet,reworded
BKCB7,2026,181010b1cbb0,2027,181010b1cbb0,1.0,same,same more day care slots in CD 7,sonnet,reworded
BKCB7,2026,470c661b7793,2027,470c661b7793,1.0,same,same Martin Luther Playground rehabilitation,sonnet,reworded
BKCB7,2026,a0526c05b024,2027,4c26099c52af,0.461,same,same community programming at 4201 4th Avenue building,sonnet,reworded
BKCB7,2026,5109665ba5ce,2027,5109665ba5ce,1.0,same,same Sunset Park dog run,sonnet,reworded
BKCB7,2026,179ab66087c1,2027,60a6d22dfcde,0.639,same,"same MTA decking for housing at 36th to 39th Streets, sites added",sonnet,reworded
BKCB7,2026,6413bb9cb222,2027,6413bb9cb222,1.0,same,same Pena-Herrera Park rehabilitation,sonnet,reworded
BKCB7,2026,a6e503fd86b7,2027,72ff6642285f,0.552,different,"same stretch, sewer replacement versus waterfront greenway",sonnet,reworded
BKCB7,2026,7d3266db0ce4,2027,a642713a9747,0.573,same,same added training for school safety officers serving District 75,sonnet,reworded
BKCB7,2026,ba40d93599a7,2027,ba40d93599a7,1.0,same,same bus shelters at every stop in CD 7,sonnet,reworded
BKCB7,2026,db08dcbabddc,2027,db08dcbabddc,1.0,same,same D'Emic Playground rehabilitation,sonnet,reworded
BKCB7,2026,5381d9a69972,2027,eeaa1c4fa825,0.767,different,one station's elevators versus rehabilitating all subway stations,sonnet,reworded
BKCB7,2026,ee4caa0484b3,2027,f55d42b1a1f1,0.926,same,same library hours increase and seven-day operations,sonnet,reworded
BKCB8,2021,3c8dca86cf87,2022,0949d4922c99,0.303,same,"same hospitality training for local residents, online help added",sonnet,reworded
BKCB8,2021,44ce1ffd9716,2022,13e3f2ed96d1,0.648,same,"same housing for seniors, disabled and homeless, rationale expanded",sonnet,reworded
BKCB8,2021,6724dfb9e4f4,2022,273e35940977,0.405,same,same STI and HIV education,sonnet,reworded
BKCB8,2021,1b2fad781a55,2022,39504e013dc2,0.7,same,same developer baiting mandate and penalties for rats,sonnet,reworded
BKCB8,2021,c736f4e88a02,2022,4ca2ef109462,0.823,different,"same area, rezoning study versus public realm improvements study",sonnet,reworded
BKCB8,2021,440f28a41581,2022,58365f78f900,0.879,same,same elimination of secondhand smoke in multiple dwellings,sonnet,reworded
BKCB8,2021,67b52babb1b5,2022,7131d687593f,0.741,same,same park enforcement personnel hiring,sonnet,reworded
BKCB8,2021,d4dfcc139199,2022,955422f4a3cc,0.654,same,same senior transportation increase,sonnet,reworded
BKCB8,2021,f4d0e54c3590,2022,9786af5af6bf,0.917,same,same home care for homebound seniors,sonnet,reworded
BKCB8,2021,a339ea17f0c6,2022,b1180c0a9a23,0.305,same,"same preventive domestic violence education, secondary asks differ",sonnet,reworded
BKCB8,2021,fe7e17703967,2022,be95fe6a4e63,0.368,same,the same rental assistance expansion,resolved,reworded
BKCB8,2021,16500d450147,2022,ce482dcc0b24,0.599,same,same nutrition education programs for District 8,sonnet,reworded
BKCB8,2021,83085dc08c42,2022,d02af45a1185,0.989,same,same canine waste enforcement and signage unit,sonnet,reworded
BKCB8,2021,f68c681f0a1e,2022,ff46349b4077,0.437,same,same more litter basket collection on commercial corridors,sonnet,reworded
BKCB8,2021,54999a9a4829,2023,3662863fe775,0.438,unsure,"organics collection, but now centered on education and outreach",sonnet,reworded
BKCB8,2021,4e54721d2e61,2023,432b4000e23d,0.394,same,"same dog run request, specific parks later left open",sonnet,reworded
BKCB8,2022,39504e013dc2,2023,61d957992dae,0.75,same,same developer baiting mandate and penalties for rats,sonnet,reworded
BKCB8,2022,b6ad4e52a5f9,2023,8a39b18a6943,0.881,same,same midnight basketball style youth crime prevention programs,sonnet,reworded
BKCB8,2022,d4484f20b2b2,2023,9ec1d546bd3b,0.926,same,same HPD rehabilitation loans for small landlords,sonnet,reworded
BKCB8,2022,ce482dcc0b24,2023,a504dd7a175a,0.552,same,same nutrition and smoking education programs,sonnet,reworded
BKCB8,2022,8f74d490e559,2023,a6d553a6d26a,0.832,same,same expanded Medicaid access,sonnet,reworded
BKCB8,2022,ee9dc6288466,2023,e07375983393,0.933,same,same adult protective services,sonnet,reworded
BKCB8,2022,bd0a0c591e02,2023,fc603e96172a,0.785,same,"same Brower Park lighting, pathways added",sonnet,reworded
BKCB8,2023,329195d96352,2024,001e1185b2ad,0.719,same,same HPD enforcement of housing repairs,sonnet,reworded
BKCB8,2023,d8c4ceb13b12,2024,0fe2212922b5,0.725,same,same alternate side parking enforcement,sonnet,reworded
BKCB8,2023,d035d399f8fe,2024,10238a6d414d,0.774,same,same housing for special needs households,sonnet,reworded
BKCB8,2023,9786af5af6bf,2024,2263a1628a19,0.906,same,same home care for homebound seniors,sonnet,reworded
BKCB8,2023,fc603e96172a,2024,706390c11350,0.607,same,same Brower Park lighting improvement,sonnet,reworded
BKCB8,2023,955422f4a3cc,2024,7330c2d52bc7,0.738,same,same senior transportation increase,sonnet,reworded
BKCB8,2023,8a39b18a6943,2024,79fed4eaf312,0.796,same,same youth crime prevention programs,sonnet,reworded
BKCB8,2023,c7ac51ad76d7,2024,9b37e05a3666,0.815,same,same mental health stigma programs,sonnet,reworded
BKCB8,2023,7000630420df,2024,b6dbe6e4eeb1,0.504,same,same Franklin Avenue Shuttle repainting,sonnet,reworded
BKCB8,2023,642c0f9c39ae,2024,cda520e9cf5b,0.382,different,garage cleaning equipment versus cleaning supervisor position,sonnet,reworded
BKCB8,2023,ce1a0b040e32,2024,ce92371b39cc,0.597,same,same rent burden definition expansion,sonnet,reworded
BKCB8,2023,fc603e96172a,2024,d37e4c36c3b1,0.419,different,Brower Park lighting versus community messaging board,sonnet,reworded
BKCB8,2023,ed434905a67f,2024,da90b8d3383f,0.98,same,same elder abuse outreach and public service announcements,sonnet,reworded
BKCB8,2023,75b944b399b3,2024,e64728f90779,0.875,same,same smoke-free multiple dwellings,sonnet,reworded
BKCB8,2023,b1180c0a9a23,2024,f37de6da3e00,0.703,same,same domestic violence education and abuser assistance,sonnet,reworded
BKCB8,2023,9ec1d546bd3b,2024,ff1b94b8b606,0.755,same,same HPD rehabilitation loans for small landlords,sonnet,reworded
BKCB8,2024,8d8cf27b87ff,2025,00296f8c5f65,0.463,same,same street tree maintenance and contractor accountability,sonnet,reworded
BKCB8,2024,ed6fcff6b927,2025,31818b1fc18b,0.897,same,same safe sex campaigns for STIs,sonnet,reworded
BKCB8,2024,d02af45a1185,2025,78223f0909f5,0.778,same,same canine waste enforcement officers,sonnet,reworded
BKCB8,2024,2263a1628a19,2025,7c71d31acfeb,0.592,same,same home care for homebound seniors,sonnet,reworded
BKCB8,2024,af7701a9521c,2025,9dd77df8c0b5,0.526,same,"same financial planning education, job training added",sonnet,reworded
BKCB8,2024,beae6dafc384,2025,a4261518be69,0.928,same,same Lincoln Terrace Park ballfield reconstruction,sonnet,reworded
BKCB8,2024,efd51623376b,2025,bb9b9f617ff1,0.987,same,same adult protective services,sonnet,reworded
BKCB8,2024,d3bfad3c1861,2025,c103fd4323c9,0.877,same,same community composting expansion,sonnet,reworded
BKCB8,2024,7330c2d52bc7,2025,c1c5bc90d345,0.483,same,same senior transportation increase,sonnet,reworded
BKCB8,2024,d37e4c36c3b1,2025,d1f1591bece6,0.592,different,Brower Park messaging board versus playground and court lights,sonnet,reworded
BKCB8,2025,d1f1591bece6,2026,1a69c1235bb4,0.415,different,Brower Park lighting versus playground consolidation and expansion,sonnet,reworded
BKCB8,2024,d37e4c36c3b1,2026,1a69c1235bb4,0.407,different,messaging board versus Brower Park playground and spray shower,sonnet,reworded
BKCB8,2025,e2bf5970ce6e,2026,2934082fd5ff,0.313,different,Underhill playground reconstruction versus comfort station renovation,sonnet,reworded
BKCB8,2024,706390c11350,2026,296aa7a9f360,0.428,unsure,Brower Park lighting is one item in a broad path reconstruction,sonnet,reworded
BKCB8,2025,d1f1591bece6,2026,296aa7a9f360,0.393,different,playground court lighting versus full Brower Park pathways reconstruction,sonnet,reworded
BKCB8,2025,e2bf5970ce6e,2026,387310d49a79,0.683,same,same Underhill Playground reconstruction,sonnet,reworded
BKCB8,2025,10238a6d414d,2026,4816b3730986,0.991,same,same housing for special needs households,sonnet,reworded
BKCB8,2024,d37e4c36c3b1,2026,52f4a6c5e75f,0.447,different,messaging board versus Brower Park restroom renovation,sonnet,reworded
BKCB8,2025,d1f1591bece6,2026,52f4a6c5e75f,0.416,different,Brower Park lighting versus restroom renovation,sonnet,reworded
BKCB8,2025,3e7ee9fc1135,2026,61345fbaeea6,0.614,different,Brower Park branch hours versus systemwide library budget increase,sonnet,reworded
BKCB8,2025,de27143c4787,2026,6e9ba848dfbb,0.447,different,"different playground, St. Marks versus Woods",sonnet,reworded
BKCB8,2025,d1556f0c1b46,2026,9047f35d5042,0.401,same,same Lincoln Terrace Park restroom renovation,sonnet,reworded
BKCB8,2025,9b5c343182a6,2026,d9c893139ffd,0.995,same,same fire safety education,sonnet,reworded
BKCB8,2024,d37e4c36c3b1,2026,e7123331fa3f,0.305,different,messaging board versus Brower Park futsal field,sonnet,reworded
BKCB8,2026,04dc9eb90927,2027,03681ae11df3,0.806,same,same HPD inspections for code violations,sonnet,reworded
BKCB8,2026,9047f35d5042,2027,07e999536a12,0.874,same,same Lincoln Terrace Park restroom renovation,sonnet,reworded
BKCB8,2026,1a69c1235bb4,2027,090ed83cd201,0.634,same,same Brower Park playground and spray shower expansion,sonnet,reworded
BKCB8,2026,519109545f77,2027,25d65b122b6f,0.928,same,same crossing guard hiring,sonnet,reworded
BKCB8,2026,4bc153508972,2027,28b26d263cde,0.994,same,same senior scam protection program,sonnet,reworded
BKCB8,2026,a4261518be69,2027,39fa7d885e31,0.333,different,"different site, Lincoln Terrace ballfield versus St. John's Park",sonnet,reworded
BKCB8,2026,45414ad274d9,2027,4103bb31e4c0,0.967,same,same more smart bins for organics,sonnet,reworded
BKCB8,2026,5021d05f32c0,2027,425286dbefac,0.824,same,same Dean Street Playground lamp posts,sonnet,reworded
BKCB8,2026,d9c893139ffd,2027,4986edd56d4a,0.928,same,same fire safety education PSAs,sonnet,reworded
BKCB8,2026,ba1b5eac750a,2027,5e557320461d,0.497,same,same helmet lockers at Citi Bike stations,sonnet,reworded
BKCB8,2026,a876d1985383,2027,976ac0180292,0.514,same,"same foster youth education and workforce funding, programs named",sonnet,reworded
BKCB8,2026,feee090c0c95,2027,97be5c6587d6,0.697,same,"same shelters, seats and timers at every District 8 bus stop",sonnet,reworded
BKCB8,2026,c41371bcd818,2027,9b0a87bf5b23,0.797,same,same NYCHA solar panels and efficient bulbs,sonnet,reworded
BKCB8,2026,296aa7a9f360,2027,a14eb9654b3d,0.892,same,same Brower Park pathways reconstruction,sonnet,reworded
BKCB8,2026,bf1a525d0291,2027,a3de18bfe047,0.965,same,same PS 138 hydroponics lab,sonnet,reworded
BKCB8,2026,61345fbaeea6,2027,b9a18e474727,0.835,same,"same library operations, hours and services funding",sonnet,reworded
BKCB8,2026,793b7150998d,2027,c932a29e0668,0.987,same,same Cultural Affairs advertising help for institutions,sonnet,reworded
BKCB8,2026,de27143c4787,2027,d0393fa6074e,0.404,different,"different playground, St. Marks versus Mount Prospect Park",sonnet,reworded
BKCB8,2026,c5fa418ca3f1,2027,eb2a493f0e55,0.429,same,"same foster care youth housing support, 2027 names SILP",sonnet,reworded
BKCB8,2026,61345fbaeea6,2027,f0cde347c71c,0.372,different,library operations and hours versus book and digital purchases,sonnet,reworded
BKCB8,2026,96c98602f285,2027,fb220510ae6f,0.766,same,same root pruning and sidewalk leveling,sonnet,reworded
BKCB8,2026,22ef4ad28ceb,2027,fe618837ea0f,0.54,same,same additional front loader for park garbage cans,sonnet,reworded
BKCB9,2020,65a621dc2c12,2021,2ddd3eacfdfe,0.901,same,same CD 9 zoning study,sonnet,reworded
BKCB9,2020,0e7d67469d28,2021,391f3a70b769,0.719,same,"same MS 61 renovation, library and flooring items added",sonnet,reworded
BKCB9,2020,ac8b161aff49,2021,3ad2225b0f89,0.397,same,same community nutrition programming,sonnet,reworded
BKCB9,2020,a1d3d2b6199d,2021,405df298f7d0,0.419,different,Crown Heights Library capital repairs versus extended hours programming,sonnet,reworded
BKCB9,2020,776a8ee5cd68,2021,a4184e9c0214,0.812,same,same 71st Precinct renovation and upgrade,sonnet,reworded
BKCB9,2020,765e523b2794,2021,f9f412fd830b,0.365,same,same added crossing guards,sonnet,reworded
BKCB9,2021,7de020963ba7,2022,14c1d45c0241,0.523,same,"same district-wide resurfacing and asphalt allocation request, Lincoln Road example added",sonnet,reworded
BKCB9,2021,a1dc3351e8c9,2022,1c4f9d168b9f,0.313,same,same 71st Precinct vehicle parking space request,sonnet,reworded
BKCB9,2021,fb8a0c6a00d5,2022,2981d0644a1b,0.402,same,same catch basin cleaning,sonnet,reworded
BKCB9,2021,8c71e07ff173,2022,438751f9b737,0.862,same,same senior citizen housing,sonnet,reworded
BKCB9,2021,d7e2c0c92075,2022,6c3f1b2a6e87,0.314,different,Passenger van for council versus precinct house renovation,sonnet,reworded
BKCB9,2021,afc6adfc52de,2022,71b33f44e3c1@-,0.323,same,same district-wide DOT traffic calming study request; later year adds details,sonnet,reworded
BKCB9,2021,afc6adfc52de,2022,71b33f44e3c1@4e3a2d,0.312,different,"a general request versus a row the board listed for one site, Winthrop Street",resolved,reworded
BKCB9,2021,afc6adfc52de,2022,71b33f44e3c1@ae5f7a,0.312,different,"a general request versus a row the board listed for one site, Lefferts Avenue",resolved,reworded
BKCB9,2021,ddad1bb8a2a3,2022,93a52753accc,0.356,same,same more teaching staff for smaller classes,sonnet,reworded
BKCB9,2021,55de55b46f4e,2022,95c39b42a332,0.37,same,same Christopher Blenman Senior Center renovation,sonnet,reworded
BKCB9,2021,aebcb69f1d46,2022,989b13abac6d,0.328,same,same Clarkson Avenue shelter services request: job training and support services,sonnet,reworded
BKCB9,2021,b71a11df713f,2022,e4c59f4ff434,0.663,same,same more on-street trash cans,sonnet,reworded
BKCB9,2021,405df298f7d0,2022,ef1506f2cd82,0.566,same,same extended library hours,sonnet,reworded
BKCB9,2021,79e4c4f477af,2022,fdcff6cbc66c,0.776,same,same community center for youth in a park,sonnet,reworded
BKCB9,2022,989b13abac6d,2023,00f7477ad4b1,0.965,same,same Clarkson Avenue shelter services request,sonnet,reworded
BKCB9,2022,d52c81fe394b,2023,02436327eee2,0.983,same,"same Ocean Avenue traffic calming, Flatbush to Parkside",sonnet,reworded
BKCB9,2021,9817256145a4,2023,0d76f407aad2,0.361,different,district crime cameras versus DOT speed cameras at Washington Avenue,sonnet,reworded
BKCB9,2022,0d8af1146d27,2023,0d76f407aad2,0.317,different,Dodger Playground lighting versus speed cameras on Washington Avenue,sonnet,reworded
BKCB9,2022,ccebd6623f3a,2023,1973d46ac944,0.483,different,district-wide speed cameras versus Brooklyn Avenue enforcement measures,sonnet,reworded
BKCB9,2021,ec819e33d537,2023,1973d46ac944,0.412,different,district-wide speed cameras versus Brooklyn Avenue specific request,sonnet,reworded
BKCB9,2021,0ae1dbcbdb7a,2023,34ef0cfcc43d,0.341,different,district-wide parking enforcement versus school buses on Winthrop Street,sonnet,reworded
BKCB9,2022,ccebd6623f3a,2023,3efd4337b2ce,0.607,unsure,district-wide speed cameras (Parkside to Flatbush) versus Parkside Avenue enforcement measures,sonnet,reworded
BKCB9,2021,ec819e33d537,2023,3efd4337b2ce,0.457,different,district-wide speed cameras versus Parkside Avenue specific request,sonnet,reworded
BKCB9,2022,993a94788819,2023,560204173cf2,0.346,different,rodent education and fines versus pest control initiative for business corridors,sonnet,reworded
BKCB9,2022,1c4f9d168b9f,2023,5ac9340e7d20,0.353,different,NYPD vehicle parking space versus more tow trucks,sonnet,reworded
BKCB9,2022,71b33f44e3c1@ae5f7a,2023,71b33f44e3c1@434fa9,1.0,different,district-wide text names no place; location differs: Lefferts Avenue versus Lincoln Road,sonnet,site
BKCB9,2022,71b33f44e3c1@4e3a2d,2023,71b33f44e3c1@434fa9,1.0,different,district-wide text names no place; location differs: Winthrop Street versus Lincoln Road,sonnet,site
BKCB9,2022,ce5dfd2b7802,2023,71b33f44e3c1@434fa9,0.616,different,"the study request continues as its own FY2023 row, and Lincoln Road is a new site",resolved,reworded
BKCB9,2022,71b33f44e3c1@4e3a2d,2023,71b33f44e3c1@baf1ae,1.0,different,district-wide text names no place; location differs: Winthrop Street versus Lefferts Avenue,sonnet,site
BKCB9,2022,71b33f44e3c1@ae5f7a,2023,71b33f44e3c1@bb8310,1.0,different,district-wide text names no place; location differs: Lefferts Avenue versus Winthrop Street,sonnet,site
BKCB9,2022,ccebd6623f3a,2023,7c8845b9642d,0.482,different,district-wide speed cameras versus Lincoln Road enforcement measures,sonnet,reworded
BKCB9,2022,0aa449c8b97e,2023,7c8845b9642d,0.404,different,Rogers and Lefferts speed cameras versus Lincoln Road speeding measures,sonnet,reworded
BKCB9,2021,ec819e33d537,2023,7c8845b9642d,0.367,different,district-wide speed cameras versus Lincoln Road specific request,sonnet,reworded
BKCB9,2022,b1dd98ff89d2,2023,8b9ece321fe8,0.457,different,forestry maintenance funding versus new trees on Clarkson Avenue,sonnet,reworded
BKCB9,2021,ec819e33d537,2023,8c1f53c23e39@1b4645,0.329,different,district-wide speed cameras versus Union Street speed humps,sonnet,reworded
BKCB9,2022,6c223945a975,2023,8c1f53c23e39@1b4645,0.318,different,"different site and work, cameras at Washington/Montgomery versus speed humps on Union Street",sonnet,reworded
BKCB9,2021,ec819e33d537,2023,8c1f53c23e39@a8bf60,0.325,different,district-wide speed cameras versus President Street speed humps,sonnet,reworded
BKCB9,2022,6c223945a975,2023,8c1f53c23e39@a8bf60,0.315,different,"different site and work, cameras at Washington/Montgomery versus speed humps on President",sonnet,reworded
BKCB9,2022,2981d0644a1b,2023,92010b4098ed,0.449,same,same district-wide catch basin cleaning request,sonnet,reworded
BKCB9,2021,9817256145a4,2023,991a8feb8b45,0.357,different,district-wide crime cameras versus Hawthorne Street cameras,sonnet,reworded
BKCB9,2022,96021e142beb,2023,994b5af931ca@5731a6,0.383,different,"then is district-wide enforcement; now one residential street, Bedford and Winthrop",sonnet,reworded
BKCB9,2022,96021e142beb,2023,994b5af931ca@ae9df6,0.365,different,"then is district-wide enforcement; now one residential street, Montgomery Street",sonnet,reworded
BKCB9,2022,60e2cc724a06,2023,9da4410936bc,0.499,different,PS 161 Beacon after-school program versus Kiddie Science Lab funding,sonnet,reworded
BKCB9,2022,e4c59f4ff434,2023,a370323c6314,0.334,different,then adds more cans; now replaces wire cans with DSNY model to curb rats,sonnet,reworded
BKCB9,2022,ccebd6623f3a,2023,a637fd8d6f50,0.521,unsure,the earlier request names no street,resolved,reworded
BKCB9,2021,ec819e33d537,2023,a637fd8d6f50,0.426,different,district-wide speed cameras versus Ocean Avenue specific request,sonnet,reworded
BKCB9,2022,6c223945a975@70fdfc,2023,b2142ef1e73e@003325,1.0,different,different site: Washington Avenue to Montgomery Street versus Rogers Avenue at Lefferts Avenue,sonnet,site
BKCB9,2022,03ca1755017c@f513cd,2023,b2142ef1e73e@003325,1.0,different,different site: Winthrop Avenue to Troy Avenue versus Rogers Avenue at Lefferts Avenue,sonnet,site
BKCB9,2022,ccebd6623f3a@8f2b6a,2023,b2142ef1e73e@003325,1.0,different,different site: Parkside Avenue to Flatbush Avenue versus Rogers Avenue at Lefferts Avenue,sonnet,site
BKCB9,2022,0aa449c8b97e@82bbde,2023,b2142ef1e73e@0268f8,1.0,different,different site: Rogers Avenue to Lefferts Avenue versus Washington Avenue at Montgomery Street,sonnet,site
BKCB9,2022,03ca1755017c@f513cd,2023,b2142ef1e73e@0268f8,1.0,different,different site: Winthrop Avenue to Troy Avenue versus Washington Avenue at Montgomery Street,sonnet,site
BKCB9,2022,ccebd6623f3a@8f2b6a,2023,b2142ef1e73e@0268f8,1.0,different,different site: Parkside Avenue to Flatbush Avenue versus Washington Avenue at Montgomery Street,sonnet,site
BKCB9,2022,6c223945a975@70fdfc,2023,b2142ef1e73e@4bb209,1.0,different,different site: Washington Avenue to Montgomery Street versus Parkside Avenue at Flatbush Avenue,sonnet,site
BKCB9,2022,0aa449c8b97e@82bbde,2023,b2142ef1e73e@4bb209,1.0,different,different site: Rogers Avenue to Lefferts Avenue versus Parkside Avenue at Flatbush Avenue,sonnet,site
BKCB9,2022,03ca1755017c@f513cd,2023,b2142ef1e73e@4bb209,1.0,different,different site: Winthrop Avenue to Troy Avenue versus Parkside Avenue at Flatbush Avenue,sonnet,site
BKCB9,2022,6c223945a975@70fdfc,2023,b2142ef1e73e@c9ae85,1.0,different,different site: Washington Avenue to Montgomery Street versus Winthrop Avenue at Troy Avenue,sonnet,site
BKCB9,2022,0aa449c8b97e@82bbde,2023,b2142ef1e73e@c9ae85,1.0,different,different site: Rogers Avenue to Lefferts Avenue versus Winthrop Avenue at Troy Avenue,sonnet,site
BKCB9,2022,ccebd6623f3a@8f2b6a,2023,b2142ef1e73e@c9ae85,1.0,different,different site: Parkside Avenue to Flatbush Avenue versus Winthrop Avenue at Troy Avenue,sonnet,site
BKCB9,2022,ccebd6623f3a,2023,b4290e8209ea,0.503,different,district-wide speed cameras versus Rogers Avenue enforcement measures,sonnet,reworded
BKCB9,2022,0aa449c8b97e,2023,b4290e8209ea,0.5,unsure,Rogers and Lefferts cameras versus whole Rogers Avenue speeding measures; overlap unclear,sonnet,reworded
BKCB9,2021,ec819e33d537,2023,b4290e8209ea,0.394,different,district-wide speed cameras versus Rogers Avenue specific request,sonnet,reworded
BKCB9,2022,8bd4ccdc0a13@863b03,2023,bb4c4003ef96@83ec2f,1.0,different,different site: whole Empire Boulevard versus Brooklyn Avenue at Empire Boulevard,sonnet,site
BKCB9,2022,e231bcb6081e@55f4d2,2023,bb4c4003ef96@83ec2f,1.0,different,different site: Kingston Avenue stretch versus Brooklyn Avenue at Empire Boulevard,sonnet,site
BKCB9,2022,76bf970ac5f3@950b97,2023,bb4c4003ef96@863b03,1.0,different,different site: Brooklyn Avenue to Winthrop Street stretch versus whole Empire Boulevard,sonnet,site
BKCB9,2022,e231bcb6081e@55f4d2,2023,bb4c4003ef96@863b03,1.0,different,different site: Kingston Avenue stretch versus whole Empire Boulevard,sonnet,site
BKCB9,2022,8bd4ccdc0a13@863b03,2023,bb4c4003ef96@bf0645,1.0,different,different site: whole Empire Boulevard versus Kingston Avenue at Empire Boulevard,sonnet,site
BKCB9,2022,76bf970ac5f3@950b97,2023,bb4c4003ef96@bf0645,1.0,different,different site: Brooklyn Avenue stretch versus Kingston Avenue at Empire Boulevard,sonnet,site
BKCB9,2022,391f3a70b769,2023,c5b9eb6524e9,0.922,same,same MS 61 renovation list,sonnet,reworded
BKCB9,2022,ce5dfd2b7802,2023,d70d8d71ae5a,0.973,same,same district-wide traffic calming study,sonnet,reworded
BKCB9,2022,e4c59f4ff434,2023,e2537397812b,0.34,different,adding corridor trash cans versus replacing wire receptacles with rat-resistant model,sonnet,reworded
BKCB9,2022,03ca1755017c,2023,ee3ff397fedc@0e64c6,0.343,different,"different intersection, Winthrop and Troy versus Winthrop and Flatbush",sonnet,reworded
BKCB9,2022,ccebd6623f3a,2023,ee3ff397fedc@0f714f,0.389,different,"different intersection, Parkside and Flatbush versus Ocean and Parkside",sonnet,reworded
BKCB9,2022,ccebd6623f3a,2023,ee3ff397fedc@8f2b6a,0.477,same,same intersection and cameras; now adds speed humps and markings,sonnet,reworded
BKCB9,2022,0d8af1146d27,2023,ef08f3ef180f,0.35,different,"Dodger Playground lighting versus park cameras, different measure",sonnet,reworded
BKCB9,2023,560204173cf2,2024,00df0e34c096,0.991,same,same business-corridor Pest Control Initiative,sonnet,reworded
BKCB9,2023,1239351ddfac@8fb36d,2024,1239351ddfac@1358fc,1.0,different,different street: Flatbush Avenue versus Montgomery Street at Nostrand Avenue,sonnet,site
BKCB9,2023,560204173cf2,2024,18451391505e,0.339,different,DOHMH corridor pest control versus DOB construction rat control enforcement,sonnet,reworded
BKCB9,2023,21c993d6baf9@0aaa47,2024,21c993d6baf9@65e203,1.0,different,different street: Sterling Street versus Fenimore Street,sonnet,site
BKCB9,2023,21c993d6baf9@543d84,2024,21c993d6baf9@65e203,1.0,different,different street: Midwood Street versus Fenimore Street,sonnet,site
BKCB9,2023,21c993d6baf9@73a9dc,2024,21c993d6baf9@ce26bb,1.0,different,different street: Fenimore Street versus Sterling Street,sonnet,site
BKCB9,2023,21c993d6baf9@543d84,2024,21c993d6baf9@ce26bb,1.0,different,different street: Midwood Street versus Sterling Street,sonnet,site
BKCB9,2023,21c993d6baf9@73a9dc,2024,21c993d6baf9@e91f2f,1.0,different,different street: Fenimore Street versus Midwood Street,sonnet,site
BKCB9,2023,21c993d6baf9@0aaa47,2024,21c993d6baf9@e91f2f,1.0,different,different street: Sterling Street versus Midwood Street,sonnet,site
BKCB9,2023,21f76d66ef3e@1e9709,2024,21f76d66ef3e@1ea10f,1.0,different,text names no place; location differs: Rogers Avenue versus Bedford Avenue at Empire Boulevard,sonnet,site
BKCB9,2023,21f76d66ef3e@0c990e,2024,21f76d66ef3e@c4e705,1.0,different,text names no place; location differs: Bedford Avenue versus Rogers Avenue at Empire Boulevard,sonnet,site
BKCB9,2023,e93121242532,2024,272a022bfe05,0.301,different,library extended hours versus Crown Heights capital repairs,sonnet,reworded
BKCB9,2023,02436327eee2,2024,50da3da5f125,0.993,same,"same Ocean Avenue traffic calming, Flatbush to Parkside",sonnet,reworded
BKCB9,2023,106d7a5718c5,2024,66972b5e76ee,0.851,same,same community nutrition programming,sonnet,reworded
BKCB9,2022,71b33f44e3c1@ae5f7a,2024,813a402c301e@58c4c0,1.0,different,district-wide text names no place; location differs: Lefferts Avenue versus Lincoln Road,sonnet,site
BKCB9,2022,71b33f44e3c1@4e3a2d,2024,813a402c301e@58c4c0,1.0,different,district-wide text names no place; location differs: Winthrop Street versus Lincoln Road,sonnet,site
BKCB9,2023,71b33f44e3c1@baf1ae,2024,813a402c301e@58c4c0,1.0,different,district-wide text names no place; location differs: Lefferts Avenue versus Lincoln Road,sonnet,site
BKCB9,2023,71b33f44e3c1@bb8310,2024,813a402c301e@58c4c0,1.0,different,district-wide text names no place; location differs: Winthrop Street versus Lincoln Road,sonnet,site
BKCB9,2022,71b33f44e3c1@4e3a2d,2024,813a402c301e@baf1ae,1.0,different,district-wide text names no place; location differs: Winthrop Street versus Lefferts Avenue,sonnet,site
BKCB9,2023,71b33f44e3c1@bb8310,2024,813a402c301e@baf1ae,1.0,different,district-wide text names no place; location differs: Winthrop Street versus Lefferts Avenue,sonnet,site
BKCB9,2023,71b33f44e3c1@434fa9,2024,813a402c301e@baf1ae,1.0,different,"different site, text names no place: Lincoln Road versus Lefferts Avenue",sonnet,site
BKCB9,2022,71b33f44e3c1@ae5f7a,2024,813a402c301e@bb8310,1.0,different,district-wide text names no place; location differs: Lefferts Avenue versus Winthrop Street,sonnet,site
BKCB9,2023,71b33f44e3c1@baf1ae,2024,813a402c301e@bb8310,1.0,different,district-wide text names no place; location differs: Lefferts Avenue versus Winthrop Street,sonnet,site
BKCB9,2023,71b33f44e3c1@434fa9,2024,813a402c301e@bb8310,1.0,different,"different site, text names no place: Lincoln Road versus Winthrop Street",sonnet,site
BKCB9,2023,c170412a33c8@f00340,2024,885715e94f0f@97f53a,1.0,different,"two Clarkson Avenue intersections versus district-wide cans, other work",sonnet,site
BKCB9,2023,c1a123284ccb@1cd6a7,2024,885715e94f0f@97f53a,1.0,different,Nostrand-Empire corridor versus district-wide cans and receptacles,sonnet,site
BKCB9,2023,a370323c6314@811728,2024,885715e94f0f@97f53a,1.0,different,"six commercial corridors versus district-wide cans and receptacles, other type",sonnet,site
BKCB9,2023,8c1f53c23e39@1b4645,2024,8c1f53c23e39@a8bf60,1.0,different,different street: Union Street versus President Street,sonnet,site
BKCB9,2023,1239351ddfac@ae9df6,2024,959176e99b71@8fb36d,1.0,different,different street: Montgomery Street versus Flatbush Avenue,sonnet,site
BKCB9,2023,994b5af931ca@5731a6,2024,994b5af931ca@1358fc,1.0,different,different site: Bedford Avenue at Winthrop Street versus Montgomery Street at Nostrand Avenue,sonnet,site
BKCB9,2023,994b5af931ca@ae9df6,2024,9bab5c234133@3138c8,1.0,different,different site: Montgomery Street versus Bedford Avenue at Winthrop Street,sonnet,site
BKCB9,2023,885715e94f0f@97f53a,2024,a370323c6314@811728,1.0,different,the board lists District Wide and Commercial Districts as separate requests every year,resolved,site
BKCB9,2023,c170412a33c8@f00340,2024,a370323c6314@811728,1.0,different,two Clarkson Avenue intersections versus six commercial corridors,sonnet,site
BKCB9,2023,c1a123284ccb@1cd6a7,2024,a370323c6314@811728,1.0,different,Nostrand-Empire corridor versus six commercial corridors,sonnet,site
BKCB9,2022,6c223945a975@70fdfc,2024,b2142ef1e73e@003325,1.0,different,different site: Washington Avenue to Montgomery Street versus Rogers Avenue at Lefferts Avenue,sonnet,site
BKCB9,2022,03ca1755017c@f513cd,2024,b2142ef1e73e@003325,1.0,different,different site: Winthrop Avenue to Troy Avenue versus Rogers Avenue at Lefferts Avenue,sonnet,site
BKCB9,2022,ccebd6623f3a@8f2b6a,2024,b2142ef1e73e@003325,1.0,different,different site: Parkside Avenue to Flatbush Avenue versus Rogers Avenue at Lefferts Avenue,sonnet,site
BKCB9,2023,b2142ef1e73e@0268f8,2024,b2142ef1e73e@003325,1.0,different,text names no place; location differs: Washington Avenue versus Rogers Avenue at Lefferts Avenue,sonnet,site
BKCB9,2023,b2142ef1e73e@c9ae85,2024,b2142ef1e73e@003325,1.0,different,different site: Winthrop/Troy versus Rogers/Lefferts,sonnet,site
BKCB9,2023,b2142ef1e73e@4bb209,2024,b2142ef1e73e@003325,1.0,different,different site: Parkside/Flatbush versus Rogers/Lefferts,sonnet,site
BKCB9,2022,0aa449c8b97e@82bbde,2024,b2142ef1e73e@0268f8,1.0,different,different site: Rogers Avenue to Lefferts Avenue versus Washington Avenue at Montgomery Street,sonnet,site
BKCB9,2022,03ca1755017c@f513cd,2024,b2142ef1e73e@0268f8,1.0,different,different site: Winthrop Avenue to Troy Avenue versus Washington Avenue at Montgomery Street,sonnet,site
BKCB9,2022,ccebd6623f3a@8f2b6a,2024,b2142ef1e73e@0268f8,1.0,different,different site: Parkside Avenue to Flatbush Avenue versus Washington Avenue at Montgomery Street,sonnet,site
BKCB9,2023,b2142ef1e73e@003325,2024,b2142ef1e73e@0268f8,1.0,different,different site: Rogers/Lefferts versus Washington/Montgomery,sonnet,site
BKCB9,2023,b2142ef1e73e@c9ae85,2024,b2142ef1e73e@0268f8,1.0,different,different site: Winthrop/Troy versus Washington/Montgomery,sonnet,site
BKCB9,2023,b2142ef1e73e@4bb209,2024,b2142ef1e73e@0268f8,1.0,different,different site: Parkside/Flatbush versus Washington/Montgomery,sonnet,site
BKCB9,2022,6c223945a975@70fdfc,2024,b2142ef1e73e@4bb209,1.0,different,different site: Washington Avenue to Montgomery Street versus Parkside Avenue at Flatbush Avenue,sonnet,site
BKCB9,2022,0aa449c8b97e@82bbde,2024,b2142ef1e73e@4bb209,1.0,different,different site: Rogers Avenue to Lefferts Avenue versus Parkside Avenue at Flatbush Avenue,sonnet,site
BKCB9,2022,03ca1755017c@f513cd,2024,b2142ef1e73e@4bb209,1.0,different,different site: Winthrop Avenue to Troy Avenue versus Parkside Avenue at Flatbush Avenue,sonnet,site
BKCB9,2023,b2142ef1e73e@0268f8,2024,b2142ef1e73e@4bb209,1.0,different,text names no place; location differs: Washington Avenue versus Parkside Avenue at Flatbush Avenue,sonnet,site
BKCB9,2023,b2142ef1e73e@003325,2024,b2142ef1e73e@4bb209,1.0,different,different site: Rogers/Lefferts versus Parkside/Flatbush,sonnet,site
BKCB9,2023,b2142ef1e73e@c9ae85,2024,b2142ef1e73e@4bb209,1.0,different,different site: Winthrop/Troy versus Parkside/Flatbush,sonnet,site
BKCB9,2022,6c223945a975@70fdfc,2024,b2142ef1e73e@c9ae85,1.0,different,different site: Washington Avenue to Montgomery Street versus Winthrop Avenue at Troy Avenue,sonnet,site
BKCB9,2022,0aa449c8b97e@82bbde,2024,b2142ef1e73e@c9ae85,1.0,different,different site: Rogers Avenue to Lefferts Avenue versus Winthrop Avenue at Troy Avenue,sonnet,site
BKCB9,2022,ccebd6623f3a@8f2b6a,2024,b2142ef1e73e@c9ae85,1.0,different,different site: Parkside Avenue to Flatbush Avenue versus Winthrop Avenue at Troy Avenue,sonnet,site
BKCB9,2023,b2142ef1e73e@0268f8,2024,b2142ef1e73e@c9ae85,1.0,different,text names no place; location differs: Washington Avenue versus Winthrop Avenue at Troy Avenue,sonnet,site
BKCB9,2023,b2142ef1e73e@003325,2024,b2142ef1e73e@c9ae85,1.0,different,different site: Rogers/Lefferts versus Winthrop/Troy,sonnet,site
BKCB9,2023,b2142ef1e73e@4bb209,2024,b2142ef1e73e@c9ae85,1.0,different,different site: Parkside/Flatbush versus Winthrop/Troy,sonnet,site
BKCB9,2023,885715e94f0f@97f53a,2024,c170412a33c8@68763a,1.0,different,district-wide receptacle request versus two intersections at Clarkson and Flatbush Avenues,sonnet,site
BKCB9,2023,c1a123284ccb@1cd6a7,2024,c170412a33c8@68763a,1.0,different,Nostrand-Empire corridor versus two Clarkson Avenue intersections,sonnet,site
BKCB9,2023,a370323c6314@811728,2024,c170412a33c8@68763a,1.0,different,six commercial corridors versus two Clarkson Avenue intersections,sonnet,site
BKCB9,2023,885715e94f0f@97f53a,2024,c1a123284ccb@be085f,1.0,different,district-wide receptacle request versus one commercial corridor at Nostrand Avenue and Empire Boulevard,sonnet,site
BKCB9,2023,c170412a33c8@f00340,2024,c1a123284ccb@be085f,1.0,different,Clarkson Avenue intersections versus Nostrand Avenue and Empire Boulevard corridor,sonnet,site
BKCB9,2023,a370323c6314@811728,2024,c1a123284ccb@be085f,1.0,different,six commercial corridors versus Nostrand-Empire corridor only,sonnet,site
BKCB9,2023,2ddd3eacfdfe,2024,d797818f0d08,0.905,same,"same CD 9 zoning study, apartment preservation focus added",sonnet,reworded
BKCB9,2022,8bd4ccdc0a13@863b03,2024,e11e95e9834b@83ec2f,1.0,different,different site: whole Empire Boulevard versus Brooklyn Avenue at Empire Boulevard,sonnet,site
BKCB9,2022,e231bcb6081e@55f4d2,2024,e11e95e9834b@83ec2f,1.0,different,different site: Kingston Avenue stretch versus Brooklyn Avenue at Empire Boulevard,sonnet,site
BKCB9,2023,bb4c4003ef96@863b03,2024,e11e95e9834b@83ec2f,1.0,different,Empire Boulevard street versus Brooklyn Avenue intersection; board lists each separately,sonnet,site
BKCB9,2023,bb4c4003ef96@bf0645,2024,e11e95e9834b@83ec2f,1.0,different,"different intersection: Kingston Avenue versus Brooklyn Avenue, both at Empire Boulevard",sonnet,site
BKCB9,2022,76bf970ac5f3@950b97,2024,e11e95e9834b@863b03,1.0,different,different site: Brooklyn Avenue to Winthrop Street stretch versus whole Empire Boulevard,sonnet,site
BKCB9,2022,e231bcb6081e@55f4d2,2024,e11e95e9834b@863b03,1.0,different,different site: Kingston Avenue stretch versus whole Empire Boulevard,sonnet,site
BKCB9,2023,bb4c4003ef96@83ec2f,2024,e11e95e9834b@863b03,1.0,different,Brooklyn Avenue intersection versus Empire Boulevard street; board lists each separately,sonnet,site
BKCB9,2023,bb4c4003ef96@bf0645,2024,e11e95e9834b@863b03,1.0,different,Kingston Avenue intersection versus Empire Boulevard street; board lists each separately,sonnet,site
BKCB9,2022,8bd4ccdc0a13@863b03,2024,e11e95e9834b@bf0645,1.0,different,different site: whole Empire Boulevard versus Kingston Avenue at Empire Boulevard,sonnet,site
BKCB9,2022,76bf970ac5f3@950b97,2024,e11e95e9834b@bf0645,1.0,different,different site: Brooklyn Avenue stretch versus Kingston Avenue at Empire Boulevard,sonnet,site
BKCB9,2023,bb4c4003ef96@863b03,2024,e11e95e9834b@bf0645,1.0,different,Empire Boulevard street versus Kingston Avenue intersection; board lists each separately,sonnet,site
BKCB9,2023,bb4c4003ef96@83ec2f,2024,e11e95e9834b@bf0645,1.0,different,"different intersection: Brooklyn Avenue versus Kingston Avenue, both at Empire Boulevard",sonnet,site
BKCB9,2023,ee3ff397fedc@0e64c6,2024,ee3ff397fedc@4bb209,1.0,different,different intersection: Winthrop/Flatbush versus Parkside/Flatbush,sonnet,site
BKCB9,2023,ee3ff397fedc@0f714f,2024,ee3ff397fedc@4bb209,1.0,different,different intersection: Ocean/Parkside versus Parkside/Flatbush,sonnet,site
BKCB9,2023,ee3ff397fedc@8f2b6a,2024,ee3ff397fedc@86487b,1.0,different,different intersection: Parkside/Flatbush versus Ocean/Parkside,sonnet,site
BKCB9,2023,ee3ff397fedc@0e64c6,2024,ee3ff397fedc@86487b,1.0,different,different intersection: Winthrop/Flatbush versus Ocean/Parkside,sonnet,site
BKCB9,2023,ee3ff397fedc@8f2b6a,2024,ee3ff397fedc@adb601,1.0,different,different intersection: Parkside/Flatbush versus Winthrop/Flatbush,sonnet,site
BKCB9,2023,ee3ff397fedc@0f714f,2024,ee3ff397fedc@adb601,1.0,different,different intersection: Ocean/Parkside versus Winthrop/Flatbush,sonnet,site
BKCB9,2023,2ddd3eacfdfe,2024,f71591ef08f2,0.335,different,zoning study versus rezoning moratorium,sonnet,reworded
BKCB9,2024,66972b5e76ee,2025,01058225d688,0.541,different,THEN community nutrition programming; NOW DOE school and community garden curriculum,sonnet,reworded
BKCB9,2023,1239351ddfac@8fb36d,2025,1239351ddfac@1358fc,1.0,different,different street: Flatbush Avenue versus Montgomery Street at Nostrand Avenue,sonnet,site
BKCB9,2024,959176e99b71@8fb36d,2025,1239351ddfac@1358fc,1.0,different,different street: Flatbush Avenue versus Montgomery Street at Nostrand Avenue,sonnet,site
BKCB9,2024,959176e99b71,2025,1d2b53f7b134,0.341,different,Flatbush Avenue extra pickup versus district-wide added collection days,sonnet,reworded
BKCB9,2024,7b85a0bf82a4,2025,1d2b53f7b134,0.339,same,Same request for more frequent sanitation collection in the district,sonnet,reworded
BKCB9,2024,f71591ef08f2,2025,1ef5b3043e5f,0.337,different,THEN rezoning moratorium; NOW environmental impact study of as-of-right development,sonnet,reworded
BKCB9,2023,21c993d6baf9@0aaa47,2025,21c993d6baf9@65e203,1.0,different,different street: Sterling Street versus Fenimore Street,sonnet,site
BKCB9,2023,21c993d6baf9@543d84,2025,21c993d6baf9@65e203,1.0,different,different street: Midwood Street versus Fenimore Street,sonnet,site
BKCB9,2024,21c993d6baf9@ce26bb,2025,21c993d6baf9@65e203,1.0,different,different street: Sterling Street versus Fenimore Street at Bedford Avenue,sonnet,site
BKCB9,2024,21c993d6baf9@e91f2f,2025,21c993d6baf9@65e203,1.0,different,different street: Midwood Street versus Fenimore Street at Bedford Avenue,sonnet,site
BKCB9,2023,21c993d6baf9@73a9dc,2025,21c993d6baf9@ce26bb,1.0,different,different street: Fenimore Street versus Sterling Street,sonnet,site
BKCB9,2023,21c993d6baf9@543d84,2025,21c993d6baf9@ce26bb,1.0,different,different street: Midwood Street versus Sterling Street,sonnet,site
BKCB9,2024,21c993d6baf9@65e203,2025,21c993d6baf9@ce26bb,1.0,different,different street: Fenimore Street versus Sterling Street at Bedford Avenue,sonnet,site
BKCB9,2024,21c993d6baf9@e91f2f,2025,21c993d6baf9@ce26bb,1.0,different,different street: Midwood Street versus Sterling Street at Bedford Avenue,sonnet,site
BKCB9,2023,21c993d6baf9@73a9dc,2025,21c993d6baf9@e91f2f,1.0,different,different street: Fenimore Street versus Midwood Street,sonnet,site
BKCB9,2023,21c993d6baf9@0aaa47,2025,21c993d6baf9@e91f2f,1.0,different,different street: Sterling Street versus Midwood Street,sonnet,site
BKCB9,2024,21c993d6baf9@65e203,2025,21c993d6baf9@e91f2f,1.0,different,different street: Fenimore Street versus Midwood Street at Bedford Avenue,sonnet,site
BKCB9,2024,21c993d6baf9@ce26bb,2025,21c993d6baf9@e91f2f,1.0,different,different street: Sterling Street versus Midwood Street at Bedford Avenue,sonnet,site
BKCB9,2023,21f76d66ef3e@1e9709,2025,21f76d66ef3e@1ea10f,1.0,different,text names no place; location differs: Rogers Avenue versus Bedford Avenue at Empire Boulevard,sonnet,site
BKCB9,2024,21f76d66ef3e@c4e705,2025,21f76d66ef3e@1ea10f,1.0,different,"different intersection: Rogers Avenue versus Bedford Avenue, both at Empire Boulevard",sonnet,site
BKCB9,2023,21f76d66ef3e@0c990e,2025,21f76d66ef3e@c4e705,1.0,different,text names no place; location differs: Bedford Avenue versus Rogers Avenue at Empire Boulevard,sonnet,site
BKCB9,2024,21f76d66ef3e@1ea10f,2025,21f76d66ef3e@c4e705,1.0,different,"different intersection: Bedford Avenue versus Rogers Avenue, both at Empire Boulevard",sonnet,site
BKCB9,2024,992b90dda5f2,2025,22a2cf6742e0,0.313,different,THEN preserves Summer Bridge online option; NOW expands general Summer Youth Employment Program,sonnet,reworded
BKCB9,2024,a798929d62c8,2025,25d425cab74d,0.789,same,"Same SBS ask to advertise small business recovery aid, now broader programming",sonnet,reworded
BKCB9,2024,00df0e34c096,2025,3a121d489b80,0.585,different,a corridor pest initiative versus a district rat mitigation zone,resolved,reworded
BKCB9,2023,5b1c7ed748ab,2025,3a121d489b80,0.345,different,Dearborn Court rat inspections versus district-wide rat mitigation zone,sonnet,reworded
BKCB9,2024,34ef0cfcc43d,2025,3ccd84b61b1a,0.316,different,school bus alternate-side enforcement versus overnight truck and RV parking enforcement,sonnet,reworded
BKCB9,2024,549790ca2d1d,2025,549790ca2d1d,0.808,same,same Brooklyn Avenue speeding enforcement measures,sonnet,reworded
BKCB9,2022,71b33f44e3c1@ae5f7a,2025,71b33f44e3c1@58c4c0,1.0,different,district-wide text names no place; location differs: Lefferts Avenue versus Lincoln Road,sonnet,site
BKCB9,2022,71b33f44e3c1@4e3a2d,2025,71b33f44e3c1@58c4c0,1.0,different,district-wide text names no place; location differs: Winthrop Street versus Lincoln Road,sonnet,site
BKCB9,2023,71b33f44e3c1@baf1ae,2025,71b33f44e3c1@58c4c0,1.0,different,district-wide text names no place; location differs: Lefferts Avenue versus Lincoln Road,sonnet,site
BKCB9,2023,71b33f44e3c1@bb8310,2025,71b33f44e3c1@58c4c0,1.0,different,district-wide text names no place; location differs: Winthrop Street versus Lincoln Road,sonnet,site
BKCB9,2024,813a402c301e@baf1ae,2025,71b33f44e3c1@58c4c0,1.0,different,"different site, text names no place: Lefferts Avenue versus Lincoln Road",sonnet,site
BKCB9,2024,813a402c301e@bb8310,2025,71b33f44e3c1@58c4c0,1.0,different,"different site, text names no place: Winthrop Street versus Lincoln Road",sonnet,site
BKCB9,2022,71b33f44e3c1@4e3a2d,2025,71b33f44e3c1@baf1ae,1.0,different,district-wide text names no place; location differs: Winthrop Street versus Lefferts Avenue,sonnet,site
BKCB9,2023,71b33f44e3c1@bb8310,2025,71b33f44e3c1@baf1ae,1.0,different,district-wide text names no place; location differs: Winthrop Street versus Lefferts Avenue,sonnet,site
BKCB9,2023,71b33f44e3c1@434fa9,2025,71b33f44e3c1@baf1ae,1.0,different,"different site, text names no place: Lincoln Road versus Lefferts Avenue",sonnet,site
BKCB9,2024,813a402c301e@bb8310,2025,71b33f44e3c1@baf1ae,1.0,different,"different site, text names no place: Winthrop Street versus Lefferts Avenue",sonnet,site
BKCB9,2024,813a402c301e@58c4c0,2025,71b33f44e3c1@baf1ae,1.0,different,"generic study text, location decides: Lincoln/Nostrand versus Lefferts/Bedford",sonnet,site
BKCB9,2022,71b33f44e3c1@ae5f7a,2025,71b33f44e3c1@bb8310,1.0,different,district-wide text names no place; location differs: Lefferts Avenue versus Winthrop Street,sonnet,site
BKCB9,2023,71b33f44e3c1@baf1ae,2025,71b33f44e3c1@bb8310,1.0,different,district-wide text names no place; location differs: Lefferts Avenue versus Winthrop Street,sonnet,site
BKCB9,2023,71b33f44e3c1@434fa9,2025,71b33f44e3c1@bb8310,1.0,different,"different site, text names no place: Lincoln Road versus Winthrop Street",sonnet,site
BKCB9,2024,813a402c301e@baf1ae,2025,71b33f44e3c1@bb8310,1.0,different,"different site, text names no place: Lefferts Avenue versus Winthrop Street",sonnet,site
BKCB9,2024,813a402c301e@58c4c0,2025,71b33f44e3c1@bb8310,1.0,different,"generic study text, location decides: Lincoln/Nostrand versus Winthrop Street/Troy",sonnet,site
BKCB9,2024,885715e94f0f,2025,722eafbfc955,0.522,same,"same trash receptacles along corridors, wire replacement dropped",sonnet,reworded
BKCB9,2024,e11e95e9834b@863b03,2025,7f21302ae0cb@-,0.964,same,same Empire Boulevard protected bike lane text; now has no location,sonnet,reworded
BKCB9,2024,e11e95e9834b@83ec2f,2025,7f21302ae0cb@83ec2f,0.975,same,same text at same Brooklyn Avenue and Empire Boulevard site,sonnet,reworded
BKCB9,2024,e11e95e9834b@bf0645,2025,7f21302ae0cb@bf0645,0.975,same,same text at same Kingston Avenue and Empire Boulevard site,sonnet,reworded
BKCB9,2024,1a782a117e63,2025,81702a635af5,0.897,same,same PEP officers at all CB9 parks,sonnet,reworded
BKCB9,2024,22aa094865dc,2025,884e8eaaebd0,0.434,different,Union Street lights versus district-wide street lighting,sonnet,reworded
BKCB9,2023,c170412a33c8@f00340,2025,885715e94f0f@97f53a,1.0,different,"two Clarkson Avenue intersections versus district-wide cans, other work",sonnet,site
BKCB9,2023,c1a123284ccb@1cd6a7,2025,885715e94f0f@97f53a,1.0,different,Nostrand-Empire corridor versus district-wide cans and receptacles,sonnet,site
BKCB9,2023,a370323c6314@811728,2025,885715e94f0f@97f53a,1.0,different,"six commercial corridors versus district-wide cans and receptacles, other type",sonnet,site
BKCB9,2024,c170412a33c8@68763a,2025,885715e94f0f@97f53a,1.0,different,two intersections at Clarkson/Flatbush versus district-wide trash cans and receptacles,sonnet,site
BKCB9,2024,c1a123284ccb@be085f,2025,885715e94f0f@97f53a,1.0,different,one Nostrand/Empire corridor versus district-wide trash cans and receptacles,sonnet,site
BKCB9,2024,a370323c6314@811728,2025,885715e94f0f@97f53a,1.0,different,six named commercial corridors versus separate district-wide capital line,sonnet,site
BKCB9,2023,8c1f53c23e39@1b4645,2025,8c1f53c23e39@a8bf60,1.0,different,different street: Union Street versus President Street,sonnet,site
BKCB9,2024,959176e99b71,2025,959176e99b71,0.881,same,same Flatbush Avenue additional trash pickup,sonnet,reworded
BKCB9,2024,228fd2cd20c3,2025,99191399f652,0.474,same,same dirty sidewalk enforcement request,sonnet,reworded
BKCB9,2023,994b5af931ca@5731a6,2025,994b5af931ca@1358fc,1.0,different,different site: Bedford Avenue at Winthrop Street versus Montgomery Street at Nostrand Avenue,sonnet,site
BKCB9,2024,9bab5c234133@3138c8,2025,994b5af931ca@1358fc,1.0,different,different street: Bedford/Winthrop Street versus Montgomery/Nostrand,sonnet,site
BKCB9,2024,9bab5c234133,2025,9bab5c234133,0.913,same,same Winthrop Street illegal dumping enforcement,sonnet,reworded
BKCB9,2023,885715e94f0f@97f53a,2025,a370323c6314@811728,1.0,different,the board lists District Wide and Commercial Districts as separate requests every year,resolved,site
BKCB9,2023,c170412a33c8@f00340,2025,a370323c6314@811728,1.0,different,two Clarkson Avenue intersections versus six commercial corridors,sonnet,site
BKCB9,2023,c1a123284ccb@1cd6a7,2025,a370323c6314@811728,1.0,different,Nostrand-Empire corridor versus six commercial corridors,sonnet,site
BKCB9,2024,885715e94f0f@97f53a,2025,a370323c6314@811728,1.0,different,district-wide cans and receptacles versus six commercial corridors,sonnet,site
BKCB9,2024,c170412a33c8@68763a,2025,a370323c6314@811728,1.0,different,two intersections at Clarkson/Flatbush versus six named commercial corridors,sonnet,site
BKCB9,2024,c1a123284ccb@be085f,2025,a370323c6314@811728,1.0,different,one Nostrand/Empire corridor versus six named commercial corridors,sonnet,site
BKCB9,2022,6c223945a975@70fdfc,2025,b2142ef1e73e@003325,1.0,different,different site: Washington Avenue to Montgomery Street versus Rogers Avenue at Lefferts Avenue,sonnet,site
BKCB9,2022,03ca1755017c@f513cd,2025,b2142ef1e73e@003325,1.0,different,different site: Winthrop Avenue to Troy Avenue versus Rogers Avenue at Lefferts Avenue,sonnet,site
BKCB9,2022,ccebd6623f3a@8f2b6a,2025,b2142ef1e73e@003325,1.0,different,different site: Parkside Avenue to Flatbush Avenue versus Rogers Avenue at Lefferts Avenue,sonnet,site
BKCB9,2023,b2142ef1e73e@0268f8,2025,b2142ef1e73e@003325,1.0,different,text names no place; location differs: Washington Avenue versus Rogers Avenue at Lefferts Avenue,sonnet,site
BKCB9,2023,b2142ef1e73e@c9ae85,2025,b2142ef1e73e@003325,1.0,different,different site: Winthrop/Troy versus Rogers/Lefferts,sonnet,site
BKCB9,2023,b2142ef1e73e@4bb209,2025,b2142ef1e73e@003325,1.0,different,different site: Parkside/Flatbush versus Rogers/Lefferts,sonnet,site
BKCB9,2024,b2142ef1e73e@0268f8,2025,b2142ef1e73e@003325,1.0,different,different site: Washington/Montgomery versus Rogers/Lefferts,sonnet,site
BKCB9,2024,b2142ef1e73e@c9ae85,2025,b2142ef1e73e@003325,1.0,different,different intersection: Winthrop/Troy versus Rogers/Lefferts,sonnet,site
BKCB9,2024,b2142ef1e73e@4bb209,2025,b2142ef1e73e@003325,1.0,different,different intersection: Parkside/Flatbush versus Rogers/Lefferts,sonnet,site
BKCB9,2022,0aa449c8b97e@82bbde,2025,b2142ef1e73e@0268f8,1.0,different,different site: Rogers Avenue to Lefferts Avenue versus Washington Avenue at Montgomery Street,sonnet,site
BKCB9,2022,03ca1755017c@f513cd,2025,b2142ef1e73e@0268f8,1.0,different,different site: Winthrop Avenue to Troy Avenue versus Washington Avenue at Montgomery Street,sonnet,site
BKCB9,2022,ccebd6623f3a@8f2b6a,2025,b2142ef1e73e@0268f8,1.0,different,different site: Parkside Avenue to Flatbush Avenue versus Washington Avenue at Montgomery Street,sonnet,site
BKCB9,2023,b2142ef1e73e@003325,2025,b2142ef1e73e@0268f8,1.0,different,different site: Rogers/Lefferts versus Washington/Montgomery,sonnet,site
BKCB9,2023,b2142ef1e73e@c9ae85,2025,b2142ef1e73e@0268f8,1.0,different,different site: Winthrop/Troy versus Washington/Montgomery,sonnet,site
BKCB9,2023,b2142ef1e73e@4bb209,2025,b2142ef1e73e@0268f8,1.0,different,different site: Parkside/Flatbush versus Washington/Montgomery,sonnet,site
BKCB9,2024,b2142ef1e73e@003325,2025,b2142ef1e73e@0268f8,1.0,different,different intersection: Rogers/Lefferts versus Washington/Montgomery,sonnet,site
BKCB9,2024,b2142ef1e73e@c9ae85,2025,b2142ef1e73e@0268f8,1.0,different,different intersection: Winthrop/Troy versus Washington/Montgomery,sonnet,site
BKCB9,2024,b2142ef1e73e@4bb209,2025,b2142ef1e73e@0268f8,1.0,different,different intersection: Parkside/Flatbush versus Washington/Montgomery,sonnet,site
BKCB9,2022,6c223945a975@70fdfc,2025,b2142ef1e73e@4bb209,1.0,different,different site: Washington Avenue to Montgomery Street versus Parkside Avenue at Flatbush Avenue,sonnet,site
BKCB9,2022,0aa449c8b97e@82bbde,2025,b2142ef1e73e@4bb209,1.0,different,different site: Rogers Avenue to Lefferts Avenue versus Parkside Avenue at Flatbush Avenue,sonnet,site
BKCB9,2022,03ca1755017c@f513cd,2025,b2142ef1e73e@4bb209,1.0,different,different site: Winthrop Avenue to Troy Avenue versus Parkside Avenue at Flatbush Avenue,sonnet,site
BKCB9,2023,b2142ef1e73e@0268f8,2025,b2142ef1e73e@4bb209,1.0,different,text names no place; location differs: Washington Avenue versus Parkside Avenue at Flatbush Avenue,sonnet,site
BKCB9,2023,b2142ef1e73e@003325,2025,b2142ef1e73e@4bb209,1.0,different,different site: Rogers/Lefferts versus Parkside/Flatbush,sonnet,site
BKCB9,2023,b2142ef1e73e@c9ae85,2025,b2142ef1e73e@4bb209,1.0,different,different site: Winthrop/Troy versus Parkside/Flatbush,sonnet,site
BKCB9,2024,b2142ef1e73e@0268f8,2025,b2142ef1e73e@4bb209,1.0,different,different site: Washington/Montgomery versus Parkside/Flatbush,sonnet,site
BKCB9,2024,b2142ef1e73e@003325,2025,b2142ef1e73e@4bb209,1.0,different,different intersection: Rogers/Lefferts versus Parkside/Flatbush,sonnet,site
BKCB9,2024,b2142ef1e73e@c9ae85,2025,b2142ef1e73e@4bb209,1.0,different,different intersection: Winthrop/Troy versus Parkside/Flatbush,sonnet,site
BKCB9,2022,6c223945a975@70fdfc,2025,b2142ef1e73e@c9ae85,1.0,different,different site: Washington Avenue to Montgomery Street versus Winthrop Avenue at Troy Avenue,sonnet,site
BKCB9,2022,0aa449c8b97e@82bbde,2025,b2142ef1e73e@c9ae85,1.0,different,different site: Rogers Avenue to Lefferts Avenue versus Winthrop Avenue at Troy Avenue,sonnet,site
BKCB9,2022,ccebd6623f3a@8f2b6a,2025,b2142ef1e73e@c9ae85,1.0,different,different site: Parkside Avenue to Flatbush Avenue versus Winthrop Avenue at Troy Avenue,sonnet,site
BKCB9,2023,b2142ef1e73e@0268f8,2025,b2142ef1e73e@c9ae85,1.0,different,text names no place; location differs: Washington Avenue versus Winthrop Avenue at Troy Avenue,sonnet,site
BKCB9,2023,b2142ef1e73e@003325,2025,b2142ef1e73e@c9ae85,1.0,different,different site: Rogers/Lefferts versus Winthrop/Troy,sonnet,site
BKCB9,2023,b2142ef1e73e@4bb209,2025,b2142ef1e73e@c9ae85,1.0,different,different site: Parkside/Flatbush versus Winthrop/Troy,sonnet,site
BKCB9,2024,b2142ef1e73e@0268f8,2025,b2142ef1e73e@c9ae85,1.0,different,different site: Washington/Montgomery versus Winthrop/Troy,sonnet,site
BKCB9,2024,b2142ef1e73e@003325,2025,b2142ef1e73e@c9ae85,1.0,different,different intersection: Rogers/Lefferts versus Winthrop/Troy,sonnet,site
BKCB9,2024,b2142ef1e73e@4bb209,2025,b2142ef1e73e@c9ae85,1.0,different,different intersection: Parkside/Flatbush versus Winthrop/Troy,sonnet,site
BKCB9,2023,885715e94f0f@97f53a,2025,c170412a33c8@68763a,1.0,different,district-wide receptacle request versus two intersections at Clarkson and Flatbush Avenues,sonnet,site
BKCB9,2023,c1a123284ccb@1cd6a7,2025,c170412a33c8@68763a,1.0,different,Nostrand-Empire corridor versus two Clarkson Avenue intersections,sonnet,site
BKCB9,2023,a370323c6314@811728,2025,c170412a33c8@68763a,1.0,different,six commercial corridors versus two Clarkson Avenue intersections,sonnet,site
BKCB9,2024,885715e94f0f@97f53a,2025,c170412a33c8@68763a,1.0,different,district-wide cans and receptacles versus two Clarkson Avenue intersections,sonnet,site
BKCB9,2024,c1a123284ccb@be085f,2025,c170412a33c8@68763a,1.0,different,different site: Nostrand/Empire corridor versus Clarkson/Flatbush intersections,sonnet,site
BKCB9,2024,a370323c6314@811728,2025,c170412a33c8@68763a,1.0,different,six named commercial corridors versus two intersections at Clarkson/Flatbush,sonnet,site
BKCB9,2023,885715e94f0f@97f53a,2025,c1a123284ccb@be085f,1.0,different,district-wide receptacle request versus one commercial corridor at Nostrand Avenue and Empire Boulevard,sonnet,site
BKCB9,2023,c170412a33c8@f00340,2025,c1a123284ccb@be085f,1.0,different,Clarkson Avenue intersections versus Nostrand Avenue and Empire Boulevard corridor,sonnet,site
BKCB9,2023,a370323c6314@811728,2025,c1a123284ccb@be085f,1.0,different,six commercial corridors versus Nostrand-Empire corridor only,sonnet,site
BKCB9,2024,885715e94f0f@97f53a,2025,c1a123284ccb@be085f,1.0,different,district-wide cans and receptacles versus Nostrand-Empire corridor only,sonnet,site
BKCB9,2024,c170412a33c8@68763a,2025,c1a123284ccb@be085f,1.0,different,different site: Clarkson/Flatbush versus Nostrand/Empire corridor,sonnet,site
BKCB9,2024,a370323c6314@811728,2025,c1a123284ccb@be085f,1.0,different,six named commercial corridors versus one Nostrand/Empire corridor,sonnet,site
BKCB9,2024,d7d853dc520e,2025,d7d853dc520e,0.794,same,"same Rogers Avenue speeding enforcement request, identical text",sonnet,reworded
BKCB9,2024,47f1b99eb696,2025,d9b74dcb9f31,0.318,unsure,more inspectors versus zoning education and enforcement,resolved,reworded
BKCB9,2024,00df0e34c096,2025,e694a067482f,0.85,same,"same business corridor rat control initiative; agency changed, rat zone added",sonnet,reworded
BKCB9,2024,e11e95e9834b@863b03,2025,ea3be9d7c145,0.507,different,then is protected lanes and loading zones on Empire; now is new connecting lanes,sonnet,reworded
BKCB9,2023,ee3ff397fedc@0e64c6,2025,ee3ff397fedc@4bb209,1.0,different,different intersection: Winthrop/Flatbush versus Parkside/Flatbush,sonnet,site
BKCB9,2023,ee3ff397fedc@0f714f,2025,ee3ff397fedc@4bb209,1.0,different,different intersection: Ocean/Parkside versus Parkside/Flatbush,sonnet,site
BKCB9,2024,ee3ff397fedc@adb601,2025,ee3ff397fedc@4bb209,1.0,different,different intersection: Winthrop Street/Flatbush versus Parkside/Flatbush,sonnet,site
BKCB9,2024,ee3ff397fedc@86487b,2025,ee3ff397fedc@4bb209,1.0,different,different intersection: Ocean/Parkside versus Parkside/Flatbush,sonnet,site
BKCB9,2023,ee3ff397fedc@8f2b6a,2025,ee3ff397fedc@86487b,1.0,different,different intersection: Parkside/Flatbush versus Ocean/Parkside,sonnet,site
BKCB9,2023,ee3ff397fedc@0e64c6,2025,ee3ff397fedc@86487b,1.0,different,different intersection: Winthrop/Flatbush versus Ocean/Parkside,sonnet,site
BKCB9,2024,ee3ff397fedc@4bb209,2025,ee3ff397fedc@86487b,1.0,different,different intersection: Parkside/Flatbush versus Ocean/Parkside,sonnet,site
BKCB9,2024,ee3ff397fedc@adb601,2025,ee3ff397fedc@86487b,1.0,different,different intersection: Winthrop Street/Flatbush versus Ocean/Parkside,sonnet,site
BKCB9,2023,ee3ff397fedc@8f2b6a,2025,ee3ff397fedc@adb601,1.0,different,different intersection: Parkside/Flatbush versus Winthrop/Flatbush,sonnet,site
BKCB9,2023,ee3ff397fedc@0f714f,2025,ee3ff397fedc@adb601,1.0,different,different intersection: Ocean/Parkside versus Winthrop/Flatbush,sonnet,site
BKCB9,2024,ee3ff397fedc@4bb209,2025,ee3ff397fedc@adb601,1.0,different,different intersection: Parkside/Flatbush versus Winthrop Street/Flatbush,sonnet,site
BKCB9,2024,ee3ff397fedc@86487b,2025,ee3ff397fedc@adb601,1.0,different,different intersection: Ocean/Parkside versus Winthrop Street/Flatbush,sonnet,site
BKCB9,2023,1c4f9d168b9f,2025,f340390298da,0.366,different,71st Precinct parking facility versus precinct presence and relations,sonnet,reworded
BKCB9,2024,5ac9340e7d20,2025,f340390298da,0.347,different,THEN tow trucks for abandoned cars; NOW community relations and presence at 71st Precinct,sonnet,reworded
BKCB9,2025,35abb73e2c49,2026,006a7d1b0ca8,0.388,same,Same ADA accessibility work at Franklin Av-Medgar Evers College station,sonnet,reworded
BKCB9,2023,994b5af931ca@ae9df6,2026,07bf47f6701d,1.0,different,different site: Montgomery Street versus Bedford Avenue at Winthrop Street,sonnet,site
BKCB9,2024,994b5af931ca@1358fc,2026,07bf47f6701d,1.0,different,different street: Montgomery/Nostrand versus Bedford/Winthrop Street,sonnet,site
BKCB9,2025,994b5af931ca@1358fc,2026,07bf47f6701d,1.0,different,different street: Montgomery/Nostrand versus Bedford/Winthrop Street,sonnet,site
BKCB9,2022,6c223945a975@70fdfc,2026,09e950aa42c3,1.0,different,different site: Washington Avenue to Montgomery Street versus Parkside Avenue at Flatbush Avenue,sonnet,site
BKCB9,2022,0aa449c8b97e@82bbde,2026,09e950aa42c3,1.0,different,different site: Rogers Avenue to Lefferts Avenue versus Parkside Avenue at Flatbush Avenue,sonnet,site
BKCB9,2022,03ca1755017c@f513cd,2026,09e950aa42c3,1.0,different,different site: Winthrop Avenue to Troy Avenue versus Parkside Avenue at Flatbush Avenue,sonnet,site
BKCB9,2023,b2142ef1e73e@0268f8,2026,09e950aa42c3,1.0,different,different site: Washington/Montgomery versus Parkside/Flatbush,sonnet,site
BKCB9,2023,b2142ef1e73e@003325,2026,09e950aa42c3,1.0,different,different site: Rogers/Lefferts versus Parkside/Flatbush,sonnet,site
BKCB9,2023,b2142ef1e73e@c9ae85,2026,09e950aa42c3,1.0,different,different site: Winthrop/Troy versus Parkside/Flatbush,sonnet,site
BKCB9,2024,b2142ef1e73e@0268f8,2026,09e950aa42c3,1.0,different,different site: Washington/Montgomery versus Parkside/Flatbush,sonnet,site
BKCB9,2024,b2142ef1e73e@003325,2026,09e950aa42c3,1.0,different,different intersection: Rogers/Lefferts versus Parkside/Flatbush,sonnet,site
BKCB9,2024,b2142ef1e73e@c9ae85,2026,09e950aa42c3,1.0,different,different intersection: Winthrop/Troy versus Parkside/Flatbush,sonnet,site
BKCB9,2025,b2142ef1e73e@0268f8,2026,09e950aa42c3,1.0,different,different intersection: Washington/Montgomery versus Parkside/Flatbush,sonnet,site
BKCB9,2025,b2142ef1e73e@003325,2026,09e950aa42c3,1.0,different,different intersection: Rogers/Lefferts versus Parkside/Flatbush,sonnet,site
BKCB9,2025,b2142ef1e73e@c9ae85,2026,09e950aa42c3,1.0,different,different intersection: Winthrop Avenue/Troy versus Parkside/Flatbush,sonnet,site
BKCB9,2023,994b5af931ca@5731a6,2026,0ebf6c5f20b0,1.0,different,different site: Bedford Avenue at Winthrop Street versus Montgomery Street at Nostrand Avenue,sonnet,site
BKCB9,2024,9bab5c234133@3138c8,2026,0ebf6c5f20b0,1.0,different,different street: Bedford/Winthrop Street versus Montgomery/Nostrand,sonnet,site
BKCB9,2023,c1a123284ccb@1cd6a7,2026,126474813055,1.0,different,Nostrand-Empire corridor versus two Clarkson Avenue intersections,sonnet,site
BKCB9,2023,a370323c6314@811728,2026,126474813055,1.0,different,six commercial corridors versus two Clarkson Avenue intersections,sonnet,site
BKCB9,2024,c1a123284ccb@be085f,2026,126474813055,1.0,different,different site: Nostrand/Empire corridor versus Clarkson/Flatbush intersections,sonnet,site
BKCB9,2024,a370323c6314@811728,2026,126474813055,1.0,different,six named commercial corridors versus two intersections at Clarkson/Flatbush,sonnet,site
BKCB9,2025,c1a123284ccb@be085f,2026,126474813055,1.0,different,different site: Nostrand/Empire corridor versus Clarkson/Flatbush intersections,sonnet,site
BKCB9,2025,a370323c6314@811728,2026,126474813055,1.0,different,six named commercial corridors versus two intersections at Clarkson/Flatbush,sonnet,site
BKCB9,2023,21c993d6baf9@73a9dc,2026,1364fbfc3307,1.0,different,different street: Fenimore Street versus Midwood Street,sonnet,site
BKCB9,2023,21c993d6baf9@0aaa47,2026,1364fbfc3307,1.0,different,different street: Sterling Street versus Midwood Street,sonnet,site
BKCB9,2024,21c993d6baf9@65e203,2026,1364fbfc3307,1.0,different,different street: Fenimore Street versus Midwood Street at Bedford Avenue,sonnet,site
BKCB9,2024,21c993d6baf9@ce26bb,2026,1364fbfc3307,1.0,different,different street: Sterling Street versus Midwood Street at Bedford Avenue,sonnet,site
BKCB9,2025,21c993d6baf9@65e203,2026,1364fbfc3307,1.0,different,different street: Fenimore Street versus Midwood Street at Bedford Avenue,sonnet,site
BKCB9,2025,21c993d6baf9@ce26bb,2026,1364fbfc3307,1.0,different,different street: Sterling Street versus Midwood Street at Bedford Avenue,sonnet,site
BKCB9,2022,71b33f44e3c1@ae5f7a,2026,13c05a60048b,1.0,different,district-wide text names no place; location differs: Lefferts Avenue versus Lincoln Road,sonnet,site
BKCB9,2022,71b33f44e3c1@4e3a2d,2026,13c05a60048b,1.0,different,district-wide text names no place; location differs: Winthrop Street versus Lincoln Road,sonnet,site
BKCB9,2023,71b33f44e3c1@baf1ae,2026,13c05a60048b,1.0,different,district-wide text names no place; location differs: Lefferts Avenue versus Lincoln Road,sonnet,site
BKCB9,2023,71b33f44e3c1@bb8310,2026,13c05a60048b,1.0,different,district-wide text names no place; location differs: Winthrop Street versus Lincoln Road,sonnet,site
BKCB9,2024,813a402c301e@baf1ae,2026,13c05a60048b,1.0,different,"different site, text names no place: Lefferts Avenue versus Lincoln Road",sonnet,site
BKCB9,2024,813a402c301e@bb8310,2026,13c05a60048b,1.0,different,"different site, text names no place: Winthrop Street versus Lincoln Road",sonnet,site
BKCB9,2025,71b33f44e3c1@baf1ae,2026,13c05a60048b,1.0,different,"generic study text, location decides: Lefferts/Bedford versus Lincoln Road/Nostrand",sonnet,site
BKCB9,2025,71b33f44e3c1@bb8310,2026,13c05a60048b,1.0,different,"generic study text, location decides: Winthrop Street/Troy versus Lincoln Road/Nostrand",sonnet,site
BKCB9,2022,8bd4ccdc0a13@863b03,2026,1bf0bf64f9f2,1.0,different,different site: whole Empire Boulevard versus Brooklyn Avenue at Empire Boulevard,sonnet,site
BKCB9,2022,e231bcb6081e@55f4d2,2026,1bf0bf64f9f2,1.0,different,different site: Kingston Avenue stretch versus Brooklyn Avenue at Empire Boulevard,sonnet,site
BKCB9,2023,bb4c4003ef96@863b03,2026,1bf0bf64f9f2,1.0,different,Empire Boulevard street versus Brooklyn Avenue intersection; board lists each separately,sonnet,site
BKCB9,2023,bb4c4003ef96@bf0645,2026,1bf0bf64f9f2,1.0,different,"different intersection: Kingston Avenue versus Brooklyn Avenue, both at Empire Boulevard",sonnet,site
BKCB9,2024,e11e95e9834b@863b03,2026,1bf0bf64f9f2,1.0,different,"Empire Boulevard line versus Brooklyn Avenue intersection line, same paragraph sent per site",sonnet,site
BKCB9,2024,e11e95e9834b@bf0645,2026,1bf0bf64f9f2,1.0,different,different intersection on Empire Boulevard: Kingston Avenue versus Brooklyn Avenue,sonnet,site
BKCB9,2025,7f21302ae0cb@83ec2f,2026,1bf0bf64f9f2,0.974,same,"same text and same Brooklyn Avenue site, now given in a Location line",sonnet,reworded
BKCB9,2023,c170412a33c8@f00340,2026,23e27c06ce2e,1.0,different,two Clarkson Avenue intersections versus six commercial corridors,sonnet,site
BKCB9,2023,c1a123284ccb@1cd6a7,2026,23e27c06ce2e,1.0,different,Nostrand-Empire corridor versus six commercial corridors,sonnet,site
BKCB9,2024,c170412a33c8@68763a,2026,23e27c06ce2e,1.0,different,two intersections at Clarkson/Flatbush versus six named commercial corridors,sonnet,site
BKCB9,2024,c1a123284ccb@be085f,2026,23e27c06ce2e,1.0,different,one Nostrand/Empire corridor versus six named commercial corridors,sonnet,site
BKCB9,2025,c170412a33c8@68763a,2026,23e27c06ce2e,1.0,different,two intersections at Clarkson/Flatbush versus six named commercial corridors,sonnet,site
BKCB9,2025,c1a123284ccb@be085f,2026,23e27c06ce2e,1.0,different,one Nostrand/Empire corridor versus six named commercial corridors,sonnet,site
BKCB9,2023,1239351ddfac@ae9df6,2026,27986a012ca4,1.0,different,different street: Montgomery Street versus Flatbush Avenue,sonnet,site
BKCB9,2024,1239351ddfac@1358fc,2026,27986a012ca4,1.0,different,different street: Montgomery Street at Nostrand Avenue versus Flatbush Avenue,sonnet,site
BKCB9,2025,1239351ddfac@1358fc,2026,27986a012ca4,1.0,different,different street: Montgomery Street at Nostrand Avenue versus Flatbush Avenue,sonnet,site
BKCB9,2022,6c223945a975@70fdfc,2026,2cc475d343d3,1.0,different,different site: Washington Avenue to Montgomery Street versus Rogers Avenue at Lefferts Avenue,sonnet,site
BKCB9,2022,03ca1755017c@f513cd,2026,2cc475d343d3,1.0,different,different site: Winthrop Avenue to Troy Avenue versus Rogers Avenue at Lefferts Avenue,sonnet,site
BKCB9,2022,ccebd6623f3a@8f2b6a,2026,2cc475d343d3,1.0,different,different site: Parkside Avenue to Flatbush Avenue versus Rogers Avenue at Lefferts Avenue,sonnet,site
BKCB9,2023,b2142ef1e73e@0268f8,2026,2cc475d343d3,1.0,different,different site: Washington/Montgomery versus Rogers/Lefferts,sonnet,site
BKCB9,2023,b2142ef1e73e@c9ae85,2026,2cc475d343d3,1.0,different,different site: Winthrop/Troy versus Rogers/Lefferts,sonnet,site
BKCB9,2023,b2142ef1e73e@4bb209,2026,2cc475d343d3,1.0,different,different site: Parkside/Flatbush versus Rogers/Lefferts,sonnet,site
BKCB9,2024,b2142ef1e73e@0268f8,2026,2cc475d343d3,1.0,different,different site: Washington/Montgomery versus Rogers/Lefferts,sonnet,site
BKCB9,2024,b2142ef1e73e@c9ae85,2026,2cc475d343d3,1.0,different,different intersection: Winthrop/Troy versus Rogers/Lefferts,sonnet,site
BKCB9,2024,b2142ef1e73e@4bb209,2026,2cc475d343d3,1.0,different,different intersection: Parkside/Flatbush versus Rogers/Lefferts,sonnet,site
BKCB9,2025,b2142ef1e73e@0268f8,2026,2cc475d343d3,1.0,different,different intersection: Washington/Montgomery versus Rogers/Lefferts,sonnet,site
BKCB9,2025,b2142ef1e73e@c9ae85,2026,2cc475d343d3,1.0,different,different intersection: Winthrop Avenue/Troy versus Rogers/Lefferts,sonnet,site
BKCB9,2025,b2142ef1e73e@4bb209,2026,2cc475d343d3,1.0,different,different intersection: Parkside/Flatbush versus Rogers/Lefferts,sonnet,site
BKCB9,2025,81702a635af5,2026,36e2a06423c7,0.878,same,same PEP officers at all CB9 parks,sonnet,reworded
BKCB9,2025,fb40f5098f3e,2026,3e08090050d7,0.923,same,"Same micro-mobility lanes request, identical text",sonnet,reworded
BKCB9,2023,21f76d66ef3e@0c990e,2026,4387e096978f,1.0,different,text names no place; location differs: Bedford Avenue versus Rogers Avenue at Empire Boulevard,sonnet,site
BKCB9,2024,21f76d66ef3e@1ea10f,2026,4387e096978f,1.0,different,"different intersection: Bedford Avenue versus Rogers Avenue, both at Empire Boulevard",sonnet,site
BKCB9,2025,21f76d66ef3e@1ea10f,2026,4387e096978f,1.0,different,different intersection on Empire Boulevard: Bedford Avenue versus Rogers Avenue,sonnet,site
BKCB9,2023,8c1f53c23e39@1b4645,2026,52ed0ef01c64,1.0,different,different street: Union Street versus President Street,sonnet,site
BKCB9,2022,0aa449c8b97e@82bbde,2026,53f9ce5a5bb2,1.0,different,different site: Rogers Avenue to Lefferts Avenue versus Washington Avenue at Montgomery Street,sonnet,site
BKCB9,2022,03ca1755017c@f513cd,2026,53f9ce5a5bb2,1.0,different,different site: Winthrop Avenue to Troy Avenue versus Washington Avenue at Montgomery Street,sonnet,site
BKCB9,2022,ccebd6623f3a@8f2b6a,2026,53f9ce5a5bb2,1.0,different,different site: Parkside Avenue to Flatbush Avenue versus Washington Avenue at Montgomery Street,sonnet,site
BKCB9,2023,b2142ef1e73e@003325,2026,53f9ce5a5bb2,1.0,different,different site: Rogers/Lefferts versus Washington/Montgomery,sonnet,site
BKCB9,2023,b2142ef1e73e@c9ae85,2026,53f9ce5a5bb2,1.0,different,different site: Winthrop/Troy versus Washington/Montgomery,sonnet,site
BKCB9,2023,b2142ef1e73e@4bb209,2026,53f9ce5a5bb2,1.0,different,different site: Parkside/Flatbush versus Washington/Montgomery,sonnet,site
BKCB9,2024,b2142ef1e73e@003325,2026,53f9ce5a5bb2,1.0,different,different intersection: Rogers/Lefferts versus Washington/Montgomery,sonnet,site
BKCB9,2024,b2142ef1e73e@c9ae85,2026,53f9ce5a5bb2,1.0,different,different intersection: Winthrop/Troy versus Washington/Montgomery,sonnet,site
BKCB9,2024,b2142ef1e73e@4bb209,2026,53f9ce5a5bb2,1.0,different,different intersection: Parkside/Flatbush versus Washington/Montgomery,sonnet,site
BKCB9,2025,b2142ef1e73e@003325,2026,53f9ce5a5bb2,1.0,different,different intersection: Rogers/Lefferts versus Washington/Montgomery,sonnet,site
BKCB9,2025,b2142ef1e73e@c9ae85,2026,53f9ce5a5bb2,1.0,different,different intersection: Winthrop Avenue/Troy versus Washington/Montgomery,sonnet,site
BKCB9,2025,b2142ef1e73e@4bb209,2026,53f9ce5a5bb2,1.0,different,different intersection: Parkside/Flatbush versus Washington/Montgomery,sonnet,site
BKCB9,2023,ee3ff397fedc@8f2b6a,2026,54962757fe43,1.0,different,different intersection: Parkside/Flatbush versus Ocean/Parkside,sonnet,site
BKCB9,2023,ee3ff397fedc@0e64c6,2026,54962757fe43,1.0,different,different intersection: Winthrop/Flatbush versus Ocean/Parkside,sonnet,site
BKCB9,2024,ee3ff397fedc@4bb209,2026,54962757fe43,1.0,different,different intersection: Parkside/Flatbush versus Ocean/Parkside,sonnet,site
BKCB9,2024,ee3ff397fedc@adb601,2026,54962757fe43,1.0,different,different intersection: Winthrop Street/Flatbush versus Ocean/Parkside,sonnet,site
BKCB9,2025,ee3ff397fedc@4bb209,2026,54962757fe43,1.0,different,different intersection: Parkside/Flatbush versus Ocean/Parkside,sonnet,site
BKCB9,2025,ee3ff397fedc@adb601,2026,54962757fe43,1.0,different,different intersection: Winthrop Street/Flatbush versus Ocean/Parkside,sonnet,site
BKCB9,2025,d131fddd3aee,2026,68cd03bbbdf8,0.918,same,Same traffic safety and commercial loading zone text,sonnet,reworded
BKCB9,2023,c170412a33c8@f00340,2026,7071b2a4d8ec,1.0,different,Clarkson Avenue intersections versus Nostrand Avenue and Empire Boulevard corridor,sonnet,site
BKCB9,2023,a370323c6314@811728,2026,7071b2a4d8ec,1.0,different,six commercial corridors versus Nostrand-Empire corridor only,sonnet,site
BKCB9,2024,c170412a33c8@68763a,2026,7071b2a4d8ec,1.0,different,different site: Clarkson/Flatbush versus Nostrand/Empire corridor,sonnet,site
BKCB9,2024,a370323c6314@811728,2026,7071b2a4d8ec,1.0,different,six named commercial corridors versus one Nostrand/Empire corridor,sonnet,site
BKCB9,2025,c170412a33c8@68763a,2026,7071b2a4d8ec,1.0,different,different site: Clarkson/Flatbush versus Nostrand/Empire corridor,sonnet,site
BKCB9,2025,a370323c6314@811728,2026,7071b2a4d8ec,1.0,different,six named commercial corridors versus one Nostrand/Empire corridor,sonnet,site
BKCB9,2022,6c223945a975@70fdfc,2026,76d723b74762,1.0,different,different site: Washington Avenue to Montgomery Street versus Winthrop Avenue at Troy Avenue,sonnet,site
BKCB9,2022,0aa449c8b97e@82bbde,2026,76d723b74762,1.0,different,different site: Rogers Avenue to Lefferts Avenue versus Winthrop Avenue at Troy Avenue,sonnet,site
BKCB9,2022,ccebd6623f3a@8f2b6a,2026,76d723b74762,1.0,different,different site: Parkside Avenue to Flatbush Avenue versus Winthrop Avenue at Troy Avenue,sonnet,site
BKCB9,2023,b2142ef1e73e@0268f8,2026,76d723b74762,1.0,different,different site: Washington/Montgomery versus Winthrop/Troy,sonnet,site
BKCB9,2023,b2142ef1e73e@003325,2026,76d723b74762,1.0,different,different site: Rogers/Lefferts versus Winthrop/Troy,sonnet,site
BKCB9,2023,b2142ef1e73e@4bb209,2026,76d723b74762,1.0,different,different site: Parkside/Flatbush versus Winthrop/Troy,sonnet,site
BKCB9,2024,b2142ef1e73e@0268f8,2026,76d723b74762,1.0,different,different site: Washington/Montgomery versus Winthrop/Troy,sonnet,site
BKCB9,2024,b2142ef1e73e@003325,2026,76d723b74762,1.0,different,different intersection: Rogers/Lefferts versus Winthrop/Troy,sonnet,site
BKCB9,2024,b2142ef1e73e@4bb209,2026,76d723b74762,1.0,different,different intersection: Parkside/Flatbush versus Winthrop/Troy,sonnet,site
BKCB9,2025,b2142ef1e73e@0268f8,2026,76d723b74762,1.0,different,different intersection: Washington/Montgomery versus Winthrop Avenue/Troy,sonnet,site
BKCB9,2025,b2142ef1e73e@003325,2026,76d723b74762,1.0,different,different intersection: Rogers/Lefferts versus Winthrop Avenue/Troy,sonnet,site
BKCB9,2025,b2142ef1e73e@4bb209,2026,76d723b74762,1.0,different,different intersection: Parkside/Flatbush versus Winthrop Avenue/Troy,sonnet,site
BKCB9,2022,8bd4ccdc0a13@863b03,2026,85beb715b946,1.0,different,different site: whole Empire Boulevard versus Kingston Avenue at Empire Boulevard,sonnet,site
BKCB9,2022,76bf970ac5f3@950b97,2026,85beb715b946,1.0,different,different site: Brooklyn Avenue stretch versus Kingston Avenue at Empire Boulevard,sonnet,site
BKCB9,2023,bb4c4003ef96@863b03,2026,85beb715b946,1.0,different,Empire Boulevard street versus Kingston Avenue intersection; board lists each separately,sonnet,site
BKCB9,2023,bb4c4003ef96@83ec2f,2026,85beb715b946,1.0,different,"different intersection: Brooklyn Avenue versus Kingston Avenue, both at Empire Boulevard",sonnet,site
BKCB9,2024,e11e95e9834b@863b03,2026,85beb715b946,1.0,different,"Empire Boulevard line versus Kingston Avenue intersection line, same paragraph sent per site",sonnet,site
BKCB9,2024,e11e95e9834b@83ec2f,2026,85beb715b946,1.0,different,different intersection on Empire Boulevard: Brooklyn Avenue versus Kingston Avenue,sonnet,site
BKCB9,2025,7f21302ae0cb@bf0645,2026,85beb715b946,0.974,same,"same text and same Kingston Avenue site, now given in a Location line",sonnet,reworded
BKCB9,2022,71b33f44e3c1@4e3a2d,2026,897064e32807,1.0,different,district-wide text names no place; location differs: Winthrop Street versus Lefferts Avenue,sonnet,site
BKCB9,2023,71b33f44e3c1@bb8310,2026,897064e32807,1.0,different,district-wide text names no place; location differs: Winthrop Street versus Lefferts Avenue,sonnet,site
BKCB9,2023,71b33f44e3c1@434fa9,2026,897064e32807,1.0,different,"different site, text names no place: Lincoln Road versus Lefferts Avenue",sonnet,site
BKCB9,2024,813a402c301e@bb8310,2026,897064e32807,1.0,different,"different site, text names no place: Winthrop Street versus Lefferts Avenue",sonnet,site
BKCB9,2024,813a402c301e@58c4c0,2026,897064e32807,1.0,different,"generic study text, location decides: Lincoln/Nostrand versus Lefferts/Bedford",sonnet,site
BKCB9,2025,71b33f44e3c1@bb8310,2026,897064e32807,1.0,different,"generic study text, location decides: Winthrop Street/Troy versus Lefferts/Bedford",sonnet,site
BKCB9,2025,71b33f44e3c1@58c4c0,2026,897064e32807,1.0,different,"generic study text, location decides: Lincoln Road/Nostrand versus Lefferts/Bedford",sonnet,site
BKCB9,2023,21c993d6baf9@0aaa47,2026,9950832c2b4e,1.0,different,different street: Sterling Street versus Fenimore Street,sonnet,site
BKCB9,2023,21c993d6baf9@543d84,2026,9950832c2b4e,1.0,different,different street: Midwood Street versus Fenimore Street,sonnet,site
BKCB9,2024,21c993d6baf9@ce26bb,2026,9950832c2b4e,1.0,different,different street: Sterling Street versus Fenimore Street at Bedford Avenue,sonnet,site
BKCB9,2024,21c993d6baf9@e91f2f,2026,9950832c2b4e,1.0,different,different street: Midwood Street versus Fenimore Street at Bedford Avenue,sonnet,site
BKCB9,2025,21c993d6baf9@ce26bb,2026,9950832c2b4e,1.0,different,different street: Sterling Street versus Fenimore Street at Bedford Avenue,sonnet,site
BKCB9,2025,21c993d6baf9@e91f2f,2026,9950832c2b4e,1.0,different,different street: Midwood Street versus Fenimore Street at Bedford Avenue,sonnet,site
BKCB9,2023,ee3ff397fedc@0e64c6,2026,ab66eea8a88f,1.0,different,different intersection: Winthrop/Flatbush versus Parkside/Flatbush,sonnet,site
BKCB9,2023,ee3ff397fedc@0f714f,2026,ab66eea8a88f,1.0,different,different intersection: Ocean/Parkside versus Parkside/Flatbush,sonnet,site
BKCB9,2024,ee3ff397fedc@adb601,2026,ab66eea8a88f,1.0,different,different intersection: Winthrop Street/Flatbush versus Parkside/Flatbush,sonnet,site
BKCB9,2024,ee3ff397fedc@86487b,2026,ab66eea8a88f,1.0,different,different intersection: Ocean/Parkside versus Parkside/Flatbush,sonnet,site
BKCB9,2025,ee3ff397fedc@adb601,2026,ab66eea8a88f,1.0,different,different intersection: Winthrop Street/Flatbush versus Parkside/Flatbush,sonnet,site
BKCB9,2025,ee3ff397fedc@86487b,2026,ab66eea8a88f,1.0,different,different intersection: Ocean/Parkside versus Parkside/Flatbush,sonnet,site
BKCB9,2022,71b33f44e3c1@ae5f7a,2026,b7ee981aac66,1.0,different,district-wide text names no place; location differs: Lefferts Avenue versus Winthrop Street,sonnet,site
BKCB9,2023,71b33f44e3c1@baf1ae,2026,b7ee981aac66,1.0,different,district-wide text names no place; location differs: Lefferts Avenue versus Winthrop Street,sonnet,site
BKCB9,2023,71b33f44e3c1@434fa9,2026,b7ee981aac66,1.0,different,"different site, text names no place: Lincoln Road versus Winthrop Street",sonnet,site
BKCB9,2024,813a402c301e@baf1ae,2026,b7ee981aac66,1.0,different,"different site, text names no place: Lefferts Avenue versus Winthrop Street",sonnet,site
BKCB9,2024,813a402c301e@58c4c0,2026,b7ee981aac66,1.0,different,"generic study text, location decides: Lincoln/Nostrand versus Winthrop Street/Troy",sonnet,site
BKCB9,2025,71b33f44e3c1@baf1ae,2026,b7ee981aac66,1.0,different,"generic study text, location decides: Lefferts/Bedford versus Winthrop Street/Troy",sonnet,site
BKCB9,2025,71b33f44e3c1@58c4c0,2026,b7ee981aac66,1.0,different,"generic study text, location decides: Lincoln Road/Nostrand versus Winthrop Street/Troy",sonnet,site
BKCB9,2025,ba49a4735d6e,2026,ba49a4735d6e,1.0,unsure,no explanation in either year,rule,reworded
BKCB9,2025,d7d853dc520e,2026,be57d88f8bd8,0.767,same,same Rogers Avenue speeding enforcement request,sonnet,reworded
BKCB9,2023,ee3ff397fedc@8f2b6a,2026,c1d08db21355,1.0,different,different intersection: Parkside/Flatbush versus Winthrop/Flatbush,sonnet,site
BKCB9,2023,ee3ff397fedc@0f714f,2026,c1d08db21355,1.0,different,different intersection: Ocean/Parkside versus Winthrop/Flatbush,sonnet,site
BKCB9,2024,ee3ff397fedc@4bb209,2026,c1d08db21355,1.0,different,different intersection: Parkside/Flatbush versus Winthrop Street/Flatbush,sonnet,site
BKCB9,2024,ee3ff397fedc@86487b,2026,c1d08db21355,1.0,different,different intersection: Ocean/Parkside versus Winthrop Street/Flatbush,sonnet,site
BKCB9,2025,ee3ff397fedc@4bb209,2026,c1d08db21355,1.0,different,different intersection: Parkside/Flatbush versus Winthrop Street/Flatbush,sonnet,site
BKCB9,2025,ee3ff397fedc@86487b,2026,c1d08db21355,1.0,different,different intersection: Ocean/Parkside versus Winthrop Street/Flatbush,sonnet,site
BKCB9,2023,1239351ddfac@8fb36d,2026,c780fa75766c,1.0,different,different street: Flatbush Avenue versus Montgomery Street at Nostrand Avenue,sonnet,site
BKCB9,2024,959176e99b71@8fb36d,2026,c780fa75766c,1.0,different,different street: Flatbush Avenue versus Montgomery Street at Nostrand Avenue,sonnet,site
BKCB9,2023,21c993d6baf9@73a9dc,2026,cbb0a967c318,1.0,different,different street: Fenimore Street versus Sterling Street,sonnet,site
BKCB9,2023,21c993d6baf9@543d84,2026,cbb0a967c318,1.0,different,different street: Midwood Street versus Sterling Street,sonnet,site
BKCB9,2024,21c993d6baf9@65e203,2026,cbb0a967c318,1.0,different,different street: Fenimore Street versus Sterling Street at Bedford Avenue,sonnet,site
BKCB9,2024,21c993d6baf9@e91f2f,2026,cbb0a967c318,1.0,different,different street: Midwood Street versus Sterling Street at Bedford Avenue,sonnet,site
BKCB9,2025,21c993d6baf9@65e203,2026,cbb0a967c318,1.0,different,different street: Fenimore Street versus Sterling Street at Bedford Avenue,sonnet,site
BKCB9,2025,21c993d6baf9@e91f2f,2026,cbb0a967c318,1.0,different,different street: Midwood Street versus Sterling Street at Bedford Avenue,sonnet,site
BKCB9,2023,21f76d66ef3e@1e9709,2026,d18359166f56,1.0,different,text names no place; location differs: Rogers Avenue versus Bedford Avenue at Empire Boulevard,sonnet,site
BKCB9,2024,21f76d66ef3e@c4e705,2026,d18359166f56,1.0,different,"different intersection: Rogers Avenue versus Bedford Avenue, both at Empire Boulevard",sonnet,site
BKCB9,2025,21f76d66ef3e@c4e705,2026,d18359166f56,1.0,different,different intersection on Empire Boulevard: Rogers Avenue versus Bedford Avenue,sonnet,site
BKCB9,2025,86e59b4a208d,2026,eda286143041,0.824,different,"different avenue, Ocean versus Brooklyn",sonnet,reworded
BKCB9,2023,c170412a33c8@f00340,2026,f179cb06c8d3,1.0,different,"two Clarkson Avenue intersections versus district-wide, adds cans and recycling",sonnet,site
BKCB9,2023,c1a123284ccb@1cd6a7,2026,f179cb06c8d3,1.0,different,Nostrand-Empire corridor versus district-wide cans and receptacles,sonnet,site
BKCB9,2023,a370323c6314@811728,2026,f179cb06c8d3,1.0,different,"six commercial corridors versus district-wide cans and receptacles, other type",sonnet,site
BKCB9,2024,c170412a33c8@68763a,2026,f179cb06c8d3,1.0,different,two intersections at Clarkson/Flatbush versus district-wide trash cans and receptacles,sonnet,site
BKCB9,2024,c1a123284ccb@be085f,2026,f179cb06c8d3,1.0,different,one Nostrand/Empire corridor versus district-wide trash cans and receptacles,sonnet,site
BKCB9,2024,a370323c6314@811728,2026,f179cb06c8d3,1.0,different,six named commercial corridors versus separate district-wide capital line,sonnet,site
BKCB9,2025,c170412a33c8@68763a,2026,f179cb06c8d3,1.0,different,two intersections at Clarkson/Flatbush versus district-wide trash cans and receptacles,sonnet,site
BKCB9,2025,c1a123284ccb@be085f,2026,f179cb06c8d3,1.0,different,one Nostrand/Empire corridor versus district-wide trash cans and receptacles,sonnet,site
BKCB9,2025,a370323c6314@811728,2026,f179cb06c8d3,1.0,different,six named commercial corridors versus separate district-wide capital line,sonnet,site
BKCB9,2025,7cfedb4ac62d,2026,ffd6766a8363,0.412,same,Same signals or traffic calming on the same five streets,sonnet,reworded
BKCB9,2026,1558a807647e,2027,047e3cd77183,0.604,same,Same board member trainings request; NOW lists more topics,sonnet,reworded
BKCB9,2023,994b5af931ca@ae9df6,2027,07bf47f6701d,1.0,different,different site: Montgomery Street versus Bedford Avenue at Winthrop Street,sonnet,site
BKCB9,2024,994b5af931ca@1358fc,2027,07bf47f6701d,1.0,different,different street: Montgomery/Nostrand versus Bedford/Winthrop Street,sonnet,site
BKCB9,2025,994b5af931ca@1358fc,2027,07bf47f6701d,1.0,different,different street: Montgomery/Nostrand versus Bedford/Winthrop Street,sonnet,site
BKCB9,2022,6c223945a975@70fdfc,2027,09e950aa42c3,1.0,different,different site: Washington Avenue to Montgomery Street versus Parkside Avenue at Flatbush Avenue,sonnet,site
BKCB9,2022,0aa449c8b97e@82bbde,2027,09e950aa42c3,1.0,different,different site: Rogers Avenue to Lefferts Avenue versus Parkside Avenue at Flatbush Avenue,sonnet,site
BKCB9,2022,03ca1755017c@f513cd,2027,09e950aa42c3,1.0,different,different site: Winthrop Avenue to Troy Avenue versus Parkside Avenue at Flatbush Avenue,sonnet,site
BKCB9,2023,b2142ef1e73e@0268f8,2027,09e950aa42c3,1.0,different,different site: Washington/Montgomery versus Parkside/Flatbush,sonnet,site
BKCB9,2023,b2142ef1e73e@003325,2027,09e950aa42c3,1.0,different,different site: Rogers/Lefferts versus Parkside/Flatbush,sonnet,site
BKCB9,2023,b2142ef1e73e@c9ae85,2027,09e950aa42c3,1.0,different,different site: Winthrop/Troy versus Parkside/Flatbush,sonnet,site
BKCB9,2024,b2142ef1e73e@0268f8,2027,09e950aa42c3,1.0,different,different intersection: Washington/Montgomery versus Parkside/Flatbush,sonnet,site
BKCB9,2024,b2142ef1e73e@003325,2027,09e950aa42c3,1.0,different,different intersection: Rogers/Lefferts versus Parkside/Flatbush,sonnet,site
BKCB9,2024,b2142ef1e73e@c9ae85,2027,09e950aa42c3,1.0,different,different intersection: Winthrop/Troy versus Parkside/Flatbush,sonnet,site
BKCB9,2025,b2142ef1e73e@0268f8,2027,09e950aa42c3,1.0,different,different intersection: Washington/Montgomery versus Parkside/Flatbush,sonnet,site
BKCB9,2025,b2142ef1e73e@003325,2027,09e950aa42c3,1.0,different,different intersection: Rogers/Lefferts versus Parkside/Flatbush,sonnet,site
BKCB9,2025,b2142ef1e73e@c9ae85,2027,09e950aa42c3,1.0,different,different intersection: Winthrop Avenue/Troy versus Parkside/Flatbush,sonnet,site
BKCB9,2022,71b33f44e3c1@ae5f7a,2027,13c05a60048b,1.0,different,district-wide text names no place; location differs: Lefferts Avenue versus Lincoln Road,sonnet,site
BKCB9,2022,71b33f44e3c1@4e3a2d,2027,13c05a60048b,1.0,different,district-wide text names no place; location differs: Winthrop Street versus Lincoln Road,sonnet,site
BKCB9,2023,71b33f44e3c1@baf1ae,2027,13c05a60048b,1.0,different,district-wide text names no place; location differs: Lefferts Avenue versus Lincoln Road,sonnet,site
BKCB9,2023,71b33f44e3c1@bb8310,2027,13c05a60048b,1.0,different,district-wide text names no place; location differs: Winthrop Street versus Lincoln Road,sonnet,site
BKCB9,2024,813a402c301e@baf1ae,2027,13c05a60048b,1.0,different,"different site, text names no place: Lefferts Avenue versus Lincoln Road",sonnet,site
BKCB9,2024,813a402c301e@bb8310,2027,13c05a60048b,1.0,different,"different site, text names no place: Winthrop Street versus Lincoln Road",sonnet,site
BKCB9,2025,71b33f44e3c1@baf1ae,2027,13c05a60048b,1.0,different,"generic study text, location decides: Lefferts/Bedford versus Lincoln Road/Nostrand",sonnet,site
BKCB9,2025,71b33f44e3c1@bb8310,2027,13c05a60048b,1.0,different,"generic study text, location decides: Winthrop Street/Troy versus Lincoln Road/Nostrand",sonnet,site
BKCB9,2022,6c223945a975@70fdfc,2027,2cc475d343d3,1.0,different,different site: Washington Avenue to Montgomery Street versus Rogers Avenue at Lefferts Avenue,sonnet,site
BKCB9,2022,03ca1755017c@f513cd,2027,2cc475d343d3,1.0,different,different site: Winthrop Avenue to Troy Avenue versus Rogers Avenue at Lefferts Avenue,sonnet,site
BKCB9,2022,ccebd6623f3a@8f2b6a,2027,2cc475d343d3,1.0,different,different site: Parkside Avenue to Flatbush Avenue versus Rogers Avenue at Lefferts Avenue,sonnet,site
BKCB9,2023,b2142ef1e73e@0268f8,2027,2cc475d343d3,1.0,different,different site: Washington/Montgomery versus Rogers/Lefferts,sonnet,site
BKCB9,2023,b2142ef1e73e@c9ae85,2027,2cc475d343d3,1.0,different,different site: Winthrop/Troy versus Rogers/Lefferts,sonnet,site
BKCB9,2023,b2142ef1e73e@4bb209,2027,2cc475d343d3,1.0,different,different site: Parkside/Flatbush versus Rogers/Lefferts,sonnet,site
BKCB9,2024,b2142ef1e73e@0268f8,2027,2cc475d343d3,1.0,different,different site: Washington/Montgomery versus Rogers/Lefferts,sonnet,site
BKCB9,2024,b2142ef1e73e@c9ae85,2027,2cc475d343d3,1.0,different,different intersection: Winthrop/Troy versus Rogers/Lefferts,sonnet,site
BKCB9,2024,b2142ef1e73e@4bb209,2027,2cc475d343d3,1.0,different,different intersection: Parkside/Flatbush versus Rogers/Lefferts,sonnet,site
BKCB9,2025,b2142ef1e73e@0268f8,2027,2cc475d343d3,1.0,different,different intersection: Washington/Montgomery versus Rogers/Lefferts,sonnet,site
BKCB9,2025,b2142ef1e73e@c9ae85,2027,2cc475d343d3,1.0,different,different intersection: Winthrop Avenue/Troy versus Rogers/Lefferts,sonnet,site
BKCB9,2025,b2142ef1e73e@4bb209,2027,2cc475d343d3,1.0,different,different intersection: Parkside/Flatbush versus Rogers/Lefferts,sonnet,site
BKCB9,2023,8c1f53c23e39@1b4645,2027,52ed0ef01c64,1.0,different,different street: Union Street versus President Street,sonnet,site
BKCB9,2022,0aa449c8b97e@82bbde,2027,53f9ce5a5bb2,1.0,different,different site: Rogers Avenue to Lefferts Avenue versus Washington Avenue at Montgomery Street,sonnet,site
BKCB9,2022,03ca1755017c@f513cd,2027,53f9ce5a5bb2,1.0,different,different site: Winthrop Avenue to Troy Avenue versus Washington Avenue at Montgomery Street,sonnet,site
BKCB9,2022,ccebd6623f3a@8f2b6a,2027,53f9ce5a5bb2,1.0,different,different site: Parkside Avenue to Flatbush Avenue versus Washington Avenue at Montgomery Street,sonnet,site
BKCB9,2023,b2142ef1e73e@003325,2027,53f9ce5a5bb2,1.0,different,different site: Rogers/Lefferts versus Washington/Montgomery,sonnet,site
BKCB9,2023,b2142ef1e73e@c9ae85,2027,53f9ce5a5bb2,1.0,different,different site: Winthrop/Troy versus Washington/Montgomery,sonnet,site
BKCB9,2023,b2142ef1e73e@4bb209,2027,53f9ce5a5bb2,1.0,different,different site: Parkside/Flatbush versus Washington/Montgomery,sonnet,site
BKCB9,2024,b2142ef1e73e@003325,2027,53f9ce5a5bb2,1.0,different,different intersection: Rogers/Lefferts versus Washington/Montgomery,sonnet,site
BKCB9,2024,b2142ef1e73e@c9ae85,2027,53f9ce5a5bb2,1.0,different,different intersection: Winthrop/Troy versus Washington/Montgomery,sonnet,site
BKCB9,2024,b2142ef1e73e@4bb209,2027,53f9ce5a5bb2,1.0,different,different intersection: Parkside/Flatbush versus Washington/Montgomery,sonnet,site
BKCB9,2025,b2142ef1e73e@003325,2027,53f9ce5a5bb2,1.0,different,different intersection: Rogers/Lefferts versus Washington/Montgomery,sonnet,site
BKCB9,2025,b2142ef1e73e@c9ae85,2027,53f9ce5a5bb2,1.0,different,different intersection: Winthrop Avenue/Troy versus Washington/Montgomery,sonnet,site
BKCB9,2025,b2142ef1e73e@4bb209,2027,53f9ce5a5bb2,1.0,different,different intersection: Parkside/Flatbush versus Washington/Montgomery,sonnet,site
BKCB9,2022,6c223945a975@70fdfc,2027,76d723b74762,1.0,different,different site: Washington Avenue to Montgomery Street versus Winthrop Avenue at Troy Avenue,sonnet,site
BKCB9,2022,0aa449c8b97e@82bbde,2027,76d723b74762,1.0,different,different site: Rogers Avenue to Lefferts Avenue versus Winthrop Avenue at Troy Avenue,sonnet,site
BKCB9,2022,ccebd6623f3a@8f2b6a,2027,76d723b74762,1.0,different,different site: Parkside Avenue to Flatbush Avenue versus Winthrop Avenue at Troy Avenue,sonnet,site
BKCB9,2023,b2142ef1e73e@0268f8,2027,76d723b74762,1.0,different,different site: Washington/Montgomery versus Winthrop/Troy,sonnet,site
BKCB9,2023,b2142ef1e73e@003325,2027,76d723b74762,1.0,different,different site: Rogers/Lefferts versus Winthrop/Troy,sonnet,site
BKCB9,2023,b2142ef1e73e@4bb209,2027,76d723b74762,1.0,different,different site: Parkside/Flatbush versus Winthrop/Troy,sonnet,site
BKCB9,2024,b2142ef1e73e@0268f8,2027,76d723b74762,1.0,different,different site: Washington/Montgomery versus Winthrop/Troy,sonnet,site
BKCB9,2024,b2142ef1e73e@003325,2027,76d723b74762,1.0,different,different intersection: Rogers/Lefferts versus Winthrop/Troy,sonnet,site
BKCB9,2024,b2142ef1e73e@4bb209,2027,76d723b74762,1.0,different,different intersection: Parkside/Flatbush versus Winthrop/Troy,sonnet,site
BKCB9,2025,b2142ef1e73e@0268f8,2027,76d723b74762,1.0,different,different intersection: Washington/Montgomery versus Winthrop Avenue/Troy,sonnet,site
BKCB9,2025,b2142ef1e73e@003325,2027,76d723b74762,1.0,different,different intersection: Rogers/Lefferts versus Winthrop Avenue/Troy,sonnet,site
BKCB9,2025,b2142ef1e73e@4bb209,2027,76d723b74762,1.0,different,different intersection: Parkside/Flatbush versus Winthrop Avenue/Troy,sonnet,site
BKCB9,2024,078463ade8a9,2027,77e5824fe8df,0.32,different,Winthrop Street congestion versus Winthrop station elevator,sonnet,reworded
BKCB9,2026,07bf47f6701d,2027,77e5824fe8df,0.318,different,THEN illegal dumping enforcement; NOW subway elevator at Winthrop station,sonnet,reworded
BKCB9,2022,71b33f44e3c1@4e3a2d,2027,897064e32807,1.0,different,district-wide text names no place; location differs: Winthrop Street versus Lefferts Avenue,sonnet,site
BKCB9,2023,71b33f44e3c1@bb8310,2027,897064e32807,1.0,different,district-wide text names no place; location differs: Winthrop Street versus Lefferts Avenue,sonnet,site
BKCB9,2023,71b33f44e3c1@434fa9,2027,897064e32807,1.0,different,"different site, text names no place: Lincoln Road versus Lefferts Avenue",sonnet,site
BKCB9,2024,813a402c301e@bb8310,2027,897064e32807,1.0,different,"different site, text names no place: Winthrop Street versus Lefferts Avenue",sonnet,site
BKCB9,2024,813a402c301e@58c4c0,2027,897064e32807,1.0,different,"generic study text, location decides: Lincoln/Nostrand versus Lefferts/Bedford",sonnet,site
BKCB9,2025,71b33f44e3c1@bb8310,2027,897064e32807,1.0,different,"generic study text, location decides: Winthrop Street/Troy versus Lefferts/Bedford",sonnet,site
BKCB9,2025,71b33f44e3c1@58c4c0,2027,897064e32807,1.0,different,"generic study text, location decides: Lincoln Road/Nostrand versus Lefferts/Bedford",sonnet,site
BKCB9,2022,71b33f44e3c1@ae5f7a,2027,b7ee981aac66,1.0,different,district-wide text names no place; location differs: Lefferts Avenue versus Winthrop Street,sonnet,site
BKCB9,2023,71b33f44e3c1@baf1ae,2027,b7ee981aac66,1.0,different,district-wide text names no place; location differs: Lefferts Avenue versus Winthrop Street,sonnet,site
BKCB9,2023,71b33f44e3c1@434fa9,2027,b7ee981aac66,1.0,different,"different site, text names no place: Lincoln Road versus Winthrop Street",sonnet,site
BKCB9,2024,813a402c301e@baf1ae,2027,b7ee981aac66,1.0,different,"different site, text names no place: Lefferts Avenue versus Winthrop Street",sonnet,site
BKCB9,2024,813a402c301e@58c4c0,2027,b7ee981aac66,1.0,different,"generic study text, location decides: Lincoln/Nostrand versus Winthrop Street/Troy",sonnet,site
BKCB9,2025,71b33f44e3c1@baf1ae,2027,b7ee981aac66,1.0,different,"generic study text, location decides: Lefferts/Bedford versus Winthrop Street/Troy",sonnet,site
BKCB9,2025,71b33f44e3c1@58c4c0,2027,b7ee981aac66,1.0,different,"generic study text, location decides: Lincoln Road/Nostrand versus Winthrop Street/Troy",sonnet,site
BKCB9,2026,ba49a4735d6e,2027,ba49a4735d6e,1.0,unsure,no explanation in either year,rule,reworded
BKCB9,2025,ba49a4735d6e,2027,ba49a4735d6e,1.0,unsure,no explanation in either year,rule,reworded
BKCB9,2026,bd10df314e18,2027,c410378dc96e,0.609,same,Both ask DCP to inform residents about upcoming developments; mechanism reworded,sonnet,reworded
BKCB9,2023,21c993d6baf9@73a9dc,2027,cbb0a967c318,1.0,different,different street: Fenimore Street versus Sterling Street,sonnet,site
BKCB9,2023,21c993d6baf9@543d84,2027,cbb0a967c318,1.0,different,different street: Midwood Street versus Sterling Street,sonnet,site
BKCB9,2024,21c993d6baf9@65e203,2027,cbb0a967c318,1.0,different,different street: Fenimore Street versus Sterling Street at Bedford Avenue,sonnet,site
BKCB9,2024,21c993d6baf9@e91f2f,2027,cbb0a967c318,1.0,different,different street: Midwood Street versus Sterling Street at Bedford Avenue,sonnet,site
BKCB9,2025,21c993d6baf9@65e203,2027,cbb0a967c318,1.0,different,different street: Fenimore Street versus Sterling Street at Bedford Avenue,sonnet,site
BKCB9,2025,21c993d6baf9@e91f2f,2027,cbb0a967c318,1.0,different,different street: Midwood Street versus Sterling Street at Bedford Avenue,sonnet,site
BKCB9,2023,c170412a33c8@f00340,2027,f179cb06c8d3,1.0,different,"two Clarkson Avenue intersections versus district-wide, adds cans and recycling",sonnet,site
BKCB9,2023,c1a123284ccb@1cd6a7,2027,f179cb06c8d3,1.0,different,Nostrand-Empire corridor versus district-wide cans and receptacles,sonnet,site
BKCB9,2023,a370323c6314@811728,2027,f179cb06c8d3,1.0,different,"six commercial corridors versus district-wide cans and receptacles, other type",sonnet,site
BKCB9,2024,c170412a33c8@68763a,2027,f179cb06c8d3,1.0,different,two intersections at Clarkson/Flatbush versus district-wide trash cans and receptacles,sonnet,site
BKCB9,2024,c1a123284ccb@be085f,2027,f179cb06c8d3,1.0,different,one Nostrand/Empire corridor versus district-wide trash cans and receptacles,sonnet,site
BKCB9,2024,a370323c6314@811728,2027,f179cb06c8d3,1.0,different,six named commercial corridors versus separate district-wide capital line,sonnet,site
BKCB9,2025,c170412a33c8@68763a,2027,f179cb06c8d3,1.0,different,two intersections at Clarkson/Flatbush versus district-wide trash cans and receptacles,sonnet,site
BKCB9,2025,c1a123284ccb@be085f,2027,f179cb06c8d3,1.0,different,one Nostrand/Empire corridor versus district-wide trash cans and receptacles,sonnet,site
BKCB9,2025,a370323c6314@811728,2027,f179cb06c8d3,1.0,different,six named commercial corridors versus separate district-wide capital line,sonnet,site
BXCB1,2020,e6ec8dcb471b@1d1ec9,2022,e6ec8dcb471b@86c36e,1.0,same,same step street at East 159th St and St. Ann's Ave; Register wording differs,sonnet,site
BXCB1,2022,96d50a61b42b,2023,782ab95b34a9,0.774,same,Same Commercial Revitalization Program funding for CD1 commercial strips,sonnet,reworded
BXCB1,2023,afb92a6f26ce,2024,0ca091fe5cac,1.0,same,"same PS 5 library, cameras and safety agents on Jackson Avenue",sonnet,reworded
BXCB1,2023,c7d647cc1a75,2024,98d9203d3a66,0.957,same,Same Syringe Removal Program funding and supplies request,sonnet,reworded
BXCB1,2023,4fbf1795af16,2024,cf336fbf9b04,0.703,unsure,litter basket service versus more trash cans,resolved,reworded
BXCB1,2023,733c574ba39a,2024,d5b731c6c0bf,0.317,different,THEN sanitation services and dumping enforcement; NOW tree pit pruning and mulching,sonnet,reworded
BXCB10,2020,e046ca10f563,2021,5376b6aeaac3,0.63,same,Same Westchester Creek dredging; NOW asks City to review the need,sonnet,reworded
BXCB10,2020,dde6eb60caa3,2021,64fd5cdc66f7,0.474,same,Same Throggs Neck ferry service project; study phase then hoped-for implementation,sonnet,reworded
BXCB10,2020,ed3f762d1986,2021,8aa329182129,0.816,same,same Westchester Avenue street lighting; survey is an earlier phase,sonnet,reworded
BXCB10,2020,f6a3cc4e58ee,2021,a2037a066fb3,0.597,same,Same call for more resources against illegal dumping; NOW adds 311 video complaints,sonnet,reworded
BXCB10,2020,673cc590bd1e,2021,ddf4cbf5248f,0.37,different,Different parks: Bufano Park versus Ferry Point Park turf fields,sonnet,reworded
BXCB10,2020,aa2ba08e0d96,2021,fa7c24260530,0.457,different,THEN more enforcement officers; NOW higher civil penalties for illegal posting,sonnet,reworded
BXCB10,2021,d7d58b50b443,2022,b79ecaa0d7fe,0.362,different,a youth center feasibility study versus a Beacon program at Truman High School,resolved,reworded
BXCB10,2022,375ed3d0a625,2023,ea66d4cccbf7,0.92,same,Same Throggs Neck street reconstruction; NOW adds Senger Place,sonnet,reworded
BXCB10,2023,a4b68011cf25,2024,038a0b711840,0.471,same,same Meagher Avenue entrance repaving at Edgewater Park,sonnet,reworded
BXCB10,2023,4d1973307af7,2024,0a23dc48d081,0.301,different,THEN funding for named middle school programs; NOW general elementary after-school expansion,sonnet,reworded
BXCB10,2023,1c04abcbdffc,2024,12290dac75df,0.518,same,Same water quality study of Eastchester Bay,sonnet,reworded
BXCB10,2023,3b14911027ad,2024,128f8b0e8078,0.561,same,Same flood cap on Griswold Avenue for street flooding,sonnet,reworded
BXCB10,2023,b05850a1a546,2024,16473ab48155,0.654,same,Same P.S. 175 schoolyard community access; NOW weekends only,sonnet,reworded
BXCB10,2023,bc2affbb68c6,2024,1b10ae4d81fc,0.339,same,Same ferry stop study for Orchard Beach; NOW drops Hart Island,sonnet,reworded
BXCB10,2023,ea66d4cccbf7,2024,220edcb60715,0.563,same,Same Throggs Neck Place streets; NOW drops Senger Place,sonnet,reworded
BXCB10,2023,29d0acca8956,2024,221aa6ff956c,0.941,same,Same Bruckner Playground full upgrade request,sonnet,reworded
BXCB10,2023,395f188894be,2024,3190224dff3d,0.368,unsure,Pelham Bay signage study overlaps; THEN also parking improvement and curb cut enforcement,sonnet,reworded
BXCB10,2023,d7d58b50b443,2024,444296c9c4c0,0.53,different,THEN Co-op City youth center study; NOW Beacon expansion to all middle schools,sonnet,reworded
BXCB10,2023,722e19f539b6,2024,448e92f04b9f,0.407,same,Same Rodman's Neck sound abatement request; lighting dropped,sonnet,reworded
BXCB10,2023,532267d15201,2024,4926a9592c6b,0.461,different,Different storm drain sites: Ditmars/Hunter versus Ferris Place/Westchester Avenue,sonnet,reworded
BXCB10,2023,2d217904cd85,2024,5511b3efeb31,0.717,same,Same winterizing of Baychester Branch outdoor space; other items dropped,sonnet,reworded
BXCB10,2023,c5f52ddf89cf,2024,582fb93aca71,0.468,same,Same accessible signals for visually impaired pedestrians at intersections,sonnet,reworded
BXCB10,2023,67a4d6ef4196,2024,6eeff87cfa25,0.422,same,Same PEP officers for Pelham Bay and Ferry Point parks; park list shifted slightly,sonnet,reworded
BXCB10,2023,0c56c15520e6,2024,79a8520c2b6b,0.736,same,Same Throggs Neck ferry to Hart Island; NOW asks for increased service,sonnet,reworded
BXCB10,2023,a58d708c56b6,2024,7a7cc4901a01,0.581,same,same DDC project 200400 extension for Minnieford Avenue flooding,sonnet,reworded
BXCB10,2023,e3d3fcd4c01e,2024,8915a29abdf9,0.77,same,Same Huntington Avenue Miles-to-Sampson reconstruction,sonnet,reworded
BXCB10,2023,f05b95caa3ac,2024,8fef7d0486d0,0.466,same,Same parking facility for Co-op City Metro-North station; garage versus adjacent lot,sonnet,reworded
BXCB10,2023,c29cb5b4ec91,2024,91e7867467ec,0.82,same,"same Sampson Avenue reconstruction, Calhoun to Quincy",sonnet,reworded
BXCB10,2023,710c41dd9920,2024,9573b6fe13cd,0.672,same,same Pennyfield Avenue full reconstruction,sonnet,reworded
BXCB10,2023,8283fbd1e29a,2024,96cd7a6f778e,0.579,same,Same CTE internship expansion into law and real estate; NOW adds medicine,sonnet,reworded
BXCB10,2023,f408df373408,2024,a48c4ee0902c,0.464,same,"Same Throggs Neck Houses capital repairs; NOW names roofs, doors, elevators",sonnet,reworded
BXCB10,2023,4f3c7e6ebccf,2024,a70a2760bd77,0.335,same,Same security cameras at the P.S. 304 campus,sonnet,reworded
BXCB10,2023,cdac00f163e9,2024,a8f9820ed7f0,0.406,different,THEN Middletown Road reconstruction study; NOW subway station elevators,sonnet,reworded
BXCB10,2023,8fc82fe683a8,2024,bc6ea7bdf174,0.851,same,Same recreational assistant for Bufano and Pearly Gates Parks,sonnet,reworded
BXCB10,2023,89e4e59e4eb9,2024,be590eee9e63,0.599,same,Same Owen Dolen Park recreation center request,sonnet,reworded
BXCB10,2023,51b993c1e62b,2024,d05d300f0042,0.335,same,Same full reconstruction of Shore Road,sonnet,reworded
BXCB10,2023,18da5864cb57,2024,d8d7554a12cf,0.556,same,Same Harbor Patrol Unit request; scope now Bronx-wide,sonnet,reworded
BXCB10,2023,964e3d20f725,2024,dc99853e5621,0.711,same,Same Revere Avenue Dewey-to-Sampson reconstruction,sonnet,reworded
BXCB10,2023,35de9b3459e4,2024,e0c6f2b54d5d,0.699,same,Same Vincent Avenue Barkley-to-Lafayette sewer work; inspection then upgrade,sonnet,reworded
BXCB10,2023,673cc590bd1e,2024,e24cd4105092,0.415,same,Same Bufano Park full reconstruction request,sonnet,reworded
BXCB10,2023,cdac00f163e9,2024,f1b4ce8a6db7,0.49,different,"Middletown Road reconstruction, but different stretches: Bruckner-Westchester versus Westchester-Jarvis",sonnet,reworded
BXCB10,2023,4497d90e8b3c,2024,f69aaa4840bf,0.328,same,Same air conditioners at I.S. 192,sonnet,reworded
BXCB10,2023,f0c5c0ecb53e,2024,f98a299d1473,0.415,same,Same ask for at least three more Neighborhood Coordination Officers,sonnet,reworded
BXCB10,2024,b6bf4f467f67,2025,3b041ec41ddd,0.309,different,THEN Pelham Bay athletic field maintenance; NOW barbecue grills and benches,sonnet,reworded
BXCB10,2024,128f8b0e8078,2025,3d750ebe6a63,0.456,different,THEN flood cap on Griswold Avenue; NOW rain gardens at Ditmars and Tier Streets,sonnet,reworded
BXCB10,2024,b6bf4f467f67,2025,69ffe4fbcbad,0.375,different,THEN Pelham Bay athletic field maintenance; NOW new benches throughout park,sonnet,reworded
BXCB10,2024,4926a9592c6b,2025,89b5cd39bbd2,0.352,different,"Different storm drain locations: Ferris Place versus Lyon, Zerega, Doris intersections",sonnet,reworded
BXCB10,2022,132d319d3de6,2025,da7249424852,0.316,same,same City Island library second floor expansion,sonnet,reworded
BXCB10,2024,79a8520c2b6b,2025,ec6e832a2a56,0.446,different,THEN Hart Island ferry service; NOW study ferry to City Island or Orchard Beach,sonnet,reworded
BXCB10,2023,f304f6751483,2025,ff3185f512e6,0.323,different,Ferris Place catch basin versus Ditmars Street storm drain,sonnet,reworded
BXCB10,2025,5095469ed1ec,2026,9b422b566b2c,0.301,same,Same new Westchester Square Library request,sonnet,reworded
BXCB10,2026,6eeff87cfa25,2027,77500e74b451,0.349,different,THEN more PEP officers; NOW security cameras and emergency buttons in parks,sonnet,reworded
BXCB11,2020,22c50de7461c,2021,1a712406ee6d,0.921,same,Same Mazzei Playground play area and restroom upgrade,sonnet,reworded
BXCB11,2020,2775b85aabaa,2021,33b86473cbf2,0.456,same,"same Eastchester Playground renovation, now the whole playground",sonnet,reworded
BXCB11,2020,ab932521a2bd,2021,3a8f3b22cfe4,0.54,same,"Same request to raise community board budgets to $350,000",sonnet,reworded
BXCB11,2020,d3b5e3dce442,2021,498297167dd2,0.47,same,Same general illegal dumping enforcement request; no site in either,sonnet,reworded
BXCB11,2020,5fac1a876056@81d117,2021,5fac1a876056@a32dcf,1.0,same,"same Pelham Parkway rehabilitation, Bronx River Parkway to Stillwell; location recorded differently",sonnet,site
BXCB11,2020,122c975e6402,2021,8b74c4aefaa3,0.935,same,same Bassett Avenue opening; study then construction,sonnet,reworded
BXCB11,2020,5fac1a876056,2021,a3ac03182dbd,0.365,different,Pelham Parkway rehabilitation versus Bronx Park fence replacement,sonnet,reworded
BXCB11,2020,6851ee9bc3b8,2021,a3ac03182dbd,0.362,different,THEN traffic agents at five intersections; NOW Bronx Park fencing replacement,sonnet,reworded
BXCB11,2020,b5d43bfac177,2021,a8cfff44f2b5,0.696,same,Same Bronx Park cobblestone and benches between Brady and Lydig,sonnet,reworded
BXCB11,2020,102c2c9ea016,2021,c18731714aa1,0.523,same,same north side Pelham Parkway reconstruction; repaving added,sonnet,reworded
BXCB11,2020,5983784a9b3c,2021,dddbf235f47a,0.784,same,same Pelham Parkway-Van Nest library upgrade; later names HVAC,sonnet,reworded
BXCB11,2021,8a0f1eee81b8,2022,aacaa8336f92,0.913,same,"same Cornerstone Playground trees, benches, fencing; agency changed to NYCHA",sonnet,reworded
BXCB11,2022,ece0e0ae548b,2023,b8680fa250e2,0.974,same,Same Jacobi Medical Center roadway resurfacing,sonnet,reworded
BXCB11,2021,60002f6a1940,2024,109e14c1a757,0.351,different,Van Nest greenstreet versus school crossing guards,sonnet,reworded
BXCB11,2021,c18731714aa1@7a4d29,2024,7a02ddf441b2@7a7a80,1.0,same,same Pelham Parkway reconstruction text and stretch; agency and title differ,sonnet,site
BXCB11,2022,c18731714aa1@2a5cab,2024,7a02ddf441b2@7a7a80,1.0,same,same Pelham Parkway reconstruction text and stretch; agency and title differ,sonnet,site
BXCB11,2023,c18731714aa1@2a5cab,2024,7a02ddf441b2@7a7a80,1.0,same,same Pelham Parkway reconstruction text and stretch; agency and title differ,sonnet,site
BXCB11,2021,60002f6a1940,2024,8d2d3d771950,0.359,different,Van Nest greenstreet versus school crossing guards,sonnet,reworded
BXCB11,2023,6ac12b0398a5,2024,a17da41d8e54,0.361,unsure,later request names no development; lobby doors only one item,sonnet,reworded
BXCB11,2024,df29894685f6,2025,29b4eb6e609e,0.962,same,"Same data study on new buildings, cars and school-aged children; agency changed",sonnet,reworded
BXCB11,2024,18c651095754@ac8c92,2025,32873c778826@35e244,1.0,same,"same MTA wall, Adams to Garfield Street; lighting and cameras sentence added",sonnet,site
BXCB11,2024,7a02ddf441b2,2025,3d0d69128e37,0.308,different,Specific Pelham Parkway reconstruction versus general Jacobi area repaving review,sonnet,reworded
BXCB11,2024,8d2d3d771950,2025,462c66faaebe,0.367,different,School crossing guards versus Van Nest Park extension renovation,sonnet,reworded
BXCB11,2024,036acefee663,2025,6cd1682197ba,0.384,different,trash cans in a different park,resolved,reworded
BXCB11,2024,d8b5991c4966,2025,8ad3eb864109,0.706,same,same Eastchester Gardens roof repair; agency corrected to NYCHA,sonnet,reworded
BXCB11,2024,45e4a37509cd,2025,95cb7ef81635,0.593,same,same Williamsbridge Road parking lot or garage request,sonnet,reworded
BXCB11,2024,5513db3475d4,2025,9a564267c3e4,0.45,different,HVAC upgrade at existing branch versus new Van Nest library,sonnet,reworded
BXCB11,2024,a17da41d8e54,2025,a340fc4efade,0.586,same,"Same hallway lighting, lobby doors and landscape request; NOW names Pelham Parkway Houses",sonnet,reworded
BXCB11,2024,60d42a4d8e3d,2025,ad4d736ce729,0.628,same,Same Pelham Parkway NYCHA playground renovation; agency now NYCHA,sonnet,reworded
BXCB11,2024,070900881895,2025,e010fdd97ec7,0.812,same,same dog run water source fix at Bronx Park East,sonnet,reworded
BXCB11,2024,c4bdc2ba2184,2025,e3aa04bd3929,0.88,same,same Eastchester Gardens 16 lobby doors; agency corrected to NYCHA,sonnet,reworded
BXCB11,2024,437e41e2f35e,2025,eff56a31a937,0.408,same,same new dog run in Bronx Park East; suggested spot shifted,sonnet,reworded
BXCB11,2025,eff56a31a937,2026,0a7070f0312a,0.323,different,Dog park in Bronx Park East versus Allerton Playground new equipment,sonnet,reworded
BXCB11,2025,1cb1b3ed2dc8,2026,16f81e205315,0.346,different,THEN Greenway repaving and widening; NOW pedestrian-level lighting along the Parkway,sonnet,reworded
BXCB11,2025,eff56a31a937,2026,2bfe8879bec2,0.351,different,Dog park versus angled parking on Bronx Park East,sonnet,reworded
BXCB11,2024,7a02ddf441b2,2026,2bfe8879bec2,0.333,different,Pelham Parkway reconstruction versus angled parking on Bronx Park East,sonnet,reworded
BXCB11,2025,3d0d69128e37,2026,2bfe8879bec2,0.301,different,roadway repaving versus angled parking on Bronx Park East,sonnet,reworded
BXCB11,2024,7a02ddf441b2,2026,6298fe79bd32,0.394,different,Pelham Parkway reconstruction versus protected bike lane,sonnet,reworded
BXCB11,2025,1cb1b3ed2dc8,2026,6298fe79bd32,0.304,different,THEN Greenway repaving and widening; NOW protected bike lane on Pelham Parkway North,sonnet,reworded
BXCB11,2025,eff56a31a937,2026,a259997dd034,0.315,different,Dog park in Bronx Park East versus Allerton Playground bathroom repairs,sonnet,reworded
BXCB11,2025,8ad3eb864109,2026,c2aaeaf2ef9f,0.376,different,roof repair versus playground equipment at Eastchester Gardens,sonnet,reworded
BXCB11,2024,5aaf9d4a6a58,2026,c2aaeaf2ef9f,0.348,different,Eastchester Gardens lighting versus Eastchester Playground equipment,sonnet,reworded
BXCB11,2026,41a7ae610b67,2027,0d1f39373412,0.418,same,"Same Pelham Parkway sidewalk, Boston Road to Southern Boulevard; agency now Parks",sonnet,reworded
BXCB11,2025,4742f09e5dc0,2027,e264aa0ce6ba,0.499,same,"same Pelham Parkway-Van Nest library capital work, new amounts",sonnet,reworded
BXCB11,2026,6298fe79bd32,2027,fbd0707f2ae7,0.725,same,"Same protected bike lane on Pelham Parkway North, Williamsbridge to Stillwell",sonnet,reworded
BXCB12,2020,fe93b058af06,2021,7195bb85c517,0.929,same,"same Carriage House windows, lighting and public assembly permit",sonnet,reworded
BXCB12,2020,b6c86a360238,2021,f64c39e12016,0.643,same,"Same call to raise community board budgets to $350,000",sonnet,reworded
BXCB12,2024,918068f4ee30,2025,666a4bfc4cb0,0.931,same,Identical request for sound meters in every NYPD patrol vehicle,sonnet,reworded
BXCB2,2020,712caef06e14,2021,712caef06e14,1.0,same,Identical Printers Park Phase III completion request,sonnet,reworded
BXCB2,2020,5636aa6700d9,2021,8a33e23970a5,0.678,unsure,"THEN school safety personnel; NOW school safety or speed zone cameras, reading ambiguous",sonnet,reworded
BXCB2,2020,78d4f0e97ca2,2021,9d69dd3a73c1,0.589,different,THEN Parks Enforcement Patrol agents; NOW sanitation enforcement against illegal dumping,sonnet,reworded
BXCB2,2020,78d4f0e97ca2,2021,d244b149a48f,0.564,different,THEN Parks Enforcement Patrol agents; NOW NYPD truck enforcement against illegal parking,sonnet,reworded
BXCB2,2020,0e9adf2d4b3a,2021,d551b2dd99d5,0.53,same,Same senior services funding including Meals on Wheels and HEAP restoration,sonnet,reworded
BXCB2,2020,768721b13ffb,2021,f39e7e371976,0.56,same,Same funding for CBO after school and summer day camp programs; agency changed,sonnet,reworded
BXCB2,2021,011dab873171,2022,5ab4846af47f,0.926,same,Same pest control extermination request; NOW drops rat abatement,sonnet,reworded
BXCB2,2021,712caef06e14,2022,712caef06e14,1.0,same,Identical Printers Park Phase III completion request,sonnet,reworded
BXCB2,2021,d551b2dd99d5,2022,84291d4caad2,0.942,same,Identical senior services and Meals on Wheels request,sonnet,reworded
BXCB2,2022,7e58ff2c2fd5,2023,527efaeffa76,0.308,different,THEN traffic enforcement; NOW sidewalk conditions,sonnet,reworded
BXCB2,2022,712caef06e14,2023,712caef06e14,1.0,same,Identical Printers Park Phase III completion request,sonnet,reworded
BXCB2,2023,cd00b02182ee,2024,60b9bb7d00d7,0.792,same,the same request for more affordable housing,resolved,reworded
BXCB2,2023,9d69dd3a73c1,2024,b831d450aa03,0.54,different,THEN more sanitation enforcement officers; NOW cameras in the Industrial Business Zone,sonnet,reworded
BXCB2,2023,e035ce17005c,2024,f2767e4e1a63,0.605,same,Same catch basin cleaning request to reduce flooding and improve drainage,sonnet,reworded
BXCB2,2021,a3f16d4d8992,2024,fe9486c59bd4,0.372,same,same yearly street resurfacing request,sonnet,reworded
BXCB2,2023,712caef06e14,2025,5e257c651c89,0.512,same,"same Printers Park reconstruction, different phase",sonnet,reworded
BXCB2,2024,fe0b2f1915f5,2025,6a0a8999912b,0.568,same,Same water ferry station request; NOW names former DOC barge site,sonnet,reworded
BXCB2,2024,a327c0051767,2025,ea3659faea57,0.971,same,Same youth programming against at-risk engagement; NOW specifies after-school,sonnet,reworded
BXCB2,2025,5e257c651c89,2026,5e257c651c89,1.0,same,same Printers Park Phase II renovation,sonnet,reworded
BXCB3,2020,1d84d6e49de8,2021,113f5ae4fbdc,0.696,same,"Same added funding for senior transport, meals and coordination services",sonnet,reworded
BXCB3,2020,dbaeed85b209,2021,14681e97416d,0.978,same,Same Charlton-Thompson Garden security lighting request,sonnet,reworded
BXCB3,2020,ec841c75ad4c,2021,450d060a7943,0.891,same,Same request for additional DOB inspectors Bronx-wide,sonnet,reworded
BXCB3,2020,276b68369a26,2021,61a2658290c5,0.959,same,"Same Drew Playground comfort station and lighting work, same tracking code",sonnet,reworded
BXCB3,2020,aaa3b41567c4,2021,78f1fd20ee8f,0.863,same,same Claremont Parkway storm water line and catch basins,sonnet,reworded
BXCB3,2020,6db0854be03c,2021,ab347f889ba9,0.993,same,Same Crotona Pool and Recreation Center renovation; same tracking code,sonnet,reworded
BXCB3,2020,e4e84391f9b4,2021,c375bc9b5744,0.992,same,Same Crotona Park synthetic soccer field lighting request,sonnet,reworded
BXCB3,2020,f95f0ca7e3e2,2021,e89efbbb641a,0.512,same,Same parks maintenance equipment request; NOW shorter list incl. Indian Lake harvester,sonnet,reworded
BXCB3,2020,783fb4bc0748,2021,fc8d95d89bef,0.448,unsure,THEN after-school funding all grade levels; NOW narrower high school gap with career programs,sonnet,reworded
BXCB3,2022,be7378fa2033,2023,4056dd2a0e1b,0.858,same,"Same Claremont Neighborhood Center HVAC and electrical upgrade, same tracking code",sonnet,reworded
BXCB3,2022,d97c2684bca9,2023,65d4ba5d4093,0.952,same,"Same Morrisania Library HVAC, electrical and boiler request; NOW adds germ infiltration",sonnet,reworded
BXCB3,2022,8fc359ba0267,2023,7f6f5101881e,0.482,different,THEN Crotona Park benches; NOW new dog runs in Crotona Park,sonnet,reworded
BXCB3,2020,f8377ceb18f3,2023,7f6f5101881e,0.334,same,same dog run in Crotona Park,sonnet,reworded
BXCB3,2022,61a2658290c5,2023,83fe86dd0803,0.407,different,comfort station renovation versus summer staffing at Drew Playground,sonnet,reworded
BXCB3,2022,a33933ad86ba,2023,c4761d84b584,1.0,same,same Hoe Avenue garden; lot list trimmed,sonnet,reworded
BXCB3,2023,65d4ba5d4093,2024,0dc384291d03,0.74,same,same Morrisania library request 7; boiler replacement kept,sonnet,reworded
BXCB3,2023,4056dd2a0e1b,2024,5c340237eb40,0.83,same,"Same Claremont Neighborhood Center HVAC project, same tracking code",sonnet,reworded
BXCB3,2023,ab347f889ba9,2024,85eb9a80481d,0.943,same,"Same Crotona Pool recreation space renovation, same tracking code",sonnet,reworded
BXCB3,2023,b81f54f41423,2024,d62b299b6880,0.639,same,same East 161st Street reconstruction request 3; extent revised,sonnet,reworded
BXCB3,2024,7f6f5101881e,2025,8f218f253d9d,0.361,different,new dog runs versus pool canopy in Crotona Park,sonnet,reworded
BXCB3,2025,8f218f253d9d,2026,9662bfb5dec8,0.304,different,pool canopy versus amphitheater covering,sonnet,reworded
BXCB3,2025,8f218f253d9d,2026,e637550d253f,0.94,same,same Crotona Park Pool canopy and heating; cooling added,sonnet,reworded
BXCB3,2025,7f6f5101881e,2026,ec02a68684d2,0.945,same,Same Crotona Park dog run request; NOW suggests Hylan Park,sonnet,reworded
BXCB3,2026,9662bfb5dec8,2027,27491a889db1,0.463,same,Same Crotona Park Amphitheater covering; now a retractable roof,sonnet,reworded
BXCB4,2020,5dbc561573d3,2021,24c906adf5e0,0.868,same,Same ask to house shelter families; only homelessness statistics updated,sonnet,reworded
BXCB4,2020,7f6d00c6f5cb,2021,2bf6825cde7a,0.761,same,Same DCP master plan for city-owned Jerome Avenue and Bronx Terminal Market parcels,sonnet,reworded
BXCB4,2020,2205cad3d779,2021,53a18beef6e6,0.789,same,Same local workforce network and street vendor pilot; NOW names Jerome Avenue partnership,sonnet,reworded
BXCB4,2020,f78d465e6d10,2021,f18d5d002959,0.839,same,Same subway station rehabilitation; NOW lists 170th Street and Mt. Eden only,sonnet,reworded
BXCB4,2021,34ef7c324211,2022,098ee108e425,0.317,different,THEN Claremont Park playground reconstruction; NOW highway barrier,sonnet,reworded
BXCB4,2021,b2241a56b568,2022,18f4d3c1bd1e,0.542,same,Same request for more permanent 44th Precinct officers; NOW names NCOs,sonnet,reworded
BXCB4,2021,eb3bd269f269,2022,48987b123601,0.736,same,Same DOHMH Shop Healthy Initiative request; NOW drops FRESH modifications,sonnet,reworded
BXCB4,2021,34ef7c324211,2022,4f8e7b363e63,0.39,different,Different park: Claremont Park playgrounds versus Inwood Park asphalt,sonnet,reworded
BXCB4,2021,76e7f6cf9709,2022,5efa11ebf341,0.45,same,Same Workforce One Center request; NOW broadens sectors and sites,sonnet,reworded
BXCB4,2021,51aa5c9602c9,2022,905a11ba2187,0.727,same,Same Goble Playground reconstruction; NOW itemizes equipment and asphalt,sonnet,reworded
BXCB4,2021,ed600b4e6d7c,2022,a71d9462bcb6,0.715,same,Same middle-income housing funding advocacy; NOW adds AMI income averaging,sonnet,reworded
BXCB4,2021,dba0dfe496c4,2022,c04349abe7be,0.893,same,Same EDC and SBS support for small business plans and financing,sonnet,reworded
BXCB4,2021,fd32c22b3ed6,2022,e2e9db8356d2,0.345,same,same Jerome Avenue business compliance assistance,sonnet,reworded
BXCB4,2021,34ef7c324211,2022,efa324aa070d,0.318,different,"THEN Claremont Park playground reconstruction; NOW sidewalks, retaining walls, hoops, benches",sonnet,reworded
BXCB4,2021,3f4f3db2acec,2022,f81078f47991,0.732,same,"Same NYPL capital request including Melrose Library $1,220,000",sonnet,reworded
BXCB4,2022,db07ea330ea6,2023,2367752c7570,0.721,same,"same DHS-HPD affordable housing partnership, reworded",sonnet,reworded
BXCB4,2022,e08b5a005904,2023,2a3912adda19,0.408,same,"same ask for CB technology funding, purchase details added",sonnet,reworded
BXCB4,2022,4f8e7b363e63,2023,4f8e7b363e63,1.0,same,identical Inwood Park asphalt and painting,sonnet,reworded
BXCB4,2022,f69cb9feaedc,2023,5440c383e120,0.651,same,Shakespeare/Anderson step street named in then's list; same cleanup program,sonnet,reworded
BXCB4,2022,4c0b4fb4c147,2023,741bd7d161c6,0.541,same,"more police staff for violent crime, reason reworded",sonnet,reworded
BXCB4,2021,34ef7c324211,2023,75e36911bc9b,0.776,different,Claremont playgrounds versus Claremont sidewalks,sonnet,reworded
BXCB4,2022,402a89c9f563,2023,75e36911bc9b,0.507,different,"comfort stations vs sidewalks, different work at same park",sonnet,reworded
BXCB4,2022,8e20d76be637,2023,9cffa306b193,0.798,different,a new City grant versus disbursing federal funds faster,resolved,reworded
BXCB4,2021,34ef7c324211,2023,a362bd5d4bd0,0.641,different,Claremont playgrounds versus Claremont benches,sonnet,reworded
BXCB4,2022,402a89c9f563,2023,a362bd5d4bd0,0.55,different,"comfort stations vs park benches, different work at same park",sonnet,reworded
BXCB4,2022,f69cb9feaedc,2023,b6646b62d3a6,0.651,same,Jerome/Anderson step street named in then's list; same cleanup program,sonnet,reworded
BXCB4,2022,f69cb9feaedc,2023,b7f9c55c0154,0.543,different,a district-wide step street program versus Carroll Place,resolved,reworded
BXCB4,2022,f69cb9feaedc,2023,c7e7a435b6aa,0.514,different,a district-wide step street program versus the 168th Street step street,resolved,reworded
BXCB4,2022,efa324aa070d,2023,ca30e01d3490,0.377,same,"same Claremont Park retention wall repair, earlier among other repairs",sonnet,reworded
BXCB4,2022,ba5420df5f3f,2023,e6b43e84008e,0.694,different,senior outings programs vs health and wellness programs with screening vans,sonnet,reworded
BXCB4,2022,2ad6dec3eb33,2023,e9c689c4d9ae,0.978,same,same DOHMH services for formerly homeless facilities,sonnet,reworded
BXCB4,2022,3a384f995948,2023,f7d06eacd023,0.781,same,"same rental assistance and Section 8 request, updated statistics",sonnet,reworded
BXCB4,2022,68ef4301298a,2023,f97d075ad5ff,0.796,same,same HRA job training with SBS and JARC,sonnet,reworded
BXCB4,2023,b7f9c55c0154,2024,01fc0dc81184,0.91,same,"same Carroll Place step street rehabilitation, block range added",sonnet,reworded
BXCB4,2023,4f8e7b363e63,2024,4f8e7b363e63,1.0,same,identical Inwood Park asphalt and painting,sonnet,reworded
BXCB4,2023,34215f1c63f5,2024,4fc9faad93a7,0.703,same,Open Door term sheet sentence kept verbatim; co-op subsidy dropped,sonnet,reworded
BXCB4,2023,cc8253b51bf4,2024,5dba4b78be6c,0.818,same,same CB4 Parks Administrator position request,sonnet,reworded
BXCB4,2023,e48057b47d4a,2024,62a83fc715e4,0.776,same,"same DOHMH nutrition education for youth, reworded",sonnet,reworded
BXCB4,2023,75f9d503e0ca,2024,708ebc13a8aa,0.364,same,"more City Park Workers for park maintenance, reworded",sonnet,reworded
BXCB4,2023,b7f9c55c0154,2024,7b67d37d67a0,0.48,unsure,Carroll Place rehab vs DSNY step-street cleaning staff; shared cleanup theme,sonnet,reworded
BXCB4,2023,ffcab026e910,2024,939dc50b5e09,0.719,same,same support for Morris Avenue EMS station and site reuse,sonnet,reworded
BXCB4,2023,f97d075ad5ff,2024,a1304d5827db,0.715,same,"same HRA job training request, reworded",sonnet,reworded
BXCB4,2023,48987b123601,2024,db446bf80df9,0.429,same,same Shop Healthy support; FRESH and farmers markets added,sonnet,reworded
BXCB4,2023,c93db03bdd9d,2024,e1bab799e826,0.436,same,same HOMESTAT funding and expansion; shelter conditions added,sonnet,reworded
BXCB4,2024,741bd7d161c6,2025,12d474f84587,0.84,same,"same police staffing for crime and quality of life, scooters added",sonnet,reworded
BXCB4,2024,39a5072fc3c8,2025,39a5072fc3c8,0.801,same,identical Goble Playground equipment and asphalt request,sonnet,reworded
BXCB4,2024,4f8e7b363e63,2025,4f8e7b363e63,1.0,same,identical Inwood Park asphalt and painting,sonnet,reworded
BXCB4,2025,928716f7a5c7,2026,1c0a26b1c532,0.638,same,same HRA vouchers and set-aside ask; senior health added,sonnet,reworded
BXCB4,2025,4f8e7b363e63,2026,4f8e7b363e63,1.0,same,identical Inwood Park asphalt and painting,sonnet,reworded
BXCB4,2025,f2816785ec0b,2026,53d62c02d61d,0.948,same,"same Grant Park reconstruction, nearly identical text",sonnet,reworded
BXCB4,2025,14b825192e41,2026,5e3fb156fe8f,0.349,same,"same NYPL program funding request, reworded",sonnet,reworded
BXCB4,2025,bcab71798d9d,2026,65d861c59405,0.761,same,same support for JARC; street vendor detail added,sonnet,reworded
BXCB4,2025,33a751b63a22,2026,8622969a4386,0.939,same,"same renter funding awareness campaign, wider audience",sonnet,reworded
BXCB4,2025,a1304d5827db,2026,b22fb352c6ff,0.556,same,"same HRA job training with SBS, JARC and re-entry",sonnet,reworded
BXCB4,2025,84c41efdc58d,2026,b332c13cf8dd,0.601,same,same pre-release and supervised release programs,sonnet,reworded
BXCB4,2025,75e36911bc9b,2026,c44c07b3b017,0.546,same,"same Claremont Park sidewalk reconstruction, community interests added",sonnet,reworded
BXCB4,2025,653dcbaa8b95,2026,cabccfe2aab2,0.986,same,same funding for Bronx cultural institutions' programming,sonnet,reworded
BXCB4,2025,d11251a1a29b,2026,dd41dee56060,0.558,same,same special needs education funding,sonnet,reworded
BXCB4,2025,d0fde6b20cb1,2026,e5c477289ad8,0.936,same,same Youth Center at 1080 Ogden Avenue,sonnet,reworded
BXCB4,2025,88468a76aec2,2026,ed0beb582208,0.978,same,same local construction workforce with HPD; EDC added,sonnet,reworded
BXCB4,2025,186e376badb1,2026,f82d2e5263a9,0.524,same,"same DOHMH services at facilities for formerly homeless, expanded detail",sonnet,reworded
BXCB4,2026,a362bd5d4bd0,2027,09ca951dc439,0.756,same,same Claremont Park bench replacement,sonnet,reworded
BXCB4,2026,cabccfe2aab2,2027,0b56bb683ceb,0.829,same,same funding for Bronx cultural institutions,sonnet,reworded
BXCB4,2026,664b3ec2db96,2027,0fff938417db,0.631,unsure,"the same wording, but Mullaly Park became Foster Park",resolved,reworded
BXCB4,2026,4f8e7b363e63,2027,1a3e793561b9,0.566,same,same Inwood Park asphalt and paint,sonnet,reworded
BXCB4,2026,01fc0dc81184,2027,1e99f9851cdb,0.68,same,same Carroll Place step street rehabilitation,sonnet,reworded
BXCB4,2026,6b2365521066,2027,20976249903b,0.99,same,same 153rd Street Bridge advocacy,sonnet,reworded
BXCB4,2026,538a68b20df9,2027,256afac082fd,0.506,same,same Macombs Dam Park turf and lighting,sonnet,reworded
BXCB4,2026,7417ab3c261e,2027,3978ed062cb6,0.377,same,same DFTA My Ride update and expansion,sonnet,reworded
BXCB4,2026,8d8a50af73bb,2027,3ab8becc9a54,0.898,same,same additional horticultural employees,sonnet,reworded
BXCB4,2026,f56eca84cc66,2027,49a60d35f438,0.9,same,same Jerome Avenue high-intensity lighting,sonnet,reworded
BXCB4,2026,9cd2828cbdaa,2027,51aa6c649cd3,0.916,same,same Mount Eden Mall bench repair,sonnet,reworded
BXCB4,2026,d2e6f5cd4e7d,2027,6ad3b063ffdb,0.971,same,same Parks vehicle fleet replacement,sonnet,reworded
BXCB4,2026,1e43c6641a49,2027,6adc16d52b75,0.435,same,same step street behind PS 73,sonnet,reworded
BXCB4,2026,48d64f1f5c00,2027,6c0d380c470d,0.368,same,same DHS-HPD affordable housing partnership; CityFHEPS and engagement added,sonnet,reworded
BXCB4,2026,b332c13cf8dd,2027,6ed5dafa8d21,0.419,same,reentry programs repeated in full; HOMESTAT and shelter conditions added,sonnet,reworded
BXCB4,2026,1c0a26b1c532,2027,79497966f822,0.552,same,same HRA vouchers and senior health; updated figures,sonnet,reworded
BXCB4,2026,bca462615dc3,2027,8b8dbcdd15c9,0.781,same,same Keltch Park reconstruction,sonnet,reworded
BXCB4,2026,708ebc13a8aa,2027,8ecb1d1959fd,0.916,same,same additional permanent City Park Workers,sonnet,reworded
BXCB4,2026,f82d2e5263a9,2027,9b972ff0bd97,0.322,same,"same DOHMH-DHS services at transitional housing, expanded detail",sonnet,reworded
BXCB4,2026,c44c07b3b017,2027,9d0bb23eeb2b,0.794,same,"same Claremont Park reconstruction with sidewalks, courts and pool",sonnet,reworded
BXCB4,2026,53d62c02d61d,2027,9df93f3af27e,0.93,same,same Grant Park reconstruction text,sonnet,reworded
BXCB4,2026,7e958cb7fcc7,2027,bb583f8419f5,0.925,same,same additional PEP officers,sonnet,reworded
BXCB4,2026,db446bf80df9,2027,c5c0912a73e6,0.451,same,"same Shop Healthy, FRESH, farmers markets; outreach added",sonnet,reworded
BXCB4,2026,402a89c9f563,2027,c7500b2037fe,0.635,same,same Claremont Park comfort station renovation,sonnet,reworded
BXCB4,2026,7417ab3c261e,2027,eb3b3ba3228f,0.419,same,same DFTA My Ride update and expansion,sonnet,reworded
BXCB4,2026,ca30e01d3490,2027,fccad7c9f551,0.607,same,same Claremont Park retention wall repair,sonnet,reworded
BXCB5,2022,b0de21b92e0e,2023,1bb9cba4ec00,0.337,different,anti-gang violence programs vs anti-substance abuse programs,sonnet,reworded
BXCB5,2024,8d49c280c290,2025,8d49c280c290,0.94,same,same Davidson Community Center renovation and expansion,sonnet,reworded
BXCB5,2025,9b1097c2ed2f,2026,3ef9c1270daf,0.91,same,identical GreenThumb transfer with a corrected cross street,resolved,reworded
BXCB5,2025,609ed31941e2,2026,7a5f0a7b61d0,0.937,same,same community garden program expansion,sonnet,reworded
BXCB5,2025,8d49c280c290,2026,883f71913c57,0.858,same,same Davidson Community Center expansion; completion funding noted,sonnet,reworded
BXCB5,2025,e12cba404204,2026,ad418ea833ee,0.859,same,same emergency food assistance expansion,sonnet,reworded
BXCB5,2025,6a4fea392893,2026,cc6c1eea9778,0.956,same,same victim support services program,sonnet,reworded
BXCB5,2025,90c2bc7e98f3,2026,f5d014b340f9,1.0,same,same independent living skills program for single mothers,sonnet,reworded
BXCB5,2025,08cdac394221,2026,fa10ac1dc2f8,1.0,same,same immigrant services funding,sonnet,reworded
BXCB6,2020,c4a255fa1baf,2021,39634bb6e41f,0.879,same,"same vouchers for permanent housing, DHS to HRA",sonnet,reworded
BXCB6,2020,54c3a932b329,2021,3c67d81eec48,0.487,same,same Summer Youth Employment slots; title carries the ask,sonnet,reworded
BXCB6,2020,27c2cefc0369,2021,66f58812259b,0.394,different,district-wide cans versus Southern Boulevard stretch not named earlier,sonnet,reworded
BXCB6,2020,10e89b289267,2021,66f58812259b,0.317,different,Southern Boulevard congestion versus trash cans,sonnet,reworded
BXCB6,2020,7a4b27410bc2,2021,7598887253cf,0.474,different,"different street, Monterey Avenue versus Vyse Avenue",sonnet,reworded
BXCB6,2020,f293448ffba6,2021,78484ee0f7b0,0.625,same,same out-of-school youth job training,sonnet,reworded
BXCB6,2020,b8557932572f,2021,82b7e05feaf9,0.606,same,"same East 180th Street resurfacing, same stretch",sonnet,reworded
BXCB6,2020,a2db6602c1e0,2021,89335d721efc,0.801,unsure,earlier request has no detail; cannot tell it meant Murphy Cornerstone,sonnet,reworded
BXCB6,2020,6baa2de35d91,2021,8abea0ba1cea,0.343,different,Phone system purchase versus converting staff positions to full-time,sonnet,reworded
BXCB6,2020,5cff86e383f3,2021,936f5e6dbf77,0.837,same,same additional community affairs officers,sonnet,reworded
BXCB6,2020,6870087b315f,2021,a1ab899c7962,0.697,unsure,earlier request has no detail or location; cannot match Southern Boulevard,sonnet,reworded
BXCB6,2020,10e89b289267,2021,be633035d5f2,0.399,different,"Traffic congestion on Southern Boulevard versus street lighting, different stretch",sonnet,reworded
BXCB6,2020,0e5540547712,2021,be633035d5f2,0.306,unsure,earlier request has no detail or location; cannot match Southern Boulevard,sonnet,reworded
BXCB6,2020,b37a9b143a3f,2021,cbc0c8aedaba,0.823,same,same preventive services for youth; title carries the ask,sonnet,reworded
BXCB6,2020,10e89b289267,2021,dcddc62e14f7,0.434,same,"same Southern Boulevard congestion, same stretch",sonnet,reworded
BXCB6,2020,14f374bf6e43,2021,df9749002de4,0.795,same,same elementary after-school programs; title carries the ask,sonnet,reworded
BXCB6,2020,dfb8843b4591,2021,ee9e1c184034,0.342,unsure,no FY2020 text; P-Tech school may differ,sonnet,reworded
BXCB6,2020,926ba2f3bcf3,2021,ffbfbed88360,0.681,same,same skills training for at-risk high school students,sonnet,reworded
BXCB6,2021,3d151b162a83,2022,0410bcb27df2,0.608,same,same low-income housing title; FY2022 text only 'Housing support',sonnet,reworded
BXCB6,2021,994660ac24f3,2022,05312825fab7,0.47,same,same new elementary school for District 12,sonnet,reworded
BXCB6,2020,6a78790f7061@9a207b,2022,074164ea2568@375791,1.0,different,different street: Bathgate Avenue versus East 177th Street at Tremont,sonnet,site
BXCB6,2021,6a78790f7061@9a207b,2022,074164ea2568@375791,1.0,different,different street: Bathgate Avenue versus East 177th Street at Tremont,sonnet,site
BXCB6,2021,f36ac0306273,2022,163d46564b0f,0.313,different,Fairmount Playground vs Bathgate Playground,sonnet,reworded
BXCB6,2021,3d151b162a83,2022,27e586b1c015,0.412,same,same low-income housing category; reason changed to COVID eviction,sonnet,reworded
BXCB6,2020,cee7330edbff,2022,27e586b1c015,0.351,unsure,generic HRA title with no explanation versus HPD housing support,sonnet,reworded
BXCB6,2021,dcddc62e14f7,2022,2faaa4d731d6,0.618,different,"different location, Southern Boulevard versus 174th and Webster",sonnet,reworded
BXCB6,2021,fa59e6aabbcf,2022,372ccd5cda1f,0.43,same,"same supportive housing for formerly homeless, narrowed",sonnet,reworded
BXCB6,2021,7d26c1fe0988,2022,42ad9ee956da,0.323,different,Boston Road crosswalks versus daylighting at Arthur Avenue and East Tremont,sonnet,reworded
BXCB6,2021,47dcec4cf873,2022,4580a86e4dc5,0.364,unsure,non-degree job matching shared; HRA adults became YCD youth,sonnet,reworded
BXCB6,2021,f19c6dc22106,2022,47aef38cecda,0.329,same,same middle-income housing request,sonnet,reworded
BXCB6,2020,86989d423337,2022,525a4434b956,0.483,same,same homelessness prevention programs,sonnet,reworded
BXCB6,2021,82b7e05feaf9,2022,5f710717fbf6,0.434,different,"different street resurfaced, East 180th versus 179th",sonnet,reworded
BXCB6,2020,cd52a02d8fdc,2022,7ed13d6ad8ee,0.421,different,storefront facade program versus traffic calming at one intersection,sonnet,reworded
BXCB6,2021,7d26c1fe0988,2022,7ed13d6ad8ee,0.357,different,"Boston Road crosswalks versus Webster Avenue traffic calming, different intersection",sonnet,reworded
BXCB6,2021,7d26c1fe0988,2022,897b45f4fd8c,0.571,unsure,"Crosswalks at Boston Road versus calming at West Farms Road; same hub, different measures",sonnet,reworded
BXCB6,2020,7a694af813cd,2022,897b45f4fd8c,0.48,different,BID feasibility study versus traffic calming at an intersection,sonnet,reworded
BXCB6,2020,dfb8843b4591,2022,a91ca99ea56c,0.416,same,same new or expanded high school request,sonnet,reworded
BXCB6,2021,7d26c1fe0988,2022,b5c98051555e,0.549,different,Boston Road crosswalks versus East Tremont Avenue pothole repair,sonnet,reworded
BXCB6,2020,7a694af813cd,2022,b5c98051555e,0.47,different,East Tremont BID planning versus pothole repair,sonnet,reworded
BXCB6,2021,82b7e05feaf9,2022,b5c98051555e,0.415,different,"different street, East 180th versus East Tremont Avenue",sonnet,reworded
BXCB6,2021,a1ab899c7962,2022,c864cb2e565a,0.328,different,Southern Boulevard curbs versus Webster and Fordham traffic calming,sonnet,reworded
BXCB6,2021,7d26c1fe0988,2022,c9fb96d8d397,0.642,different,Boston Road crosswalks versus East 175th Street resurfacing,sonnet,reworded
BXCB6,2021,82b7e05feaf9,2022,c9fb96d8d397,0.583,different,"different street, East 180th versus East 175th",sonnet,reworded
BXCB6,2021,26b5905c8b2d,2022,d03e9fdb4b4a,0.55,same,"same Tremont Park programming, audiences added",sonnet,reworded
BXCB6,2021,7d26c1fe0988,2022,d0b1686ab450,0.372,different,Boston Road crosswalks versus 3rd Avenue and East Tremont traffic calming,sonnet,reworded
BXCB6,2020,7a4b27410bc2,2022,d0b1686ab450,0.308,different,alternate-side parking enforcement versus traffic calming at another intersection,sonnet,reworded
BXCB6,2021,3a078e84af78,2022,eb1570b3973d,0.367,same,same new middle school for District 12,sonnet,reworded
BXCB6,2021,47d77952ae55,2022,f296081e3a6d,0.368,different,corridor upzoning study versus M-1 districts rezoning study,sonnet,reworded
BXCB6,2022,0410bcb27df2,2023,0410bcb27df2,1.0,same,identical low-income housing support request,sonnet,reworded
BXCB6,2020,6a78790f7061@9a207b,2023,074164ea2568@176864,1.0,different,different street: Bathgate Avenue versus East 177th Street,sonnet,site
BXCB6,2021,6a78790f7061@9a207b,2023,074164ea2568@176864,1.0,different,different street: Bathgate Avenue versus East 177th Street,sonnet,site
BXCB6,2022,3d48047885ba,2023,3d48047885ba,1.0,same,identical senior housing support request,sonnet,reworded
BXCB6,2022,2d9105a0ca69,2023,8640370dfcc8,0.822,same,"same graffiti-free removal program, broader title",sonnet,reworded
BXCB6,2020,cd52a02d8fdc,2023,8f567da324fe,0.56,same,"same SBS storefront facade program on East Tremont corridor, wider extent",sonnet,reworded
BXCB6,2021,608e15cf60d1,2023,9df29393046a,0.498,same,"same homeless veterans programs request, explanation dropped",sonnet,reworded
BXCB6,2020,adc08cd60b5d,2023,c1b1e4cdd446,0.868,unsure,no explanation in either year,rule,reworded
BXCB6,2020,7a694af813cd,2023,c1f00809f657,0.649,same,"same East Tremont BID feasibility study, corridor extent restated",sonnet,reworded
BXCB6,2020,d3d2130ead44,2023,d3d2130ead44,1.0,unsure,no explanation in either year,rule,reworded
BXCB6,2022,ddc9acf508aa,2023,ddc9acf508aa,1.0,same,identical rental subsidies request,sonnet,reworded
BXCB6,2022,f5ad68a5ce4b,2023,f5ad68a5ce4b,0.934,same,identical mental health prevention request,sonnet,reworded
BXCB6,2023,c1f00809f657,2024,32dbdf9a1fcc,0.677,different,"BID feasibility study vs merchant organizing, different work",sonnet,reworded
BXCB6,2022,897b45f4fd8c,2024,4a0e27d5b625,0.378,different,traffic calming versus West Farms sewer capacity evaluation,sonnet,reworded
BXCB6,2023,c1b1e4cdd446,2024,6722aa14e022,0.684,same,same eviction prevention services; title carries the ask,sonnet,reworded
BXCB6,2021,936f5e6dbf77,2024,8301d4c653ec,0.302,different,community affairs officers versus uniformed precinct officers,sonnet,reworded
BXCB6,2023,46357ac7f149,2024,8c19c1b941a2,0.637,same,same occupational skills training; Workforce1 detail added,sonnet,reworded
BXCB6,2023,c864cb2e565a,2024,b40f814ad490,0.314,different,traffic calming versus study of bus redesign traffic effects,sonnet,reworded
BXCB6,2023,c864cb2e565a,2024,e88da6485caa,0.803,different,"different intersection, Webster versus Southern Boulevard at Fordham",sonnet,reworded
BXCB6,2021,dcddc62e14f7,2024,e88da6485caa,0.53,different,congestion relief on Southern Blvd stretch versus traffic calming at intersection,sonnet,reworded
BXCB6,2022,897b45f4fd8c,2024,e88da6485caa,0.358,different,different intersection: Fordham and Southern versus West Farms and Tremont,sonnet,reworded
BXCB6,2023,9df29393046a,2024,fcdc4d991939,0.56,unsure,"no FY2023 text; FY2024 text is DHS security, not veterans",sonnet,reworded
BXCB6,2023,3d48047885ba,2024,fce057ac4086,0.817,unsure,a general housing line versus senior housing,resolved,reworded
BXCB6,2024,605cf762a8f7,2025,11d0337f22c6,0.739,same,same Mt. Carmel Senior Center capital and rent support,sonnet,reworded
BXCB6,2024,20cadb2b2974,2025,158d11bb9433,0.676,same,same new elementary school for 558-seat need; Lambert Houses added,sonnet,reworded
BXCB6,2024,6722aa14e022,2025,17253be27a05,0.587,same,"same eviction prevention services in CB6, reworded",sonnet,reworded
BXCB6,2024,0612bf3a0747,2025,277022459b6a,0.414,different,job-matching employment services vs vocational training programming,sonnet,reworded
BXCB6,2024,0612bf3a0747,2025,404031f5495e,0.406,different,employment services expansion vs list of youth programs,sonnet,reworded
BXCB6,2023,9df29393046a,2025,77bd4851367f,0.692,different,homeless veteran programs versus constructing housing for veterans,sonnet,reworded
BXCB6,2024,fcdc4d991939,2025,77bd4851367f,0.394,different,DHS site security vs HPD housing for homeless veterans,sonnet,reworded
BXCB6,2024,0612bf3a0747,2025,846d12637ed9,0.788,same,"same out-of-school youth employment services, reworded",sonnet,reworded
BXCB6,2024,abd87a1fcb14,2025,8b1028992439,0.341,different,Cure Violence funding vs list of LGBT health services,sonnet,reworded
BXCB6,2024,abd87a1fcb14,2025,adb63fb1c6a9,0.332,different,Cure Violence funding vs list of mental health programs,sonnet,reworded
BXCB6,2024,6722aa14e022,2025,bbf682e78864,0.385,different,eviction prevention staffing vs list of providers,sonnet,reworded
BXCB6,2024,32dbdf9a1fcc,2025,d4102bbc40f2,0.425,same,same East Tremont merchant organizing; grant outreach detail added,sonnet,reworded
BXCB6,2024,abd87a1fcb14,2025,f7895d110393,0.423,different,Cure Violence funding vs mental health access data,sonnet,reworded
BXCB6,2024,fce057ac4086,2025,fce057ac4086,1.0,same,identical senior housing request,sonnet,reworded
BXCB6,2025,7c4cf02a00bc,2026,245b23dba132,0.593,same,same HPD encouragement of Open Door use,sonnet,reworded
BXCB6,2025,4a0e27d5b625,2026,3d82de0d914d,0.33,different,sewer capacity evaluation vs West Farms Square street redesign,sonnet,reworded
BXCB6,2025,43ee434556bf,2026,4541778bb149,0.459,unsure,same home care rights concern; programming became resource guide,sonnet,reworded
BXCB6,2025,abd87a1fcb14,2026,4eedaff32a77,0.372,different,Cure Violence funding vs parks programming,sonnet,reworded
BXCB6,2025,11d0337f22c6,2026,abc1e4235d71,0.432,unsure,"Mt. Carmel rent coverage shared; capital dropped, full operating cost added",sonnet,reworded
BXCB6,2025,0260b0de630b,2026,cd85f3989583,0.327,different,Fordham Plaza maintenance vs finding kiosk vendors,sonnet,reworded
BXCB6,2025,fce057ac4086,2026,fce057ac4086,1.0,same,identical senior housing request,sonnet,reworded
BXCB6,2026,4eedaff32a77,2027,0253c430b27d,0.43,different,parks programming vs CUNY workforce programs,sonnet,reworded
BXCB6,2026,fac19fd47e51,2027,856fa9f3f680,0.35,different,East Tremont streetscaping vs repaving,sonnet,reworded
BXCB6,2026,abd87a1fcb14,2027,876222651c62,0.332,different,Cure Violence funding vs NYPD youth violence programs,sonnet,reworded
BXCB6,2026,3d82de0d914d,2027,91f9bc364e73,0.537,different,street redesign vs subway elevators at West Farms Square,sonnet,reworded
BXCB6,2025,4a0e27d5b625,2027,91f9bc364e73,0.404,different,sewer capacity evaluation versus elevators at West Farms Square station,sonnet,reworded
BXCB6,2026,56ae129dbd7c,2027,edb417a98fd1,0.701,different,cameras at 180th and Park vs throughout CB6,sonnet,reworded
BXCB6,2026,15f5cd049c7f,2027,f011ea828285,0.484,different,BRAC operating funds vs elevator repair capital,sonnet,reworded
BXCB6,2026,fce057ac4086,2027,fce057ac4086,1.0,same,identical senior housing request,sonnet,reworded
BXCB7,2020,14c511393455,2021,23ae9df901bd,0.39,different,stone stairs repair versus new sidewalk at Holt Place,sonnet,reworded
BXCB7,2020,46a909f12442@11b72e,2021,5c9501e8d521@016290,1.0,same,same congestion study on district roads; Fordham Road added to list,sonnet,site
BXCB7,2020,5ca90051249d,2021,6c66d75e1ff9,0.846,same,same dedicated gardener for large parks; park list shifted,sonnet,reworded
BXCB7,2020,14c511393455,2021,70f430cbc78d,0.37,different,Stone stairs ADA repair versus new fitness station at Williamsbridge Oval,sonnet,reworded
BXCB7,2020,803209392c9f,2021,83a6416f2518,0.738,same,same bus time clocks; more lines added,sonnet,reworded
BXCB7,2020,cafcad429f06,2021,d398a93668cb,0.757,same,same Oliver Place vacant lot playground or garden,sonnet,reworded
BXCB7,2020,e36bc04644c0,2021,e36bc04644c0,0.815,same,identical storefront and facade improvement request,sonnet,reworded
BXCB7,2020,21bee2aca769,2021,e68866637fea,0.693,same,same Jerome Avenue municipal garage expansion,sonnet,reworded
BXCB7,2020,0be48fb68905,2021,ea4c7dd2c7e7,0.73,same,same Bailey Houses maintenance and cleanliness,sonnet,reworded
BXCB7,2020,f3773aca4d10,2021,ed4bc50e7f58,0.328,different,playground rehabilitation versus playground associate staffing at Devoe Park,sonnet,reworded
BXCB7,2021,87a23961fc9f,2022,01710f0d13d9,0.867,same,same Beacon program expansion,sonnet,reworded
BXCB7,2021,9272dda2ef63,2022,0eb8e60e49ff,1.0,same,same new middle school in CB 7,sonnet,reworded
BXCB7,2021,b98a70a0d460,2022,1b61e285e51c,0.596,same,same specialized high school test preparation,sonnet,reworded
BXCB7,2021,23ae9df901bd,2022,2cc417b1d9df,0.78,same,same Holt Place entrance pavement fix at Williamsbridge Oval,sonnet,reworded
BXCB7,2021,2a5aaa1720bb,2022,2e65dde26a66,0.616,same,same new elementary school for overcrowding,sonnet,reworded
BXCB7,2021,66324cd5e878,2022,33e64b43189e,0.581,same,same St. James Rec Center fitness equipment,sonnet,reworded
BXCB7,2021,fdf72226fa7a,2022,3bbd97584efe,0.492,same,same additional housing inspection personnel; DOB added,sonnet,reworded
BXCB7,2021,83a6416f2518,2022,42fd21502960,0.359,same,same bus time clocks; fewer lines named,sonnet,reworded
BXCB7,2021,3ee64e66acb1,2022,482bbd41004a,1.0,same,same Bainbridge Avenue sidewalk repaving,sonnet,reworded
BXCB7,2021,b3585a6a7277,2022,49c949fd4867,0.679,same,"same community board budget increase to $350,000",sonnet,reworded
BXCB7,2021,e68866637fea,2022,4b3a147c4ee7,0.994,same,same Jerome Avenue municipal garage expansion,sonnet,reworded
BXCB7,2021,70f430cbc78d,2022,539be800b228,0.705,same,same Williamsbridge Oval fitness station request,sonnet,reworded
BXCB7,2021,da9262fcf9df,2022,574c4877aad6,0.492,same,same community center at former Bronx Library Center; agency changed,sonnet,reworded
BXCB7,2021,ea4c7dd2c7e7,2022,59451360a54e,0.403,same,same Bailey Houses common space and sidewalk maintenance,sonnet,reworded
BXCB7,2021,6c66d75e1ff9,2022,5ee2a3f42988,0.735,same,same gardener for the same parks; maintenance staff added,sonnet,reworded
BXCB7,2021,58d2c30d5a09,2022,617827b2ba61,0.315,same,"same DOHMH nutrition education, reworded",sonnet,reworded
BXCB7,2021,1b10e5c0b06d,2022,6248167e428b,0.695,same,same Williamsbridge Oval perimeter fence repair,sonnet,reworded
BXCB7,2021,aecc0d08a345,2022,6e28050430ca,0.742,same,"same Devoe Park drainage, curbs and benches",sonnet,reworded
BXCB7,2021,655527b4c12d,2022,7fa4c5f6ffbf,0.96,same,same Devoe Park storage house repurposing,sonnet,reworded
BXCB7,2021,b96f772fc322,2022,8aa2a8161fbe,0.615,same,same Dewitt Clinton High School pool repairs,sonnet,reworded
BXCB7,2021,e3824268c30e,2022,ab2274a1f72e,0.709,same,same middle-income housing; Open Door ownership detail added,sonnet,reworded
BXCB7,2021,23ae9df901bd,2022,b693a10000bf,0.334,different,Holt Place sidewalk versus surveillance cameras at four parks,sonnet,reworded
BXCB7,2021,049af85fa8f0,2022,b892c1985a5d,0.761,same,same basketball court renovation with new backboards,sonnet,reworded
BXCB7,2021,732882a588b1,2022,c242ce30bbaa,0.972,same,same canine waste enforcement; public education added,sonnet,reworded
BXCB7,2021,5370a221207a,2022,d64123a01677,0.68,same,same elevator at Mosholu Parkway #4 station,sonnet,reworded
BXCB7,2021,4489b8883b85,2022,df3db81fc3b6,0.749,same,same subway cleaning and rehabilitation; B line added,sonnet,reworded
BXCB7,2020,46a909f12442@11b72e,2022,e17e0c0c99e3@016290,1.0,same,same congestion study on district roads; Jerome and Fordham added to list,sonnet,site
BXCB7,2022,ee9f451e79a6,2023,083fef7d3dca,0.515,same,the same catch basins and flooding at Bainbridge and Van Cortlandt Avenue East,resolved,reworded
BXCB7,2022,35ad538e0c13,2023,0c8401d506e8,0.854,same,same Fordham Road to LaGuardia bus line,sonnet,reworded
BXCB7,2022,34b75b7476b3,2023,1013b3ab65f5,0.864,same,same Gifted and Talented program plus test prep in CD7,sonnet,reworded
BXCB7,2022,5b21b08377c6,2023,282b293ee53f,0.368,different,New Regatta Park creation versus rehabilitating existing Fordham Landing field and courts,sonnet,reworded
BXCB7,2022,2cc417b1d9df,2023,2a328811b405,0.95,same,same Holt Place entrance pavement repair,sonnet,reworded
BXCB7,2022,7a6e9688c3e4,2023,3b819376b141,0.953,same,"same B/D express service extension, narrowed hours",sonnet,reworded
BXCB7,2022,bde9e4e18b0c,2023,52e25f52bd84,0.545,same,same Former Bainbridge Library youth/community center,sonnet,reworded
BXCB7,2022,4b3a147c4ee7,2023,5565431d4727,0.509,same,same Jerome Avenue garage expansion; more stories and charging added,sonnet,reworded
BXCB7,2022,7fa4c5f6ffbf,2023,5965e1d036a9,0.957,same,same Devoe Park vacant storage house repurposing,sonnet,reworded
BXCB7,2022,3bbd97584efe,2023,676eac1e8cda,0.572,same,DOB half of earlier HPD/DOB code-enforcement staffing request,sonnet,reworded
BXCB7,2022,d64123a01677,2023,86fd94e53de7,0.988,same,same Mosholu Parkway 4 train ADA elevator,sonnet,reworded
BXCB7,2020,0fda78437e01,2023,8856779fcd16,0.303,different,animal shelter versus rat and mosquito pest control,sonnet,reworded
BXCB7,2022,d79214c50c67,2023,a6d6716596ed,0.44,same,"same Frisch Field athletic field project, now with plans",sonnet,reworded
BXCB7,2022,f3773aca4d10,2023,b307cfb3c3a4,0.953,same,same Devoe Park two-playground rehabilitation,sonnet,reworded
BXCB7,2022,c242ce30bbaa,2023,c10569a52a63,0.934,same,same canine waste enforcement and education; adds bags,sonnet,reworded
BXCB7,2022,e6610a2515b1,2023,c9e00a1f4adf,0.862,same,same job readiness and empowerment program funding,sonnet,reworded
BXCB7,2022,539be800b228,2023,cb1551fbecb8,0.408,different,Outdoor fitness station versus ADA access to the recreation center,sonnet,reworded
BXCB7,2022,ec0eacd765fc,2023,cb1551fbecb8,0.312,different,stone stairs ADA versus ADA access to Recreation Center building,sonnet,reworded
BXCB7,2020,46a909f12442@11b72e,2023,e17e0c0c99e3@016290,1.0,same,same congestion study on district roads; Jerome and Fordham added to list,sonnet,site
BXCB7,2022,6e28050430ca,2023,f15aec639b7a,0.445,same,"same Devoe Park drainage and bench request, reworded",sonnet,reworded
BXCB7,2022,3bbd97584efe,2023,f4670e67ebe8,0.943,same,same HPD housing code enforcement staffing; DOB dropped,sonnet,reworded
BXCB7,2023,c9e00a1f4adf,2024,13a5e914ba8a,0.921,same,"same job readiness program funding, updated rate",sonnet,reworded
BXCB7,2023,8aa2a8161fbe,2024,148c896f9dd3,0.995,same,same Dewitt Clinton High School pool repairs,sonnet,reworded
BXCB7,2022,33e64b43189e@051c19,2024,33e64b43189e@45d912,1.0,same,same St. James Recreation Center fitness equipment; Register address recorded differently,sonnet,site
BXCB7,2023,33e64b43189e@051c19,2024,33e64b43189e@45d912,1.0,same,same St. James Recreation Center fitness equipment; Register address recorded differently,sonnet,site
BXCB7,2023,db39fb3b843b,2024,3f51436fc5ee,1.0,same,"same local business marketing support, near-identical text",sonnet,reworded
BXCB7,2022,482bbd41004a,2024,40477acdb443,0.579,different,Bainbridge sidewalk repaving versus Mosholu Parkway walkway repair and lighting,sonnet,reworded
BXCB7,2021,5bfb21303940,2024,40477acdb443,0.344,different,stone pillar repair versus walkway repair and lighting on Mosholu Parkway,sonnet,reworded
BXCB7,2023,7c646c37d645,2024,5e47de7dc07d,0.438,same,same chronic disease and nutrition education funding,sonnet,reworded
BXCB7,2023,cb1551fbecb8,2024,8cd478e78d2c,0.608,same,"same Williamsbridge Oval Recreation Center ADA access, now elevator",sonnet,reworded
BXCB7,2023,b8e3cb980592,2024,93d4cf2abc97,0.701,same,same veterans health program funding at 260 East 188th,sonnet,reworded
BXCB7,2021,cc1a5262041a,2024,9dc6b1e8c2f1,0.395,different,Kingsbridge underpass cleanup versus Kingsbridge Road BID formation,sonnet,reworded
BXCB7,2020,46a909f12442@11b72e,2024,b491aa1bdea0@016290,1.0,same,same congestion study on Gun Hill and Kingsbridge; other roads swapped,sonnet,site
BXCB7,2023,0eb8e60e49ff,2024,b59d43f6ca2b,1.0,same,"same new CB7 middle school request, reworded",sonnet,reworded
BXCB7,2023,8856779fcd16,2024,c0e8172ba0a8,0.879,same,"same pest control funding, adds Rat Academy",sonnet,reworded
BXCB7,2023,86fd94e53de7,2024,d4b71f0870b6,0.665,same,"same Mosholu Parkway 4 train elevator project, monitoring",sonnet,reworded
BXCB7,2021,5bfb21303940,2024,da9b47b8848c,0.317,different,stone pillar repair versus catch basin cleaning,sonnet,reworded
BXCB7,2023,8c4cc09ffb98,2024,edccdd747438,0.702,same,same sanitation enforcement on commercial corridors,sonnet,reworded
BXCB7,2024,8e96afcad7dc,2025,022d824d82de,0.816,same,"same Grand Concourse tunnel lighting and cleaning, adds Kingsbridge Rd",sonnet,reworded
BXCB7,2024,35d48869bae5,2025,0ffdb8ae669e,0.861,same,same Williamsbridge Oval Bocce Court repurposing,sonnet,reworded
BXCB7,2024,18d99e20e89a,2025,1fa80229fa6e,0.733,same,same DOB code enforcement personnel,sonnet,reworded
BXCB7,2024,3a4f36a9045a,2025,44c859825253,0.994,same,same Mosholu Parkway total rehabilitation,sonnet,reworded
BXCB7,2024,33e64b43189e,2025,57fc6f503aee,0.9,same,same St. James Recreation Center fitness equipment,sonnet,reworded
BXCB7,2022,482bbd41004a,2025,757ce769a9ad,0.405,different,Bainbridge sidewalk repaving versus Mosholu Playground renovation,sonnet,reworded
BXCB7,2024,b307cfb3c3a4,2025,757ce769a9ad,0.369,different,"Devoe Park playgrounds versus Mosholu Playground, different sites",sonnet,reworded
BXCB7,2023,c6409310bb9b,2025,757ce769a9ad,0.326,different,Williamsbridge Oval stairs versus Mosholu Playground renovation,sonnet,reworded
BXCB7,2024,ceea4a7680e5,2025,78ad2bd71f5b,0.942,same,"same park surveillance cameras, one more park added",sonnet,reworded
BXCB7,2024,cfe45478eb3e,2025,7e385516f1e6,0.695,same,same 207 Street Bridge traffic safety problem,sonnet,reworded
BXCB7,2024,edc5d789e82f,2025,892d9237c670,0.992,same,same 52nd Precinct sub-precinct request,sonnet,reworded
BXCB7,2024,cfe45478eb3e,2025,8e7c578b7ddb,0.813,same,"same 207 Street Bridge traffic agents, now under NYPD",sonnet,reworded
BXCB7,2024,539be800b228,2025,8ed0308e6892,1.0,same,same Williamsbridge Oval outdoor fitness station,sonnet,reworded
BXCB7,2024,93d4cf2abc97,2025,9e86dca78805,0.982,same,same veterans health program funding; agency label differs,sonnet,reworded
BXCB7,2024,b491aa1bdea0,2025,b4eba51118b7,0.995,same,"same congestion on Jerome, Gun Hill, Kingsbridge and Fordham",sonnet,reworded
BXCB7,2023,c6409310bb9b,2025,cbe7221c4f19,0.326,different,stair repair versus portable lighting at same park,sonnet,reworded
BXCB7,2024,539be800b228,2025,cbe7221c4f19,0.31,different,fitness station versus portable lighting at Williamsbridge Oval,sonnet,reworded
BXCB7,2024,c0e8172ba0a8,2025,ccb61e950483,0.907,same,"same pest control and Rat Academy funding, adds lantern fly",sonnet,reworded
BXCB7,2024,b892c1985a5d,2025,e8a1e3d646e3,0.923,same,"same basketball court resurfacing and backboards, park now named",sonnet,reworded
BXCB7,2024,1378028945d0,2025,f2217d68a479,0.74,different,NYPL capital improvements versus programming expense funding,sonnet,reworded
BXCB7,2023,a6d6716596ed,2026,11c3045d3427,0.327,different,baseball field construction versus drainage improvements at Frisch Field,sonnet,reworded
BXCB7,2025,f15aec639b7a,2026,1bf87cfa8349,0.662,different,"flooding at Devoe Park versus Williamsbridge Oval, different parks",sonnet,reworded
BXCB7,2023,c6409310bb9b,2026,1bf87cfa8349,0.526,different,stair repair versus drainage fix at Williamsbridge Oval,sonnet,reworded
BXCB7,2025,b59d43f6ca2b,2026,378318c3f142,0.838,same,same new middle school request in CB7,sonnet,reworded
BXCB7,2025,c6efed3245c0,2026,51b8648d6088,0.969,same,"same job readiness program funding, updated rate",sonnet,reworded
BXCB7,2025,d4b71f0870b6,2026,745a333cae32,0.469,different,Mosholu Parkway 4 train elevator versus 205th Street D train elevator,sonnet,reworded
BXCB7,2025,757ce769a9ad,2026,757ce769a9ad,1.0,same,identical Mosholu Playground renovation request,sonnet,reworded
BXCB7,2025,c1bd6da84809,2026,cc6faeeadf1c,0.838,different,subway B/D express service versus district bus service,sonnet,reworded
BXCB7,2025,892d9237c670,2026,cee5c3048053,0.932,same,"same 52nd Precinct sub-precinct, officer count changed",sonnet,reworded
BXCB7,2025,2e65dde26a66,2026,e6a7204ea95a,0.586,same,same new or expanded elementary school request,sonnet,reworded
BXCB7,2026,28f7812e9456,2027,1f6f2794ed14,0.58,same,"same community board office space, adds egress detail",sonnet,reworded
BXCB7,2026,18708d38e0e1,2027,2e0b346d4f6f,0.849,same,same University Woods Park path railings,sonnet,reworded
BXCB7,2025,8ed0308e6892,2027,58df13449dd5,0.391,different,outdoor fitness station versus dog run upgrade at same park,sonnet,reworded
BXCB7,2026,b4532df9cc94,2027,58df13449dd5,0.372,different,perimeter fence repair versus dog run upgrade at same park,sonnet,reworded
BXCB7,2024,39638d171679,2027,5f57f3dc0514,0.301,same,"same Jerome Avenue municipal parking garage expansion, address typo in Register",sonnet,reworded
BXCB7,2026,b4532df9cc94,2027,67edbb2c3a37,0.865,same,same Williamsbridge Oval perimeter fence repair,sonnet,reworded
BXCB7,2026,757ce769a9ad,2027,757ce769a9ad,1.0,same,identical Mosholu Playground renovation request,sonnet,reworded
BXCB7,2024,39638d171679,2027,8305e7fc9d0c,0.31,different,Jerome Avenue garage expansion versus general parking replacement,sonnet,reworded
BXCB8,2020,10dfeb8b218d,2021,18877fe1fed2,0.859,same,same Van Cortlandt Park birding bridge repair,sonnet,reworded
BXCB8,2020,94c944ef6288,2021,251ca7d3f0fc,0.721,same,same Summit Place step street rehabilitation,sonnet,reworded
BXCB8,2020,feb5742c2b94,2021,2ade160101bc,0.915,same,same senior center administrative funding request,sonnet,reworded
BXCB8,2020,1a21d19e314b,2021,3823628e388b,0.824,same,same resurfacing increase to fifteen lane miles,sonnet,reworded
BXCB8,2020,500bdd2d5f78,2021,3d7e4bc5b10d,0.924,same,same park maintenance and enforcement personnel request,sonnet,reworded
BXCB8,2020,d42a3e546513,2021,41415662deee,0.997,same,same Argus camera locations list,sonnet,reworded
BXCB8,2020,92eb65866470,2021,41b11d69cfd1,0.549,same,same senior safe crossings signals and striping request,sonnet,reworded
BXCB8,2020,9d18de4189ef,2021,774a550b419f,0.318,different,PS 95 school library versus public library branch funding,sonnet,reworded
BXCB8,2020,092df2ba452f,2021,79b65e328cad,0.352,same,"same benches in commercial corridors, agency changed",sonnet,reworded
BXCB8,2020,f1860583ae1f,2021,99fc65b8a080,0.536,same,same Van Cortlandt Lake weir and chamber maintenance,sonnet,reworded
BXCB8,2020,f8856c865a28,2021,9ef9ab16745f,0.954,same,"same DEP air and noise inspectors, adds asbestos",sonnet,reworded
BXCB8,2020,89d29a8619f9,2021,ac8d56df4ea9,0.675,unsure,pickup trucks for Van Cortlandt Park versus CB8 neighborhood parks; scope differs,sonnet,reworded
BXCB8,2020,5daae54bb990,2021,bbe7d87d4057,0.663,same,same housing subsidies for current senior residents,sonnet,reworded
BXCB8,2020,a1f6c239ec76,2021,becf506e2f56,0.961,same,same Haulster purchase for snow season,sonnet,reworded
BXCB8,2020,78870b164b1b,2021,f8723b986d5c,0.758,same,"same park maintenance tractor, trailer and lawnmower purchase",sonnet,reworded
BXCB8,2020,68fceca0d8d2,2021,fb0eeecbdda9,0.755,same,same CSX Putnam right-of-way purchase for greenway,sonnet,reworded
BXCB8,2021,bd6d41a2cfab,2022,047bba513cc1,0.946,same,same dementia care and adult day tuition assistance,sonnet,reworded
BXCB8,2021,7b7d1e1be277,2022,098f79ed9c10,0.687,same,same PS 95/AmPark Sedgwick-Hillman crossing guard request,sonnet,reworded
BXCB8,2021,55c265b64fa0,2022,0c36870375b9,0.38,unsure,earlier request names no branch; Riverdale may not be the one,sonnet,reworded
BXCB8,2021,f2c2c79963c6,2022,0e43c96c0ab0,0.463,same,same Motorized Litter Patrol staffing for hard-to-reach areas,sonnet,reworded
BXCB8,2020,fa3ec73aaec6,2022,152a22dc14e9,0.374,different,smart boards versus nursing classroom at same school,sonnet,reworded
BXCB8,2021,8fe7358567be,2022,2197b3b78d45,0.482,same,"same park garbage packer truck purchase, adds Van Cortlandt packer",sonnet,reworded
BXCB8,2021,9ef9ab16745f,2022,24bcf640a7a3,0.671,same,"same DEP air, asbestos and noise inspector staffing",sonnet,reworded
BXCB8,2021,3d7e4bc5b10d,2022,2724fc42fe6e,0.75,same,same parks gardeners and maintenance personnel request,sonnet,reworded
BXCB8,2021,836cfebc9393,2022,4cdc48fb276f,0.787,same,same Fort Independence apartment renovations with identical dollar amounts,sonnet,reworded
BXCB8,2021,0552b317e3a4,2022,4e6f215ae488,0.456,same,"same Bailey Avenue playground reconstruction, drains included",sonnet,reworded
BXCB8,2021,fb0eeecbdda9,2022,56c1a970914a,0.633,same,same Putnam Right-of-Way greenway land purchase,sonnet,reworded
BXCB8,2021,251ca7d3f0fc,2022,6029d0b4deac,1.0,same,same Summit Place step street rehabilitation,sonnet,reworded
BXCB8,2021,41b11d69cfd1,2022,6532c5b0c99e,0.897,same,"same safe crossings pavement, striping and signal request",sonnet,reworded
BXCB8,2021,becf506e2f56,2022,6c2ee2203619,0.558,same,same additional Haulster purchase for snow removal,sonnet,reworded
BXCB8,2021,529c4bcdadbb,2022,6fe1f53b7f3f,0.608,same,same NYCHA boiler replacement at Marble Hill and Fort Independence,sonnet,reworded
BXCB8,2021,745b365bffb5,2022,7b1ef56b60fc,0.385,same,same PEP personnel for Broadway double parking at Van Cortlandt Park,sonnet,reworded
BXCB8,2020,81bd36cc7aab,2022,7feb21d85475,0.324,unsure,expand Kingsbridge to 7-day versus maintain 6-day service at branches,sonnet,reworded
BXCB8,2021,27cb379e19ea,2022,817b146117ba,0.625,different,organics outreach staff and drop-offs versus curbside pickup personnel and equipment,sonnet,reworded
BXCB8,2020,691bcb110a5e,2022,817b146117ba,0.34,different,composting education outreach versus organics pick-up service,sonnet,reworded
BXCB8,2021,2244b59ff457,2022,9b23fc9a561d,0.945,same,same Tibbetts Brook daylighting request,sonnet,reworded
BXCB8,2021,18877fe1fed2,2022,be13f14ec245,0.649,same,"same Tibbetts Brook footbridge repair, now fully fund",sonnet,reworded
BXCB8,2021,41b11d69cfd1,2022,be480734c971,0.541,unsure,accessory pedestrian signals only; one of five items in earlier safe-crossings bundle,sonnet,reworded
BXCB8,2021,7fe2c29c09bf,2022,beb42b6b51b0,0.767,same,same Jerome Park Reservoir DEP staffing request,sonnet,reworded
BXCB8,2021,c701c91d16e0,2022,bef459c5ef21,0.604,same,same W 254th Street north sidewalk and drainage project,sonnet,reworded
BXCB8,2021,f6b5e3e5f627,2022,c53f13a14436,0.51,same,same litter basket pickup expansion request,sonnet,reworded
BXCB8,2021,cf5f9068c5ca,2022,c61af2cc402a,0.798,same,same Independence Ave sidewalk staircase,sonnet,reworded
BXCB8,2021,c79a4bad5eaf,2022,c79a4bad5eaf,1.0,same,identical PS 81 auditorium air conditioning request,sonnet,reworded
BXCB8,2020,247af0484dc4,2022,d81388502575,0.309,different,geriatric mental health program versus youth mental health counseling,sonnet,reworded
BXCB8,2021,7b7d1e1be277,2022,db8df6221975,0.351,different,Sedgwick/Hillman school intersection NYPD item versus Goulden-Dickinson road connection,sonnet,reworded
BXCB8,2021,de228132838b,2022,ec325d436221,0.757,same,same senior center transportation funding request,sonnet,reworded
BXCB8,2021,11a4e9e9f18f,2022,f0b1f3abef0b,0.489,unsure,earlier stadium renovation; later explanation is blank,sonnet,reworded
BXCB8,2021,2ade160101bc,2022,f0c8dbf381fc,0.366,same,"same senior center funding request, more detail",sonnet,reworded
BXCB8,2020,178e566806e1,2022,f301e253eabf,0.33,different,restore golf course and driving range versus sewer connection for park headquarters,sonnet,reworded
BXCB8,2022,72fe599eb59c,2023,0192155efade,0.393,different,Washington's Walk benches/fence versus mansion boundary fence and brick stairway,sonnet,reworded
BXCB8,2022,beb42b6b51b0,2023,0cc4da61d350,0.518,same,same Jerome Park Reservoir DEP property maintenance request,sonnet,reworded
BXCB8,2022,be480734c971,2023,0e332addea10,0.667,same,"same accessory pedestrian signals, adds countdown signals and curb cuts",sonnet,reworded
BXCB8,2020,14745513abdd,2023,10f04253689f,0.301,different,caretaker staffing versus camera monitors and sanitation teams at NYCHA,sonnet,reworded
BXCB8,2022,c757450ed2a8,2023,24faa0230768,0.805,same,same restore full Bx20 bus service,sonnet,reworded
BXCB8,2022,b0b266e20277,2023,27e48373d784,0.776,same,same Dickinson Avenue intersection realignment and reconstruction,sonnet,reworded
BXCB8,2022,db8df6221975,2023,4b45ba328a67,0.389,different,intersection connection versus decorative street lights on Goulden Ave,sonnet,reworded
BXCB8,2020,5a9979439860,2023,4b45ba328a67,0.316,different,Strong Street Playground renovation versus decorative streetlights on Goulden and Reservoir,sonnet,reworded
BXCB8,2022,4e6f215ae488,2023,53b5b568e472,0.771,same,"same Bailey Playground reconstruction, adds Tibbetts Tail suggestion",sonnet,reworded
BXCB8,2022,72fe599eb59c,2023,72fe599eb59c,0.859,same,"same Washington's Walk improvements, near-identical text",sonnet,reworded
BXCB8,2022,c61af2cc402a,2023,7328f0a56209,0.616,same,same Independence Ave sidewalk staircase,sonnet,reworded
BXCB8,2022,26e656df92e3,2023,7f0d323c3bce,0.992,same,same MS 141 library upgrade request,sonnet,reworded
BXCB8,2022,7b1ef56b60fc,2023,81aa2ec57f5e,0.482,same,"same PEP personnel for Broadway double parking, adds other enforcement",sonnet,reworded
BXCB8,2022,6fe1f53b7f3f,2023,839df1974e2d,0.475,unsure,specific boiler replacements versus generic NYCHA boilers and roofs as necessary,sonnet,reworded
BXCB8,2022,873ab1bb705d,2023,888552129308,0.545,same,"same PPE supplies for future outbreaks, agency label changed",sonnet,reworded
BXCB8,2022,873ab1bb705d,2023,90f5290791a4,0.419,same,"same PPE supplies for future emergencies, agency changed",sonnet,reworded
BXCB8,2022,d81388502575,2023,9712329bf5a2,0.317,different,youth after-school counseling versus general crisis and hotline counseling,sonnet,reworded
BXCB8,2020,247af0484dc4,2023,9712329bf5a2,0.305,different,senior geriatric mental health program versus general counseling and hotline staffing,sonnet,reworded
BXCB8,2022,f0b1f3abef0b,2023,9b8d8c0c3493,0.387,unsure,earlier explanation is blank; later is Old Fort Four Park reconstruction,sonnet,reworded
BXCB8,2022,d986337290d7,2023,a04e5cc04d09,0.362,same,same compost program funding for education and drop-off sites,sonnet,reworded
BXCB8,2020,247af0484dc4,2023,aab700694ce9,0.644,unsure,"one named geriatric program in FY2020, general geriatric mental health funding later",resolved,reworded
BXCB8,2022,d81388502575,2023,aab700694ce9,0.329,different,youth mental health counseling versus geriatric mental health services,sonnet,reworded
BXCB8,2020,89d29a8619f9,2023,ace09ec3ee08,0.302,unsure,pickup trucks recur but now bundled with garbage trucks and tractor,sonnet,reworded
BXCB8,2022,d411bb4c7634,2023,c0a6af0ddb2c,0.379,different,Argus cameras versus step street rehabilitation,sonnet,reworded
BXCB8,2020,81bd36cc7aab,2023,c0a6af0ddb2c,0.342,different,library hours versus step street rehabilitation,sonnet,reworded
BXCB8,2022,335b02c4c621,2023,c59512585b11,0.38,different,Spuyten Duyvil pond wall versus DEP living shoreline,sonnet,reworded
BXCB8,2022,95ee348f4cdf,2023,c7f8efc3f660,0.969,same,same NYPD 50th Precinct domestic violence unit and workshops,sonnet,reworded
BXCB8,2022,6fe1f53b7f3f,2023,d53f1ff61c58,0.326,different,NYCHA boiler replacement versus Marble Hill laundry room reopening,sonnet,reworded
BXCB8,2020,700538fa976b,2023,d53f1ff61c58,0.322,different,senior programming funding versus Marble Hill laundry room reopening,sonnet,reworded
BXCB8,2021,2841b42f86e7,2023,d623d42e2c8e,0.776,same,"same restroom at Broadway and West 251st, Van Cortlandt Park",sonnet,reworded
BXCB8,2022,7b1ef56b60fc,2023,d623d42e2c8e,0.412,different,PEP personnel for double parking versus new restroom construction,sonnet,reworded
BXCB8,2022,2724fc42fe6e,2023,dbcdf2252de7,0.968,same,same parks gardeners and maintenance personnel request,sonnet,reworded
BXCB8,2022,c517082b83eb,2023,e3fbd081ae40,0.337,same,same PS 24 lunchroom extension,sonnet,reworded
BXCB8,2022,f301e253eabf,2023,e5b95d801f9b,0.645,same,same sewer connection for former Mosholu Golf House,sonnet,reworded
BXCB8,2022,817b146117ba,2023,e75df5b03af9,0.562,same,same curbside organics collection in CB8,sonnet,reworded
BXCB8,2021,41415662deee,2023,f4cf2b841ee7,0.303,different,Argus cameras versus step street cleanup and repainting,sonnet,reworded
BXCB8,2023,c59512585b11,2024,17225516a4a3,0.349,different,DEP living shoreline versus NYPL branch programming,sonnet,reworded
BXCB8,2023,a04e5cc04d09,2024,182400649901,0.361,same,same NYC Compost Project funding for education and outreach,sonnet,reworded
BXCB8,2023,24faa0230768,2024,24faa0230768,1.0,same,identical Bx20 service restoration request,sonnet,reworded
BXCB8,2023,10f04253689f,2024,27ca423fb098,0.74,same,"same NYCHA Marble Hill security and sanitation personnel, adds laundry",sonnet,reworded
BXCB8,2023,e3fbd081ae40,2024,2d27e0525c41,0.368,different,PS 24 lunchroom extension versus greenhouse construction,sonnet,reworded
BXCB8,2023,7328f0a56209,2024,35091aa9704b,0.67,same,"same Independence Ave step street, now feasibility study phase",sonnet,reworded
BXCB8,2022,56c1a970914a,2024,526d61b9e928,0.401,different,greenway land purchase versus greenway connections study,sonnet,reworded
BXCB8,2023,602ba8e430f8,2024,59917c0a3a86,0.575,same,"W 235th Street reconstruction and sidewalk, first part of earlier request",sonnet,reworded
BXCB8,2022,bef459c5ef21,2024,59917c0a3a86,0.366,different,different street: West 254th versus West 235th sidewalk,sonnet,reworded
BXCB8,2023,2770356eb32d,2024,61cddb17fac8,0.553,same,same trash removal in same under-served commercial areas,sonnet,reworded
BXCB8,2022,f0c8dbf381fc,2024,6467c4fe6c80,0.967,same,"same senior center funding request, near-identical text",sonnet,reworded
BXCB8,2023,ceb056107a1d,2024,64fb4180e95b,0.305,different,MTA subway cameras versus HS368 school outdoor cameras,sonnet,reworded
BXCB8,2022,ec325d436221,2024,70697ba95776,0.899,same,"same senior center transportation funding, near-identical text",sonnet,reworded
BXCB8,2023,444c8456b827,2024,70697ba95776,0.315,different,older adult center tech and hybrid programs versus transportation funding,sonnet,reworded
BXCB8,2023,12fd499a78b8,2024,724a22b06a0f,0.463,same,same e-cycling program restoration with drop-off,sonnet,reworded
BXCB8,2023,81aa2ec57f5e,2024,74664876c762,0.92,same,"same PEP personnel for park enforcement, near-identical text",sonnet,reworded
BXCB8,2023,e96116f66ac8,2024,7bb2325ae059,0.422,same,same W 235th pedestrian walkway over Henry Hudson Parkway,sonnet,reworded
BXCB8,2023,602ba8e430f8,2024,95b38d4a54c1,0.525,unsure,"Independence Ave sidewalk only; one of two earlier projects, narrowed to 242nd",sonnet,reworded
BXCB8,2023,53b5b568e472,2024,96f34748d21e,0.932,same,"same Bailey Playground reconstruction, near-identical text",sonnet,reworded
BXCB8,2023,d53f1ff61c58,2024,9da361c9728e,0.48,different,Marble Hill laundry room versus NYCHA infrastructure upgrades,sonnet,reworded
BXCB8,2022,6fe1f53b7f3f,2024,9da361c9728e,0.479,unsure,boiler replacement repeated inside larger NYCHA infrastructure bundle,sonnet,reworded
BXCB8,2023,0192155efade,2024,a66a12f11425,0.549,same,same Van Cortlandt mansion brick stairway; fence since funded,sonnet,reworded
BXCB8,2023,142232943007,2024,aac2383bb61f,0.403,same,same SYEP expansion for 14 and 15 year olds,sonnet,reworded
BXCB8,2023,120324d9bb5f,2024,aefbba946dc5,0.308,same,same Access-A-Ride service increase in CB8,sonnet,reworded
BXCB8,2023,0cc4da61d350,2024,b529d1355d73,0.773,same,same Jerome Park Reservoir maintenance contracts for dumping,sonnet,reworded
BXCB8,2023,5c3f41f4be6c,2024,c1f827cdc81f,0.724,same,same senior food programs request,sonnet,reworded
BXCB8,2021,41415662deee,2024,f2b35f278633,0.367,different,Argus cameras versus step street repair,sonnet,reworded
BXCB8,2023,f4cf2b841ee7,2024,f2b35f278633,0.317,different,one Broadway step street versus list of other step streets,sonnet,reworded
BXCB8,2023,ace09ec3ee08,2024,f91cf03a07b8,0.779,same,"same parks truck, crew cab pickup and Deere tractor",sonnet,reworded
BXCB8,2022,6fe1f53b7f3f,2024,fb6caf40b77b,0.532,unsure,boiler replacement repeated inside larger NYCHA infrastructure bundle,sonnet,reworded
BXCB8,2023,d53f1ff61c58,2024,fb6caf40b77b,0.48,different,Marble Hill laundry room versus NYCHA infrastructure upgrades,sonnet,reworded
BXCB8,2024,9da361c9728e,2025,01048dcf3923,0.417,different,NYCHA infrastructure bundle versus Marble Hill camera monitoring,sonnet,reworded
BXCB8,2023,d53f1ff61c58,2025,01048dcf3923,0.341,different,laundry room reopening versus camera monitoring at Marble Hill,sonnet,reworded
BXCB8,2024,e78748aeeb26,2025,01850c23b592,0.619,same,"same Major Deegan stormwater feasibility study, adds corridor green infrastructure",sonnet,reworded
BXCB8,2023,888552129308,2025,023afba8b7fd,0.319,different,PPE supplies versus citywide health advisory board,sonnet,reworded
BXCB8,2024,ce714cc9f448,2025,0d51c84000fe,0.6,same,"same home test kits, now with PPE supplies added",sonnet,reworded
BXCB8,2024,efe793fb005e,2025,0de525fce3b3,0.47,different,Van Cortlandt Park South step street/plaza versus PEP command personnel,sonnet,reworded
BXCB8,2023,a400933219e5,2025,0de525fce3b3,0.326,different,NYPD Gator for patrol versus Parks Enforcement Patrol personnel,sonnet,reworded
BXCB8,2024,f83b41ef81a8,2025,0e251751cc5a,0.736,same,same Alder Brook stream restoration in Riverdale Park,sonnet,reworded
BXCB8,2024,96f34748d21e,2025,154c94ab5a37,0.614,same,same Bailey Playground reconstruction with Tibbetts Tail,sonnet,reworded
BXCB8,2024,24faa0230768,2025,24faa0230768,1.0,same,identical Bx20 service restoration request,sonnet,reworded
BXCB8,2023,d53f1ff61c58,2025,27218eb4e833,0.31,different,laundry room reopening versus playground lighting,sonnet,reworded
BXCB8,2024,aac2383bb61f,2025,2b8fb9975a11,0.344,same,"same SYEP funding request, now stated generally",sonnet,reworded
BXCB8,2024,59917c0a3a86,2025,5066e91b521a,0.703,same,same W 235th Street sidewalk and sewer reconstruction,sonnet,reworded
BXCB8,2022,f0b1f3abef0b,2025,507d94a6e54b,0.44,unsure,"earlier request has no explanation or location, cannot compare",sonnet,reworded
BXCB8,2024,9b8d8c0c3493,2025,507d94a6e54b,0.385,different,"a different park, Old Fort Four versus Fort Independence",resolved,reworded
BXCB8,2024,f2b35f278633,2025,51be3308aab9,0.426,same,same step street repair; listed sites mostly carried over,sonnet,reworded
BXCB8,2024,ad95bc2d9664,2025,5e750e29f9e4,0.812,same,same Broadway Corridor parking study,sonnet,reworded
BXCB8,2024,70697ba95776,2025,612edd533f6e,0.515,same,same older adult center transportation funding request,sonnet,reworded
BXCB8,2023,e75df5b03af9,2025,66712f9092a4,0.463,same,same curbside organics collection in CB8,sonnet,reworded
BXCB8,2024,9602275d37d4,2025,8608046972a9,0.412,different,NYPD domestic violence unit versus counseling staff and hotlines,sonnet,reworded
BXCB8,2024,d29fcd5ffa23,2025,8700004d0859,0.506,same,"same housing assistance for older residents, evictions and subsidies",sonnet,reworded
BXCB8,2024,74421ebf02de,2025,8828f8c111d3,0.736,same,"same Safe Crossings pavement, striping and signals request",sonnet,reworded
BXCB8,2024,01e86fbef52c,2025,9569ed28e09a,0.616,same,same SBS emergency response funding for CB8 small businesses,sonnet,reworded
BXCB8,2023,9667092597c3,2025,99b0a43773cb,0.68,same,same SBS Commercial Lease Assistance Program funding,sonnet,reworded
BXCB8,2024,6467c4fe6c80,2025,9ced0b2e4bd7,0.359,same,"same older adult center funding request, reworded",sonnet,reworded
BXCB8,2024,b529d1355d73,2025,a27728b649e4,0.656,same,"same Jerome Park Reservoir maintenance contracts, adds public access plan",sonnet,reworded
BXCB8,2024,9da361c9728e,2025,b514776b6605,0.495,unsure,walkway repair is one of four bundled NYCHA infrastructure items,sonnet,reworded
BXCB8,2022,e45c2e8bdbdd,2025,b9a89e217753,0.648,same,same 215th Street DSNY garage rehabilitation,sonnet,reworded
BXCB8,2024,61cddb17fac8,2025,bfa304c299fd,0.536,same,"same manual litter patrol in EJ areas, adds commercial street cleaning",sonnet,reworded
BXCB8,2024,84ba42fa3fea,2025,bfb838e7d1d2,0.511,same,"same Van Cortlandt Park Stadium restoration, now engineering study",sonnet,reworded
BXCB8,2024,efe793fb005e,2025,c0edcf4a5473,0.551,same,same Van Cortlandt Park South step street reconstruction; plaza dropped,sonnet,reworded
BXCB8,2023,d53f1ff61c58,2025,c4748a92b5a7,0.501,same,same Marble Hill building 9 laundry room reopening,sonnet,reworded
BXCB8,2024,27ca423fb098,2025,c4748a92b5a7,0.468,unsure,laundry room is one of three bundled NYCHA items,sonnet,reworded
BXCB8,2024,d288a25de4ab,2025,ca1a55b65be0,0.97,same,same catch basin cleaning in flood-prone Broadway/Bailey areas,sonnet,reworded
BXCB8,2022,e45c2e8bdbdd,2025,cc2ba70b6caa,0.551,same,same 215th Street DSNY garage rehabilitation,sonnet,reworded
BXCB8,2024,b1accd3af374,2025,d16d41822747,0.417,unsure,"step street lists overlap only at W231; Broadway dropped, W229 added",sonnet,reworded
BXCB8,2022,d26dfc8f8a17,2025,d16d41822747,0.305,different,different step streets: Broadway at 231st versus West 229th and 231st,sonnet,reworded
BXCB8,2024,182400649901,2025,d40ef476fafb,0.548,same,same NYC Compost Project expansion funding,sonnet,reworded
BXCB8,2024,35091aa9704b,2025,dcfe8fb83feb,0.976,same,same feasibility study for Independence Ave step street,sonnet,reworded
BXCB8,2024,c59512585b11,2025,ed3e3dc3fc7a,0.704,same,same Spuyten Duyvil Creek living shoreline on DEP property,sonnet,reworded
BXCB8,2025,2b8fb9975a11,2026,0a52c331692d,0.534,same,"same Summer Youth Employment Program sustain and expand, detail added",sonnet,reworded
BXCB8,2025,86fc34811d2c,2026,0b0571028970,0.914,same,same small business rewards app,sonnet,reworded
BXCB8,2025,3464641e97f9,2026,11f1c474c7f0,0.799,same,same vacant lot litter removal funding,sonnet,reworded
BXCB8,2024,a515f0b7d92b,2026,230aa9c38f75,0.448,unsure,later request has no explanation or location,sonnet,reworded
BXCB8,2025,24faa0230768,2026,24faa0230768,0.758,same,"same Bx20 service restoration, text identical",sonnet,reworded
BXCB8,2023,a400933219e5,2026,4801acaaf8df,0.358,same,same NYPD Gator utility vehicle for Van Cortlandt Park patrol,sonnet,reworded
BXCB8,2025,9569ed28e09a,2026,4b86f87e51b3,0.626,same,"same SBS Emergency Response Unit funding, staff emphasis added",sonnet,reworded
BXCB8,2025,5e750e29f9e4,2026,4def0bebc6eb,0.694,same,"same Broadway corridor parking study, limits specified",sonnet,reworded
BXCB8,2025,7bb2325ae059,2026,58722a57feed,0.911,unsure,now keeps only ADA ramp feasibility study; walkway reconstruction dropped,sonnet,reworded
BXCB8,2024,602ba8e430f8,2026,58722a57feed,0.305,different,street reconstruction versus ADA ramp feasibility study at pedestrian walkway,sonnet,reworded
BXCB8,2025,724a22b06a0f,2026,58f38ea00716,0.555,same,"same e-cycling restoration with community drop-off, SAFE events added",sonnet,reworded
BXCB8,2025,27218eb4e833,2026,61452ad19516,0.698,same,same Marble Hill Playground lighting,sonnet,reworded
BXCB8,2025,8f92382ef165,2026,6ad29f4aa1bf,0.937,same,"same Old Fort Four Park reconstruction, basketball lighting detail added",sonnet,reworded
BXCB8,2025,27e48373d784,2026,6be2272fea77,0.308,different,different intersection: Dickinson Ave versus Broadway and West 230th,sonnet,reworded
BXCB8,2025,9ced0b2e4bd7,2026,7abc41597efb,0.757,same,"same Older Adult Centers funding, text identical",sonnet,reworded
BXCB8,2025,01850c23b592,2026,7b09a7817889,0.864,same,same storm water feasibility study and green infrastructure corridors,sonnet,reworded
BXCB8,2025,5066e91b521a,2026,7bbd6c8b7120,0.751,same,same West 235th Street sidewalk and sewer,sonnet,reworded
BXCB8,2025,d9040e54226b,2026,8a911afa41e5,0.712,same,"same crushed stone and boulders for Van Cortlandt trails, dog runs added",sonnet,reworded
BXCB8,2025,8608046972a9,2026,8cb7fb744bcb,0.807,same,"same counseling services staff funding, text identical",sonnet,reworded
BXCB8,2025,6387f618e380,2026,90478529e757,0.477,unsure,"now repeats only Gator utility vehicles, one of three equipment items before",sonnet,reworded
BXCB8,2024,6d62f452501b,2026,90478529e757,0.383,unsure,"gator replacement recurs but mini-packer dropped, now three vehicles",sonnet,reworded
BXCB8,2025,8828f8c111d3,2026,9050e0c810e4,0.8,same,"same DOT safe crossings expense request, text unchanged",sonnet,reworded
BXCB8,2025,99b0a43773cb,2026,99b0a43773cb,0.84,same,same Commercial Lease Assistance Program funding,sonnet,reworded
BXCB8,2025,154c94ab5a37,2026,9ac164fc8867,0.701,same,"same Bailey Playground redesign and reconstruction, reworded",sonnet,reworded
BXCB8,2025,1626e3cdb388,2026,a56ace2aa35f,0.541,unsure,"only roof repair at Marble Hill shared; boilers dropped, facade work added",sonnet,reworded
BXCB8,2023,d53f1ff61c58,2026,a56ace2aa35f,0.469,different,laundry room reopening versus facade and roof repair,sonnet,reworded
BXCB8,2024,27ca423fb098,2026,a56ace2aa35f,0.415,different,NYCHA security and sanitation staff versus facade and roof repair,sonnet,reworded
BXCB8,2025,612edd533f6e,2026,a5bf85859d6e,0.828,same,"same older adult center transportation ask, text identical",sonnet,reworded
BXCB8,2025,b9f813486e6a,2026,aee996edce96,0.786,same,"same young adult jobs program expansion, text identical",sonnet,reworded
BXCB8,2023,d53f1ff61c58,2026,afd746ea8d2d,0.564,different,laundry room reopening versus community center rehabilitation,sonnet,reworded
BXCB8,2025,c4748a92b5a7,2026,afd746ea8d2d,0.534,different,different facility: Building 9 laundry room versus community center,sonnet,reworded
BXCB8,2024,27ca423fb098,2026,afd746ea8d2d,0.45,different,NYCHA staffing and laundry bundle versus community center rehabilitation,sonnet,reworded
BXCB8,2025,8700004d0859,2026,c54777d40474,0.735,same,same housing assistance for older district residents,sonnet,reworded
BXCB8,2025,5794a5b11c9b,2026,c65a798f3d51,0.489,same,"same Argus camera program, location list revised with some sites shared",sonnet,reworded
BXCB8,2025,0db9202018f2,2026,cf9bed775791,0.724,same,same Tibbetts Brook daylighting maintenance,sonnet,reworded
BXCB8,2025,27e48373d784,2026,d4ad1214b6fa,0.338,different,different intersection: Dickinson Ave versus Riverdale Ave and West 238th,sonnet,reworded
BXCB8,2025,bfb838e7d1d2,2026,d7e54bb2070b,0.666,same,same Van Cortlandt Park Stadium engineering study,sonnet,reworded
BXCB8,2025,d40ef476fafb,2026,dd7156b1445e,0.797,same,"same NYC Compost Project expansion, reworded",sonnet,reworded
BXCB8,2024,38ae2ebcf664,2026,df96439eabc6,0.345,same,same NYPL 6-day service request,sonnet,reworded
BXCB8,2025,0d51c84000fe,2026,e00f987cd5f2,0.863,same,"same protective medical supplies request, text identical",sonnet,reworded
BXCB8,2024,6d62f452501b,2026,ee0a94371507,0.323,unsure,mini-packer recurs but gator dropped and packer vehicle added,sonnet,reworded
BXCB8,2025,30af6d2b1e3a,2026,f9b73f6dfa77,0.533,same,"same ask for more HPD housing inspectors, reason added",sonnet,reworded
BXCB8,2025,b9a89e217753,2026,fb9e6b3ef2cd,0.802,same,same 215th Street DSNY garage rehabilitation,sonnet,reworded
BXCB8,2026,29f2dc7e8b91,2027,016d260402d9,0.798,same,same Parks Enforcement Patrol command in Van Cortlandt Park,sonnet,reworded
BXCB8,2026,61452ad19516,2027,01aafb879094,0.994,same,same Marble Hill Playground lighting,sonnet,reworded
BXCB8,2026,6ad29f4aa1bf,2027,117f6829f8c2,0.627,same,"same Old Fort Four Park reconstruction, more detail added",sonnet,reworded
BXCB8,2026,a5bf85859d6e,2027,141eb8b46b8c,0.451,same,"same older adult center transportation, now names the centers",sonnet,reworded
BXCB8,2026,99b0a43773cb,2027,259c74ffbf32,0.805,same,same Commercial Lease Assistance Program funding,sonnet,reworded
BXCB8,2026,90478529e757,2027,2dc5e4da189c,0.969,same,same replacement of three Gator utility vehicles in Van Cortlandt Park,sonnet,reworded
BXCB8,2026,6be2272fea77,2027,46705da85b6a,0.309,different,different work and site: intersection versus West 230th step streets,sonnet,reworded
BXCB8,2026,9ac164fc8867,2027,4ec5b3b6ffc5,0.902,same,"same Bailey Playground reconstruction, District 8 operations space added",sonnet,reworded
BXCB8,2026,aee996edce96,2027,6129f4881961,0.848,same,"same young adult jobs program expansion, age range added",sonnet,reworded
BXCB8,2026,df96439eabc6,2027,6c6fb9c70476,0.618,same,"same NYPL six-day service continuation, branches now named",sonnet,reworded
BXCB8,2024,b0df8f27d89a,2027,75e162acddc5,0.306,different,"College Access for All in middle schools, then general college readiness funding",resolved,reworded
BXCB8,2026,bd2d04c5e22f,2027,9483fd273aff,0.826,same,"same Spuyten Duyvil CSO living shoreline, background note added",sonnet,reworded
BXCB8,2026,b3f5d604e70d,2027,94e131b92537,0.666,unsure,now keeps West 231st step street only; West 229th step street dropped,sonnet,reworded
BXCB8,2024,b1accd3af374,2027,94e131b92537,0.424,unsure,"then lists two step streets, now only West 231st",sonnet,reworded
BXCB8,2026,11f1c474c7f0,2027,98e9063607d9,0.843,same,"same vacant lot litter removal funding, enforcement officers added",sonnet,reworded
BXCB8,2026,0a52c331692d,2027,a524ad57b319,0.849,same,"same Summer Youth Employment Program text, year updated",sonnet,reworded
BXCB8,2026,2cddf38e290a,2027,a7bbc9e9b781,0.936,same,same Residential Litter Patrol and commercial street cleaning funding,sonnet,reworded
BXCB8,2026,58f38ea00716,2027,a7f16422413e,0.867,same,"same e-cycling restoration, community drop-off and SAFE events",sonnet,reworded
BXCB8,2026,c65a798f3d51,2027,b24231305695,0.54,unsure,same Argus program text but no camera locations shared; new batch or carryover unclear,sonnet,reworded
BXCB8,2025,a27728b649e4,2027,c85bbb7ce417,0.929,same,same Jerome Park Reservoir public access and maintenance request,sonnet,reworded
BXCB8,2024,a515f0b7d92b,2027,c85bbb7ce417,0.596,unsure,maintenance contracts ask now sits inside broader public access request,sonnet,reworded
BXCB8,2025,5db450ebc142,2027,ce8773dd84b5,0.375,different,Chromebooks at different schools,sonnet,reworded
BXCB8,2026,ee0a94371507,2027,de0ed5c2ff83,1.0,same,same litter collection vehicles for parks,sonnet,reworded
BXCB8,2026,7b09a7817889,2027,ea57cfd8eacb,0.611,same,"same storm water feasibility study and green infrastructure, focus streets revised",sonnet,reworded
BXCB9,2020,9415791c7224,2021,9415791c7224,1.0,same,"same NYCHA tenant protection unit, text identical",sonnet,reworded
BXCB9,2020,c38b81b9a4f9,2021,c38b81b9a4f9,1.0,same,"same 43rd Precinct request for four more PAAs, text identical",sonnet,reworded
BXCB9,2021,5a06b7bda3b0,2022,39b23bd8a6f2,0.526,unsure,park is unnamed in both; cannot tell whether it is the same park,sonnet,reworded
BXCB9,2021,b9b6d63b6434,2022,41377401a195,0.833,same,same raccoon control resources request,sonnet,reworded
BXCB9,2021,9415791c7224,2022,9415791c7224,1.0,same,"same NYCHA tenant protection unit, text identical",sonnet,reworded
BXCB9,2021,c38b81b9a4f9,2022,c38b81b9a4f9,1.0,same,"same 43rd Precinct request for four more PAAs, text identical",sonnet,reworded
BXCB9,2022,b07186026ade,2023,070384a98680,0.451,different,different work: circuit breaker versus security cameras,sonnet,reworded
BXCB9,2022,3e81422c63b4,2023,1bff68071b23,0.398,different,different facility and agency: library boiler versus NYCHA boiler repairs,sonnet,reworded
BXCB9,2022,3e81422c63b4,2023,311b73e51be1,0.328,different,different facility and agency: library boiler versus NYCHA boiler repair,sonnet,reworded
BXCB9,2022,b07186026ade,2023,4fdf63fc9012,0.877,different,57 cameras in 8 buildings is a subset of all NYCHA buildings request,sonnet,reworded
BXCB9,2022,b07186026ade,2023,552e12ca08d9,0.442,different,different work: entrance doors with fob key versus security cameras,sonnet,reworded
BXCB9,2022,b07186026ade,2023,7279434e4e8f,0.541,different,different work: intercom renovation versus security cameras,sonnet,reworded
BXCB9,2022,b07186026ade,2023,7e0f5945bcf1,0.492,different,different work: upgraded cameras versus entrance doors and intercom repair,sonnet,reworded
BXCB9,2022,b07186026ade,2023,7f8b589879cd,0.629,unsure,cameras and monitors for a security system; site and scope unclear,sonnet,reworded
BXCB9,2022,3e81422c63b4,2023,836f88d01403,0.436,different,different facility and agency: library boiler versus NYCHA new boiler,sonnet,reworded
BXCB9,2022,b07186026ade,2023,8f09b275d61e,0.409,different,different work and site: lighting near 1715 Lacombe Ave versus cameras,sonnet,reworded
BXCB9,2022,76764eedb923,2023,8f576c304556,0.391,different,different ask: housing programs study versus a senior center,sonnet,reworded
BXCB9,2022,76764eedb923,2023,903753532c45,0.485,different,different ask: affordable housing study versus Housing Connect funding,sonnet,reworded
BXCB9,2022,9415791c7224,2023,9415791c7224,1.0,same,"same NYCHA tenant protection unit, text identical",sonnet,reworded
BXCB9,2022,b07186026ade,2023,9666b24da182,0.61,unsure,"bare camera system request; one of several NYCHA camera entries, scope unclear",sonnet,reworded
BXCB9,2022,9415791c7224,2023,9a8fae3a0c30,0.389,different,different ask: tenant protection unit versus traffic officer,sonnet,reworded
BXCB9,2022,39b23bd8a6f2,2023,9a9bc260232f,0.509,different,different ask: new skate park versus upgrade of an underused park,sonnet,reworded
BXCB9,2022,880fa1d0eeb2,2023,9e741c9da00e@87edcd,0.753,different,"different work and agency, DOT sidewalks versus NYCHA elevator",sonnet,reworded
BXCB9,2022,b07186026ade,2023,a0e368686d32,0.331,different,different work: intercoms and front door versus security cameras,sonnet,reworded
BXCB9,2022,b07186026ade,2023,aae78b69e48b,0.694,unsure,too little text to match,resolved,reworded
BXCB9,2022,9415791c7224,2023,af15b5e19669,0.368,different,different ask: tenant protection unit versus in-apartment maintenance for seniors,sonnet,reworded
BXCB9,2022,9415791c7224,2023,b958a31a315e,0.363,different,different ask: tenant protection unit versus emergency kits,sonnet,reworded
BXCB9,2022,1b5565177b8a,2023,bbc402ef33c9,0.31,different,Clason Point streets and sewers versus Soundview Park enforcement staff,sonnet,reworded
BXCB9,2022,953ea6c328ef,2023,bbc402ef33c9,0.306,different,different ask: Soundview Park Phase II capital versus additional PEP staff,sonnet,reworded
BXCB9,2022,39b23bd8a6f2,2023,c1ae8c215914,0.463,unsure,earlier park unnamed; cannot tell if it is PO Serrano Playground,sonnet,reworded
BXCB9,2022,c38b81b9a4f9,2023,c38b81b9a4f9,1.0,same,"same 43rd Precinct request for four more PAAs, text identical",sonnet,reworded
BXCB9,2022,39b23bd8a6f2,2023,c55926e87577,0.36,different,different ask: composting toilets at Concrete Plant Park versus generic park upgrade,sonnet,reworded
BXCB9,2022,39b23bd8a6f2,2023,ccde131ac514,0.375,different,different ask: new skating rink versus upgrade of an underused park,sonnet,reworded
BXCB9,2022,b07186026ade,2023,deee51a571b1,0.816,different,cameras for sections 2 and 3 only versus all NYCHA buildings,sonnet,reworded
BXCB9,2022,3e81422c63b4,2023,ef4950fba8a2,0.405,different,different facility and agency: library boiler versus NYCHA boiler renovation,sonnet,reworded
BXCB9,2022,b07186026ade,2023,f62b90b82ccb,0.831,unsure,"bare 'New Cameras needed'; one of several NYCHA camera entries, scope unclear",sonnet,reworded
BXCB9,2022,b07186026ade,2023,f7ad7d0fde03,0.831,unsure,"bare 'Cameras needed'; one of several NYCHA camera entries, scope unclear",sonnet,reworded
BXCB9,2023,bbc402ef33c9,2024,21f9baf37d71,0.585,unsure,"later text is a spreadsheet error, '#NAME?'; park unknown",sonnet,reworded
BXCB9,2023,bf8a82e6fc80,2024,40273299b2eb,1.0,same,same two vans and two unmarked vehicles for PSA 8 officers,sonnet,reworded
BXCB9,2023,011652b4093c,2024,653d8f3ac2ca,0.494,same,same Starlite Park passive recreation feasibility study,sonnet,reworded
BXCB9,2023,2559f33156f9,2024,66a090a82b3d,0.558,unsure,"later text is a spreadsheet error, '#NAME?'; cannot compare to elevators",sonnet,reworded
BXCB9,2023,8d4e985d704f,2024,695c9aaa9d6e,0.319,different,Story Avenue traffic study versus Bronx River Avenue street reconstruction,sonnet,reworded
BXCB9,2023,41377401a195,2024,7e7ad83198be,0.595,different,different ask: raccoon control versus NYCHA common area repainting,sonnet,reworded
BXCB9,2023,8f576c304556,2024,855c97fc5d93,0.794,same,"same senior center request, identical text",sonnet,reworded
BXCB9,2023,9e741c9da00e@87edcd,2024,880fa1d0eeb2,0.753,different,"different work and agency, NYCHA elevator versus DOT sidewalks",sonnet,reworded
BXCB9,2023,9415791c7224,2024,9415791c7224,1.0,same,"same NYCHA tenant protection unit, text identical",sonnet,reworded
BXCB9,2023,c93053ab06b2,2024,a8d3d85e5a6d,0.771,same,identical hallway lighting and tile request; only category label changed,sonnet,reworded
BXCB9,2023,c38b81b9a4f9,2024,c38b81b9a4f9,1.0,same,"same 43rd Precinct request for four more PAAs, text identical",sonnet,reworded
BXCB9,2023,9a8fae3a0c30,2024,f8427930f630,0.623,same,identical text 'Traffic officer desired'; only agency and category label changed,sonnet,reworded
BXCB9,2024,340e1af5d9c9,2025,2bcb66bb703c,0.985,same,same zoning initiative for west and north parts of district,sonnet,reworded
BXCB9,2023,8f09b275d61e,2025,3125b172ea32,0.343,different,NYCHA lighting at 1715 Lacombe versus sidewalk and curb study on Pugsley and Screvin,sonnet,reworded
BXCB9,2024,8f3a32da427f,2025,38d51ae43e27,0.994,same,"same Parkchester station cleanliness request, text nearly identical",sonnet,reworded
BXCB9,2023,1bff68071b23,2025,43a5bfdc28f9,0.436,different,single boiler repair versus eight-item list with no site named,sonnet,reworded
BXCB9,2024,4e09b4284ce4,2025,43a5bfdc28f9,0.315,same,"same NYCHA upgrade wish list, six of eight items shared",sonnet,reworded
BXCB9,2024,3ed8e5c6aae6,2025,63e491f26b36,0.312,same,same NYPL expense funding increase; stated purpose differs,sonnet,reworded
BXCB9,2024,22f76bd8d835,2025,678721b40a6d,0.809,same,same Rosedale and Bruckner underpass mural; agency changed,sonnet,reworded
BXCB9,2024,7048b68fc232,2025,7206a8c9c265,0.872,same,"same 6 train service frequency request, closing sentence added",sonnet,reworded
BXCB9,2023,5d8d9cc80e8a,2025,8ca780cebb9e,0.569,different,Monroe Houses infrastructure repair versus senior and youth center,sonnet,reworded
BXCB9,2024,a734de6fdc38,2025,8ca780cebb9e,0.46,different,different ask: Monroe senior and youth center versus listed capital upgrades,sonnet,reworded
BXCB9,2024,9415791c7224,2025,9415791c7224,1.0,same,"same NYCHA tenant protection unit, text identical",sonnet,reworded
BXCB9,2024,1b5565177b8a,2025,adc8a8caf5ed,0.387,different,Clason Point streets and sewers versus Soundview Park administrator and PEP,sonnet,reworded
BXCB9,2024,21f9baf37d71,2025,adc8a8caf5ed,0.377,unsure,"earlier text is a spreadsheet error, '#NAME?'; cannot compare to Soundview PEP",sonnet,reworded
BXCB9,2024,c38b81b9a4f9,2025,c38b81b9a4f9,1.0,same,"same 43rd Precinct request for four more PAAs, text identical",sonnet,reworded
BXCB9,2024,67e42949a4bb,2025,d070d9ba94cd,0.884,same,same White Plains Road and Bruckner intersection safety study,sonnet,reworded
BXCB9,2024,77e1561f21a8,2025,d69357054076,0.974,same,same list of five streets to reconstruct,sonnet,reworded
BXCB9,2024,855c97fc5d93,2025,fa16aabef209,0.802,same,same senior center request,sonnet,reworded
BXCB9,2023,068350ff9b2a,2026,0f5c7c044371,0.345,different,basketball poles at 805 Taylor versus NYPD cameras at Taylor and Lafayette,sonnet,reworded
BXCB9,2025,2c01d281de6f,2026,0f5c7c044371,0.305,different,different: NYPD street cameras at Taylor and Lafayette versus NYCHA upgrade list,sonnet,reworded
BXCB9,2025,cd39c9b3446a,2026,286e31d27baf,0.421,different,different ask: safety campaigns versus designated scooter parking,sonnet,reworded
BXCB9,2025,8d4e985d704f,2026,551352653592,0.314,different,Story Avenue traffic study versus PEP officers at playground,sonnet,reworded
BXCB9,2025,8c6715293e2f,2026,5fd6373e8150,0.867,same,same NYPL capital funding text,sonnet,reworded
BXCB9,2024,21f9baf37d71,2026,8f2d1af2d85b,0.791,unsure,"earlier explanation unreadable, later empty, cannot compare",sonnet,reworded
BXCB9,2023,bbc402ef33c9,2026,8f2d1af2d85b,0.739,unsure,"later request has no explanation, cannot confirm Soundview PEP",sonnet,reworded
BXCB9,2025,adc8a8caf5ed,2026,8f2d1af2d85b,0.476,unsure,later explanation is blank; same category but cannot confirm Soundview PEP ask,sonnet,reworded
BXCB9,2025,9415791c7224,2026,9415791c7224,1.0,same,"same NYCHA tenant protection unit, text identical",sonnet,reworded
BXCB9,2025,8c6715293e2f,2026,afd58503de87,0.653,same,"same NYPL capital funding text, now for CB9 sites",sonnet,reworded
BXCB9,2025,c38b81b9a4f9,2026,c38b81b9a4f9,1.0,same,"same 43rd Precinct request for four more PAAs, text identical",sonnet,reworded
BXCB9,2023,2559f33156f9,2026,c49ef2c3a383,0.816,unsure,"later request has no explanation, only generic NYCHA renovation title",sonnet,reworded
BXCB9,2024,66a090a82b3d,2026,c49ef2c3a383,0.684,unsure,"earlier explanation unreadable, later empty, cannot compare",sonnet,reworded
BXCB9,2025,63e491f26b36,2026,ccdf586ff7e8,0.783,same,same NYPL expense funding text,sonnet,reworded
BXCB9,2025,1eecb2ec21c1,2026,d943d761575e,0.358,different,Castle Hill traffic study versus Castle Hill library funding,sonnet,reworded
BXCB9,2025,1b5565177b8a,2026,e7ed4d817eed,0.411,different,Clason Point streets and sewers versus NYPD cameras on Soundview Avenue,sonnet,reworded
BXCB9,2025,adc8a8caf5ed,2026,e7ed4d817eed,0.325,different,different ask: Soundview Park PEP staff versus NYPD cameras on Soundview Ave,sonnet,reworded
BXCB9,2025,f45a62decb27,2026,f45a62decb27,1.0,same,"same traffic officers request, text identical",sonnet,reworded
BXCB9,2025,39b23bd8a6f2,2026,f97fffccc735,0.671,unsure,later explanation is blank and earlier park unnamed; cannot tell,sonnet,reworded
BXCB9,2023,ccde131ac514,2026,f97fffccc735,0.559,unsure,"later request has no explanation, cannot confirm skating rink",sonnet,reworded
BXCB9,2025,fa16aabef209,2026,fa16aabef209,1.0,same,"same senior center request, text identical",sonnet,reworded
BXCB9,2026,c49ef2c3a383,2027,0877ba06ddab,0.54,unsure,earlier explanation is blank; cannot tell if Clason Point Houses was meant,sonnet,reworded
BXCB9,2024,66a090a82b3d,2027,0877ba06ddab,0.369,unsure,"earlier explanation unreadable, cannot compare",sonnet,reworded
BXCB9,2026,f42fcb876cb6,2027,10096d576298,0.586,different,different police program: NCO officers versus Q-Team officers,sonnet,reworded
BXCB9,2026,98ca98eeb5f1,2027,10f1dd2d9f19,0.922,same,same center islands at the same four locations,sonnet,reworded
BXCB9,2026,b6bf90e7612b,2027,118c3be30397,0.854,same,"same Cross Bronx service road traffic study, Nobel Ave extension dropped",sonnet,reworded
BXCB9,2026,3125b172ea32,2027,190576ab4795,0.946,same,same Pugsley and Screvin Avenue sidewalk and curb study,sonnet,reworded
BXCB9,2026,563c931ab7bd,2027,1f02d25cb97d,0.586,same,same Metcalf Avenue sidewalks between Watson and Westchester,sonnet,reworded
BXCB9,2026,6a48b632fbfb,2027,2794a4f87b02,0.432,same,"same concrete bus pads at every bus stop, cost added",sonnet,reworded
BXCB9,2026,9415791c7224,2027,3dadddb0b821,0.855,same,"same NYCHA tenant protection unit, CB9 residents added",sonnet,reworded
BXCB9,2026,b6bf90e7612b,2027,42755d1f1d0f,0.545,unsure,now is only the Noble Ave piece of a bundled service road study,sonnet,reworded
BXCB9,2026,d070d9ba94cd,2027,44b23101e4a2,0.627,same,same White Plains Road and Bruckner Blvd safety study and improvements,sonnet,reworded
BXCB9,2026,19abdf87d86f,2027,4617becbc3e3,0.773,same,same zoning initiative for north and west of district,sonnet,reworded
BXCB9,2026,ced5af50b21d,2027,604279b86e8f,0.716,same,"same sinking south-end streets, same named streets, leveling emphasis",sonnet,reworded
BXCB9,2026,e67201c6babf,2027,6cb61f6be54d,0.833,unsure,now keeps only lights on Bruckner Overpass; cameras dropped,sonnet,reworded
BXCB9,2026,14706c2b67d7,2027,8531e5e28c0d,0.689,same,"same remediation of Parks wasteland in CB9, reworded",sonnet,reworded
BXCB9,2026,695471ee250d,2027,88c9683356ad,1.0,same,same additional Way Finders for Story Ave and White Plains Rd bus stops,sonnet,reworded
BXCB9,2026,8f2d1af2d85b,2027,8f2d1af2d85b,1.0,unsure,no explanation in either year,rule,reworded
BXCB9,2024,21f9baf37d71,2027,8f2d1af2d85b,0.791,unsure,"earlier explanation unreadable, later empty, cannot compare",sonnet,reworded
BXCB9,2025,adc8a8caf5ed,2027,8f2d1af2d85b,0.476,unsure,"later request has no explanation, cannot confirm Soundview request",sonnet,reworded
BXCB9,2026,f45a62decb27,2027,90fc6ece142f,0.84,same,"same traffic officers request, CB9 named",sonnet,reworded
BXCB9,2026,695c9aaa9d6e,2027,92588dbe5bf2,0.93,same,same Bronx River Ave and Rosedale street and sidewalk reconstruction,sonnet,reworded
BXCB9,2026,c38b81b9a4f9,2027,c38b81b9a4f9,1.0,same,"same 43rd Precinct request for four more PAAs, text identical",sonnet,reworded
BXCB9,2026,c59b39c1cd3b,2027,c55406d9c3e4,0.869,same,"same library elevator, boiler and HVAC capital request, amounts dropped",sonnet,reworded
BXCB9,2026,c49ef2c3a383,2027,cae7120fb62a,0.503,unsure,earlier explanation is blank; cannot tell if Watson Houses was meant,sonnet,reworded
BXCB9,2024,66a090a82b3d,2027,cae7120fb62a,0.35,unsure,"earlier explanation unreadable, cannot compare",sonnet,reworded
BXCB9,2026,448f7ae0cc38,2027,cd751c9b9ebe,0.903,same,"same request to revisit road diets, Castle Hill example added",sonnet,reworded
BXCB9,2026,775a91878a1c,2027,df37336947f8,0.832,same,same Castle Hill Ave and Bruckner service road traffic study,sonnet,reworded
BXCB9,2026,cd39c9b3446a,2027,eb86945ea341,0.866,same,"same scooter and bicycle pedestrian safety campaign, regulations added",sonnet,reworded
BXCB9,2026,fa16aabef209,2027,fa16aabef209,1.0,same,"same senior center request, text identical",sonnet,reworded
MCB1,2020,b24ee4035cba,2021,013afd91c97a,0.312,unsure,now keeps only waste enforcement; pickup personnel and graffiti removal dropped,sonnet,reworded
MCB1,2020,b02e011ef6e6,2021,0613bf05a0b2,0.362,different,different: NYPD placard task force versus DOT placard technology and protocols,sonnet,reworded
MCB1,2020,e3dcda7e753e,2021,361c7954b902,0.376,different,different zoning work: district contextual zoning versus Seaport development rights review,sonnet,reworded
MCB1,2020,ad61173d0134,2021,3665c7767159,0.359,different,different ask: crosswalks at one school versus speed cameras near schools,sonnet,reworded
MCB1,2020,ff9b3224a01e,2021,408ad87a7b20,0.988,same,"same water main replacement in Tribeca, text nearly identical",sonnet,reworded
MCB1,2020,cab1db9f7ce4,2021,593a7568b146,0.85,same,same Millennium High School expansion at 75 Broad Street,sonnet,reworded
MCB1,2020,66e0c201dd0c,2021,66e0c201dd0c,1.0,same,"same Battery playground reconstruction, text identical",sonnet,reworded
MCB1,2020,47684164bc09,2021,6b1b3e423c42,0.377,different,different ask: inspection personnel versus monitoring units at ferry docks,sonnet,reworded
MCB1,2020,6f10af54bbd0,2021,79ea9d984708,0.367,different,different: sewage treatment technology funding versus bioswales at Barnett Newman Triangle,sonnet,reworded
MCB1,2020,6f10af54bbd0,2021,9b05b8e76866,0.981,same,"same green infrastructure and wastewater technology funding, text identical",sonnet,reworded
MCB1,2020,4bb6abc6ee73,2021,a94eba3e3233,0.94,same,"same elevators at 75 Broad, 81 New and 26 Broadway",sonnet,reworded
MCB1,2020,10a222bb87b8,2021,deae83098d75,0.424,unsure,now keeps only crossing guard pay and full-time half; added guards dropped,sonnet,reworded
MCB1,2020,feeaf0650876,2021,feeaf0650876,1.0,same,"same completion of Peck Slip Park, text identical",sonnet,reworded
MCB1,2021,a94eba3e3233,2022,018668bdc344,0.856,unsure,"now covers only 81 New Street, one of three buildings in earlier request",sonnet,reworded
MCB1,2021,ec179aa86a9c,2022,018f9b8203c2,0.612,different,Theater Alley repair versus reopening Park Row,sonnet,reworded
MCB1,2021,feeaf0650876,2022,1434bfa90974,0.316,different,Peck Slip Park construction versus hiring park staff,sonnet,reworded
MCB1,2021,79ea9d984708,2022,1fe7959c5533,0.346,unsure,stormwater bioswales versus completing the greenstreet,resolved,reworded
MCB1,2021,01c56724c964,2022,2af8826c5077,0.449,same,same Battery Park City affordable housing preservation program,sonnet,reworded
MCB1,2020,09bb7af03466,2022,2d65565e2758,0.316,same,"same short and medium-term flood resiliency infrastructure, DEP then EDC",sonnet,reworded
MCB1,2021,02aa8b825b31,2022,2d99ddae400e,0.882,same,same Route 9A intersection safety improvements; coordination funding added,sonnet,reworded
MCB1,2021,8532e1760787,2022,308a5b20cb83,0.314,same,"same recreation space under Brooklyn Bridge, now named Dugout; staircase repair dropped",sonnet,reworded
MCB1,2021,d1af25dffb1f,2022,4d5ab7f4e2a8,0.49,same,"same crosswalk serving PS 89, now specified as mid-block",sonnet,reworded
MCB1,2021,66e0c201dd0c,2022,66e0c201dd0c,1.0,same,"same Battery playground reconstruction, text identical",sonnet,reworded
MCB1,2021,649b601820f6,2022,70b618d75627,0.31,different,different work: Edgar Street traffic study versus completing Edgar Street sidewalk project,sonnet,reworded
MCB1,2021,b8ca5208b1da,2022,7f21f09db5ef,0.381,different,PEP staffing versus Partnerships for Parks volunteer support,sonnet,reworded
MCB1,2021,ec179aa86a9c,2022,87058f839886,0.429,different,Theater Alley repair versus reopening WTC streets,sonnet,reworded
MCB1,2021,06d790408431,2022,8e92a0dfeec6,0.759,same,"same pilot to curb sidewalk bicycle riding, electric bikes added",sonnet,reworded
MCB1,2021,a94eba3e3233,2022,984ed368616f,0.746,same,"the same school elevator work, narrowed to 26 Broadway",resolved,reworded
MCB1,2021,66e0c201dd0c,2022,9ea0976d58b2,0.34,different,different amenity: Battery playground versus Collect Park pond fountain,sonnet,reworded
MCB1,2021,b5c6bf04e25a,2022,b4d657cbf8e7,0.454,same,"same Holland Tunnel traffic impact study, now names affected streets",sonnet,reworded
MCB1,2020,96b79f7b915c,2022,bfae2f068382,0.39,different,LMCR funding gap versus new west-side resiliency north of Stuyvesant,sonnet,reworded
MCB1,2021,02aa8b825b31,2022,e54a1919beab,0.339,different,Route 9A improvements versus Albany and West Street safety study,sonnet,reworded
MCB1,2021,02aa8b825b31,2022,f9a7dbef3c03,0.462,different,Route 9A improvements versus 2nd Place and Battery Place calming,sonnet,reworded
MCB1,2021,feeaf0650876,2022,feeaf0650876,1.0,same,"same completion of Peck Slip Park, text identical",sonnet,reworded
MCB1,2022,d85f73f23a86,2023,12bf3715932f,0.602,same,same 1 Centre Street plaza public restroom,sonnet,reworded
MCB1,2022,d93a2f48edde,2023,1b272e0dfa0b,0.407,different,Little Syria study versus school ADA studies,sonnet,reworded
MCB1,2022,381a1fa63c54,2023,2780058a229f,0.915,same,same restore composting and recycling funds,sonnet,reworded
MCB1,2022,8e92a0dfeec6,2023,2f96736f6cb6,0.918,same,same sidewalk bicycle education/enforcement pilot,sonnet,reworded
MCB1,2022,a4db13f5a72d,2023,45f23cc36789,0.56,different,Staple Street cobblestone repair versus Duane Park expansion,sonnet,reworded
MCB1,2022,f4f4ed888ee9,2023,45f23cc36789,0.318,different,Duane Street cobblestone reconstruction versus Duane Park expansion,sonnet,reworded
MCB1,2022,79ea9d984708,2023,4bdf93ecc988,0.394,unsure,bioswales at Barnett Newman Triangle versus Park Row right-of-way; overlap unclear,sonnet,reworded
MCB1,2022,66e0c201dd0c,2023,66e0c201dd0c,1.0,same,identical Battery playground reconstruction,sonnet,reworded
MCB1,2022,a2adee0aae06,2023,91834d4f21bd,0.6,different,Finn Square maintenance support versus park expansion funding,sonnet,reworded
MCB1,2022,66e0c201dd0c,2023,9eb253151396,0.357,different,Battery playground versus Governors Island athletic field,sonnet,reworded
MCB1,2022,4dd8b03a8251,2023,a0784c769e61,0.648,unsure,"same Fire/EMS location-ID aim, but parks versus streets",sonnet,reworded
MCB1,2022,5e6b90fbbad2,2023,c17a9ae66441,0.88,same,"same New Market Building public-use redevelopment, same concept plan",sonnet,reworded
MCB1,2022,e9b7946e1c4a,2023,f8bbeea61987,0.318,same,"Same Seaport Museum operating funding request, renewed",sonnet,reworded
MCB1,2022,8f7d3f06569b,2023,f9fab80f52c3,0.912,same,"same City Hall Park re-examination, NYPD parking damage",sonnet,reworded
MCB1,2023,79ea9d984708,2024,045a1cfd4eca,0.732,same,"same Barnett Newman Triangle bioswales, study versus implement phase",sonnet,reworded
MCB1,2023,e3dcda7e753e,2024,115d18b34cb5,0.312,different,zoning impact study versus Detention Complex Towers reuse study,sonnet,reworded
MCB1,2023,7bcd3c254802,2024,343edbe08ac3,0.972,same,"same free public pool for CD1, now framed as floating pool study",sonnet,reworded
MCB1,2023,91834d4f21bd,2024,3c05f287ca42,0.68,same,same Finn Square expansion,sonnet,reworded
MCB1,2023,17d7f6eaf083,2024,41f096224fd4,1.0,same,same South End Avenue redesign funding,sonnet,reworded
MCB1,2023,013afd91c97a,2024,42545f2ec31d,0.985,same,"same waste enforcement request, narrowed to residential",sonnet,reworded
MCB1,2022,a2adee0aae06,2024,45aa0de17120,0.707,different,Finn Square maintenance support versus sidewalk reconstruction,sonnet,reworded
MCB1,2023,91834d4f21bd,2024,45aa0de17120,0.464,different,Finn Square park expansion versus sidewalk reconstruction,sonnet,reworded
MCB1,2022,0142d7bd2cc2,2024,57e83b20ead1,0.609,same,"same Financial District traffic and mobility study funding, pilots added",sonnet,reworded
MCB1,2023,f9fab80f52c3,2024,5993c5e26156,0.912,same,same City Hall Park re-examination,sonnet,reworded
MCB1,2023,4bdf93ecc988,2024,733938c30b52,0.976,same,same Park Row green infrastructure; rebuild became a study,sonnet,reworded
MCB1,2023,cd789cb82a13,2024,7be4c846f477,0.878,same,same LL97 compliance education program,sonnet,reworded
MCB1,2023,5bcfbd134e53,2024,83b0239a39f2,0.667,same,"same Tribeca interim flood protection program, planning phase, agency changed",sonnet,reworded
MCB1,2023,7fbf0123070e,2024,9effa7b645d5,0.982,same,"same City Hall Park LED lighting project, study versus fund phase",sonnet,reworded
MCB1,2023,3ddca6c0665e,2024,a907b581c46b,0.578,same,"same Harbor School aquatics pool, agency changed",sonnet,reworded
MCB1,2022,89d65c266443,2024,a907b581c46b,0.307,different,Governors Island ferry route versus Harbor School pool,sonnet,reworded
MCB1,2023,ab7500fef786,2024,af820a03cb78,0.981,same,"same Student Metrocard expansion, study phrasing",sonnet,reworded
MCB1,2023,f7a1159aac8c,2024,b0dd2768a27b,0.883,same,"same P.S. 276 bus stop, study phase",sonnet,reworded
MCB1,2023,f9fab80f52c3,2024,dad57ccd2e65,0.784,same,"same City Hall Park plaza re-examination, adds lawn access",sonnet,reworded
MCB1,2023,3a05628b6297,2024,ddb298c31f10,0.988,same,"same placard study, adds audit",sonnet,reworded
MCB1,2023,bfae2f068382,2024,f767fb22eba3,0.879,same,"same West Side resiliency infrastructure, start point shifted, study phase",sonnet,reworded
MCB1,2024,8b08b081d4ec,2025,04534fa2a7c9,0.573,same,same hire DPR staff to replace those eliminated,sonnet,reworded
MCB1,2024,75706fff1f03,2025,053db0fa2e50,0.802,same,same historic street design guidelines,sonnet,reworded
MCB1,2024,115d18b34cb5,2025,0a6a5e0afdac,0.383,different,Detention Complex reuse study versus Seaport development rights zoning review,sonnet,reworded
MCB1,2024,855ec4e649f6,2025,11e9cf52b821,0.34,same,"same new east-side library, now names Brooklyn Bridge Anchorage vaults",sonnet,reworded
MCB1,2024,2384985ce383,2025,150e1c0e618b,0.413,different,Collister Alley cobblestone repair versus speed camera at Hudson and Laight,sonnet,reworded
MCB1,2023,ee27793d5c5a,2025,18280fc446d6,0.627,same,"same Green Infrastructure Program funding, rain gardens added",sonnet,reworded
MCB1,2024,045a1cfd4eca,2025,18280fc446d6,0.414,different,Barnett Newman Triangle site versus district-wide green infrastructure program,sonnet,reworded
MCB1,2024,6485efc04fec,2025,19cf8b33cfd8,0.336,different,Greenwich Street cobblestone repair versus Vestry and Washington safety study,sonnet,reworded
MCB1,2024,f8678c0f4889,2025,277f636ad6bb,0.638,same,same City Hall Park bluestone pathways; NOW adds review and LEDs,sonnet,reworded
MCB1,2024,e54a1919beab,2025,2d99ddae400e,0.302,different,Albany/West intersection study versus Route 9A improvements coordination,sonnet,reworded
MCB1,2024,bfae2f068382,2025,3db96320aff5,0.957,same,"same resiliency infrastructure north from Tribeca, start point shifted",sonnet,reworded
MCB1,2024,47297d2ee804,2025,40dcb1b01ce2,0.354,unsure,"Fire/EMS location identification in BPC, but streets versus parks, agency changed",sonnet,reworded
MCB1,2024,af820a03cb78,2025,434112cd871b,0.879,same,"same Student Metrocard expansion, study now expansion",sonnet,reworded
MCB1,2024,a9e92458424f,2025,4badf9307838,0.712,same,same crossing guard pay and full-time positions,sonnet,reworded
MCB1,2024,ce5d61ef6b99,2025,4f424a4df855,0.584,same,same Battery Park City affordable housing preservation program,sonnet,reworded
MCB1,2024,bfae2f068382,2025,539550b21228,0.368,different,west side resiliency task force versus plan-and-construct infrastructure,sonnet,reworded
MCB1,2024,f8bbeea61987,2025,586da2bff8d5,0.965,same,same Seaport Museum operating funding renewal,sonnet,reworded
MCB1,2023,308a5b20cb83,2025,5e5665c54047,0.953,same,identical Dugout Space green play space request,sonnet,reworded
MCB1,2024,ddb298c31f10,2025,66ae61507b59,0.995,same,same placard study and audit,sonnet,reworded
MCB1,2024,1b272e0dfa0b,2025,66bd68c7602b,0.686,same,same ADA compliance studies for Lower Manhattan public schools,sonnet,reworded
MCB1,2024,b4d657cbf8e7,2025,6eff206ed9fb,0.317,different,Holland Tunnel traffic study versus Watts/Canal curb extension,sonnet,reworded
MCB1,2024,10ce16b9bac1,2025,7a1632dcbc70,0.695,same,same Coast Guard building feasibility study,sonnet,reworded
MCB1,2024,c4a8d164bf33,2025,812ed3969f2e,0.778,same,same homeless veterans outreach funding,sonnet,reworded
MCB1,2023,f9a7dbef3c03,2025,89356deda7fd,0.351,different,traffic calming at Battery Place versus enforcement agents on Hudson Street,sonnet,reworded
MCB1,2022,ad61173d0134,2025,89356deda7fd,0.339,different,PS 89 crosswalks versus enforcement agents on Hudson Street,sonnet,reworded
MCB1,2024,d9baedc86665,2025,9812e5d14723,0.739,same,same decouple school funding from class size,sonnet,reworded
MCB1,2024,fa8e5b7f3092,2025,9ae27b401d45,0.852,same,same Open Restaurants/Dining DOT oversight staffing,sonnet,reworded
MCB1,2024,83226d53a8c9,2025,a6a971fbbb8e,0.848,same,same grants for landmarked structures in parks,sonnet,reworded
MCB1,2024,ce5d61ef6b99,2025,b7e7d51b30fc,0.64,same,same Battery Park City affordable housing preservation program,sonnet,reworded
MCB1,2024,b4d657cbf8e7,2025,bfb9a7eaa9da,0.393,different,Holland Tunnel traffic study versus exit-intersection traffic calming,sonnet,reworded
MCB1,2024,23620e493896,2025,c17b51fb3b75,0.357,different,Canal Street traffic study and plan versus enforcement agents at one intersection,sonnet,reworded
MCB1,2023,f9a7dbef3c03,2025,c17b51fb3b75,0.334,different,traffic calming at Battery Place versus enforcement agents at Canal and Greenwich,sonnet,reworded
MCB1,2022,ad61173d0134,2025,c17b51fb3b75,0.322,different,PS 89 crosswalks versus enforcement agents at Canal and Greenwich,sonnet,reworded
MCB1,2024,b4d657cbf8e7,2025,ca41155bbfb6,0.301,different,Holland Tunnel traffic study versus Holland Tunnel park beautification,sonnet,reworded
MCB1,2024,045a1cfd4eca,2025,cadf4f1eac7d,0.792,same,"same Barnett Newman Triangle green infrastructure, study to design",sonnet,reworded
MCB1,2022,feeaf0650876,2025,ce42ab2302d8,0.72,different,complete Peck Slip Park construction versus native plantings funding,sonnet,reworded
MCB1,2024,2d65565e2758,2025,cf2611adfb42,0.867,same,"same flood barrier design guidance, locally versus domestically manufactured",sonnet,reworded
MCB1,2023,f9a7dbef3c03,2025,d8fb6d07ac76,0.401,different,traffic calming at 2nd and Battery Place versus all school zones,sonnet,reworded
MCB1,2022,8a9621997a41,2025,d8fb6d07ac76,0.333,different,"speed cameras near schools versus signage, pavement and signals at all school zones",sonnet,reworded
MCB1,2024,3c05f287ca42,2025,db01b6c3b329,0.741,same,same Finn Square park expansion,sonnet,reworded
MCB1,2022,ad61173d0134,2025,e1d2fa519b1b,0.344,different,PS 89 crosswalks versus safety improvement at Hubert and Collister,sonnet,reworded
MCB1,2023,f9a7dbef3c03,2025,e1d2fa519b1b,0.335,different,traffic calming at Battery Place versus safety improvement at Hubert and Collister,sonnet,reworded
MCB1,2024,7be4c846f477,2025,e2f928bf0c16,0.417,different,LL97 education program versus financial assistance programs,sonnet,reworded
MCB1,2024,4d5ab7f4e2a8,2025,f2257634ce36,0.419,different,P.S. 89 mid-block crosswalk versus Hudson/Vestry signage,sonnet,reworded
MCB1,2025,bf974bbf838f,2026,14849cf6facb,0.753,same,same 1 Centre Street plaza restroom; NOW adds a second site,sonnet,reworded
MCB1,2025,053db0fa2e50,2026,17200a1d8c86,0.914,same,same historic street design guidelines,sonnet,reworded
MCB1,2025,277f636ad6bb,2026,211d09441e29,0.923,same,same City Hall Park repairs; NOW adds illumination and fountain,sonnet,reworded
MCB1,2025,dc0ca261ca60,2026,21217b7db65b,0.776,same,same Staple Street cobblestone reconstruction,sonnet,reworded
MCB1,2025,c920a701a364,2026,4997232e7f47,0.901,same,same land use consultants for community boards,sonnet,reworded
MCB1,2025,d6138e1b37ca,2026,51e8a43f604f,0.765,same,"same Vesey Street shared street, study phase added",sonnet,reworded
MCB1,2025,ca41155bbfb6,2026,6b05c46796bd,0.627,same,same Holland Tunnel park beautification,sonnet,reworded
MCB1,2025,cadf4f1eac7d,2026,7de93a9c6cf3,0.377,same,"same Barnett Newman Triangle greening, design versus completion funding",sonnet,reworded
MCB1,2025,855ec4e649f6,2026,7fd57f5b82e9,0.713,same,"same new east-side library, now suggests Brooklyn Bridge vault arches",sonnet,reworded
MCB1,2025,70b618d75627,2026,830635416862,0.844,same,same PS 150 Edgar Street sidewalk and bus stops,sonnet,reworded
MCB1,2025,89356deda7fd,2026,892d09af339e,0.745,same,same traffic enforcement agents on Hudson Street,sonnet,reworded
MCB1,2025,a0827e5dd271,2026,98edd3617845,0.867,same,same J.P. Ward Street drainage at West Thames bridge,sonnet,reworded
MCB1,2025,db01b6c3b329,2026,9ad829c27172,0.415,same,same Finn Square Park expansion; NOW adds repairs,sonnet,reworded
MCB1,2025,66ae61507b59,2026,9f2be9eda31e,0.407,unsure,"both government placard audits, but use/abuse versus agency issuance, agency changed",sonnet,reworded
MCB1,2024,87b71c00bcc2,2026,9f2be9eda31e,0.301,different,placard technology and enforcement in CB1 versus citywide agency placard audit,sonnet,reworded
MCB1,2025,ee73bd1eb7de,2026,a10c6b6d0c18,0.931,same,same Brooklyn Bridge arches economic and social analysis,sonnet,reworded
MCB1,2025,5faef6f38134,2026,a4c8d18f8348,0.695,same,same Albany Street left turn study,sonnet,reworded
MCB1,2025,d54ee064b820,2026,abd9c4cff3f6,0.345,different,Duane Street reconstruction versus shared street study on other blocks,sonnet,reworded
MCB1,2025,cbb0185b3ab9,2026,b0019622ed34,0.428,same,same Pearl Street crossings under Brooklyn Bridge safety,sonnet,reworded
MCB1,2025,5e5665c54047,2026,cbc5fb5e4058,0.306,same,"same Brooklyn Bridge underspace green play space, site renamed",sonnet,reworded
MCB1,2025,21dc5f748ebb,2026,d0a57ccfb5e4,0.824,same,same small business incentive zone study,sonnet,reworded
MCB1,2025,868a6faf3551,2026,e192582ab300,0.919,same,same income-restricted multi-bedroom housing,sonnet,reworded
MCB1,2026,37a9d55c5f75,2027,2cc48c5f0dcb,0.494,same,"same Barnett Newman Triangle edge greening, now within Canal South Plans",sonnet,reworded
MCB1,2025,7f0da9ebdfc0,2027,2cc48c5f0dcb,0.417,same,same Barnett Newman Triangle greenstreet completion with initial trees and planters,sonnet,reworded
MCB1,2026,98edd3617845,2027,328826a21394,0.754,same,same J.P. Ward Street ponding; NOW adds Washington Street catch basin,sonnet,reworded
MCB1,2026,e192582ab300,2027,4829b2061423,0.716,same,same income-restricted family housing,sonnet,reworded
MCB1,2026,cbc5fb5e4058,2027,5df25931e7f7,0.528,different,Arches green play space versus Arches public restrooms,sonnet,reworded
MCB1,2026,dad434a87662,2027,7ae178e23f0f,0.651,same,same homeless mental health and outreach funding,sonnet,reworded
MCB1,2026,9812e5d14723,2027,7ec14720944f,0.892,same,same decouple school funding from class size,sonnet,reworded
MCB1,2026,361c7954b902,2027,89b31ffd36bc,0.682,same,same Seaport development rights review,sonnet,reworded
MCB1,2026,fe1b8ad3cec3,2027,a6c1cbcca3c4,0.552,same,"same hospital services expansion, now names WTC sites",sonnet,reworded
MCB1,2026,211d09441e29,2027,a8098b22f797,0.825,same,same City Hall Park repairs; NOW adds items,sonnet,reworded
MCB1,2026,18280fc446d6,2027,b06bcac87996,0.353,same,same district-wide green infrastructure funding,sonnet,reworded
MCB1,2026,7de93a9c6cf3,2027,b424e59d5f7e,0.663,same,same Barnett Newman Triangle expansion,sonnet,reworded
MCB1,2025,d1137c2da900,2027,c517d047e1ba,0.667,same,same Fulton and Cliff Street intersection safety request,sonnet,reworded
MCB1,2026,9ad829c27172,2027,c5cba0838857,0.564,same,same Finn Square expansion study,sonnet,reworded
MCB1,2026,28158db76a27,2027,c8d59ea2941a,0.762,same,same veteran-specific Section 8 vouchers,sonnet,reworded
MCB1,2026,45f23cc36789,2027,db0631ee9445,0.874,same,"same Duane Park expansion to historic footprint, agency changed",sonnet,reworded
MCB1,2025,d54ee064b820,2027,db0631ee9445,0.494,different,Duane Street cobblestone reconstruction versus Duane Park expansion,sonnet,reworded
MCB1,2026,51e8a43f604f,2027,df4a8673b5e8,0.902,same,same Vesey Street shared street study,sonnet,reworded
MCB1,2026,09f9878d3f8a,2027,e00819aa5f00,0.467,different,CSO remediation integration versus FiDi Seaport resiliency design and construction,sonnet,reworded
MCB1,2025,1b65fa0b0aef,2027,e00819aa5f00,0.301,different,Park Row pathways versus FiDi Seaport resiliency plans,sonnet,reworded
MCB1,2026,0105dbe6598a,2027,fa360e22e25d,0.669,different,all school zones versus PS 150 school zone only,sonnet,reworded
MCB10,2020,185b6ae7f03d,2021,185b6ae7f03d,1.0,same,same 145th Street traffic study,sonnet,reworded
MCB10,2020,1be026924932,2021,1be026924932,1.0,same,same 155th Street traffic study,sonnet,reworded
MCB10,2021,357dfbd32a62,2022,08f22f0ac485,0.362,same,"Same St. Nicholas Playground South renovation, now less itemized",sonnet,reworded
MCB10,2021,267fa0136e1d,2022,0ead7b5f8b53,0.526,same,"same ACP Boulevard 42 Malls landscaping design, agency changed",sonnet,reworded
MCB10,2021,b465c72af5fd,2022,14ee9e34f7ec,0.512,same,same William McCray Playground renovation,sonnet,reworded
MCB10,2021,7e366feebe07,2022,2d913a9c2da1,0.424,different,Harlem rat control versus Frederick Douglass Academy renovation,sonnet,reworded
MCB10,2021,899faa93b78f,2022,38b8607ff935,0.665,same,same Colonel Charles Young Playground field upgrade,sonnet,reworded
MCB10,2021,1be026924932,2022,6e635be17738,0.437,different,155th Street traffic study versus Jackie Robinson Park athletic fields,sonnet,reworded
MCB10,2021,fb5d864e46b9,2022,71a69d62d5d4,0.53,same,same more frequent litter basket collection,sonnet,reworded
MCB10,2021,cce87dc13157,2022,7e59ecf52767,0.361,same,Same landscaping of the 42 Adam Clayton Powell Boulevard malls,sonnet,reworded
MCB10,2021,05298171c70a,2022,8a20e76e3a3b,0.399,different,Young Triangle lighting versus generic park lighting and panic buttons,sonnet,reworded
MCB10,2021,2f14db685233,2022,9386979786a6,0.876,same,same Hansborough Recreation Center elevator,sonnet,reworded
MCB10,2021,16a1198e19bd,2022,a5823b0c0496,0.384,different,extremely low-income housing versus medium-income housing,sonnet,reworded
MCB10,2021,e31d523e2b00,2022,a61195ee1f5c,0.599,same,"same senior center renovation, NOW less detailed",sonnet,reworded
MCB10,2021,1350b19f3242,2022,c29bf6400023,0.507,same,"same elevators at CB10 subway stations, station list varies",sonnet,reworded
MCB10,2021,b65885b75bb4,2022,dc382f9b15fe,0.451,unsure,later request names no development; cannot match St. Nicholas Houses,sonnet,reworded
MCB10,2021,16a1198e19bd,2022,fd5839e1d97c,0.452,same,same more housing for extremely low and low income households,sonnet,reworded
MCB10,2022,6e635be17738,2023,0b677bbf6297,0.696,same,same Jackie Robinson Park ball field renovation,sonnet,reworded
MCB10,2021,4892e97f920d,2023,167f07a38031,0.428,same,"same Harlem River Park waterfront esplanade design, agency changed",sonnet,reworded
MCB10,2022,fd5839e1d97c,2023,17542e74c4a6,0.367,different,low-income housing versus emergency food assistance,sonnet,reworded
MCB10,2022,4938f9233e38,2023,203eaaf77f91,0.862,different,generic NYCHA facilities upgrade versus NYCHA senior centers only,sonnet,reworded
MCB10,2022,08f22f0ac485,2023,24585277bde5,0.582,same,same St. Nicholas Playground South renovation,sonnet,reworded
MCB10,2022,b4923c6539cc,2023,259cf205b9a8,0.36,same,same Esplanade Gardens seawall repair,sonnet,reworded
MCB10,2022,0ead7b5f8b53,2023,2c492d5d84bf,0.947,same,"same ACP Boulevard Malls landscaping, agency changed",sonnet,reworded
MCB10,2022,a2776df5f3d7,2023,33cf962f5658,0.313,different,HDFC shareholder training versus Article XI tax exemption,sonnet,reworded
MCB10,2021,b65885b75bb4,2023,45c8e34fd2f1,0.364,different,elevators and plumbing versus security cameras at Saint Nicholas Houses,sonnet,reworded
MCB10,2021,4605bb984b59,2023,4d980cf06f50,0.566,same,same additional Park Enforcement Patrol officers for CB10,sonnet,reworded
MCB10,2022,6ebc35f10806,2023,5d7bb62acb1c,0.304,same,same Schomburg Center envelope and window rehabilitation,sonnet,reworded
MCB10,2022,60aceb1ae845,2023,5d7d78b914de,0.698,unsure,general business-district streetscapes versus 116th Street,resolved,reworded
MCB10,2022,9ccf66af0399,2023,5d8b723175f1,0.824,same,"same home delivered meals funding, amount added",sonnet,reworded
MCB10,2021,78365e9933f0,2023,639c4a5be326,0.443,same,same Fred Samuel Playground comfort station and senior exercise equipment,sonnet,reworded
MCB10,2022,202f7e3e52cd,2023,67d3ea4569c3,0.5,unsure,earlier request generic; cannot tell it meant Harlem Arts Alliance,sonnet,reworded
MCB10,2021,1926e9954a63,2023,7302f949a632,0.682,same,"same Harlem River Park bikeway gap closure, 145th to 163rd",sonnet,reworded
MCB10,2022,c6931a3b821d,2023,741d5e40e508,0.723,same,"same Section 8 expansion, agency changed",sonnet,reworded
MCB10,2022,4938f9233e38,2023,79b59cb84430,0.52,different,generic NYCHA facilities upgrade versus Drew Hamilton stairwell door repair,sonnet,reworded
MCB10,2021,8dfa694d57d0,2023,8d7f993a6c3f,0.377,same,"same NYPL library hours funding, branches named, 6-day versus 7-day",sonnet,reworded
MCB10,2022,90a385d06c40,2023,90a385d06c40,1.0,same,identical senior housing request,sonnet,reworded
MCB10,2021,383211d3f0a3,2023,9dcf661463aa,0.535,same,"same Courtney Callendar Playground comfort station, minor items dropped",sonnet,reworded
MCB10,2022,14ee9e34f7ec,2023,ac7676d3b793,0.781,same,same William McCray Playground renovation,sonnet,reworded
MCB10,2022,8b670f4adc08,2023,b1f18c0eb49d,0.976,same,same Fair Fares funding,sonnet,reworded
MCB10,2021,56a1fd4a37a9,2023,bb14fa286224,0.395,different,bollard repair on Powell Boulevard versus Macombs Bridge Library expansion,sonnet,reworded
MCB10,2022,6e635be17738,2023,ca15c0fce5e9,0.422,same,same Jackie Robinson Park ball field renovation,sonnet,reworded
MCB10,2022,4403e117eb76,2023,ca49b76e2218,0.577,same,"same public broadband investment, agency changed",sonnet,reworded
MCB10,2021,56a1fd4a37a9,2023,cac3ba4575cb,0.494,different,bollard repair versus lighting at A. Philip Randolph Square,sonnet,reworded
MCB10,2022,69d51f5c4376,2023,cac3ba4575cb,0.324,unsure,earlier request generic; cannot tell it meant Randolph Square lighting,sonnet,reworded
MCB10,2022,2d913a9c2da1@b01e57,2023,dc5abe3d36cf@03a65f,1.0,same,same Frederick Douglass Academy address; later text adds outdoor space detail,sonnet,site
MCB10,2021,b65885b75bb4,2023,edee0758b650,0.31,different,elevators and plumbing versus stairwell exit doors at Saint Nicholas Houses,sonnet,reworded
MCB10,2022,7fae0a5ae9fa,2023,f29c59946357,0.389,same,"same community board land use study funding, amount added",sonnet,reworded
MCB10,2022,7fae0a5ae9fa,2023,f6a7eb437b31,0.342,different,land use study funding versus land trust site identification,sonnet,reworded
MCB10,2022,38b8607ff935,2023,f830171c9d2e,0.945,same,same Colonel Charles Young Playground field upgrade,sonnet,reworded
MCB10,2022,9386979786a6,2023,fcdd9a2bc51b,0.654,same,same Hansborough Recreation Center elevator,sonnet,reworded
MCB10,2022,97e5f8bd74bf,2023,fe98260aa950,0.597,same,same Renaissance Playground renovation,sonnet,reworded
MCB10,2022,da2bdf55c9fa,2024,1c5cfeeb9458,0.34,different,different school building and different work at Thurgood Marshall,sonnet,reworded
MCB10,2023,f8b0625f295c,2024,5f53ba784fdb,0.476,same,same Countee Cullen Library complete renovation,sonnet,reworded
MCB10,2023,741d5e40e508,2024,741d5e40e508,1.0,same,identical Section 8 expansion request,sonnet,reworded
MCB10,2023,90a385d06c40,2024,90a385d06c40,1.0,same,identical senior housing request,sonnet,reworded
MCB10,2023,0b677bbf6297,2024,962e4a471c40,0.32,different,Jackie Robinson ball fields versus pool conversion to ice rink,sonnet,reworded
MCB10,2023,ca15c0fce5e9,2024,962e4a471c40,0.317,different,"Jackie Robinson Park ballfield versus pool conversion, different facilities",sonnet,reworded
MCB10,2023,b1f18c0eb49d,2024,b1f18c0eb49d,1.0,same,identical Fair Fares request,sonnet,reworded
MCB10,2023,dc5abe3d36cf,2024,c5c2fa52a9b1,0.365,same,same Frederick Douglass Academy outdoor space,sonnet,reworded
MCB10,2022,2d913a9c2da1@b01e57,2024,dc5abe3d36cf@03a65f,1.0,same,same Frederick Douglass Academy address; later text adds outdoor space detail,sonnet,site
MCB10,2024,a4844ca66119,2025,06670e48b103,0.746,same,same Jackie Robinson Park ball field flooding fix,sonnet,reworded
MCB10,2024,850dbd5d9b8c,2025,32ccd60992b3,0.732,same,same PS 154 gym divider,sonnet,reworded
MCB10,2024,fd5839e1d97c,2025,3da9bd7d37e2,0.685,same,same more housing for low-income households; NOW adds medium and AMI rules,sonnet,reworded
MCB10,2023,68c944ad45c4,2025,4a5ed281654b,0.7,same,"same anti-eviction legal services request, HPD then HRA",sonnet,reworded
MCB10,2024,78ab94d73a9f,2025,4a5ed281654b,0.407,different,rental assistance versus anti-eviction legal representation,sonnet,reworded
MCB10,2024,cda17879972d,2025,4c901b81ca0a,0.593,same,"same auditorium renovation, identical text",sonnet,reworded
MCB10,2022,a2776df5f3d7,2025,69bf488073f8,0.762,same,same HDFC shareholder financial training programs,sonnet,reworded
MCB10,2024,33cf962f5658,2025,69bf488073f8,0.344,different,Article XI tax exemption versus HDFC shareholder training programs,sonnet,reworded
MCB10,2023,6417111614d7,2025,69ebf085238d,0.428,unsure,SYEP recurs but now bundled with year-round youth workforce programs,sonnet,reworded
MCB10,2024,c5c2fa52a9b1,2025,74cb8ee584e1,0.522,same,same Frederick Douglass Academy courtyard funding,sonnet,reworded
MCB10,2024,f29c59946357,2025,7874473d0193,0.383,same,same community board land use study funding,sonnet,reworded
MCB10,2022,7b4402e517da,2025,7aba0776a36e,0.633,same,"same DOB illegal conversions request, detail added",sonnet,reworded
MCB10,2024,563de8253fd0,2025,8292c522266b,0.522,same,same Fred Samuel Playground comfort station upgrade,sonnet,reworded
MCB10,2024,8261f35374c7,2025,8303269b176c,0.59,same,same school playground renovation for unsafe conditions,sonnet,reworded
MCB10,2024,4d980cf06f50,2025,890a1f539fcf,0.943,same,same PEP officers for CB10 parks,sonnet,reworded
MCB10,2024,9d6c033a7b23,2025,bfb24a5078cd,0.306,different,NYCHA maintenance staffing versus subway station cleanliness,sonnet,reworded
MCB10,2023,6417111614d7,2025,c539096d0917,0.888,same,"same Summer Youth Employment Program request, agency changed",sonnet,reworded
MCB10,2024,9dcf661463aa,2025,c83d2bcdf497,0.599,same,same Courtney Callender comfort station reinstallation,sonnet,reworded
MCB10,2024,90a385d06c40,2025,d3778c13021c,0.478,same,same more senior housing; NOW adds assisted living,sonnet,reworded
MCB10,2022,202f7e3e52cd,2025,d4eec8c43f6a,0.527,unsure,generic cultural support versus $500K capacity-building ask,sonnet,reworded
MCB10,2024,67d3ea4569c3,2025,d4eec8c43f6a,0.456,different,"different programs, Harlem Arts Alliance versus capacity building assistance",sonnet,reworded
MCB10,2022,dc382f9b15fe,2025,dbf3d5e8817b,0.707,same,"same generic NYCHA renovation request, wording expanded",sonnet,reworded
MCB10,2024,dc5abe3d36cf,2025,ed8e38f8f497,0.365,different,Outdoor space renovation versus washer and dryer plumbing at same school,sonnet,reworded
MCB10,2024,d3d2600e0ca9,2025,fb6fdca9a046,0.795,same,same 3-K and Pre-K playground resurfacing,sonnet,reworded
MCB10,2025,a16bf2b71704,2026,0617a3655f8e,0.677,same,identical implicit bias and mental health training request,sonnet,reworded
MCB10,2025,06670e48b103,2026,0bfd91c3382d,0.731,same,same Jackie Robinson Park ball field upgrade,sonnet,reworded
MCB10,2025,2f4df0bf939d,2026,2eaaf6834cba,0.92,same,same Jackie Robinson Park pool to rink conversion,sonnet,reworded
MCB10,2023,bd8c3fa228f4,2026,36adcbd5bf95,0.316,different,community land trust versus homeownership production target,sonnet,reworded
MCB10,2024,17542e74c4a6,2026,6070734febc4,0.304,different,food assistance program versus historic property emergency repair fund,sonnet,reworded
MCB10,2025,9485e6e8d866,2026,6f52ff521272,0.522,different,library exterior versus school auditorium refurbishment,sonnet,reworded
MCB10,2024,45c8e34fd2f1,2026,7564e2b39166,0.344,different,security camera repair versus resident relocation support under Comp Mod,sonnet,reworded
MCB10,2025,1bc9d8cd7d0b,2026,7e2a15ac25a7,0.537,same,"same $2M Central Harlem homeless services, now names Homebase",sonnet,reworded
MCB10,2025,696ef34abbc8,2026,83090a76bc6a,0.852,same,"same Gotham Health clinics funding, amount changed",sonnet,reworded
MCB10,2024,0069c3945763,2026,855bd146e36d,0.51,same,same Powell Boulevard malls planting project,sonnet,reworded
MCB10,2025,cac3ba4575cb,2026,855bd146e36d,0.336,different,A. Philip Randolph Square lighting versus ACP Boulevard malls planting,sonnet,reworded
MCB10,2025,d0bd2f11f155,2026,91ad65954324,0.751,same,same $3M free mental health programs through CBOs,sonnet,reworded
MCB10,2025,c83d2bcdf497,2026,94fe1e0d346b,0.37,same,same Courtney Callender comfort station reconstruction,sonnet,reworded
MCB10,2024,167f07a38031,2026,b1da89aa1649,0.336,same,"same Harlem River waterfront esplanade design and construction, wider umbrella text",sonnet,reworded
MCB10,2025,06670e48b103,2026,b3c668c78e26,0.539,different,ball field upgrade versus lifeguard staffing at pool,sonnet,reworded
MCB10,2024,ca15c0fce5e9,2026,b3c668c78e26,0.49,different,ballfield renovation versus lifeguard staffing at Jackie Robinson Park pool,sonnet,reworded
MCB10,2025,69ebf085238d,2026,b83600dbe37b,0.316,same,"same youth workforce and SYEP funding, now apprenticeship framing",sonnet,reworded
MCB10,2025,dc5abe3d36cf,2026,c5211665e62b,0.305,different,FDA outdoor space versus culinary arts training space,sonnet,reworded
MCB10,2025,c4d8ba382699,2026,c8feda3b6cb4,0.527,unsure,"warrant expungement shared, but gun buyback replaced by poverty study",sonnet,reworded
MCB10,2025,50d3f0dca61d,2026,d09132e4d778,0.655,same,same Harlem Hospital 2 million physical plant and HVAC,sonnet,reworded
MCB10,2025,8292c522266b,2026,d8b01c2f7b29,0.665,same,same Fred Samuel comfort station renovation,sonnet,reworded
MCB10,2025,890a1f539fcf,2026,ed12bef6ff3b,0.962,same,same PEP officers for CB10 parks,sonnet,reworded
MCB10,2026,91ad65954324,2027,28f7289906b6,0.561,same,"same community-based mental health programs, new amount",sonnet,reworded
MCB10,2024,1c5cfeeb9458,2027,2d14e7b08c90,0.319,different,PE materials at lower school versus cafeteria upgrade at MS/HS 670,sonnet,reworded
MCB10,2026,6f52ff521272,2027,48f614ac6e32,0.895,same,"same PS 194 auditorium refurbishment; library added, new amount",sonnet,reworded
MCB10,2026,0bfd91c3382d,2027,6797e3a2510f,0.374,different,"ball field reconstruction versus dome and amphitheater upgrade, same park",sonnet,reworded
MCB10,2024,ca15c0fce5e9,2027,6797e3a2510f,0.332,different,ballfield renovation versus Dome and amphitheater upgrade,sonnet,reworded
MCB10,2024,ca49b76e2218,2027,8e9c2d274007,0.37,same,"same public broadband infrastructure for Central Harlem, details added",sonnet,reworded
MCB10,2026,81e13df66695,2027,a4a1de8fa1d0,0.387,same,"same ADA upgrades at CB10 IRT stations, narrower station list",sonnet,reworded
MCB10,2026,91ad65954324,2027,a5e74357a6d1,0.381,different,Harlem Hospital services versus community-based mental health programs,sonnet,reworded
MCB10,2026,68c755d2df0b,2027,ab0fe7b13aaf,0.637,same,same Schomburg courtyard drainage; earlier ask also listed other upgrades,sonnet,reworded
MCB10,2025,e0cd6a291eea,2027,ad52d913e3ca,0.303,unsure,"general health code enforcement versus Legionnaires-focused enforcement, amount doubled",sonnet,reworded
MCB10,2026,0bfd91c3382d,2027,bb51eea35c31,0.403,different,"ball field reconstruction versus restrooms, lighting, pickleball storage",sonnet,reworded
MCB10,2024,ca15c0fce5e9,2027,bb51eea35c31,0.371,unsure,"vague park renovation versus restroom, lighting and pickleball storage list",sonnet,reworded
MCB10,2026,91ad65954324,2027,cb6ee0f9585f,0.561,same,"same community-based mental health programs, new amount",sonnet,reworded
MCB10,2026,256697c7d77f,2027,d581021931ec,0.328,same,"same small-business incubator/innovation hub, new amount and detail",sonnet,reworded
MCB10,2026,2fa07f467d02,2027,d5b3f91936d3,0.982,same,same PS 123 auditorium refurbishment,sonnet,reworded
MCB10,2026,83090a76bc6a,2027,dd88abbaee1e,0.772,same,"same Gotham Health community clinic expansion, new amount and type",sonnet,reworded
MCB10,2026,91ad65954324,2027,eddb6da4b9ac,0.355,different,Harlem Hospital services versus community-based mental health programs,sonnet,reworded
MCB11,2020,f5c550fb1442,2021,0a8cbe501e4b,0.859,same,same seed funding for East Harlem arts service organization,sonnet,reworded
MCB11,2020,8510bd53c055,2021,1219a6461569,0.736,unsure,then also sought more Lincoln Park staff; now only summer maintenance plan,sonnet,reworded
MCB11,2020,3fa6a7bb4259,2021,25cc0e0755c8,0.792,same,"same 107th Street Pier rebuild, new cost estimate",sonnet,reworded
MCB11,2020,0f984576e9a2,2021,2e50e1f82314,0.815,same,"same new sanitation garage with LEED Gold, filtration, zero-emission trucks",sonnet,reworded
MCB11,2020,3a84bcaff7c4,2021,30ff13124c2a,0.877,same,same Tenant Advocate Assistant Director funding; position count changed,sonnet,reworded
MCB11,2020,28e8414873aa,2021,381b574a0ca4,0.826,same,"same Marcus Garvey Park Acropolis, paths, stairs and walls reconstruction",sonnet,reworded
MCB11,2020,ecb10204e667,2021,38c949d203e1,0.407,different,EISEP awareness campaign versus more EISEP home care hours,sonnet,reworded
MCB11,2020,86d5cc1c270b,2021,52e362ab6503,0.302,different,seasonal maintenance staff versus reinstating Community Parks Initiative,sonnet,reworded
MCB11,2020,86d5cc1c270b,2021,678c82b6c0f7,0.924,same,same seasonal staff for Community Parks Initiative site maintenance,sonnet,reworded
MCB11,2020,6b00d5120040,2021,6b91bdb781ba,0.435,same,same new playground and comfort station near 132nd Street Esplanade,sonnet,reworded
MCB11,2020,ecb10204e667,2021,8fb183515c37,0.395,different,EISEP awareness versus faster hospital-to-home service,sonnet,reworded
MCB11,2020,17e3186d78a9,2021,929a656e15ba,0.989,same,same Second Avenue Subway Phase 2 funding push,sonnet,reworded
MCB11,2020,da96e9892d05,2021,ab9138c7c741,0.593,different,windows and facade versus ADA ramp at Aguilar Library,sonnet,reworded
MCB11,2020,8047441c090b,2021,d5c872cec554,0.507,different,more complaint inspectors versus targeted inspection program for vulnerable residents,sonnet,reworded
MCB11,2020,3edb5ce5d330,2021,e5bae8563f36,0.846,same,same comfort stations in highly used parks; Thomas Jefferson Park retained,sonnet,reworded
MCB11,2020,fb3432aab593,2021,fb3432aab593,0.98,same,identical East Harlem workforce training request,sonnet,reworded
MCB11,2021,5f498030db09,2022,0b6ad2deac5c,0.549,unsure,all comfort stations versus one named playground; not clearly same,sonnet,reworded
MCB11,2021,940217b5a2c2,2022,105f254298a9,0.429,same,same push to educate merchants on agency rules and curb unfair inspections,sonnet,reworded
MCB11,2021,ea7ee369856a,2022,1aa98b4c0d13,0.785,same,same GreenThumb oversight funding and additional staff for gardens,sonnet,reworded
MCB11,2021,e65541b4adc4,2022,20df4b306b24,0.976,same,same baseline PS and OTPS increase for community boards,sonnet,reworded
MCB11,2021,cee9c1abe1c7,2022,21c1fbdd4715,0.435,same,"same 125th Street Library branch targeted upgrades (HVAC, roof, windows, ADA, elevators)",sonnet,reworded
MCB11,2020,8510bd53c055,2022,328f05e087d5,0.3,same,same Parks cleaning staff and summer seasonal funding for East Harlem parks,sonnet,reworded
MCB11,2021,8047441c090b,2022,3f3605b87108,0.955,same,same additional HPD inspectors for building complaints,sonnet,reworded
MCB11,2021,4208c13be9b4,2022,4208c13be9b4,1.0,same,identical request for more DFTA caseworkers,sonnet,reworded
MCB11,2020,9ec94f6b46a5,2022,42373bab014a,0.334,different,park rangers and PEP officers versus lighting inside Marcus Garvey Park,sonnet,reworded
MCB11,2021,2546d6c35cc2,2022,45cce98a66db,0.811,same,"same Summer Youth Employment funding plus Work, Learn & Grow slots",sonnet,reworded
MCB11,2021,4bf2c5baa353,2022,4c72c6530bea,0.585,same,same NYCHA service vans for online recertification and maintenance requests,sonnet,reworded
MCB11,2021,8047441c090b,2022,60ee4f61f983,0.493,unsure,inspector hiring versus specialized enforcement programs; overlap on inspections unclear,sonnet,reworded
MCB11,2021,5f00815906f3,2022,6f8cf472ab84,0.494,same,same Second Avenue Subway Phase II support for affected local businesses,sonnet,reworded
MCB11,2021,201348a43d38,2022,72f9c868bb4d,0.598,same,same additional gardeners for East Harlem parks,sonnet,reworded
MCB11,2021,e5bae8563f36,2022,742a7eff3b84,0.531,same,"same Thomas Jefferson Park comfort station, now specific",sonnet,reworded
MCB11,2021,e246eba2fb5e,2022,7a12651c123f,0.966,same,"same extended-day child care, Head Start, 3K and Pre-K coverage past school hours",sonnet,reworded
MCB11,2021,6f3680c33830,2022,816e309f36b6,0.392,same,same Avenue NYC place-making funding and East Harlem promotion,sonnet,reworded
MCB11,2021,6b91bdb781ba,2022,8790d1e44be6,0.465,same,same Harlem Greenway Link playground and comfort station,sonnet,reworded
MCB11,2021,98a1b1e73996,2022,96c97ed24a1d,0.481,same,same seven-day library service expansion,sonnet,reworded
MCB11,2021,2e348065b3ba,2022,9aa1b7696fea,0.826,same,same EDC and SBS incentives to attract STEM growth industries to East Harlem,sonnet,reworded
MCB11,2021,52e362ab6503,2022,9af2ab555ccf,0.387,same,"same Community Parks Initiative funding, reinstate versus expand",sonnet,reworded
MCB11,2021,0a8cbe501e4b,2022,b329319ed6c3,0.68,same,same seed funding for East Harlem arts and cultural service organization,sonnet,reworded
MCB11,2021,eac1a091590e,2022,c72fd5876948,0.322,different,electrical and building technology versus laptops and tablets for remote learning,sonnet,reworded
MCB11,2021,fb3432aab593,2022,cb9813b9e726,0.569,same,same East Harlem workforce development and SBS training vouchers,sonnet,reworded
MCB11,2020,b7097ea9c899,2022,d1cf5ea3bb4d,0.359,unsure,require residential parking permits versus feasibility study of permit program,sonnet,reworded
MCB11,2021,bfa93accfeed,2022,d22d39f425d2,0.6,same,same tenant harassment unit funding; agency listed differently,sonnet,reworded
MCB11,2021,ab9138c7c741,2022,e6ea85e195cf,0.578,same,"same Aguilar Library ADA accessibility ramp, same $397,000",sonnet,reworded
MCB11,2022,42373bab014a,2023,04d93bbd5d8c,0.664,same,same Marcus Garvey Park lighting,sonnet,reworded
MCB11,2022,45cce98a66db,2023,08b139780dd2,0.315,unsure,"then sought SYEP restoration plus Work, Learn & Grow; now only Work, Learn & Grow",sonnet,reworded
MCB11,2022,9aa1b7696fea,2023,0a5df47db887,0.795,same,same EDC incentives to attract STEM growth industries to East Harlem,sonnet,reworded
MCB11,2022,53cf1a1518e1,2023,1da72517a9df,0.94,same,"same Marcus Garvey Park Acropolis reconstruction, same $19.6 million estimate",sonnet,reworded
MCB11,2021,678c82b6c0f7,2023,21e8bf2e339a,0.303,different,seasonal staff for Community Parks sites versus citywide M&O staff funding,sonnet,reworded
MCB11,2022,272ccfdf8fe4,2023,2efd9deee7b0,0.8,same,same DEP green infrastructure along East River Esplanade,sonnet,reworded
MCB11,2022,d5def886f385,2023,3d85ae969404,0.585,same,same Peter Minuit Playground upgrades and comfort station,sonnet,reworded
MCB11,2022,d8f38eeca4a5,2023,3f74ea093f6f,0.685,same,same ESOL services funding during hybrid and remote learning,sonnet,reworded
MCB11,2022,5b9f318dd8db,2023,4b9ef58df75c,0.467,different,Harlem Art Park fence versus Harlem River Park water features,sonnet,reworded
MCB11,2022,8790d1e44be6,2023,4cea698ff1ce,0.662,same,same Harlem Greenway Link comfort station,sonnet,reworded
MCB11,2022,b09d56c669bb,2023,4e795c3a7fb1,0.806,same,same DFTA home care hours to reduce re-hospitalizations,sonnet,reworded
MCB11,2022,272ccfdf8fe4,2023,501a824855f8,0.302,different,green infrastructure evaluation versus new pedestrian bridge to Randall's Island,sonnet,reworded
MCB11,2022,a9dbcaedc7c6,2023,51247a31f999,0.765,same,same East Harlem mental health programming,sonnet,reworded
MCB11,2022,23cb800b8497,2023,531607954dce,0.989,same,same more mental health and social workers in East Harlem schools,sonnet,reworded
MCB11,2022,0ddb0498faa8,2023,63a998107a66,0.385,same,same SBS workforce development funding for certification and technical training programs,sonnet,reworded
MCB11,2022,9af2ab555ccf,2023,6a501216941d,0.481,same,same Community Parks Initiative funding; Expense versus Capital label only,sonnet,reworded
MCB11,2022,4208c13be9b4,2023,6ea6d922dc55,0.612,same,same more DFTA caseworkers; Spanish and French/Creole language emphasis added,sonnet,reworded
MCB11,2022,0c42a268d392,2023,706d1888ad0c,0.675,same,same HIV/AIDS sex education and preventive drug access,sonnet,reworded
MCB11,2022,8a9a379e102e,2023,74f72a9ffbee,0.763,same,same youth violence prevention and alternatives to incarceration; agency changed,sonnet,reworded
MCB11,2022,fae7d17385a1,2023,754ebb43bbc1,0.528,same,same additional Forestry staff for street tree maintenance,sonnet,reworded
MCB11,2022,c72fd5876948,2023,af0ac2f822c0,0.531,same,"same school laptops, iPads and tablets for remote learning; accessories added",sonnet,reworded
MCB11,2022,4c72c6530bea,2023,b16ac97e04ce,0.498,same,same NYCHA service vans for online recertification and maintenance; labs and staffing added,sonnet,reworded
MCB11,2022,8a34e04f3384,2023,cef0a7bdea3a,0.36,different,Litter basket collection frequency versus district-wide sidewalk cleaning service,sonnet,reworded
MCB11,2022,c4209e4525bc,2023,cef0a7bdea3a,0.324,different,subway station cleaning versus district-wide sidewalk cleaning,sonnet,reworded
MCB11,2022,38c949d203e1,2023,d4a9a9527bd3,0.666,same,same EISEP home care expansion for seniors,sonnet,reworded
MCB11,2022,8a34e04f3384,2023,fc1a4960e44c,0.905,same,same litter basket collection along East Harlem corridors,sonnet,reworded
MCB11,2023,2a5f40bb0ef1,2024,078dc609ba0b,0.853,same,"same more on-street trash cans, now framed as equitable distribution",sonnet,reworded
MCB11,2023,4b9ef58df75c,2024,1ea6b1872862,0.744,different,Harlem River Park water features versus district-wide playground water features,sonnet,reworded
MCB11,2023,08b139780dd2,2024,2e62e85e5f6a,0.886,same,"same Work, Learn & Grow expansion for high schoolers",sonnet,reworded
MCB11,2023,340209de8e14,2024,350ddf1c2c55,0.437,same,same vaccination outreach funding; more vaccines named,sonnet,reworded
MCB11,2023,eb36b350826c,2024,3ae7f58de6ac,0.951,same,same HPD funding for returning veterans and families; seniors added,sonnet,reworded
MCB11,2023,d22d39f425d2,2024,7937de42d404,0.763,same,same funding for tenant harassment unit,sonnet,reworded
MCB11,2022,cdbf2f28f8c5,2024,90c3b1189943,0.705,same,same Peter Minuit Playground upgrade,sonnet,reworded
MCB11,2023,3d85ae969404,2024,90c3b1189943,0.519,same,same Peter Minuit Playground repair and upgrade,sonnet,reworded
MCB11,2023,b16ac97e04ce,2024,9ea32974f050,0.89,same,"same NYCHA service vans, staffing and computer labs; language assistance added",sonnet,reworded
MCB11,2023,fc29a73f1ad8,2024,9f8080c5ac8a,0.95,same,same planting new street trees across East Harlem,sonnet,reworded
MCB11,2023,c7e2062b9a62,2024,9fa4773d50b3,0.869,same,same culturally sensitive services for Asian seniors,sonnet,reworded
MCB11,2023,718dbaf46628,2024,b953a490cbbb,0.943,same,same PS 146 wiring upgrade,sonnet,reworded
MCB11,2023,fea1ce1e9a54,2024,c3061287d96b,0.904,same,"same precinct renovation for community space; later names 23rd, 25th, PSA 5",sonnet,reworded
MCB11,2023,531607954dce,2024,c88ad144c112,0.368,same,same more social workers in East Harlem schools,sonnet,reworded
MCB11,2023,2efd9deee7b0,2024,d19ea8d4f427,0.33,different,Esplanade waterfront green infrastructure versus study of flood-risk areas generally,sonnet,reworded
MCB11,2023,1da72517a9df,2024,d40ebcff521b,0.751,same,same Acropolis reconstruction; lighting added,sonnet,reworded
MCB11,2023,3d85ae969404,2024,d857f5748a90,0.692,same,same Peter Minuit Playground comfort station,sonnet,reworded
MCB11,2023,2572160916ed,2024,f8d5b3519570,0.73,unsure,then sought canine waste enforcement plus bags; now only bag dispensers and bags,sonnet,reworded
MCB11,2024,2e62e85e5f6a,2025,0f4f403fe7d4,0.881,same,"same Work, Learn & Grow expansion; school-year months specified",sonnet,reworded
MCB11,2024,2e62e85e5f6a,2025,1120bbb42bee,0.351,different,"Work, Learn & Grow slots versus programs for justice-involved youth",sonnet,reworded
MCB11,2024,d6180aa5a7ab,2025,3387b89f0d53,0.433,same,same NYPL seven-day opening hours; added staff and resources,sonnet,reworded
MCB11,2024,5b46c6e9d2d8,2025,3506a578ca6b,0.901,same,same DOE building M037 repairs,sonnet,reworded
MCB11,2024,58099f3f7d40,2025,37105f5a07e6,0.924,same,same rental subsidies for low-income families in CD11; seniors and disabled added,sonnet,reworded
MCB11,2024,009b8c8aa73a,2025,3c3af56570c9,0.954,same,same deeper-affordability housing for special needs households; rental and co-op added,sonnet,reworded
MCB11,2024,3d8275631105,2025,4ef500f6689c,0.308,different,outreach on HPD vouchers versus funding housing preservation programs,sonnet,reworded
MCB11,2024,4cea698ff1ce,2025,57f7c088aabd,0.554,same,same Harlem Greenway Link restroom,sonnet,reworded
MCB11,2024,706d1888ad0c,2025,638e1a29e657,0.509,different,HIV/AIDS education and preventive drugs versus vaccine outreach,sonnet,reworded
MCB11,2024,3b5961077c92,2025,795748c1ee99,0.37,different,MAP expansion to NYCHA developments versus exterior lighting replacement,sonnet,reworded
MCB11,2024,c3061287d96b,2025,7f8b8bd24381,0.332,different,community space and parking versus ADA and security work at 25th Precinct,sonnet,reworded
MCB11,2024,c73daa464d3b,2025,841534e820ef,0.598,same,same fund credible messengers on East 125th Street with Uptown Grand Central,sonnet,reworded
MCB11,2024,90c3b1189943,2025,86df337e1f9d,0.41,same,"same Peter Minuit Playground renovation, now detailed full renovation",sonnet,reworded
MCB11,2024,48ce385c8f5d,2025,8a92ab66007b,0.474,unsure,outreach to reach at-risk youth versus paid-internship career programs; overlap unclear,sonnet,reworded
MCB11,2024,d40ebcff521b,2025,907244e0daa5,0.77,same,same Marcus Garvey Acropolis reconstruction,sonnet,reworded
MCB11,2024,d19ea8d4f427,2025,96ec6e4ae78f,0.708,different,general flood-risk green infrastructure versus specific E. 106th Street corridor project,sonnet,reworded
MCB11,2023,2efd9deee7b0,2025,96ec6e4ae78f,0.323,different,East River Esplanade green infrastructure versus East 106th Street corridor,sonnet,reworded
MCB11,2024,2e50e1f82314,2025,a109bc9cb1d1,0.819,same,"same dual-district CD10 and 11 sanitation garage, LEED Gold, zero-emission trucks",sonnet,reworded
MCB11,2024,48367ff70a53,2025,c3f68663dad4,0.864,same,same 100% funding for remaining TIL buildings; two addresses named,sonnet,reworded
MCB11,2024,078dc609ba0b,2025,d371ddee8eb6,0.889,same,"same equitable on-street trash cans, now rat-resistant on major corners",sonnet,reworded
MCB11,2023,d2e6ea0c8dca,2025,d47aad3677a0,0.301,different,"turf replacement with natural materials versus turf patching, fences and seating",sonnet,reworded
MCB11,2024,742a7eff3b84,2025,d66f3dd41afa,0.358,same,"same Thomas Jefferson Park comfort station, now called public restroom building",sonnet,reworded
MCB11,2024,20df4b306b24,2025,d7ec2c07dc6a,0.374,same,same baseline PS and OTPS increase for community boards,sonnet,reworded
MCB11,2024,9f8080c5ac8a,2025,da471307b061,0.602,same,same planting new street trees; maintenance staff for existing trees added,sonnet,reworded
MCB11,2024,63a998107a66,2025,f04b22cee141,0.762,same,same SBS workforce development funding; paid internships clause dropped,sonnet,reworded
MCB11,2024,706d1888ad0c,2025,f92a4a6478b7,0.95,same,identical HIV/AIDS education and preventive drug request,sonnet,reworded
MCB11,2024,3ae7f58de6ac,2025,fbd004563fab,0.901,same,"same HPD funding for seniors, veterans and families; vouchers now specified",sonnet,reworded
MCB11,2024,930c87d7afd7,2026,1192cfaac3bb,0.338,different,vacant lot cleaning versus study cataloging vacant properties for housing,sonnet,reworded
MCB11,2025,7c3d9067f509,2026,44d20e3c395e,0.431,same,"same peer support and social workers on 103rd, 110th, 116th, 125th corridors",sonnet,reworded
MCB11,2025,9ea32974f050,2026,533e559a04a9,0.771,same,"same NYCHA service vans, staffing and language assistance",sonnet,reworded
MCB11,2025,5ebf9236e197,2026,57e5307a7a78,0.476,same,same team to clean needles and paraphernalia around drug treatment facilities,sonnet,reworded
MCB11,2025,1120bbb42bee,2026,5aee846d5aea,0.629,same,same justice-involved youth education and career support; wider age range,sonnet,reworded
MCB11,2025,9fa4773d50b3,2026,5c1d7122e772,0.552,same,"same culturally sensitive senior services, bilingual staff and meals; Asian focus broadened",sonnet,reworded
MCB11,2025,b1624ec78960,2026,71ae7e748067,0.574,same,same proactive rodent mitigation funding; mosquito mention added,sonnet,reworded
MCB11,2025,638e1a29e657,2026,8e7682922b58,0.338,same,"same vaccine outreach, engagement and access funding",sonnet,reworded
MCB11,2025,705f8f7f8ee4,2026,938202839e6f,0.868,same,same NYPD youth crime prevention programs and community partners; MAP named,sonnet,reworded
MCB11,2023,1ee8096153ce,2026,a4f46cf245ec,0.322,unsure,proactive lighting survey versus request for better lighting in East Harlem,sonnet,reworded
MCB11,2025,fbd004563fab,2026,ab17ce3eef1b,0.34,different,housing vouchers versus constructing affordable senior housing,sonnet,reworded
MCB11,2025,3d8275631105,2026,b54ba583117e,0.87,same,same HPD outreach to raise awareness of DRIE and SCRIE,sonnet,reworded
MCB11,2025,8fb183515c37,2026,bbfabb67e05c,0.475,unsure,hospital-to-home service versus a broader aging-in-place package,resolved,reworded
MCB11,2025,6ea6d922dc55,2026,bed6314c35d4,0.554,same,same more culturally competent Spanish and French/Creole caseworkers,sonnet,reworded
MCB11,2025,6ea6d922dc55,2026,d962da6f715f,0.457,same,same multilingual caseworkers for East Harlem; agency moved from DFTA to HRA,sonnet,reworded
MCB11,2026,5c1d7122e772,2027,00d92ad38a06,0.369,same,"same bilingual caseworkers, home care and culturally sensitive senior services",sonnet,reworded
MCB11,2026,a4f46cf245ec,2027,10e7c3dbd5c3,0.324,different,street lighting versus DSNY dirty-sidewalk enforcement in hotspots,sonnet,reworded
MCB11,2026,44d20e3c395e,2027,16b3d1c37b28,0.583,same,same peer support workers for overdose crisis along 103rd-125th corridors; medical staff added,sonnet,reworded
MCB11,2025,2df819be106d,2027,333e0c6c4ab6,0.383,same,"same Mae Grant Playground renovation, scope narrowed",sonnet,reworded
MCB11,2026,3cc9b8c2cefb,2027,3af3ccf07720,0.694,same,same Pier 107 acceleration for East Harlem ferry service,sonnet,reworded
MCB11,2024,f8d5b3519570,2027,3d08ba7ed9c2,0.421,different,waste bag dispensers versus enforcement in dog waste hotspots,sonnet,reworded
MCB11,2026,a4f46cf245ec,2027,40797f121406,0.466,different,"street lighting improvements versus tree trimming, different agency and work",sonnet,reworded
MCB11,2026,938202839e6f,2027,4b4fb4f9f89e,0.759,same,same NYPD youth crime prevention funding; example program changed to Explorer's Program,sonnet,reworded
MCB11,2024,e2299a1112cf,2027,71fc2ceedea2,0.451,different,mental health outreach in park versus dog run surface upgrade,sonnet,reworded
MCB11,2026,a4f46cf245ec,2027,83a1f3b0ed31,0.336,different,street lighting versus NYPD narcotics enforcement staffing,sonnet,reworded
MCB11,2026,8e7682922b58,2027,8b0bf5494816,0.413,same,"same vaccine outreach, engagement and access funding for East Harlem",sonnet,reworded
MCB11,2024,f8d5b3519570,2027,8ff4892f91e5,0.455,different,"street dispensers from Sanitation, then dispensers at park entrances from Parks",resolved,reworded
MCB11,2025,e1639b87ca35,2027,9cfffc567013,0.398,same,same Cherry Tree Park full renovation,sonnet,reworded
MCB11,2026,a20dddea20f5,2027,a71ea7bdd343,0.536,different,general East Harlem sidewalk repair versus one block of East 124th Street,sonnet,reworded
MCB11,2026,4714dc61320c,2027,f62b91c6e645,0.873,same,same domestic violence prevention and assistance funding; Safe Horizon and outreach added,sonnet,reworded
MCB11,2026,86c7655929ad,2027,f7e6170ef9cb,0.758,same,same East 116th Street pier feasibility study,sonnet,reworded
MCB12,2020,4a6de53f0b3c,2021,07c79b60f885,0.747,same,"same DCP planning staff for contextual zoning plan, Washington Heights and Inwood",sonnet,reworded
MCB12,2020,af84efaedb4e,2021,1a4189d86562,0.578,same,same 2110 Amsterdam Avenue renovation; 21 Arden Street no longer named,sonnet,reworded
MCB12,2020,af259cf93c6e,2021,268905a9c3c2,0.576,same,"same increased DCLA arts programming funding, now with amount",sonnet,reworded
MCB12,2020,1ba51d7e9d5b,2021,28a0914c48af,0.839,same,same Native American and African Burial Grounds memorial,sonnet,reworded
MCB12,2020,68bebb1a53d7,2021,2a1ed8dabdaf,0.48,same,same NYPD officer training on mental health and substance use; topics adjusted,sonnet,reworded
MCB12,2020,e5f84e8329b1,2021,2a980224d7e1,0.8,same,same M468 science lab upgrade; computer lab dropped from this ask,sonnet,reworded
MCB12,2020,80ca5c048055,2021,3157ab2e6e21,0.919,same,same HIV/AIDS prevention and treatment plus LGBTQ services,sonnet,reworded
MCB12,2020,449c08f073a1,2021,3c9c1b8ae122,0.889,same,"same expanded park programming and staff in CD12, now with a dollar floor",sonnet,reworded
MCB12,2020,fc92fc291181,2021,3e31614285ca,0.805,same,same traffic study for the eight major bridges,sonnet,reworded
MCB12,2020,39145f36268e,2021,42973c503dc3,0.953,same,same Bushman Step Street reconstruction,sonnet,reworded
MCB12,2020,471ffe51372a,2021,47077cfd5b0c,0.551,same,same pothole repair funding,sonnet,reworded
MCB12,2020,e3cdc0e99a1b,2021,4b35302e3e96,0.847,same,"same Payson Playground renovation and accessibility, park house added",sonnet,reworded
MCB12,2020,2ff177c11a3a,2021,4d11e5037fe9,0.727,same,same subway station personnel and maintenance funding; technology and security added,sonnet,reworded
MCB12,2020,2dcf2b0c919b,2021,4d6f124b04df,0.715,same,same system-wide senior center connectivity and WiFi upgrade,sonnet,reworded
MCB12,2020,bb3f0b8ffff9,2021,4ec77cd91cd7,0.956,same,same ADA access at CD12 subway stations; station list expanded,sonnet,reworded
MCB12,2020,964b4d52cdd2,2021,56d10c7e7a9f,0.361,different,"parking garage versus speed cameras, different kind of ask",sonnet,reworded
MCB12,2020,0c7a007d4651,2021,57845deab80b,0.477,different,"Javits Playground renovation versus Linden Terrace reconstruction, same park",sonnet,reworded
MCB12,2020,3af99199961a,2021,5d5ccec8f5a9,0.846,same,same EISEP funding for affordable home care with sliding scale,sonnet,reworded
MCB12,2020,4aabeb215d81,2021,67ef03e4528e,0.403,different,TIL/TPT/HDFC loan programs versus AEP and PPP preservation programs,sonnet,reworded
MCB12,2020,338fb86abc1d,2021,6a22576db1b8,0.545,same,same IEP funding for students with learning difficulties in District 6; 504 plans added,sonnet,reworded
MCB12,2020,9f0506f012da,2021,6fb8f5b49c33,0.694,same,same FDNY fire prevention and violation enforcement in housing and nightlife,sonnet,reworded
MCB12,2020,935b04e8eb70,2021,7ab75ec603ac,0.342,different,Gifted and Talented programs versus social-emotional learning programs,sonnet,reworded
MCB12,2020,a8f4e8a2e0cc,2021,7adc75d1e5fc,0.997,same,same J. Hood Wright Park overlook ADA accessibility,sonnet,reworded
MCB12,2020,7fa7c09f455c,2021,7fa7c09f455c,1.0,same,identical Dyckman Farmhouse roof repair,sonnet,reworded
MCB12,2020,400558e0c373,2021,82c5fd56c899,0.318,same,same more HPD housing code inspectors,sonnet,reworded
MCB12,2020,f597f5c5008c,2021,84eab17422a9,0.517,different,accessible senior housing versus housing for at-risk and transitioning households,sonnet,reworded
MCB12,2020,8b92fcab53f2,2021,8cd7fee40239,0.887,same,same Raoul Wallenberg Playground and basketball court reconstruction,sonnet,reworded
MCB12,2020,7cfec142fd24,2021,8e67715d1a9d,0.592,same,"same domestic violence and anti-sexual harassment programs, multi-agency response; agency changed",sonnet,reworded
MCB12,2020,3e51b53bf683,2021,9547fef4c902,0.68,same,same DEP green infrastructure bioswales; Expense versus Capital label only,sonnet,reworded
MCB12,2020,e93a488fe582,2021,9694118e0911,0.97,same,"same expanded senior center services, social workers, meals, hours, reimbursement",sonnet,reworded
MCB12,2020,8d1fe3d15b73,2021,96a4cf21d18a,0.426,same,"same NORC funding for nursing and health services, reworded",sonnet,reworded
MCB12,2020,0c7a007d4651,2021,b130683750a1,0.391,unsure,"Javits Playground versus Anne Loftus Playground, both Fort Tryon Park; same facility unclear",sonnet,reworded
MCB12,2020,8f76939f3db0,2021,c173e002263b,0.71,different,classroom renovation versus computer lab expansion at M468,sonnet,reworded
MCB12,2020,120d52d35b18,2021,c391af189965,0.75,same,"same tenant support specialists for CD12; agency listed differently, outreach added",sonnet,reworded
MCB12,2020,495f936cd94a,2021,c5960b3f6b29,0.839,same,"same seniors' transportation funding, restoring prior cuts",sonnet,reworded
MCB12,2020,4878fe5606cc,2021,cddb21e7f94c,0.658,same,same additional noise decibel readers for CD12M,sonnet,reworded
MCB12,2020,19912d02d78d,2021,d11dfb9c1c10,0.73,same,same expand community mental health services; focus examples changed,sonnet,reworded
MCB12,2020,8f76939f3db0,2021,d31f94ba2ac8,0.871,same,same M468 classroom renovation and upgrade,sonnet,reworded
MCB12,2020,83fbf437811e,2021,d744841676d3,0.926,same,same Highbridge Rec Center window weatherization,sonnet,reworded
MCB12,2020,f8f43fc11905,2021,d7c7b1d000ce,0.854,same,same healthy food access for seniors with medical needs; outreach added,sonnet,reworded
MCB12,2020,3ece78935152,2021,f2c3bda7c22d,0.728,same,same Inwood Hill Park Nature Center renovation,sonnet,reworded
MCB12,2020,6a474645ceeb,2021,f3a894e2ef79,0.829,same,same HPD initiative packaging vacant city-owned lots for affordable infill RFPs,sonnet,reworded
MCB12,2020,f0e95b16c1a1,2021,ffe7bbe9105d,0.871,same,same George Washington campus gym renovation,sonnet,reworded
MCB12,2021,530905e6925f,2022,0cf2cfbf2e5d,0.794,same,same Park Enforcement Personnel funding; Urban Park Rangers added,sonnet,reworded
MCB12,2021,445da9ff09d2,2022,0e72a0d88eb0,0.769,same,same 100% affordable housing construction for nonprofits and land trusts,sonnet,reworded
MCB12,2021,df8ed7cf5d26,2022,143f1ec4bef8,0.346,different,park pathways versus Fort George basketball,sonnet,reworded
MCB12,2020,7d37e8ae82b8,2022,143f1ec4bef8,0.311,different,W 186th basketball courts versus Fort George Playground basketball,sonnet,reworded
MCB12,2021,8cd7fee40239,2022,143f1ec4bef8,0.306,unsure,"Raoul Wallenberg Playground versus Ft. George Playground basketball, nearby Amsterdam Avenue; same site unclear",sonnet,reworded
MCB12,2021,4ec77cd91cd7,2022,184f9f872a62,0.982,same,same ADA upgrades at the same listed subway stations,sonnet,reworded
MCB12,2021,cdf2ced6c52f,2022,1c124005d8ee,0.312,different,community food garden versus food pantry funding,sonnet,reworded
MCB12,2021,c5960b3f6b29,2022,21e41d887ba7,0.821,same,same senior transportation funding restoration,sonnet,reworded
MCB12,2021,d7c7b1d000ce,2022,228618af08d0,0.445,same,same healthy food access and outreach for seniors with medical needs,sonnet,reworded
MCB12,2021,055388296491,2022,2dd04ba7600e,0.718,different,155th Street station versus 168th Street station,sonnet,reworded
MCB12,2021,c39a5d95294a,2022,354547ec30dc,0.831,same,same commercial street litter basket collection increase,sonnet,reworded
MCB12,2021,1ced491d588c,2022,3cb12d869965,0.831,same,181st IND station rehab in both; 168th no longer listed,sonnet,reworded
MCB12,2021,45adf9617faf,2022,48aa9843354d,0.799,same,same senior center renovation or replacement for ADA and DFTA compliance,sonnet,reworded
MCB12,2020,49ab923b15cc,2022,4bfef7053cec,0.581,same,"same request for more building inspectors, HPD inspectors added",sonnet,reworded
MCB12,2021,82c5fd56c899,2022,4bfef7053cec,0.494,same,same HPD housing inspector funding; DOB inspectors added,sonnet,reworded
MCB12,2021,193b252bafce,2022,5c34068dc3e2,0.968,same,same West 207th Street IRT station rehabilitation,sonnet,reworded
MCB12,2021,16645e271b90,2022,5ee13ded4127,0.65,same,"same Business Committee resource guide funding, new category title",sonnet,reworded
MCB12,2020,7d37e8ae82b8,2022,620d7ea56e9e,0.695,same,"same West 186th Street basketball courts, extra funding noted",sonnet,reworded
MCB12,2021,4d6f124b04df,2022,6387aa08c118,0.547,same,same senior center Wi-Fi and connectivity upgrade,sonnet,reworded
MCB12,2021,6f5ef3b566b8,2022,68edcee307af,0.303,different,school health clinics versus COVID-19 outreach campaign,sonnet,reworded
MCB12,2021,f2c3bda7c22d,2022,739d882774ac,0.537,different,post-Sandy repair versus new learning landscape at Nature Center,sonnet,reworded
MCB12,2020,8415afe98485,2022,739d882774ac,0.467,same,same Inwood Hill Nature Center learning landscape,sonnet,reworded
MCB12,2021,16645e271b90,2022,7b2732f783d2,0.897,same,same Business Committee resource guide funding,sonnet,reworded
MCB12,2021,09f87731d7b4,2022,7ba0c77ff399,0.866,same,"same DEP staffing for noise, air and water enforcement",sonnet,reworded
MCB12,2021,7fa7c09f455c,2022,7fa7c09f455c,1.0,same,identical Dyckman Farmhouse roof repair request,sonnet,reworded
MCB12,2021,2a980224d7e1,2022,807e9f28a7bf,0.617,different,"Same school, but science labs versus library remodeling",sonnet,reworded
MCB12,2020,d6f7da4440af,2022,807e9f28a7bf,0.31,different,biotech laboratory versus library remodeling at M468,sonnet,reworded
MCB12,2021,d11dfb9c1c10,2022,82c2b2dd2a85,0.536,same,"same expansion of community mental health services, different emphasis",sonnet,reworded
MCB12,2021,6f5ef3b566b8,2022,82fc33d335f1,0.589,same,same health clinics in all local public schools,sonnet,reworded
MCB12,2021,56d10c7e7a9f,2022,88868ae9c558,0.477,same,same speed cameras in 34th precinct; humps and 33rd added,sonnet,reworded
MCB12,2021,483ac8bf9744,2022,8f00255b232a,0.73,same,"same Spanish-speaking health inspectors request, agency label changed",sonnet,reworded
MCB12,2021,47077cfd5b0c,2022,b1312418e92c,0.572,same,"same pothole repair funding, crosswalks and visibility added",sonnet,reworded
MCB12,2021,b3ae4b6c890a,2022,bbb2978d422c,0.677,same,same chronic disease services; hypertension added,sonnet,reworded
MCB12,2020,0c7a007d4651,2022,c09137817313,0.764,unsure,general Javits Playground renovation versus adding ADA bathroom,sonnet,reworded
MCB12,2021,df8ed7cf5d26,2022,c09137817313,0.401,different,Park pathway reconstruction versus Javits Playground ADA bathroom,sonnet,reworded
MCB12,2021,6fb8f5b49c33,2022,c0aec98a8d2e,0.822,same,same FDNY violation correction and fire prevention funding; restaurants added,sonnet,reworded
MCB12,2021,f2c3bda7c22d,2022,c33a4c81f759,0.5,different,Nature Center building repair versus Ballfields 3 & 5,sonnet,reworded
MCB12,2020,8415afe98485,2022,c33a4c81f759,0.456,different,nature center hardscape removal versus ballfields 3 and 5,sonnet,reworded
MCB12,2021,7fa7c09f455c,2022,c3b2d2d68242,0.381,different,"farmhouse roof repair versus new ballfield bathroom, different site and work",sonnet,reworded
MCB12,2021,56d10c7e7a9f,2022,c69fae8f0974,0.947,same,identical speed cameras in 34th precinct request,sonnet,reworded
MCB12,2021,7ab75ec603ac,2022,c6e3a6f303ca,0.418,different,school social-emotional programs versus child care programs,sonnet,reworded
MCB12,2021,d4613b6194e9,2022,d4613b6194e9,0.881,same,identical business marketing support request,sonnet,reworded
MCB12,2021,483ac8bf9744,2022,f2b7529082ad,0.902,same,same Spanish-speaking health inspectors request,sonnet,reworded
MCB12,2021,7ab75ec603ac,2022,fdd3ec2cea6a,0.392,different,school social-emotional programs versus after school programs,sonnet,reworded
MCB12,2022,00ea3d5a1bbb,2023,00ea3d5a1bbb,1.0,same,identical food pantry funding request,sonnet,reworded
MCB12,2022,7d5e718e43b6,2023,1a1427759d9d,0.572,different,student Wi-Fi versus gifted and talented programs,sonnet,reworded
MCB12,2022,1c124005d8ee,2023,1c124005d8ee,1.0,same,identical food pantry funding request,sonnet,reworded
MCB12,2022,7b2732f783d2,2023,2a2f293c0df2,0.532,different,resource guide versus cannabis education,sonnet,reworded
MCB12,2022,6c16dd07a7c7,2023,3e7e2f955455,0.916,same,same virtual chart of agency roles and responsibilities,sonnet,reworded
MCB12,2022,6387aa08c118,2023,4217952f1b16,0.352,same,senior WiFi access both years; capital upgrade reframed as expense funding,sonnet,reworded
MCB12,2022,4bfef7053cec,2023,47f984334311,0.927,same,same DOB inspector funding; HPD inspectors dropped,sonnet,reworded
MCB12,2022,539105aa99af,2023,539105aa99af,1.0,same,identical Lighthouse Link greenway request,sonnet,reworded
MCB12,2022,0acdee13911a,2023,75071e7ede82,0.539,same,same Argus cameras for 33rd precinct; 34th added,sonnet,reworded
MCB12,2020,2956889c2ed2,2023,7939259a081d,0.391,unsure,ADA access recurs but now inside full lighthouse reconstruction,sonnet,reworded
MCB12,2022,68edcee307af,2023,7bedea9e1a74,0.393,different,COVID outreach campaign versus full-time vaccination site,sonnet,reworded
MCB12,2022,7fa7c09f455c,2023,7fa7c09f455c,1.0,same,identical Dyckman Farmhouse roof repair request,sonnet,reworded
MCB12,2022,fa444f8e89b4,2023,8e9778203c11,0.353,different,"Linden Terrace versus Gorman Park, different site",sonnet,reworded
MCB12,2020,0c7a007d4651,2023,8e9778203c11,0.31,different,Javits Playground renovation versus Gorman Park Phase II,sonnet,reworded
MCB12,2022,8f00255b232a,2023,8f00255b232a,1.0,same,identical Spanish-speaking health inspectors request,sonnet,reworded
MCB12,2022,c33a4c81f759,2023,c33a4c81f759,1.0,same,Identical Inwood Hill Park Ballfields 3 & 5 request,sonnet,reworded
MCB12,2022,6df4fb495389,2023,ce172d904078,0.88,same,same green infrastructure and bioswales; climate reason added,sonnet,reworded
MCB12,2022,d4613b6194e9,2023,d4613b6194e9,1.0,same,identical business marketing support request,sonnet,reworded
MCB12,2022,7d5e718e43b6,2023,e7ad1d5447d8,0.351,different,student Wi-Fi versus school counselors,sonnet,reworded
MCB12,2022,b3f411e8fcc0,2023,f1327479aab7,0.365,different,rat and roach pest control versus goats for invasive species,sonnet,reworded
MCB12,2023,00ea3d5a1bbb,2024,00ea3d5a1bbb,1.0,same,identical food pantry funding request,sonnet,reworded
MCB12,2023,7b2732f783d2,2024,092dd41d2522,0.596,same,same business resource guide request; organizational chart merged in,sonnet,reworded
MCB12,2023,21e41d887ba7,2024,0ac481beb24d,0.863,same,"same senior transportation funding restoration, revised wording",sonnet,reworded
MCB12,2023,48aa9843354d,2024,0f901cfc7b5b,0.689,same,same senior center ADA renovation; now names STAR and RAIN-Inwood,sonnet,reworded
MCB12,2023,1c124005d8ee,2024,1c124005d8ee,1.0,same,identical food pantry funding request,sonnet,reworded
MCB12,2023,4b35302e3e96,2024,35b5ab143307,0.34,different,"Payson Playground versus McKenna Square Park, different site",sonnet,reworded
MCB12,2023,3c9c1b8ae122,2024,4b8049d2b794,0.59,same,"same parks programming and staff funding across CD12 parks, expanded",sonnet,reworded
MCB12,2023,47f984334311,2024,4bfef7053cec,0.927,same,same DOB inspector funding; HPD inspectors added,sonnet,reworded
MCB12,2023,268905a9c3c2,2024,5308d9ef631b,0.829,same,"same DCLA arts funding increase, amount raised to $1mm",sonnet,reworded
MCB12,2023,539105aa99af,2024,539105aa99af,1.0,same,identical Lighthouse Link greenway request,sonnet,reworded
MCB12,2023,3354f469313c,2024,5a8342720368,0.827,same,"same DCP planning staff for neighborhood preservation plan, revised wording",sonnet,reworded
MCB12,2023,0c31befbf683,2024,76b7c05ebbe5,0.362,different,solar park lighting versus Fort Washington Park sinkhole repair,sonnet,reworded
MCB12,2023,995f912334c0,2024,78ea1fa0a16e,0.95,same,same Hispanic Society renovations; adjacent sidewalks added,sonnet,reworded
MCB12,2023,7fa7c09f455c,2024,7fa7c09f455c,1.0,same,identical Dyckman Farmhouse roof repair request,sonnet,reworded
MCB12,2023,fa1c61ea4a1c,2024,ab4a75280227,0.893,same,same affordable accessible senior housing construction,sonnet,reworded
MCB12,2022,bf2485589af0,2024,ab4a75280227,0.356,different,HPD code inspectors versus building new senior housing,sonnet,reworded
MCB12,2021,1a4189d86562,2024,ab4a75280227,0.318,different,renovate 2110 Amsterdam Ave versus generic new senior housing construction,sonnet,reworded
MCB12,2023,354547ec30dc,2024,aef792ee74cc,0.574,same,same commercial litter basket collection; second shift detail added,sonnet,reworded
MCB12,2023,8f00255b232a,2024,b1870b96f800,0.787,same,"same Spanish-speaking health inspectors request, revised wording",sonnet,reworded
MCB12,2023,5dd6916af350,2024,b8a77754f568,0.478,same,same Right to Counsel funding and eligibility increase to 300%,sonnet,reworded
MCB12,2023,c33a4c81f759,2024,c33a4c81f759,1.0,same,Identical Inwood Hill Park Ballfields 3 & 5 request,sonnet,reworded
MCB12,2023,0c31befbf683,2024,c8f05fdcc542,0.82,same,"same solar park lighting funding, revised wording",sonnet,reworded
MCB12,2023,4b35302e3e96,2024,c9a5270d8ec7,0.81,same,same Payson Playground renovation and park house accessibility,sonnet,reworded
MCB12,2023,17f587dd88eb,2024,c9e7d96958e9,0.434,unsure,outdoor dining subsidies versus a city initiative,resolved,reworded
MCB12,2023,7bedea9e1a74,2024,cdfc4a6de57f,0.81,same,same full-time vaccination site in Washington Heights; monkeypox added,sonnet,reworded
MCB12,2023,7ba0c77ff399,2024,da57aeaa893f,0.719,same,"same DEP noise, air and water staffing; technology and education added",sonnet,reworded
MCB12,2023,b3f411e8fcc0,2024,dbd0ca783431,0.877,same,same pest control request; outdoor dining reason added,sonnet,reworded
MCB12,2023,d4613b6194e9,2024,fa2079569b51,0.859,same,"same business marketing support, revised to designated advertising space",sonnet,reworded
MCB12,2024,00ea3d5a1bbb,2025,00ea3d5a1bbb,1.0,same,identical food pantry funding request,sonnet,reworded
MCB12,2024,0ac481beb24d,2025,05fdbbae6a0f,0.621,same,"same senior transportation funding restoration, revised wording",sonnet,reworded
MCB12,2024,48aa9843354d,2025,0dfcf695a1ed,1.0,same,identical senior center ADA renovation request,sonnet,reworded
MCB12,2024,ab4a75280227,2025,131ba38153ba,0.688,different,senior housing versus housing for people with disabilities,sonnet,reworded
MCB12,2022,bf2485589af0,2025,131ba38153ba,0.392,different,code inspectors versus building housing for people with disabilities,sonnet,reworded
MCB12,2024,1c124005d8ee,2025,1c124005d8ee,1.0,same,identical food pantry funding request,sonnet,reworded
MCB12,2024,da57aeaa893f,2025,1dbb6730092a,0.339,same,same DEP noise enforcement staffing and technology; now specifies cameras,sonnet,reworded
MCB12,2024,35b5ab143307,2025,35b5ab143307,1.0,same,identical McKenna Square Park renovation request,sonnet,reworded
MCB12,2024,c33a4c81f759,2025,35f70ad750a5,0.638,different,Inwood Hill ballfields versus Nature Center repair,sonnet,reworded
MCB12,2024,739d882774ac,2025,35f70ad750a5,0.504,different,New learning landscape versus renovating the Nature Center building,sonnet,reworded
MCB12,2024,184f9f872a62,2025,372571fbf124,0.96,same,"same ADA subway stations list, trimmed slightly",sonnet,reworded
MCB12,2024,0f901cfc7b5b,2025,499c683b1f51,0.359,different,STAR and RAIN-Inwood renovations versus walk-in tubs for senior housing,sonnet,reworded
MCB12,2024,c3b2d2d68242,2025,505525e6b6b5,0.445,different,Dyckman ballfield bathroom versus Dyckman Rest playground and dog run,sonnet,reworded
MCB12,2024,539105aa99af,2025,539105aa99af,1.0,same,identical Lighthouse Link greenway request,sonnet,reworded
MCB12,2024,7fa7c09f455c,2025,5563fb9750bf,0.477,different,"Dyckman Farmhouse roof versus Dyckman softball fields, different site",sonnet,reworded
MCB12,2024,143f1ec4bef8,2025,5df71035592f,0.334,different,Ft. George basketball versus Harlem River esplanade,sonnet,reworded
MCB12,2024,7fa7c09f455c,2025,76eabd33a2a6,0.398,different,"farmhouse roof repair versus waterfront and eco-dock, different site",sonnet,reworded
MCB12,2024,7fa7c09f455c,2025,7fa7c09f455c,1.0,same,identical Dyckman Farmhouse roof repair request,sonnet,reworded
MCB12,2024,6c4fd32d3144,2025,7ff2a013b303,0.802,same,same replacement furnishings funding for senior centers,sonnet,reworded
MCB12,2024,c4f5a7e40e80,2025,89c123c456ea,0.453,different,support centers versus startup capital fund,sonnet,reworded
MCB12,2024,c33a4c81f759,2025,8ab1e743b418,0.665,different,Ballfields 3 & 5 versus a soccer field renovation,sonnet,reworded
MCB12,2024,c4f5a7e40e80,2025,ac98c3a9624d,0.505,same,more small business support centers; now specifies one in CB12M,sonnet,reworded
MCB12,2024,620d7ea56e9e,2025,ae24af9befef,0.623,same,"Same W. 186th St. lot basketball request, reworded",sonnet,reworded
MCB12,2024,c33a4c81f759,2025,c33a4c81f759,1.0,same,Identical Inwood Hill Park Ballfields 3 & 5 request,sonnet,reworded
MCB12,2023,3e7e2f955455,2025,ce3604a458e3,0.465,different,SBS agency org chart versus general SBS funding increase,sonnet,reworded
MCB12,2024,824df417231d,2025,ce3604a458e3,0.42,different,new training hubs versus general SBS funding to continue initiatives,sonnet,reworded
MCB12,2024,2a2f293c0df2,2025,d873a58b348b,0.483,different,cannabis education versus migrant business health and safety education,sonnet,reworded
MCB12,2024,396b36e0b7ae,2025,e0b66a86a317,0.317,same,"the same Morris-Jumel Mansion work, narrowed to water mitigation",resolved,reworded
MCB12,2024,7fa7c09f455c,2025,e205a0a81b4b,0.368,different,"farmhouse roof repair versus Highbridge Park bike path, different site",sonnet,reworded
MCB12,2025,dbd0ca783431,2026,07f83de91c4a,0.794,same,same pest control request; now rats only,sonnet,reworded
MCB12,2025,1c124005d8ee,2026,1c124005d8ee,1.0,same,identical food pantry funding request,sonnet,reworded
MCB12,2025,0b22a6e515a4,2026,2270a337d337,0.699,same,tenant rights education kept; specialists split into separate request,sonnet,reworded
MCB12,2025,35b5ab143307,2026,35b5ab143307,1.0,same,identical McKenna Square Park renovation request,sonnet,reworded
MCB12,2025,2a2f293c0df2,2026,387763575e7c,0.326,different,cannabis education versus grants to small business CBOs,sonnet,reworded
MCB12,2025,89c123c456ea,2026,459f10e4e07e,0.655,same,"same Small Business Opportunity Fund, expand versus re-establish",sonnet,reworded
MCB12,2025,5e9fc142fa03,2026,45bf5f459161,0.579,different,Specific catch basin versus broad corridor task force and roadway repair,sonnet,reworded
MCB12,2025,0b22a6e515a4,2026,4b9e8a6708d6,0.578,same,tenant support specialists kept; education split into separate request,sonnet,reworded
MCB12,2025,539105aa99af,2026,539105aa99af,1.0,same,identical Lighthouse Link greenway request,sonnet,reworded
MCB12,2025,2a2f293c0df2,2026,5d373727fd7d,0.352,different,cannabis education versus cannabis loan fund,sonnet,reworded
MCB12,2025,5df71035592f,2026,5df71035592f,1.0,same,identical Harlem River esplanade request,sonnet,reworded
MCB12,2025,82c2b2dd2a85,2026,707c100dae62,0.888,same,same community mental health services expansion; suicide prevention emphasis,sonnet,reworded
MCB12,2025,76eabd33a2a6,2026,76eabd33a2a6,1.0,same,identical Dyckman Waterfront and eco-dock request,sonnet,reworded
MCB12,2025,eb5f5043bdd4,2026,7c6a22fb0599,0.91,same,same chronic disease services request; Alzheimer's now dementia,sonnet,reworded
MCB12,2024,88868ae9c558,2026,7d4a1af0da69,0.889,same,"same speed cameras in 33rd and 34th, humps dropped",sonnet,reworded
MCB12,2025,7fa7c09f455c,2026,7fa7c09f455c,1.0,same,identical Dyckman Farmhouse roof repair request,sonnet,reworded
MCB12,2025,06b91c0e3203,2026,9c039c2c2412,0.354,different,Inspiration Point portico steps versus Hudson River Greenway reconstruction,sonnet,reworded
MCB12,2025,78ea1fa0a16e,2026,9cf8bf037a68,0.899,same,"same Hispanic Society renovations, now Phase 2",sonnet,reworded
MCB12,2025,2a2f293c0df2,2026,a0afbe08d533,0.696,same,"same cannabis education for small businesses, reworded",sonnet,reworded
MCB12,2025,ae24af9befef,2026,ae24af9befef,1.0,same,identical W. 186th Street basketball request,sonnet,reworded
MCB12,2024,3eec2c1d0df7,2026,b706d4f89e94,0.732,same,"same light tower request, 33rd and 34th narrowed to 33rd",sonnet,reworded
MCB12,2025,c33a4c81f759,2026,c33a4c81f759,1.0,same,Identical Inwood Hill Park Ballfields 3 & 5 request,sonnet,reworded
MCB12,2025,092dd41d2522,2026,cb6ec5e91c5a,0.322,same,"same business resource guide, now website or application options",sonnet,reworded
MCB12,2025,cc5dceac08e7,2026,db79a535b754,0.855,same,"identical daycare center expansion request, agency label changed",sonnet,reworded
MCB12,2025,ddb34e2f894b,2026,e361e5003b5b,0.536,same,same real-time passenger information at bus stops,sonnet,reworded
MCB12,2025,e6f4bccb73d8,2026,e6f4bccb73d8,1.0,same,identical landlord workshops on Local Law 97 request,sonnet,reworded
MCB12,2024,240c1d797680,2026,f862f341b8b3,0.751,same,same FDNY all-terrain vehicle and park cameras request,sonnet,reworded
MCB12,2026,e83636ef84c2,2027,007e5c5ac554,0.698,same,same new District 8M garage and truck relocation; context added,sonnet,reworded
MCB12,2026,9c039c2c2412,2027,062dab0c5f94,0.764,same,"same Hudson River Greenway reconstruction, reworded",sonnet,reworded
MCB12,2026,864cccc94257,2027,0f9bafa4bfca,0.673,same,same capital funds and tax credits for affordable housing; agency label changed,sonnet,reworded
MCB12,2026,8cd7fee40239,2027,1c04d0fe59a7,0.636,same,same Raoul Wallenberg Playground reconstruction,sonnet,reworded
MCB12,2026,714264752290,2027,1f8cab90e099,0.476,same,same subway station maintenance funding; customer service staff added,sonnet,reworded
MCB12,2026,707c100dae62,2027,2e17345e11a0,0.878,same,same community mental health services and outreach; emphasis changed,sonnet,reworded
MCB12,2026,7d3021230030,2027,344677f7728c,0.427,same,same Right to Counsel housing legal funding and 300% eligibility,sonnet,reworded
MCB12,2026,4bfef7053cec,2027,4c3a62212a4d,0.326,same,same DOB inspector funding; HPD inspectors dropped,sonnet,reworded
MCB12,2026,34d5de6e7a14,2027,56f6c1a1a6e7,0.557,same,same 157th Street station resiliency repairs,sonnet,reworded
MCB12,2025,5e9fc142fa03,2027,5d1c7de1d032,0.552,different,"same corner, but catch basin versus park reconstruction",sonnet,reworded
MCB12,2026,45bf5f459161,2027,5d1c7de1d032,0.547,different,W 158th Street corridor task force versus Riverside Park reconstruction,sonnet,reworded
MCB12,2024,3f3bc0a6d50b,2027,5d1c7de1d032,0.312,different,Argus cameras versus Riverside Park reconstruction,sonnet,reworded
MCB12,2026,864cccc94257,2027,64d03cb412e8,0.973,same,same capital funds and tax credits for affordable housing,sonnet,reworded
MCB12,2026,45bf5f459161,2027,6997b778b616,0.734,same,same W 158th Street corridor and problems; task force reframed as reconstruction,sonnet,reworded
MCB12,2026,4792b56dbf75,2027,6a48a11e4800,0.46,same,same AEP and PPP funding increase for distressed buildings,sonnet,reworded
MCB12,2026,7adc75d1e5fc,2027,7a6fbfa713bb,0.72,same,same J. Hood Wright overlook ADA access; other sites added,sonnet,reworded
MCB12,2026,db79a535b754,2027,933b8808af5b,0.784,same,"identical daycare center expansion request, agency label changed",sonnet,reworded
MCB12,2026,372571fbf124,2027,ad8f070cc038,0.662,same,"same ADA subway station request; list mostly overlaps, shortened",sonnet,reworded
MCB12,2026,84eab17422a9,2027,ade6647a4ddd,0.461,same,same supportive housing for at-risk and transitioning households,sonnet,reworded
MCB12,2026,d7367775bcdc,2027,b11ab96bdb15,0.421,same,same SCA tracker for District 6 school repairs,sonnet,reworded
MCB12,2026,714264752290,2027,b2d7421c5a91,0.435,same,same subway station maintenance funding; customer service staff added,sonnet,reworded
MCB12,2026,1f4216234918,2027,b79708909898,0.894,same,same Isham Park staircase repair; retaining walls dropped,sonnet,reworded
MCB12,2026,939cf7524722,2027,c054ee8be4e6,0.659,same,same funding for nonprofit and land trust affordable housing,sonnet,reworded
MCB12,2026,c33a4c81f759,2027,c33a4c81f759,1.0,same,identical Inwood Hill ballfields 3 and 5 request,sonnet,reworded
MCB12,2026,cbbd696478d9,2027,cbbd696478d9,1.0,same,identical 3PK and 4PK seats request,sonnet,reworded
MCB12,2026,539105aa99af,2027,d81b6e3e9ac1,0.48,same,"same Lighthouse Link project, now with detail",sonnet,reworded
MCB12,2026,8e9778203c11,2027,da1e1e5b24c5,0.552,same,"same Gorman Park restoration, now cleanup and reopening walkways",sonnet,reworded
MCB12,2026,228618af08d0,2027,eb752bd9b248,0.816,same,same healthy culturally appropriate food access for seniors,sonnet,reworded
MCB12,2026,c9a5270d8ec7,2027,fa7e1fb6e059,0.521,same,same Payson Playground and park house restoration,sonnet,reworded
MCB12,2026,df8ed7cf5d26,2027,fb4b3442ae74,0.822,same,same park pathway reconstruction; fire hydrants added,sonnet,reworded
MCB2,2020,064ae1cc4462,2021,18376e92bc3c,0.645,same,same MOME film permit enforcement funding,sonnet,reworded
MCB2,2020,0682db6251fc,2021,2062bf9f8a47,0.935,same,"Same Morton St. granite bike lane, text reused",sonnet,reworded
MCB2,2020,6fe12231c3aa,2021,26db97513e47,0.507,same,"same Time Landscape fence replacement, rethink added",sonnet,reworded
MCB2,2020,2abe51dc6f8e,2021,26dcec7d3318,0.677,same,Same Spring St. humps; now adds Jane and Perry Streets,sonnet,reworded
MCB2,2020,3aaec988e0f7,2021,56fcbe1b7547,0.348,different,Washington Square Park gates versus conservancy arts grant program,sonnet,reworded
MCB2,2020,fe46801361af,2021,6584aa85eef1,0.422,different,DSNY street litter basket study versus parks trash removal,sonnet,reworded
MCB2,2020,53df4477ce56,2021,6930921c7074,0.735,same,Same Bleecker Street School funding request,sonnet,reworded
MCB2,2020,82c18fa3179c,2021,72a078b7bd64,0.948,same,"Same West and Houston sidewalk extension, median and signal request",sonnet,reworded
MCB2,2020,4d21023e292f,2021,750a18d183d9,0.756,same,same outreach and treatment for people using drugs on streets,sonnet,reworded
MCB2,2020,f8c18c90e8f0,2021,75e7fcac55e5,0.436,same,same DOB staffing to monitor approved construction projects,sonnet,reworded
MCB2,2020,3aaec988e0f7,2021,83e4ca92fe2d,0.432,different,gates at Washington Square Park versus music festival funding,sonnet,reworded
MCB2,2020,80e0be00dc07,2021,89e67cbe4cc0,0.49,same,same Vesuvio Playground renovation,sonnet,reworded
MCB2,2020,5281f0973e51,2021,a961e8397a02,0.488,same,same school technology funding; school list mostly overlaps,sonnet,reworded
MCB2,2020,0a029d5ed311,2021,a9d1a29c8915,0.326,different,6th Avenue and West 8th crossing versus Jane and Greenwich area study,sonnet,reworded
MCB2,2020,2cf3379c4ad7,2021,a9d1a29c8915,0.31,different,"Different sites, Greenwich Ave. improvements versus Jane St. area study",sonnet,reworded
MCB2,2020,3ac96c294928,2021,abaf2b18685f,0.669,same,same Jefferson Market Garden gate staffing and hours,sonnet,reworded
MCB2,2020,3f41ad8b44a5,2021,abf999b0e9df,0.367,different,senior center renovations versus overhead reimbursements for Greenwich House,sonnet,reworded
MCB2,2020,9dbbaf3ebf7e,2021,b2c866e247a4,0.387,different,"Different intersection, Christopher versus West 13th and Greenwich",sonnet,reworded
MCB2,2020,baaa04e4942f,2021,b2db95621778,0.653,same,same Learn to Swim program increase,sonnet,reworded
MCB2,2020,8dcad6ee8c2f,2021,b5eb0f853138,0.986,same,same Cooper Square Plaza crossing safety improvements,sonnet,reworded
MCB2,2020,fe46801361af,2021,c203d44fd0ef,0.966,same,same DSNY litter basket study and collection increase,sonnet,reworded
MCB2,2020,089cf22a2d02,2021,cbc8b38d6731,0.314,same,same Landmarks enforcement staff for surveying landmark districts,sonnet,reworded
MCB2,2020,0e55b563983d,2021,d28f7a41f3d6,0.589,same,same permanent preservation of Elizabeth Street Garden,sonnet,reworded
MCB2,2020,d0d857b83da6,2021,de90858e4bbb,0.46,same,same Belgian block repairs on the same streets,sonnet,reworded
MCB2,2020,089cd22cbd0a,2021,e0d0aad5548d,0.483,same,"same park rat control, Washington Square Park included",sonnet,reworded
MCB2,2020,d7269a101113,2021,e488acfb16de,0.315,different,"Seravalli comfort station versus irrigation, different work",sonnet,reworded
MCB2,2020,a08a9af63f7d,2021,e547827a05fd,0.982,same,same Judson Memorial Church elevator replacement,sonnet,reworded
MCB2,2020,4f11aa5e8349,2021,fb002bdf6566,0.407,same,same Mercer Playground renovation,sonnet,reworded
MCB2,2021,6883c8d48c1f,2022,1014f5bb1fbb,0.399,different,Greenwich Ave. crosswalk work versus E. 12th St. congestion,sonnet,reworded
MCB2,2021,885a2c67af05,2022,2a4fa101a335,0.406,same,same DOE arts education baseline funding,sonnet,reworded
MCB2,2021,d4e958451bae,2022,3cd02f41c68d,0.353,same,same district-wide street tree planting,sonnet,reworded
MCB2,2021,23aaf9f57c0b,2022,52b85ff9996c,0.837,same,Same Horatio Greenstreet wall removal request,sonnet,reworded
MCB2,2021,4351d4dfe844,2022,5dfa3e01b30b,0.486,same,same dyslexia literacy curricula and teacher training,sonnet,reworded
MCB2,2020,3f41ad8b44a5,2022,6050b6ef13c4,0.425,different,senior center renovation versus Greenwich House seniors data collection,sonnet,reworded
MCB2,2021,2ca7c9726397,2022,6050b6ef13c4,0.328,different,arts programs at community centers versus data collection at Greenwich House,sonnet,reworded
MCB2,2021,95029ad87d77,2022,6078867121c9,0.344,same,Same Hudson Park Library renovation; now broader but still includes elevator and ADA,sonnet,reworded
MCB2,2021,b2c866e247a4,2022,6519d59f80e7,0.96,same,same W. 13th St and Greenwich Ave split phase and bulb out,sonnet,reworded
MCB2,2021,a9d1a29c8915,2022,a2048430086b,0.994,same,same Jane St and W. 13th St Greenwich Ave traffic study,sonnet,reworded
MCB2,2020,3f41ad8b44a5,2022,a7bd6e9995e3,0.401,different,senior center renovation versus behavioral programs computer upgrades,sonnet,reworded
MCB2,2021,2ca7c9726397,2022,a7bd6e9995e3,0.319,different,arts programs for centers versus Greenwich House computer upgrades,sonnet,reworded
MCB2,2020,14766e17c8c8@f92d52,2022,b63bb0301587@4ad985,1.0,same,same Clarkson St stretch West to Greenwich; Register cross streets differ,sonnet,site
MCB2,2021,9ac50fd28a19,2022,bc852eaaa3b8,0.47,different,intersection safety fix versus long 6th Ave bike lane extension,sonnet,reworded
MCB2,2021,a961e8397a02,2022,bd640ae7d4c9,0.724,same,"same school technology upgrades, more schools listed",sonnet,reworded
MCB2,2021,fb002bdf6566,2022,c0163027f3f5,0.955,same,same Mercer Playground renovation,sonnet,reworded
MCB2,2021,7ee79fb355f2,2022,c8cd2d4fcc7c,0.728,same,"same University Pl greenway study, shared street added as phase",sonnet,reworded
MCB2,2021,cbc8b38d6731,2022,d01458d5a03a,0.574,same,same LPC enforcement staff to find unpermitted alterations,sonnet,reworded
MCB2,2021,ee8135e980be,2022,d5a79c24d439,0.556,same,Same P.S. 3 gymateria dividers and rooftop playground bundle,sonnet,reworded
MCB2,2021,cbc8b38d6731,2022,e26c9884dab8,0.303,different,LPC enforcement survey versus LPC review staff for transferred proposals,sonnet,reworded
MCB2,2021,9ffac3b3e2fb,2022,ec9f9b3de66a,0.998,same,same culturally responsive curriculum and teacher training,sonnet,reworded
MCB2,2021,c203d44fd0ef,2022,f443d06e9592,0.829,same,same DSNY trash container and litter basket collection study,sonnet,reworded
MCB2,2021,72a078b7bd64,2022,f4882dd2bb84,0.305,different,Sidewalk extension and signal phasing versus temporary bike lane barriers,sonnet,reworded
MCB2,2022,e78a6f41d0ea,2023,0df01b58afac,0.393,different,Benches versus addressing homelessness misuse at Golden Swan Park,sonnet,reworded
MCB2,2022,f443d06e9592,2023,5bce49883524,0.992,same,same DSNY trash container and litter basket collection request,sonnet,reworded
MCB2,2022,594cd7965a48,2023,628765ae4352,0.755,same,same DCLA arts funding for CB2 community centers,sonnet,reworded
MCB2,2022,aaa576f960fd,2023,76fce0570e0a,0.83,same,same SBS BE NYC entrepreneurship support,sonnet,reworded
MCB2,2022,2a4fa101a335,2023,9921a9c6addc,0.756,same,"same DOE arts education funding, reinstate versus maintain",sonnet,reworded
MCB2,2022,a3f6a3990d2e,2023,a147c80afde3,0.912,same,Same Elizabeth Street Garden preservation; land owner agency changed,sonnet,reworded
MCB2,2022,9adde7e11e7a,2023,bec39f13f2cb,0.714,same,"Same Waverly, Christopher and Grove intersection safety request",sonnet,reworded
MCB2,2022,d01458d5a03a,2023,d5baf79b2a23,0.397,same,"same LPC staff to monitor work and identify violations, broader wording",sonnet,reworded
MCB2,2020,14766e17c8c8@f92d52,2023,dc9faedb945c@4ad985,1.0,same,same Clarkson St stretch West to Greenwich; Register cross streets differ,sonnet,site
MCB2,2022,ae1b57eec5ea,2023,e527a6d8e932,0.931,same,same DOT night and weekend Open Restaurant inspectors,sonnet,reworded
MCB2,2021,56fcbe1b7547,2023,e87f713abe5a,0.886,same,same Washington Square Conservancy arts grant program,sonnet,reworded
MCB2,2020,3aaec988e0f7,2023,e87f713abe5a,0.373,different,park entrance gates versus arts grant program,sonnet,reworded
MCB2,2022,3cd02f41c68d,2023,fc0a9a55604e,0.653,same,"same street tree planting district-wide, pruning dropped",sonnet,reworded
MCB2,2023,c5523c2063c2,2024,044ddbd76514,0.787,same,Same University Place shared street request,sonnet,reworded
MCB2,2023,1014f5bb1fbb,2024,0627ab6658d6,0.354,different,E. 12th St. congestion versus Citi Bike stations on West St.,sonnet,reworded
MCB2,2021,6883c8d48c1f,2024,0627ab6658d6,0.324,different,Greenwich Ave crosswalks versus West St Citi Bike study,sonnet,reworded
MCB2,2023,68ec0be4bebc,2024,2860581ff294,0.431,same,same NYPL expense funding maintained for CB2 libraries,sonnet,reworded
MCB2,2023,d5baf79b2a23,2024,32a872311a5e,0.739,same,"same LPC staff capacity, monitoring and violations, website added",sonnet,reworded
MCB2,2023,5908be4c76d1,2024,35791b245864,0.852,same,same signage and public art for African diaspora history,sonnet,reworded
MCB2,2023,0df01b58afac,2024,3acc54a9d8b1,0.883,same,Same Golden Swan Park homelessness request; now adds benches,sonnet,reworded
MCB2,2023,1a1453ef32d7,2024,3b93b4e7f732,0.825,same,same DEP green infrastructure exploration,sonnet,reworded
MCB2,2023,fc0a9a55604e,2024,3cd02f41c68d,0.653,same,same district-wide street tree planting,sonnet,reworded
MCB2,2023,76fce0570e0a,2024,3f44cd5522b9,0.398,unsure,general BE NYC entrepreneurship support versus Black and Latinx small business development,sonnet,reworded
MCB2,2023,bec39f13f2cb,2024,420f8d5dbbea,0.647,same,"Same Waverly, Christopher and Grove intersection request with Greenwich Ave. component",sonnet,reworded
MCB2,2023,f0a77a0494bc,2024,538cb3f0af2b,0.974,same,"same ADA education for small businesses, different agency",sonnet,reworded
MCB2,2023,bd640ae7d4c9,2024,556ab15b405f,0.477,same,"same school technology upgrades, narrowed to two schools from earlier list",sonnet,reworded
MCB2,2023,a2048430086b,2024,57eb6be4393a,0.949,same,Same Jane St. and W. 13th St. traffic study,sonnet,reworded
MCB2,2023,bd640ae7d4c9,2024,5888c2ccf0eb,0.41,different,school technology versus Harvest Collegiate outdoor space or green roof,sonnet,reworded
MCB2,2023,31cc3a05077a,2024,61d2bc195ee9,0.586,same,"same Interim Multiple Dwellings inventory, rent-stabilized dataset added",sonnet,reworded
MCB2,2022,74aa80fe49cc,2024,65530e265e22,0.837,same,same JJ Walker courts and park repair,sonnet,reworded
MCB2,2023,569280163bd0,2024,659583e69f8e,0.431,same,"Same LaGuardia Garden fence drainage repair, new reason",sonnet,reworded
MCB2,2023,06125b3ab0a6,2024,6f5580831965,0.481,same,"same Hudson waterfront resiliency, text calls it a variation of earlier request",sonnet,reworded
MCB2,2023,9ba55a595d93,2024,750d72ec727f,0.806,same,Same Greenwich House Music School capital project at 44-46 Barrow,sonnet,reworded
MCB2,2023,d3790e5f993d,2024,767a3afd6c0d,0.543,same,Same Time Landscape fence replacement,sonnet,reworded
MCB2,2023,3743d0d051de,2024,a5bbfadaa120,0.801,same,Same Bleecker Street School request,sonnet,reworded
MCB2,2020,14766e17c8c8@f92d52,2024,acdb88129254@4ad985,1.0,same,same Clarkson St stretch West to Greenwich; Register cross streets differ,sonnet,site
MCB2,2023,b0fd4a52574d,2024,b286d4ad8347,0.935,same,Same complete renovation of Tony Dapolito Recreation Center,sonnet,reworded
MCB2,2023,a3e1059fb72d,2024,bee3263dedf4,0.952,same,same benches at Minetta Triangle Park,sonnet,reworded
MCB2,2023,8d4218c63b67,2024,befc60261e13,0.681,same,Same Seravalli Playground irrigation request,sonnet,reworded
MCB2,2023,3ae4449bf368,2024,ccac8bec22a5,0.357,same,the same unfinished DeSalvio Playground; now its climbing wall,resolved,reworded
MCB2,2023,b2db95621778,2024,ea99ed48e1dc,0.935,same,same Learn to Swim program increase,sonnet,reworded
MCB2,2024,47c217e293b5,2025,08b3962febf9,0.519,same,"same SAPO study of commercial street closure effects, agency renamed",sonnet,reworded
MCB2,2024,bee3263dedf4,2025,0ae2b512ed2d,0.665,same,"same Minetta Triangle Park benches, two more pocket parks added",sonnet,reworded
MCB2,2024,b4f02d7ee031,2025,10e13ecfab45,0.827,same,same HPD search for government-owned housing sites,sonnet,reworded
MCB2,2024,6f5580831965,2025,16b5e25c8835,0.334,same,"same west side Hudson resiliency study, text says repeated request",sonnet,reworded
MCB2,2024,767a3afd6c0d,2025,22c2feb5561d,0.393,same,the same Time Landscape site; rethinking the space stays,resolved,reworded
MCB2,2023,87fc51541b88,2025,33906837759e,0.313,same,same push to add more dog parks,sonnet,reworded
MCB2,2023,c276481848ab,2025,361b6b0495da,0.498,same,same Playground of the Americas redesign,sonnet,reworded
MCB2,2023,5bce49883524,2025,40ff04966c20,0.808,same,same DSNY containers and litter basket collection evaluation,sonnet,reworded
MCB2,2024,c70af23ec657,2025,527a22bb683e,0.741,same,same DCP soft sites study,sonnet,reworded
MCB2,2024,65530e265e22,2025,544a4456af1b,0.871,same,Same JJ Walker courts and park repair; now adds playground and path,sonnet,reworded
MCB2,2024,b286d4ad8347,2025,5485e60c3895,0.355,different,Complete renovation versus cost-effectiveness study and alternative plan,sonnet,reworded
MCB2,2024,56c4e2ccfbd0,2025,648affc87e9a,0.928,same,Same W. 8th St. and 6th Ave. crossing safety request,sonnet,reworded
MCB2,2024,56e36c473b3a,2025,7292a406552f,0.918,same,Same gymnatorium upgrade at Chelsea CTE and iSchool; now adds air conditioning,sonnet,reworded
MCB2,2024,659583e69f8e,2025,747714368236,0.667,same,Same LaGuardia Corner Garden drainage repair,sonnet,reworded
MCB2,2023,d09cf9f14412,2025,80e7d7772dbd,0.772,same,same MOME film permit enforcement staff,sonnet,reworded
MCB2,2024,47990fc31ab9,2025,a4141c134059,0.809,same,Same Vesuvio Playground renovation; now adds drain repair first,sonnet,reworded
MCB2,2024,9bb31af757e6,2025,aaf7795fdbfe,0.889,same,Same E. 12th St. congestion request,sonnet,reworded
MCB2,2024,32a872311a5e,2025,b87e191b7cbc,0.84,same,"same LPC staff capacity, same four items",sonnet,reworded
MCB2,2024,420f8d5dbbea,2025,bf295feabacf,0.931,same,Same Stonewall area intersection safety request,sonnet,reworded
MCB2,2024,556ab15b405f,2025,bf637ebe28fe,0.569,unsure,"school technology, only Harvest Collegiate overlaps among different school lists",sonnet,reworded
MCB2,2024,474085cabe36,2025,c2557d9dbaee,0.317,same,same composting education for residents in CB2,sonnet,reworded
MCB2,2024,a24d72272799,2025,dccf24240f86,0.482,same,same DYCD free after school programs,sonnet,reworded
MCB2,2024,42a3a9a6f14a,2025,e7af3ec2195a,0.897,same,Same Petrosino Square study; agency changed,sonnet,reworded
MCB2,2024,98f662de2bf7,2025,f02dc6fb289d,0.94,same,Same West Houston bike lane protective barriers,sonnet,reworded
MCB2,2025,dccf24240f86,2026,00b700aeb514,0.628,same,"same DYCD free after school programs, before school added",sonnet,reworded
MCB2,2025,f02dc6fb289d,2026,06c161e0ada5,0.845,same,Same West Houston bike lane protective barriers,sonnet,reworded
MCB2,2025,9e3ac24bb96b,2026,0aed648a12bf,0.883,same,Same 2 Howard St. affordable housing; now adds land acquisition,sonnet,reworded
MCB2,2025,33906837759e,2026,19386190b3da,0.8,same,same study of dog parks and dog runs,sonnet,reworded
MCB2,2025,361b6b0495da,2026,2254ab442e9c,0.834,same,Same Playground of the Avenue of the Americas re-imagining,sonnet,reworded
MCB2,2025,f50734226ab9,2026,2552f9d77cd2,0.91,same,same NYC Men Teach funding,sonnet,reworded
MCB2,2025,747714368236,2026,26c4fe047888,0.886,same,Same LaGuardia Corner Garden ponding repair,sonnet,reworded
MCB2,2025,b87e191b7cbc,2026,2930817938c1,0.595,same,"same LPC staff funding, same four purposes",sonnet,reworded
MCB2,2025,cb3878c99955,2026,310e99d16f4c,0.656,same,Same 9th Ave. and 14th St. signalization study,sonnet,reworded
MCB2,2025,7292a406552f,2026,317a5df169c7,0.817,same,Same gymnatorium upgrade; SCA replaces DOE,sonnet,reworded
MCB2,2025,3ab65eb6473c,2026,329e47bd117c,0.738,same,same hybrid meeting funding for community boards,sonnet,reworded
MCB2,2025,0ae2b512ed2d,2026,32baa0096daa,0.844,same,same benches at three Sixth Avenue pocket parks,sonnet,reworded
MCB2,2025,10e13ecfab45,2026,3a34cafc85aa,0.435,same,same list of government-owned sites for affordable housing,sonnet,reworded
MCB2,2025,a4141c134059,2026,3c60ca5b0781,0.895,same,Same Vesuvio Playground drain repair and renovation,sonnet,reworded
MCB2,2025,08b3962febf9,2026,4996449c1f0a,0.905,same,same SAPO study of commercial street closures,sonnet,reworded
MCB2,2025,527a22bb683e,2026,4a57d5718eff,0.929,same,same soft sites study,sonnet,reworded
MCB2,2025,6df1c2e0a203,2026,4f8e40054ad1,0.551,same,Same sensory gym at PS 3,sonnet,reworded
MCB2,2025,aaf7795fdbfe,2026,68a3dab3b6dd,0.926,same,Same E. 12th St. congestion request,sonnet,reworded
MCB2,2025,16b5e25c8835,2026,745ff0b55607,0.711,same,same Hudson waterfront resiliency study,sonnet,reworded
MCB2,2024,21b4d983f097,2026,7711548cad11,0.312,different,Washington Square music fund versus PEP officer coverage,sonnet,reworded
MCB2,2025,c2557d9dbaee,2026,7a74e5ac3818,0.854,same,same composting education for residents and businesses,sonnet,reworded
MCB2,2025,22c2feb5561d,2026,7d211edda1dd,0.599,same,Same Time Landscape review request,sonnet,reworded
MCB2,2025,bf637ebe28fe,2026,85feac6401c0,0.329,same,"same high school technology, two schools carried over, related agency",sonnet,reworded
MCB2,2025,ac7df78bda9d,2026,87733db98dcb,0.572,same,Same Bleecker Street School request,sonnet,reworded
MCB2,2025,86355b8a43fd,2026,8df082f661e4,0.937,same,same hire more bilingual school staff,sonnet,reworded
MCB2,2025,e7af3ec2195a,2026,9141be9eaed1,0.759,same,Same Petrosino Square study request,sonnet,reworded
MCB2,2025,95295ad424a0,2026,9b218fb96ef3,0.373,unsure,citywide rent-stabilized dataset dropped; Loft Board conversion report overlaps IMD inventory,sonnet,reworded
MCB2,2025,43b11af90ed6,2026,9b96a48e10b0,0.505,same,Same Harvest Collegiate outdoor recreation space; fence is a specific upgrade,sonnet,reworded
MCB2,2025,9676d1c37cb5,2026,9c5acf420103,0.752,same,Same Houston and Wooster traffic light and crosswalk,sonnet,reworded
MCB2,2025,817f137ae67d,2026,a105b86d38f4,0.948,same,same additional Assertive Community Treatment team,sonnet,reworded
MCB2,2025,648affc87e9a,2026,a79216c7610d,0.925,same,Same W. 8th St. and 6th Ave. pedestrian safety request,sonnet,reworded
MCB2,2025,5485e60c3895,2026,ad36fa4711f9,0.37,different,Dapolito cost-effectiveness study versus renovation and restoration funding,sonnet,reworded
MCB2,2024,b286d4ad8347,2026,ad36fa4711f9,0.363,same,same Dapolito Recreation Center renovation,sonnet,reworded
MCB2,2025,281656d3da81,2026,b6db9c5697b1,0.429,same,"same CEQR review for new schools, enrollment detail added",sonnet,reworded
MCB2,2025,d0a38960aaf5,2026,c0ce7d0bedf7,0.754,same,Same PS 130 windows and light fixtures upgrade,sonnet,reworded
MCB2,2025,bf295feabacf,2026,c952dc4c1ac4,0.909,same,Same Stonewall area intersection safety request,sonnet,reworded
MCB2,2025,14456cd52a1a,2026,c9e1e9d8886b,0.477,same,"same DOE arts education funding, reinstate versus baseline wording",sonnet,reworded
MCB2,2025,714b9a7f6357,2026,e0f2755782ea,0.42,same,Same 388 Hudson St. recreation center with pool,sonnet,reworded
MCB2,2025,7978df404abd,2026,e39f57561930,0.823,same,Same Elizabeth Street Garden preservation; now adds enhance,sonnet,reworded
MCB2,2025,40ff04966c20,2026,eae841bb6149,0.588,same,same DSNY trash container and collection study,sonnet,reworded
MCB2,2025,6f0280ddf9bf,2026,f2162208b15c,0.839,same,Same Clarkson St. reconstruction with granite bike lane,sonnet,reworded
MCB2,2025,544a4456af1b,2026,f459a23accf3,0.874,same,Same JJ Walker Park playground and pathway repair,sonnet,reworded
MCB2,2026,b6db9c5697b1,2027,04a46881d08f,0.836,same,"same CEQR review for new schools, agency changed to DCP",sonnet,reworded
MCB2,2025,1a9813e2365d,2027,0f35055c1fb0,0.331,different,10th Ave transportation study versus de-mapping conveyance for housing,sonnet,reworded
MCB2,2026,93f8d90698e0,2027,101f7d6e3318,0.589,unsure,Jane/13th Greenwich study versus wider Greenwich Ave improvements including those sites,sonnet,reworded
MCB2,2025,7ab00b88dde3,2027,101f7d6e3318,0.523,different,6th Ave bike lane extension versus Greenwich Ave safety improvements,sonnet,reworded
MCB2,2025,1a9813e2365d,2027,1900b2230857,0.411,different,10th Ave transportation study versus de-mapping conveyance for housing,sonnet,reworded
MCB2,2024,8d4218c63b67,2027,1900b2230857,0.302,different,Seravalli Playground irrigation versus Gansevoort Square housing conveyance,sonnet,reworded
MCB2,2026,7711548cad11,2027,1fb551fa60df,0.346,different,specific PEP hours request versus broad Washington Square Park support,sonnet,reworded
MCB2,2026,9c5acf420103,2027,25d996c3fc44,0.92,same,same traffic light and crosswalk at Houston and Wooster,sonnet,reworded
MCB2,2026,c952dc4c1ac4,2027,28c6bd04b69e,0.893,same,same Stonewall area intersection safety improvements,sonnet,reworded
MCB2,2026,b9680b25e656,2027,29ab1fe3d910,0.673,different,a granite bike lane versus repairing the Belgian blocks,resolved,reworded
MCB2,2026,f2162208b15c,2027,30d07e4d2e90,0.65,same,"same Clarkson St granite strip bike lane, part of earlier reconstruction",sonnet,reworded
MCB2,2026,f2162208b15c,2027,31b9c1c4bd90,0.857,same,same Clarkson St Belgian block reconstruction,sonnet,reworded
MCB2,2026,b6db9c5697b1,2027,326281324852,0.832,same,same CEQR review for new school siting and enrollment,sonnet,reworded
MCB2,2026,09a3f09cd1f0,2027,34ab528af700,0.783,same,same class size reduction funding,sonnet,reworded
MCB2,2026,00b700aeb514,2027,379d5365052b,0.755,same,same free before and after school programs,sonnet,reworded
MCB2,2026,61aeba6b61c5,2027,4c755822ab2c,0.688,same,same University Pl shared street extension to W. 4th St,sonnet,reworded
MCB2,2026,19386190b3da,2027,4ce077af5dff,0.812,same,same study of locations for dog parks and runs,sonnet,reworded
MCB2,2026,32baa0096daa,2027,5e36467cf613,0.373,different,benches in pocket parks versus Minetta Playground renovation,sonnet,reworded
MCB2,2026,310e99d16f4c,2027,5ef24633c253,0.872,same,same 9th Ave and 14th St intersection study,sonnet,reworded
MCB2,2026,2254ab442e9c,2027,6514dafc7d86,0.476,same,same re-imagining Playground of the Avenue of the Americas,sonnet,reworded
MCB2,2026,8126fdbae42f,2027,685cab0f1bd0,0.428,unsure,IMT team for CD2 versus program evaluation with possible team assignment,sonnet,reworded
MCB2,2026,00b700aeb514,2027,742249f6dc45,0.658,same,"same free before and after school programs, agency changed to DOE",sonnet,reworded
MCB2,2026,9b218fb96ef3,2027,74534985aa83,0.369,different,Loft Board conversion report versus SoHo/NoHo/Chinatown rezoning effectiveness study,sonnet,reworded
MCB2,2026,f2162208b15c,2027,77b46413b5ad,0.307,different,Clarkson St street reconstruction versus park corridor and JJ Walker Park work,sonnet,reworded
MCB2,2026,88247e6abf08,2027,7b731401b0b3,0.988,same,same Hudson Square Rezoning effectiveness study,sonnet,reworded
MCB2,2026,b9680b25e656,2027,7d377a0955b9,0.805,same,same Morton St granite strip bike lane,sonnet,reworded
MCB2,2026,0aed648a12bf,2027,85a84dc9fc35,0.921,same,same 2 Howard St affordable housing acquisition and development,sonnet,reworded
MCB2,2026,2552f9d77cd2,2027,89cd04f6bf12,0.941,same,same NYC Men Teach funding,sonnet,reworded
MCB2,2026,7d211edda1dd,2027,9e69403e2140,0.396,same,same Time Landscape study of use,sonnet,reworded
MCB2,2026,d3664487441c,2027,9f1dcf9c0774,0.601,same,"same Wooster St Belgian blocks, named in earlier multi-street request",sonnet,reworded
MCB2,2026,745ff0b55607,2027,ab474336e30a,0.969,same,same Hudson waterfront resiliency study,sonnet,reworded
MCB2,2026,cb0d46141822,2027,b308d621fc4b,0.806,same,same structured literacy teacher training and curricula,sonnet,reworded
MCB2,2026,c9e1e9d8886b,2027,b50eb524a363,0.556,same,same DOE arts education baseline funding,sonnet,reworded
MCB2,2026,b6db9c5697b1,2027,b5ee2eba5d13,0.481,same,"same CEQR review for new schools, agency changed to DOE",sonnet,reworded
MCB2,2026,9141be9eaed1,2027,b9d6c39e155e,0.715,same,same Petrosino Square re-imagining study,sonnet,reworded
MCB2,2024,6309287aeb6d,2027,bda386c84af8,0.53,different,cannabis education funds versus new Office of Cannabis Business Services,sonnet,reworded
MCB2,2026,317a5df169c7,2027,bf3fff875303,0.911,same,same Chelsea CTE and iSchool gymnatorium upgrade,sonnet,reworded
MCB2,2026,966b67a7ea16,2027,cdec5521305c,0.545,same,same Greenwich House facade maintenance funding,sonnet,reworded
MCB2,2026,d3664487441c,2027,ceb691ff3bcc,0.742,same,"same Bond St Belgian block repair, narrowed to Bond St",sonnet,reworded
MCB2,2026,9b218fb96ef3,2027,cfb4c5e0b4a6,0.949,same,same Loft Board report on converted units,sonnet,reworded
MCB2,2026,9c5acf420103,2027,d370cb74aa83,0.363,different,Houston and Wooster signal versus ADA ramps at Wooster and Prince,sonnet,reworded
MCB2,2026,68a3dab3b6dd,2027,d98087001953,0.754,same,same E. 12th St congestion and placard parking,sonnet,reworded
MCB2,2026,06c161e0ada5,2027,d990c148e183,0.702,same,same West Houston bike lane protective barriers,sonnet,reworded
MCB2,2026,0aed648a12bf,2027,dd387dd08fc2,0.882,same,"same 2 Howard St affordable housing, agency listed as DCAS",sonnet,reworded
MCB2,2026,9b96a48e10b0,2027,ddd9ee4d135e,0.634,same,"same Harvest Collegiate rooftop fence, technology added",sonnet,reworded
MCB2,2026,32baa0096daa,2027,de9973e29991,0.695,same,"same benches at three Sixth Ave pocket parks, maintenance added",sonnet,reworded
MCB2,2026,2641a0fc81ca,2027,e19434b8df94,0.823,same,same The Door food and nutrition services expansion,sonnet,reworded
MCB2,2026,85feac6401c0,2027,f3d4113eba78,0.31,different,different technology at different schools,resolved,reworded
MCB2,2026,19386190b3da,2027,fdf91417023c,0.463,different,new dog park study versus Washington Square dog run resurfacing,sonnet,reworded
MCB3,2020,cbda14441888,2021,06d7c0bfd717,0.324,same,same funding for support staff in schools with many homeless students,sonnet,reworded
MCB3,2020,2473e1b41a29,2021,51cadfc44670,0.305,same,same more funding for over-utilized senior centers,sonnet,reworded
MCB3,2020,78c1776511ad,2021,5bfe4a6a8df7,0.417,same,same funding for youth aging out of foster care,sonnet,reworded
MCB3,2020,69b0b2046fe1,2021,8648610ef84c,0.34,different,COMPASS elementary and high school slots versus middle school programs,sonnet,reworded
MCB3,2020,696073e083ad,2021,8ffb6b7ce8b8,0.951,same,same runaway and homeless youth programs funding,sonnet,reworded
MCB3,2020,15a0d451799b,2021,96075ed5a6e7,0.984,same,same Cornerstone program funding,sonnet,reworded
MCB3,2020,5326803699e6,2021,cb25fce431e4,0.681,same,Same Montgomery and East Broadway triangle park redesign,sonnet,reworded
MCB3,2020,69b0b2046fe1,2021,d59b51cfeec4,0.467,same,same COMPASS after school funding for elementary students,sonnet,reworded
MCB3,2020,4a7b74c21e34,2021,e3fc25010830,0.792,same,"same full-size basketball court renovation, site name dropped",sonnet,reworded
MCB3,2020,1f48b5926b2a,2021,f7e1c307f6d4,0.963,same,same safe haven beds for street homeless,sonnet,reworded
MCB3,2020,e23d31928c60,2021,fe859ebabe23,0.887,same,Same remaining Allen and Pike Street malls reconstruction,sonnet,reworded
MCB3,2021,507be66650fe,2022,03131c30ca07,0.339,same,same litter basket collection increase in rat mitigation zone,sonnet,reworded
MCB3,2021,89bf199ec712,2022,5b0bf317becb,0.432,different,"seating, irrigation, East Broadway curb versus playground equipment and surface",sonnet,reworded
MCB3,2020,51caa1e2fff2,2022,5b0bf317becb,0.358,different,"ABC Playground rebuild versus East Broadway seating, irrigation, curb extension",sonnet,reworded
MCB3,2021,d59b51cfeec4,2022,5ffa384ce73a,0.462,same,same elementary after-school funding; later text adds waitlist detail,sonnet,reworded
MCB3,2021,89bf199ec712,2022,611ba51c8cac,0.425,different,"permanent fencing only versus full playground reconstruction, no shared site shown",sonnet,reworded
MCB3,2020,51caa1e2fff2,2022,611ba51c8cac,0.365,different,playground reconstruction versus permanent fencing for safety,sonnet,reworded
MCB3,2021,06d7c0bfd717,2022,65439b8020f3,0.873,same,same Bridging the Gap funding for schools with homeless students,sonnet,reworded
MCB3,2021,96075ed5a6e7,2022,70cd8b05bb42,0.44,same,same Cornerstone program funding; later text less detailed,sonnet,reworded
MCB3,2021,f7e1c307f6d4,2022,876f9b264255,0.897,same,same Safe Haven beds request for street homeless,sonnet,reworded
MCB3,2021,89bf199ec712,2022,b22e5c81e637,0.624,unsure,"both playground renovations, neither names the park; scope and category differ",sonnet,reworded
MCB3,2020,51caa1e2fff2,2022,b22e5c81e637,0.509,unsure,ABC Playground rebuild; later playground renovation names no site,sonnet,reworded
MCB3,2021,8648610ef84c,2022,c08e253da8f2,0.383,different,"after school programs versus summer camp programming, same grade group",sonnet,reworded
MCB3,2021,67a954ebd6cc,2022,c852d89f7278,0.521,different,FY2021 courts are Clinton Cherry Playground; FY2022 is Nathan Straus Playground,sonnet,reworded
MCB3,2020,07f89ce8aadb,2022,c852d89f7278,0.414,unsure,Tompkins Square play area; later request names no park,sonnet,reworded
MCB3,2021,89bf199ec712,2022,d269fe562ff5,0.523,unsure,"playground equipment and surface work, but neither record names the playground",sonnet,reworded
MCB3,2020,51caa1e2fff2,2022,d269fe562ff5,0.43,unsure,ABC Playground rebuild; later playground renovation names no site,sonnet,reworded
MCB3,2021,e3fc25010830,2022,e3fc25010830,1.0,same,"same full-size basketball court renovation, identical text",sonnet,reworded
MCB3,2022,61d56a7dcfe7,2023,33c57f6a711a,0.862,same,Same Corlears Hook playground and water play area renovation,sonnet,reworded
MCB3,2022,5ffa384ce73a,2023,349c73d5399f,0.952,same,"same elementary after-school funding, near-identical text",sonnet,reworded
MCB3,2022,8a14e17d1f6a,2023,5a9d416be434,0.909,same,"same Parks Enforcement Police request, near-identical text",sonnet,reworded
MCB3,2022,e3fc25010830,2023,5f60de42707a,0.818,same,same full-size basketball court renovation; later names Baruch Playground,sonnet,reworded
MCB3,2022,876f9b264255,2023,634ec6e415f5,0.827,same,"same Safe Haven beds request, adds single-person units",sonnet,reworded
MCB3,2022,611ba51c8cac,2023,63edf5402cf3,0.532,unsure,the earlier request names no park,resolved,reworded
MCB3,2020,347b121c0c56,2023,63edf5402cf3,0.324,same,same Columbus Park permanent fencing on Baxter Street,sonnet,reworded
MCB3,2022,70cd8b05bb42,2023,79c5434abb3f,0.936,same,"same Cornerstone programs in NYCHA centers, same wording",sonnet,reworded
MCB3,2022,14da29e9f4f3,2023,8a8a31399c62,0.747,different,Jobs-Plus for NYCHA residents versus Jobs to Build On for non-NYCHA,sonnet,reworded
MCB3,2022,36acb234d754,2023,8e97d2119493,0.76,same,same triangle redesign; later names Montgomery/East Broadway Triangle,sonnet,reworded
MCB3,2022,257c66bc5e69,2023,9553830c94b3,0.859,same,same NYCHA waste management staff and operations funding,sonnet,reworded
MCB3,2021,6456e5586ca9,2023,9cfdd3824585,0.386,same,same home-delivered meals capacity funding,sonnet,reworded
MCB3,2022,425b7b500375,2023,9cfdd3824585,0.317,same,both fund home-delivered meals for seniors; different rationale,sonnet,reworded
MCB3,2022,9390ff979a67,2023,b3ebb4eb597b,0.808,same,same Schiff Fountain restoration at Seward Park,sonnet,reworded
MCB3,2022,c852d89f7278,2023,b84796560ed7,0.897,same,"same Nathan Straus Playground renovation, near-identical details",sonnet,reworded
MCB3,2022,54d34259d4d4,2023,c3ed9b783f31,0.776,same,same NYCHA building and grounds maintenance staffing request,sonnet,reworded
MCB3,2022,4c198c779064,2023,d7f0b2978706,0.775,same,same restore rat-mitigation collection service in CD3,sonnet,reworded
MCB3,2022,7ac552696517,2023,db9c6d0ccbb1,0.911,same,same community garden fencing and on-site water request,sonnet,reworded
MCB3,2021,b474dcdb5f2e,2023,eec48fe27436,0.342,different,six-day library hours versus Hamilton Fish branch renovation,sonnet,reworded
MCB3,2022,a563e02d8654,2023,f0c4fce9b94f,0.893,same,same park building reconstruction; later text names Stanton Street building,sonnet,reworded
MCB3,2022,5b0bf317becb,2023,f7b88e578bb2,0.82,same,"same seating, irrigation, curb work; later names Kimlau Square",sonnet,reworded
MCB3,2023,25f1eadd97fc,2024,0a3272ee2182,0.85,same,Same Allen St. flooding bike lane reconstruction,sonnet,reworded
MCB3,2023,63edf5402cf3,2024,1706dd1bdec7,0.895,same,same Columbus Park fencing on Mulberry and Baxter Streets,sonnet,reworded
MCB3,2023,67a954ebd6cc,2024,1fbb75a2dd1e,0.836,same,same basketball court upgrade; later names Clinton Cherry Playground,sonnet,reworded
MCB3,2023,33c57f6a711a,2024,61d56a7dcfe7,0.862,same,Same Corlears Hook playground and water play area renovation,sonnet,reworded
MCB3,2023,b84796560ed7,2024,7ba6d29c8b19,0.884,same,"same Nathan Straus Playground renovation, identical details",sonnet,reworded
MCB3,2023,f7b88e578bb2,2024,82c342f656eb,0.785,same,"same Kimlau Square seating, irrigation, curb extension",sonnet,reworded
MCB3,2023,9cfdd3824585,2024,867e93e17a40,0.999,same,same home-delivered meals funding request,sonnet,reworded
MCB3,2023,5a9d416be434,2024,9eb61697de7a,1.0,same,same Parks Enforcement Police request,sonnet,reworded
MCB3,2023,44df12f97440,2024,a26a371240b2,0.562,same,Same LES Infill I elevator at 175 Eldridge St.,sonnet,reworded
MCB3,2023,349c73d5399f,2024,a341d408645e,0.94,same,same elementary after-school funding; later adds high schools,sonnet,reworded
MCB3,2023,634ec6e415f5,2024,a443412e10dd,0.967,same,"same Safe Haven beds request, adds stabilization beds",sonnet,reworded
MCB3,2023,41ad36923e21,2024,af02237b817d,0.743,same,same litter basket collection expansion in CD3,sonnet,reworded
MCB3,2021,8ffb6b7ce8b8,2024,c4407157a41a,0.588,same,same runaway and homeless youth program funding,sonnet,reworded
MCB3,2023,f0c4fce9b94f,2024,c6bb916b9689,0.879,same,same Stanton Street park building first-floor reconstruction,sonnet,reworded
MCB3,2023,c3ed9b783f31,2024,cbcac283aa5c,0.863,same,same NYCHA building and grounds maintenance staffing request,sonnet,reworded
MCB3,2023,65439b8020f3,2024,e2278c558f36,0.832,same,same Bridging the Gap funding for schools with homeless students,sonnet,reworded
MCB3,2023,79c5434abb3f,2024,e98f5208f436,0.994,same,same Cornerstone program funding in NYCHA centers,sonnet,reworded
MCB3,2023,db9c6d0ccbb1,2024,eb1787d2e801,1.0,same,same community garden fencing and on-site water request,sonnet,reworded
MCB3,2023,8e97d2119493,2024,ef82dff9fe45,0.995,same,same Montgomery/East Broadway Triangle redesign,sonnet,reworded
MCB3,2023,5f60de42707a,2024,f4aa8b6b7bff,1.0,same,same Baruch Playground full-size basketball court renovation,sonnet,reworded
MCB3,2024,780d917bdb32,2025,0ac177e43490,0.719,same,same Summer Youth Employment Program funding,sonnet,reworded
MCB3,2024,3a0cc5104cbf,2025,2259f47c9eb7,0.885,same,"same NORC programs request, later adds specific needs",sonnet,reworded
MCB3,2024,ab93da175fed,2025,504e5828f9a2,0.872,same,Same Raphael Hernandez senior center repairs at 189 Allen St.,sonnet,reworded
MCB3,2024,c4407157a41a,2025,99e31dd33d43,0.998,same,same runaway and homeless youth programs request,sonnet,reworded
MCB3,2024,a26a371240b2,2025,af9936c79250,0.719,same,Same LES Infill I elevator at 175 Eldridge St.,sonnet,reworded
MCB3,2024,ef82dff9fe45,2025,b5b49ea1d010,0.703,different,general park redesign versus replacing sidewalks at same triangle,sonnet,reworded
MCB3,2022,611ba51c8cac,2025,b5b49ea1d010,0.332,different,permanent fencing versus Montgomery/East Broadway triangle sidewalks,sonnet,reworded
MCB3,2024,9eb61697de7a,2025,bfdb92143fa2,0.984,same,same Parks Enforcement Police request,sonnet,reworded
MCB3,2024,82c342f656eb,2025,c116c94d45bb,0.308,same,"same Kimlau Square renovation, now securing funding",sonnet,reworded
MCB3,2024,afb9790ddd14,2025,c2247668a7b2,0.755,same,same WorkLearnGrow program request,sonnet,reworded
MCB3,2024,a443412e10dd,2025,c3ffc374b35b,0.915,same,same Safe Haven and stabilization beds request,sonnet,reworded
MCB3,2024,ae1526d910e4,2025,ca4318cb8e2c,0.938,same,same baselined funding for Green Thumb staff,sonnet,reworded
MCB3,2024,f4aa8b6b7bff,2025,d7f6f63c777c,0.665,same,same Baruch Playground basketball court reconstruction,sonnet,reworded
MCB3,2024,0a3272ee2182,2025,ef11b2cd7c57,0.314,same,"the same Allen Street bike lanes, which run from Houston to Delancey",resolved,reworded
MCB3,2025,89bf199ec712,2026,33b6fb5da33c,0.414,unsure,the earlier request names no playground,resolved,reworded
MCB3,2025,ca4318cb8e2c,2026,975006b1f7c3,0.455,different,Parks Green Thumb staff versus Sanitation composting baselining,sonnet,reworded
MCB3,2025,a08498bff4d2,2026,c4e0414a544e,0.738,same,same Coleman Oval Playground renovation,sonnet,reworded
MCB3,2026,76515c66d6e3,2027,2df127468f02,0.603,same,same street containerization funding for Manhattan and CD3,sonnet,reworded
MCB3,2026,2c9faa950cb1,2027,5b3f75a67d5b,0.834,same,same baselined funding for Green Thumb staff,sonnet,reworded
MCB3,2026,aacaec0806ef,2027,5b90049ba3e1,0.738,same,same Montgomery/East Broadway Triangle Park sidewalk replacement,sonnet,reworded
MCB3,2026,02826477ea2b,2027,5cc427320a3f,0.64,same,same noise enforcement cameras and staff funding,sonnet,reworded
MCB3,2026,3dda099e0d48,2027,60645c55370a,0.641,different,locker room renovation versus elevator at same recreation center,sonnet,reworded
MCB3,2026,c0a614addf23,2027,723fa934c3d2,0.521,same,same Precision Cleaning Initiative funding,sonnet,reworded
MCB3,2026,1dcd7eb09e12,2027,8710dfda7376,0.688,different,different park stretch: Grand to Delancey versus Delancey to Houston,sonnet,reworded
MCB3,2025,ef11b2cd7c57,2027,8710dfda7376,0.329,different,Houston-Delancey bike lanes versus Sara Delano Roosevelt Park pathways,sonnet,reworded
MCB3,2026,23ddf2524a59,2027,b5aef34d4f80,0.554,same,same litter basket service expansion in CD3,sonnet,reworded
MCB3,2026,975006b1f7c3,2027,b99d91236fba,0.448,same,same baselining of community composting funding,sonnet,reworded
MCB3,2026,0d10486b631c,2027,c8c299fdbef5,0.393,different,school nurses at DOE versus NORC nurses at DFTA,sonnet,reworded
MCB3,2026,0ac177e43490,2027,c93299f09ae7,0.923,same,same SYEP funding increase and baselining,sonnet,reworded
MCB3,2026,e6186528e363,2027,ecf09add45ce,0.948,same,same Schiff Fountain restoration at Seward Park,sonnet,reworded
MCB3,2026,ac8bdfddd780,2027,fd20dc3555d9,0.762,same,same Tompkins Square Park sidewalks; later adds Avenue B,sonnet,reworded
MCB4,2020,e8f0f834fb5c,2021,00a87b167ff2,0.907,same,same two extra DSNY crews for Thursday and Saturday pickup,sonnet,reworded
MCB4,2020,ee8b99ae0622,2021,018bcb1bd85b,0.745,same,"same Access-A-Ride vehicles, upgrades and customer service training",sonnet,reworded
MCB4,2020,86f9884b12fc,2021,03bf2c8ed5ec,0.846,same,"Same PS 35M library, computer and media lab upgrade; new amount",sonnet,reworded
MCB4,2020,0c354e250002,2021,07f23420cebd,0.34,different,Manhattan Bridges science labs; chemistry lab request continues separately in FY2021,sonnet,reworded
MCB4,2020,0291d88ad9d0,2021,0cd7204d6d65,0.994,same,same theatre rehearsal space study and database,sonnet,reworded
MCB4,2020,f8ecd1bc6e15,2021,2bb3693a2aa6,0.849,same,same BRC downsizing for family shelter; Aladdin closure dropped,sonnet,reworded
MCB4,2020,11df47bcd795,2021,2c113901c281,0.795,same,Same Columbus Avenue Library roof repair; new amount,sonnet,reworded
MCB4,2020,efc75c573d23,2021,2fbb35c4cc5e,0.912,same,same enforcement funding against illegal hotel use,sonnet,reworded
MCB4,2020,0c354e250002,2021,3b06ed629e80,0.814,same,Same Food and Finance HS chemistry lab funding,sonnet,reworded
MCB4,2020,6e3cb7312c61,2021,3c08dae5a8a4,0.777,same,same Western Rail Yards housing sites; ask moved from developers to subsidy,sonnet,reworded
MCB4,2020,e8f0f834fb5c,2021,44698eea9c3d,0.96,same,same two extra DSNY crews for Thursday and Saturday pickup,sonnet,reworded
MCB4,2020,c10b871f87d5,2021,4cba221f5bd3,0.842,same,same after-placement support for homeless families in 421a buildings,sonnet,reworded
MCB4,2020,18f842e733c5,2021,4fc12ae15b4c,0.973,same,Same Arts & Craftsmanship HS smartboards,sonnet,reworded
MCB4,2020,09e1df4a783d,2021,50a76505a46f,0.743,same,Same Elliot-Chelsea lobby renovation; now adds cameras,sonnet,reworded
MCB4,2020,3b032722163b,2021,50a76505a46f,0.629,unsure,"Shares Hudson Guild cameras; drops Fulton cameras, adds Elliot-Chelsea lobbies",sonnet,reworded
MCB4,2020,84d6cd5f3ade,2021,651e0ac27081,1.0,same,"same crosstown protected bike lane study, 33rd to 36th Streets",sonnet,reworded
MCB4,2020,be6b61ba6f6b,2021,67e1f4bd3edf,0.961,same,Same 11th Avenue one-way southbound conversion,sonnet,reworded
MCB4,2020,e114ea053380,2021,6a03033b77d8,1.0,same,same DOB special district inspector request,sonnet,reworded
MCB4,2020,22bfa5202054,2021,6ca4970f9f8f,0.909,same,same street homeless outreach funding,sonnet,reworded
MCB4,2020,1200bd1f889f,2021,6e529d937d0c,0.9,same,"Same 8th and 9th Avenue sidewalk capacity study, remaining segments",sonnet,reworded
MCB4,2020,bba01f112962,2021,71d17c978978,0.906,same,same green infrastructure and flood gate feasibility text,sonnet,reworded
MCB4,2020,18bf929f3912,2021,7393d7ad84d9,0.959,same,Same P.S. 33 renovation items,sonnet,reworded
MCB4,2020,0e7a32b076e7,2021,99ebdc316eeb,0.393,unsure,new precinct plus remap versus boundary adjustment only; means differ,sonnet,reworded
MCB4,2020,599f069569c2,2021,a1dfefb445d7,0.538,same,Same P.S. 51 Earth Science Lab funding,sonnet,reworded
MCB4,2020,5896f35a272e,2021,a3be610d706f,0.953,same,Same Harborview Terrace upgrades; now only the remaining items,sonnet,reworded
MCB4,2020,239f67b51613,2021,a527da6cae54,0.748,same,Same P.S. 111 ADA access; now adds auditorium and bathrooms,sonnet,reworded
MCB4,2020,25ebd35286da,2021,a5604881e18c,0.979,same,same baselining DSNY overtime for four basket pickup crews,sonnet,reworded
MCB4,2020,680e97969c8e,2021,a85d1e0ead38,0.937,same,Same High School for Environmental Studies roof shortfall,sonnet,reworded
MCB4,2020,b9ee3ce0ecac,2021,aa2149c7b34d,0.799,same,same HIV/AIDS services funding; later names three organizations,sonnet,reworded
MCB4,2020,5d013c356f1a,2021,b15643629133,0.994,same,Same NYC Lab School third floor bathrooms funding,sonnet,reworded
MCB4,2020,532af4d88ae7,2021,bdb7a2f5f0c0,0.92,same,same Access-A-Ride GPS and customer service training,sonnet,reworded
MCB4,2020,5a0745099893,2021,bde855564424,1.0,same,same tour and charter bus garage study,sonnet,reworded
MCB4,2020,c8b72d1c2a35,2021,c39e8713d4e7,0.934,same,same support for families exiting shelter to cut recidivism,sonnet,reworded
MCB4,2020,5e9a55ecb86a,2021,c68332743ab0,0.826,same,Same Fulton sump pumps for same buildings; elevators split off,sonnet,reworded
MCB4,2020,e6552ca22c13,2021,cf73355a74ae,0.787,same,same ADA ramps and 30 audible signals; two intersections dropped,sonnet,reworded
MCB4,2020,db6a14db22fd,2021,d1913200e401,0.745,same,same permanent concrete pedestrian islands; 9th Avenue dropped,sonnet,reworded
MCB4,2020,45bd073076eb,2021,d995d9d294ee,0.961,same,Same Harborview Terrace HPD developer and capital subsidy,sonnet,reworded
MCB4,2020,5896f35a272e,2021,dc722dd8d5f6,0.669,same,"Same Harborview Terrace roof, boiler and entrance doors items",sonnet,reworded
MCB4,2020,236787962c2d,2021,de5576b94c4e,0.809,same,"Same 11th Avenue pedestrian safety study, slightly longer stretch",sonnet,reworded
MCB4,2020,934573f48170,2021,e8259ef6a745,1.0,same,Same design of new park at W. 48th St. and 10th Ave.,sonnet,reworded
MCB4,2020,1da2712245f0,2021,f44de0d06e80,0.638,same,same full funding for after school programs; agency changed to DYCD,sonnet,reworded
MCB4,2020,5e9a55ecb86a,2021,ffa8ca5b086b,0.572,same,Same Fulton elevators at same buildings; sump pumps split off,sonnet,reworded
MCB4,2021,2c113901c281,2022,0cd02726fc9c,0.621,same,Same Columbus Library roof repair; now adds elevator,sonnet,reworded
MCB4,2021,4cba221f5bd3,2022,19da1231d31f,0.786,same,same after-placement support for DHS family preference buildings,sonnet,reworded
MCB4,2021,8121f96fdff5,2022,1c7594764f07,0.73,same,Same Chelsea Park field and running track renovation,sonnet,reworded
MCB4,2021,cf73355a74ae,2022,2e1bc08b7f9f,0.973,same,same ADA ramps at Dyer Avenue and 30 audible signals,sonnet,reworded
MCB4,2021,70a2c6728874,2022,5cd460abdf8e,0.944,same,same after-hours building inspectors funding,sonnet,reworded
MCB4,2021,16db0aa0f53e,2022,64b4d751912a,0.994,same,same DOB enforcement staffing for fines and unsafe construction,sonnet,reworded
MCB4,2021,d1913200e401,2022,96cfbf5aaeb0,0.981,same,same permanent concrete pedestrian islands on 10th and 11th Avenues,sonnet,reworded
MCB4,2021,c39e8713d4e7,2022,9b9c19a5cd1d,0.794,same,same support for families exiting shelter; later adds literacy and resume training,sonnet,reworded
MCB4,2021,a85d1e0ead38,2022,bc7da9a4d58e,0.338,different,Roof shortfall versus teacher tablet and stylus sets at same school,sonnet,reworded
MCB4,2021,02528d29e6f9,2022,c23dda9a4a26,1.0,same,Same Penn South basketball court additional $1 million,sonnet,reworded
MCB4,2021,2bb3693a2aa6,2022,ceb30786bc88,0.34,same,same new family-with-children shelter in exchange for reduced shelter density,sonnet,reworded
MCB4,2021,b948b139d1ee,2022,da0929c5a857,0.891,different,fitness recreation specialists (staff) versus fitness recreation equipment,sonnet,reworded
MCB4,2021,6ca4970f9f8f,2022,e083f157a6bd,0.329,same,same street homeless outreach funding expansion,sonnet,reworded
MCB4,2021,a5604881e18c,2022,e2982ab30aef,0.472,same,same baselined funding for DSNY corner basket pickup,sonnet,reworded
MCB4,2021,dc722dd8d5f6,2022,e877db93dfe4,0.867,same,"Same Harborview Terrace roof, boiler, doors; now adds retiling",sonnet,reworded
MCB4,2020,1ec40c6fe245,2022,f97826ec321f,0.368,different,Hudson Boulevard Park blocks versus Hudson Boulevard curb extensions,sonnet,reworded
MCB4,2022,8c37170bb6b4,2023,0754c7390ee3,0.762,same,same classroom lending library book restocking,sonnet,reworded
MCB4,2020,03d4874be082,2023,1338541494c8,0.358,same,same ask to prune street trees more often than seven years,sonnet,reworded
MCB4,2022,a012b5e226af,2023,1a4df922c365,0.745,same,"Same NYCHA elevator replacement text, narrowed to Harborview Terrace",sonnet,reworded
MCB4,2022,b0b77fcef8a9,2023,452a7eda4fcb,0.796,same,same school security cameras; P.S. 51 dropped,sonnet,reworded
MCB4,2022,881c64d03beb,2023,468ebd06e532,0.891,same,same DFTA meal programs at named centers; Hudson Guild added,sonnet,reworded
MCB4,2022,37f0f0a8e655,2023,5342951e9089,0.331,same,both fund and restore NYC organics collection; later more specific,sonnet,reworded
MCB4,2022,6e529d937d0c,2023,584c01beb7d5,0.967,same,"Same 8th and 9th Avenue sidewalk capacity study, slightly narrower",sonnet,reworded
MCB4,2022,3e8935fdc4c4,2023,61bf865edccd,0.606,same,same Open Streets program funding; later names W21st and W22nd,sonnet,reworded
MCB4,2022,a1dfefb445d7,2023,61e735ae855c,0.513,unsure,PS 51 Earth Science Lab versus Rooftop Garden; may be one project,sonnet,reworded
MCB4,2021,dc722dd8d5f6,2023,61e735ae855c,0.401,different,NYCHA Harborview Terrace repairs versus P.S. 51 rooftop garden,sonnet,reworded
MCB4,2022,e2982ab30aef,2023,67ff6f1b5a39,0.435,same,same reinstating DSNY corner basket pickup service and baselining,sonnet,reworded
MCB4,2022,9b9c19a5cd1d,2023,6aeb238373e1,0.631,same,"same shelter exit supportive services (GED, job training); agency changed",sonnet,reworded
MCB4,2021,a010bea4f071,2023,74f88e87fffb,0.603,different,Hell's Kitchen Park versus DeWitt Clinton Park,sonnet,reworded
MCB4,2022,2e1bc08b7f9f,2023,83ca59a6d06b,0.454,different,ADA ramps and audible signals versus relocating Dyer Avenue entrance,sonnet,reworded
MCB4,2022,ceb30786bc88,2023,84e046cd273d,0.658,same,same new family-with-children shelter; preface about hotels dropped,sonnet,reworded
MCB4,2022,2ea86dcb0c8e,2023,84e91fc5953b,0.38,same,Same auditorium air conditioning upgrade at 439 West 49th St.,sonnet,reworded
MCB4,2022,fa7054140b36,2023,8ca94bd08362,0.616,same,Same DeWitt Clinton dog run resurfacing,sonnet,reworded
MCB4,2022,13e2eebd4f47,2023,8e9ee210003d,0.82,same,Same Bayard Rustin elevator replacement,sonnet,reworded
MCB4,2022,5ed78e8370e2,2023,aa92089787c0,0.692,same,same licensed social workers for all District 2 schools,sonnet,reworded
MCB4,2022,574517fab7b1,2023,b078ea6adcb5,0.494,same,Same P.S. 11 security door alarms,sonnet,reworded
MCB4,2021,2ca4594b0fd7,2023,ba338d0eabdd,0.305,different,snow holster for bike lanes versus electric trucks and salt spreaders,sonnet,reworded
MCB4,2022,a527da6cae54,2023,babeea465f1a,0.552,same,Same P.S. 111 ADA access to gym and auditorium,sonnet,reworded
MCB4,2022,f97826ec321f,2023,bce90e25dae4,0.498,different,Curb extensions at Hudson Blvd. versus West 30th Street,sonnet,reworded
MCB4,2022,9b46b2d30661,2023,bcfa22b6cc54,0.972,same,Same 495 11th Ave. Slaughterhouse Site affordable housing subsidy,sonnet,reworded
MCB4,2022,4320441f7bc4,2023,d527ecf5c708,0.336,different,10th Ave. bike lane study versus W. 59th St. direction change,sonnet,reworded
MCB4,2022,07f23420cebd,2023,e14edad49286,0.523,different,Science lab refurbishment versus roof repair at same school,sonnet,reworded
MCB4,2022,19da1231d31f,2023,feee9fed38a6,0.79,same,same after-placement support for Affordable New York placements,sonnet,reworded
MCB4,2023,8c20e3ca2378,2024,01f6adf6ee64,0.607,same,"same fixed post staff at DeWitt Clinton, Palmer and Chelsea Parks",sonnet,reworded
MCB4,2022,5cd460abdf8e,2024,04b270496e2c,0.385,different,after-hour inspectors versus landmark structural stability inspectors,sonnet,reworded
MCB4,2021,f44de0d06e80,2024,09c5bdc0cc3f,0.302,same,same funding for after school programs in the district,sonnet,reworded
MCB4,2022,fe8bb0244e37,2024,0d796185ba7b,0.583,same,same Gertrude Kelly Playground renovation,sonnet,reworded
MCB4,2023,58221959a3d9,2024,0d796185ba7b,0.329,different,"Different playgrounds, McCaffrey versus Gertrude Kelly",sonnet,reworded
MCB4,2023,382a0d90c705,2024,15cc0b1e2ecc,0.782,same,same DOB website fix to flag improper demolition permits,sonnet,reworded
MCB4,2023,feee9fed38a6,2024,18d4ebf9692f,0.733,same,same Affordable New York after-placement support expansion,sonnet,reworded
MCB4,2023,584c01beb7d5,2024,236157c132c6,0.793,same,Same sidewalk capacity study text; now only 9th Avenue,sonnet,reworded
MCB4,2021,a85d1e0ead38,2024,247a27c2791f,0.453,different,roof shortfall versus new bleachers at same high school,sonnet,reworded
MCB4,2023,8781df377fbd,2024,2802b7a2ed0f,0.476,different,Curb extensions versus shared streets on Hudson Boulevard,sonnet,reworded
MCB4,2023,cea8f6486db2,2024,2dc50f510988,0.456,same,same DSNY syringe pickup unit funding,sonnet,reworded
MCB4,2023,83ca59a6d06b,2024,360dcde952ee,0.752,unsure,the Dyer Avenue entrance moves to different streets,resolved,reworded
MCB4,2022,9eac811274a6,2024,360dcde952ee,0.429,different,reduce 35th Street turn radius versus relocate and close Dyer Ave entrance,sonnet,reworded
MCB4,2023,61bf865edccd,2024,36a4345eb62e,0.407,same,same Open Streets upgrades for West 21st and 22nd Streets,sonnet,reworded
MCB4,2023,96cfbf5aaeb0,2024,4ca5c770f430,0.91,same,same permanent concrete islands on 10th and 11th Avenues,sonnet,reworded
MCB4,2023,4320441f7bc4,2024,5748c5d14598,0.645,different,Bike lane study on 10th Ave. versus 11th Ave. extension,sonnet,reworded
MCB4,2023,74f88e87fffb,2024,6296b472146d,0.654,same,Same DeWitt Clinton Park upgrade; now lists specific playground work,sonnet,reworded
MCB4,2023,58221959a3d9,2024,6363c929b1f4,0.724,same,Same McCaffrey Playground renovation,sonnet,reworded
MCB4,2023,ca79cd61a9ab,2024,65ed415b89ad,0.789,same,Same Ninth Avenue reconstruction with neckdowns; shorter stretch,sonnet,reworded
MCB4,2023,33d7812260c7,2024,7626de846428,0.37,same,same DOHMH rodent and pest enforcement funding,sonnet,reworded
MCB4,2023,2fbb35c4cc5e,2024,7acc36c85248,0.999,same,same illegal hotel use enforcement funding,sonnet,reworded
MCB4,2023,83ca59a6d06b,2024,85781f533086,0.97,same,"same Dyer Avenue entrance relocation, near-identical wording",sonnet,reworded
MCB4,2023,d1d635d3dbb3,2024,8b53420ec64e,0.668,different,M11 bus lane study on 9th Ave. versus 10th Ave.,sonnet,reworded
MCB4,2023,84e91fc5953b,2024,8eb0228109fb,0.549,different,Auditorium HVAC versus school library redesign at same school,sonnet,reworded
MCB4,2023,1255560c0a76,2024,9e87b8cefd8e,0.354,same,same funding for NYPD traffic officers,sonnet,reworded
MCB4,2023,67ff6f1b5a39,2024,ac50affd5acb,0.48,same,same corner basket pickup funding including Precision Cleaning,sonnet,reworded
MCB4,2023,2b69c0cec5e8,2024,b019bece0cbf,0.566,same,same district-wide dangerous intersection fixes; example intersections differ,sonnet,reworded
MCB4,2023,8ca94bd08362,2024,c14d3024bd3d,0.621,same,Same DeWitt Clinton Park dog run renovation,sonnet,reworded
MCB4,2023,b61dde803757,2024,c5fd007620d4,0.905,same,same e-waste collection restoration in the district,sonnet,reworded
MCB4,2023,459c83cfc1dd,2024,d15e0aa4b728,0.454,same,same DSNY alternate side parking enforcement increase,sonnet,reworded
MCB4,2022,07f23420cebd,2024,d385af41e506,0.493,different,Manhattan Bridges HS science labs versus gym floor,sonnet,reworded
MCB4,2023,e14edad49286,2024,d385af41e506,0.382,different,Manhattan Bridges roof repair versus gym floor replacement,sonnet,reworded
MCB4,2023,ba338d0eabdd,2024,d8bfe259f27f,0.891,same,same restoring DSNY capital cuts for trucks and equipment,sonnet,reworded
MCB4,2023,dce94f51af09,2024,dac22a03fa09,0.951,same,"same Gutenberg Playground sidewalk repair, near-identical text",sonnet,reworded
MCB4,2020,4d2f1e98b057@aed230,2024,dfa80e63cae0@c02d74,1.0,same,same West 52nd St projects; one West 25th St site added,sonnet,site
MCB4,2021,581691fdd769@aed230,2024,dfa80e63cae0@c02d74,1.0,same,same West 52nd St projects; one West 25th St site added,sonnet,site
MCB4,2022,4d2f1e98b057@aed230,2024,dfa80e63cae0@c02d74,1.0,same,same West 52nd St projects; one West 25th St site added,sonnet,site
MCB4,2023,dfa80e63cae0@aed230,2024,dfa80e63cae0@c02d74,1.0,same,same West 52nd St and West 25th St projects; Register street-only form,sonnet,site
MCB4,2023,5342951e9089,2024,e03c2402d53c,0.45,same,same organics collection or drop-off sites plus compost education,sonnet,reworded
MCB4,2023,086d4594e8b2,2024,e19bd377ba68,0.797,same,same Wi-Fi in all CD4 schools; agency changed to OTI,sonnet,reworded
MCB4,2023,aa92089787c0,2024,f537b7ad9912,0.392,different,licensed social workers versus bilingual teachers and mental health professionals,sonnet,reworded
MCB4,2024,d15e0aa4b728,2025,01355c506a6e,0.872,same,same sanitation supervisors on alternate side parking days,sonnet,reworded
MCB4,2024,3a31d0c84f91,2025,01aad53a6382,0.986,same,Same DSNY building roof repair at 128 West 17th St.,sonnet,reworded
MCB4,2022,b5e535cf3a3b,2025,0d6cec6c5965,0.398,different,Elliot-Chelsea lobbies and cameras versus workforce employment programs,sonnet,reworded
MCB4,2024,468ebd06e532,2025,0d6cec6c5965,0.348,different,Senior meal programs versus Hudson Guild employment programs,sonnet,reworded
MCB4,2024,e3bb5070a638,2025,1019cb080901,0.819,same,"same LPC staffing request to cut landmarking backlog, example properties differ",sonnet,reworded
MCB4,2024,360dcde952ee,2025,11e02f86359a,0.648,same,Same Dyer Avenue northbound Lincoln Tunnel traffic entrance relocation,sonnet,reworded
MCB4,2024,01f6adf6ee64,2025,1c482814de93,0.696,same,same fixed post staff at parks,sonnet,reworded
MCB4,2024,8c9983e920d1,2025,1e2797e9d676,0.446,different,HIV services funding versus health center space for mental health,sonnet,reworded
MCB4,2024,8e9ee210003d,2025,2073421bdb07,0.635,different,Bayard Rustin elevator versus window replacement,sonnet,reworded
MCB4,2023,452a7eda4fcb,2025,2073421bdb07,0.331,different,school security cameras versus window replacement,sonnet,reworded
MCB4,2024,8c9983e920d1,2025,26ee5ba6930e,0.302,different,HIV services funding versus prenatal ultrasound equipment,sonnet,reworded
MCB4,2024,2dc50f510988,2025,2dc50f510988,0.772,same,same DSNY Environmental Police Unit funding,sonnet,reworded
MCB4,2024,5968c45ced89,2025,41ed5a669b8e,0.972,same,same Midtown South foot patrol program expansion,sonnet,reworded
MCB4,2023,25662c4ebf63,2025,456ac47d12ae,0.513,different,11th Ave pedestrian study versus West 24th Street neckdowns,sonnet,reworded
MCB4,2024,4ca5c770f430,2025,456ac47d12ae,0.304,different,Concrete islands on 10th and 11th Aves. versus W. 24th St. neckdowns,sonnet,reworded
MCB4,2022,0cd02726fc9c,2025,5b32fc04af4f,0.819,same,"same Columbus Library capital repair, now stated as $6M renovation",sonnet,reworded
MCB4,2024,8b2fa06effae,2025,5b32fc04af4f,0.32,different,Number 7 station design versus Columbus Library renovation,sonnet,reworded
MCB4,2024,61e735ae855c,2025,5d8ceb0f6562,0.738,same,Same P.S. 51 rooftop garden completion,sonnet,reworded
MCB4,2024,6363c929b1f4,2025,6363c929b1f4,0.892,same,Same McCaffrey Playground renovation,sonnet,reworded
MCB4,2024,3df231f8f2e7,2025,64e715e742e8,0.553,same,"same street outreach expansion, 2025 names providers and 15 percent",sonnet,reworded
MCB4,2024,3a31d0c84f91,2025,6573599a2625,0.49,different,Roof repair versus RFP for reuse of the landmarked building,sonnet,reworded
MCB4,2024,6296b472146d,2025,762c9d183077,0.692,same,Same DeWitt Clinton Park upgrades,sonnet,reworded
MCB4,2024,d8bfe259f27f,2025,76a20af752cc,1.0,same,same restore DSNY capital cuts request,sonnet,reworded
MCB4,2024,c14d3024bd3d,2025,831641bbb7cd,0.351,different,DeWitt Clinton dog run versus Chelsea Park dog run,sonnet,reworded
MCB4,2024,e19bd377ba68,2025,85d0e0470641,0.67,same,"same school Wi-Fi funding, agency relabeled",sonnet,reworded
MCB4,2024,f537b7ad9912,2025,870602ad244f,0.641,same,same bilingual educators and mental health staff funding,sonnet,reworded
MCB4,2024,8c9983e920d1,2025,982fbd4f1129,0.959,same,same HIV/STI funding for the same named organizations,sonnet,reworded
MCB4,2024,134c6dc9288f,2025,9d15c4bcc3bc,0.797,same,same HPD Emergency Repair Program funding increase,sonnet,reworded
MCB4,2024,905633ed8a2b,2025,a1e43faf9546,0.699,same,"same 9th Avenue Green Wave signal timing, 2025 adds limits",sonnet,reworded
MCB4,2022,07f23420cebd,2025,aa563bbbe4d9,0.58,different,Manhattan Bridges HS science labs versus auditorium renovation,sonnet,reworded
MCB4,2024,d385af41e506,2025,aa563bbbe4d9,0.483,different,Gym floor replacement versus auditorium renovation,sonnet,reworded
MCB4,2023,e14edad49286,2025,aa563bbbe4d9,0.434,different,Manhattan Bridges HS roof repair versus auditorium renovation,sonnet,reworded
MCB4,2024,7626de846428,2025,c75d954cbea2,0.8,same,same DOHMH rodent enforcement funding,sonnet,reworded
MCB4,2024,ac50affd5acb,2025,c997ebf45600,0.618,same,same corner basket pickup funding increase,sonnet,reworded
MCB4,2024,d0d0dff69d7d,2025,d0d0dff69d7d,0.912,same,same Litter Legion support,sonnet,reworded
MCB4,2024,da4946fd1431,2025,d116192b3686,0.669,same,"same park bathroom renovations, one park swapped in list",sonnet,reworded
MCB4,2023,452a7eda4fcb,2025,dbd0fd504686,0.543,same,"same school security cameras, PS51 added",sonnet,reworded
MCB4,2024,61e735ae855c,2025,dbd0fd504686,0.341,different,PS 51 rooftop garden versus security cameras at four schools,sonnet,reworded
MCB4,2024,18d4ebf9692f,2025,dee1f60904f0,0.945,same,"same shelter supportive services request, 2024 also adds Affordable New York",sonnet,reworded
MCB4,2020,4d2f1e98b057@aed230,2025,dfa80e63cae0@c02d74,1.0,same,same West 52nd St projects; one West 25th St site added,sonnet,site
MCB4,2021,581691fdd769@aed230,2025,dfa80e63cae0@c02d74,1.0,same,same West 52nd St projects; one West 25th St site added,sonnet,site
MCB4,2022,4d2f1e98b057@aed230,2025,dfa80e63cae0@c02d74,1.0,same,same West 52nd St projects; one West 25th St site added,sonnet,site
MCB4,2023,dfa80e63cae0@aed230,2025,dfa80e63cae0@c02d74,1.0,same,same West 52nd St and West 25th St projects; Register street-only form,sonnet,site
MCB4,2024,236157c132c6,2025,e20165a1e6b4,0.776,same,"Same 9th Avenue sidewalk capacity study, 33rd to 51st",sonnet,reworded
MCB4,2024,b078ea6adcb5,2025,f05444f33813,0.384,different,PS 11 security door alarm versus window air conditioners,sonnet,reworded
MCB4,2024,09c5bdc0cc3f,2025,f754f13fe19f,0.575,same,"same after school program funding, 2025 names schools",sonnet,reworded
MCB4,2025,5b32fc04af4f,2026,157529cf747c,0.639,same,"the same Columbus Library capital project, now the HVAC balance",resolved,reworded
MCB4,2020,4d2f1e98b057@aed230,2026,1b6db534a181,1.0,same,same West 52nd St projects; one West 25th St site added,sonnet,site
MCB4,2021,581691fdd769@aed230,2026,1b6db534a181,1.0,same,same West 52nd St projects; one West 25th St site added,sonnet,site
MCB4,2022,4d2f1e98b057@aed230,2026,1b6db534a181,1.0,same,same West 52nd St projects; one West 25th St site added,sonnet,site
MCB4,2023,dfa80e63cae0@aed230,2026,1b6db534a181,1.0,same,same West 52nd St and West 25th St projects; Location line restates street,sonnet,site
MCB4,2025,1c482814de93,2026,294deaac3304,0.959,same,same fixed post staff at same parks,sonnet,reworded
MCB4,2025,2dc50f510988,2026,34432b2c9f42,0.772,same,same DSNY Environmental Police Unit funding,sonnet,reworded
MCB4,2025,85d0e0470641,2026,3e94a22057c1,0.629,same,"same all-school Wi-Fi funding repeated, 2026 adds student technology upkeep",sonnet,reworded
MCB4,2025,c1067e3a2d34,2026,4065690f14a9,0.633,same,same Parks Enforcement Patrol staffing request,sonnet,reworded
MCB4,2025,a1e43faf9546,2026,5078ad3cdca6,0.407,different,different location: 9th Avenue 15th/16th Street versus Green Wave corridors,sonnet,reworded
MCB4,2025,6363c929b1f4,2026,57259e3dde9d,0.892,same,Same McCaffrey Playground renovation,sonnet,reworded
MCB4,2025,a1cf4cf8618b,2026,6e462daa580c,0.937,same,"same school bathrooms and water fountains at same schools, agency now SCA",sonnet,reworded
MCB4,2025,64e715e742e8,2026,728f3cff851d,0.524,same,"same 15 percent outreach increase to same providers, 2026 adds B-HEARD",sonnet,reworded
MCB4,2025,8bb69d2ad0b9,2026,7904cbf01e23,0.845,same,Same W. 31st St. and 8th Ave. neckdown bollards,sonnet,reworded
MCB4,2025,4208e73579de,2026,92f3a0ea4eb9,0.32,different,8th Avenue bike lane resurfacing versus 11th Avenue bike lane separation,sonnet,reworded
MCB4,2024,12ef947f68ae,2026,b98c6ee27ce7,0.4,same,same PS11 school sign for Sarah J. Garnet,sonnet,reworded
MCB4,2025,d0b1d3cc8599,2026,b9d1edc316af,0.894,same,Same Lab Middle School classroom doors and locks,sonnet,reworded
MCB4,2025,926b8e687f97,2026,bab34ddd4709,0.98,same,"same dangerous intersections list, 2026 adds study",sonnet,reworded
MCB4,2025,f754f13fe19f,2026,d718df053396,0.859,same,same after school funding at same four schools,sonnet,reworded
MCB4,2025,bb4cc17ee1ea,2026,d91dca45851c,0.57,same,"same DOB special district inspectors, 2026 adds City of Yes staffing",sonnet,reworded
MCB4,2023,84e91fc5953b,2026,dc0f35b28af6,0.343,different,auditorium HVAC versus building-wide PA system,sonnet,reworded
MCB4,2025,26ee5ba6930e,2026,f396a09f889c,0.593,same,Same Ryan Center prenatal ultrasound; now adds two more items,sonnet,reworded
MCB4,2025,dbd0fd504686,2026,feb0e1eb247e,0.919,same,same security cameras at same four schools,sonnet,reworded
MCB4,2026,87874a167c78,2027,0814ecf8d32e,0.922,same,same bilingual staff funding at same schools,sonnet,reworded
MCB4,2025,456ac47d12ae,2027,39f093ba7a4c,0.338,different,W 24th St neckdowns versus 11th Ave safety measures at W 29th/30th,sonnet,reworded
MCB4,2026,a1e43faf9546,2027,39f093ba7a4c,0.3,different,Green Wave signal timing versus safety measures at 11th Avenue and W 29th/30th,sonnet,reworded
MCB4,2026,c423e53a4746,2027,3faa4efa3316,0.627,same,"same park bathroom renovations, one park swapped and one added",sonnet,reworded
MCB4,2026,294deaac3304,2027,477485c1ada6,0.811,same,same fixed post staff at same three parks,sonnet,reworded
MCB4,2026,5078ad3cdca6,2027,670e473f94d7,0.967,same,same 9th Avenue and West 15th/16th Street congestion fix,sonnet,reworded
MCB4,2026,35423ce31688,2027,69e97a40ab36,0.808,same,"same DCLA cultural organization funding, 2027 adds two groups",sonnet,reworded
MCB4,2026,85781f533086,2027,6bd530a956c9,0.591,different,Dyer Avenue entrance relocation study versus 42nd Street and Dyer safety signage,sonnet,reworded
MCB4,2025,7e45e40a6c96,2027,6bd530a956c9,0.438,different,ADA ramps and audible signals versus Dyer Ave signage and signal timing,sonnet,reworded
MCB4,2026,bab34ddd4709,2027,7480a6ecafac,0.489,different,intersection safety fixes versus a 42nd Street busway,sonnet,reworded
MCB4,2026,3518476dcc7d,2027,76d13fcde675,0.656,same,"same solar lighting pilot, Penn South Playground recommended",sonnet,reworded
MCB4,2026,9d928dcdbf36,2027,80f33d04fc2b,0.915,same,same Dyer Avenue and Lincoln Tunnel traffic redirection study,sonnet,reworded
MCB4,2026,7904cbf01e23,2027,844b1a9e46c2,0.843,same,same W 31st St and 8th Avenue neckdown bollards,sonnet,reworded
MCB4,2026,1e2797e9d676,2027,85df28cac00f,0.322,different,mental health space versus equipment and paging system at Ryan Health,sonnet,reworded
MCB4,2026,15efaf54e7b5,2027,8c66ee64baa5,0.326,different,dog run renovation versus second shift staffing at DeWitt Clinton Park,sonnet,reworded
MCB4,2026,3f2f3b71cb7f,2027,8e557e11cca7,0.724,same,same Fulton and Elliott-Chelsea Houses interim repairs,sonnet,reworded
MCB4,2026,4065690f14a9,2027,96821e82fade,0.721,same,same Parks Enforcement Patrol staffing request,sonnet,reworded
MCB4,2026,524eb7d9768b,2027,98ac1cfad9b3,0.659,same,same Playground Associates and Kids in Motion funding,sonnet,reworded
MCB4,2026,dfad08c9c368,2027,99062181fcce,0.395,same,same DOB BIS to DOB NOW migration,sonnet,reworded
MCB4,2026,4eda05aee110,2027,a19c74af4e43,0.602,same,"same LPC staffing to reduce landmarking backlog, same properties",sonnet,reworded
MCB4,2026,d2519148e1eb,2027,a4813b9345f5,0.979,same,same RFP for 128 West 17th Street building,sonnet,reworded
MCB4,2026,dcab788fe3d0,2027,a7f09f2363e5,0.919,same,same PS 111 gym and auditorium ADA access,sonnet,reworded
MCB4,2026,fd6440c0136d,2027,b23f048cd629,0.497,different,subway elevators at 23rd Street versus bus shelters on 23rd Street,sonnet,reworded
MCB4,2026,b448541eebd2,2027,b444aa491ce2,0.656,same,same DeWitt Clinton Park reconstruction,sonnet,reworded
MCB4,2026,90b72b48cbca,2027,b9066f08c367,0.843,same,"same 9th Avenue sidewalk capacity study, same limits",sonnet,reworded
MCB4,2026,982fbd4f1129,2027,bc03b18a967d,0.799,same,"same HIV/STI funding for same organizations, two added",sonnet,reworded
MCB4,2026,3e94a22057c1,2027,be26da7921f1,0.957,same,same school Wi-Fi and student technology funding,sonnet,reworded
MCB4,2026,728f3cff851d,2027,bf070de76aae,0.322,unsure,"B-HEARD to MCD4 in both, but 2026 is broader outreach bundle",sonnet,reworded
MCB4,2026,feb0e1eb247e,2027,c147e942769c,0.703,different,security cameras versus general technology upgrades at schools,sonnet,reworded
MCB4,2024,8e9ee210003d,2027,c147e942769c,0.3,different,Bayard Rustin elevator versus technology upgrades at several schools,sonnet,reworded
MCB4,2026,04b270496e2c,2027,c1b4c96f5861,0.464,same,same inspections of landmarked buildings before alteration,sonnet,reworded
MCB4,2026,ec1cdae2545d,2027,c4ba54e5811e,0.961,same,same ADA accessible cafeteria at M408 PPAS,sonnet,reworded
MCB4,2026,728f3cff851d,2027,cc09f40d28f4,0.964,same,same street outreach expansion with same 15 percent increase,sonnet,reworded
MCB4,2026,dc0f35b28af6,2027,cca29cf53cad,0.927,same,same PA system at Urban Assembly Gateway School,sonnet,reworded
MCB4,2026,c453e5f61001,2027,ce8162faabdd,0.972,same,same Route 9 and West 17th/18th Street changes,sonnet,reworded
MCB4,2024,247a27c2791f,2027,d46aef1213d6,0.527,unsure,bleachers versus unspecified renovation of same school,sonnet,reworded
MCB4,2026,7dfbc8bda483,2027,d6da49d7073f,0.754,same,same Ninth Avenue reconstruction from 34th to 51st Street,sonnet,reworded
MCB4,2026,6aeb238373e1,2027,eb21e37807da,0.342,same,"same shelter exit services: GED, job training, financial literacy",sonnet,reworded
MCB4,2026,dca841c719f4,2027,f64a6f51e470,0.601,same,same 15 GreenThumb staff funding,sonnet,reworded
MCB4,2026,57259e3dde9d,2027,ff017f1cdabf,0.517,same,same McCaffrey Playground renovation,sonnet,reworded
MCB4,2026,a7edcf15e36d,2027,ff9068e998bd,0.889,same,same update of small theater study,sonnet,reworded
MCB5,2020,d1821d4e7a39,2021,0117df67c26f,0.487,same,Same new SBS on 42nd Street; agency changed,sonnet,reworded
MCB5,2020,b5de7ea1f1a7,2021,18a47d4b0ae2,0.44,same,"2021 says last year's sidewalk widening request unaddressed, overlapping corners",sonnet,reworded
MCB5,2020,e9013d138451,2021,212ff72481d8,0.721,same,Same Broadway 34th to 42nd City Lights street light replacement,sonnet,reworded
MCB5,2020,c306fbebfd64,2021,24102486ac95,0.374,different,Broadway plaza materials versus NYPL and Bryant Park improvements,sonnet,reworded
MCB5,2020,6b65d7b87431,2021,2d61484c2f1d,0.583,unsure,6th Ave. 14th-23rd agents versus place-less traffic agents request,sonnet,reworded
MCB5,2020,013a5f533002,2021,2d61484c2f1d,0.438,same,Same request for additional traffic enforcement agents; reason differs,sonnet,reworded
MCB5,2020,c27ad8935215,2021,58671ac05254,0.522,same,Same broken 8th Avenue sidewalk grates; now lists locations,sonnet,reworded
MCB5,2020,f39e21231f3e,2021,5b632e525759,0.422,same,same Comprehensive Street Use Plan for 5th and 6th Avenues,sonnet,reworded
MCB5,2020,1cb5a57a0bfe,2021,5c6eb40065dc,0.397,same,same NYPL six-day service funding,sonnet,reworded
MCB5,2020,414e1ac81404,2021,5dbe913cd936,0.443,same,same electric buses on CB5 routes,sonnet,reworded
MCB5,2020,c46b548ab070,2021,6c9e6d8f5611,0.464,same,same leak repair at 50th Street #1 station,sonnet,reworded
MCB5,2020,432380341675,2021,6e193a0f29d9,0.337,same,"Same 8th Avenue curb and sidewalk work, now extending 34th to 49th",sonnet,reworded
MCB5,2020,6deccf98edb5,2021,704fdb3f5750,0.459,unsure,2020 generic low-income housing versus 2021 subsidy for homeless new construction units,sonnet,reworded
MCB5,2020,ed8d34301e20,2021,825c51dcf88d,0.328,different,moderate-income subsidies versus unit subsidies for the homeless,sonnet,reworded
MCB5,2020,8ac9f0b3f610,2021,872264420a1f,0.338,different,L-train enforcement cameras versus repainting crosswalks,sonnet,reworded
MCB5,2020,7e94867257a2,2021,9cbd1a712d53,0.414,same,Same bus priority lights on 5th Avenue to ease congestion,sonnet,reworded
MCB5,2020,7e94867257a2,2021,b957f3c8411d,0.468,unsure,"Generic street light repair text, no place or work named",sonnet,reworded
MCB5,2020,c306fbebfd64,2021,bf1572e117b8,0.324,unsure,Broadway plazas versus 'rest of the plazas' after Pershing Square repair,sonnet,reworded
MCB5,2020,6f606c499ad1,2021,e0d9a514e608,0.503,same,"same elevators at Union Square, 23rd Street and Bryant Park",sonnet,reworded
MCB5,2020,d1821d4e7a39,2021,f776f1160652,0.38,different,New SBS on 42nd Street versus eliminating Enhanced service,sonnet,reworded
MCB5,2021,4231598cbd65,2022,150cf84cc7c0,0.827,same,Same shadow-resistant trees for shaded Central Park areas,sonnet,reworded
MCB5,2020,82d54da77985,2022,364346e480b4,0.559,same,same removal of non-working phone booths,sonnet,reworded
MCB5,2020,6b65d7b87431,2022,3e8359857260,0.393,different,traffic agents on 6th Ave versus 6th Ave study for other stretch,sonnet,reworded
MCB5,2020,c2666b11ad29,2022,41c5b37da84e,0.312,different,school mental health staff versus mental health beds and facilities,sonnet,reworded
MCB5,2020,e5663a15eed4,2022,494d04a5a9d5,0.635,same,same block-the-box traffic cameras,sonnet,reworded
MCB5,2021,897a5a5cca29,2022,494d04a5a9d5,0.41,unsure,2021 never names the tool; 2022 asks block-the-box cameras,sonnet,reworded
MCB5,2020,b482f7493b36,2022,53adb04d083c,0.623,same,same shelter locker security; now names Bellevue shelter,sonnet,reworded
MCB5,2020,c2666b11ad29,2022,590e614c049c,0.451,same,same mental health professionals in schools; now middle and high schools,sonnet,reworded
MCB5,2021,72e7eaa7a227,2022,73e3483559cd,0.916,same,"same One Shot Deal streamlining, agency changed to HRA",sonnet,reworded
MCB5,2021,704fdb3f5750,2022,88ea712cb90a,0.34,different,construction financing subsidy versus project-based rental subsidy for set-asides,sonnet,reworded
MCB5,2020,e5663a15eed4,2022,91e0b5e8db5d,0.434,unsure,block-the-box cameras versus broader camera enforcement pilot,sonnet,reworded
MCB5,2021,e566843597e5,2022,acc3f349e9e0,0.378,same,Same rooftop playground surface replacement; earlier text omits school name,sonnet,reworded
MCB5,2021,704fdb3f5750,2022,b1f627715061,0.776,same,"same HPD new construction rental units subsidy for homeless, Our Space named",sonnet,reworded
MCB5,2020,112ef82796ed,2022,d79d05359703,0.361,different,shelter job training versus on-site recreation space in hotels,sonnet,reworded
MCB5,2020,c328178d14d1,2022,fe2d19ed88b7,0.383,same,same push for more garbage and litter basket collection,sonnet,reworded
MCB5,2020,a46321f4e2bf,2023,0cc9152ce99a,0.523,different,streets and potholes on named blocks versus ponding at 12 W 31st,sonnet,reworded
MCB5,2021,9a1bafe68c5d,2023,0cc9152ce99a,0.398,unsure,unnamed ponding site on bike lane versus 12 W 31st ponding,sonnet,reworded
MCB5,2021,fb1d0c75ca9a,2023,0def3c4281ac,0.59,different,"a district-wide green infrastructure program, then Times Square alone",resolved,reworded
MCB5,2022,9255e0aafb58,2023,27e99acec54a,1.0,same,same Bleecker School site public school,sonnet,reworded
MCB5,2021,fb1d0c75ca9a,2023,316f6fc8aadc,0.617,different,"a district-wide green infrastructure program, then Herald Square alone",resolved,reworded
MCB5,2021,e0d9a514e608,2023,3983bff5c67e,0.317,different,subway elevators versus Union Square drainage,sonnet,reworded
MCB5,2022,ab5d6ed0d321,2023,52674310cd24,0.717,same,same Office or Director of the Public Realm funding,sonnet,reworded
MCB5,2022,0ac72f6665cf,2023,5b61413d146d,0.878,same,"same Flatiron Plaza reconstruction, Worth Square added",sonnet,reworded
MCB5,2022,a125cdb54691,2023,62b96fdbab5a,0.67,same,same ACT team funding,sonnet,reworded
MCB5,2022,1195f6d8ea03,2023,8e0e4294517a,0.444,same,same Summer Youth Employment funding,sonnet,reworded
MCB5,2020,a46321f4e2bf,2023,954bcc38e69c,0.451,different,named street repairs versus ponding at 37th and Broadway,sonnet,reworded
MCB5,2021,9a1bafe68c5d,2023,954bcc38e69c,0.336,unsure,unnamed ponding site on bike lane versus 37th and Broadway ponding,sonnet,reworded
MCB5,2021,fb1d0c75ca9a,2023,97b410217cde,0.601,different,"a district-wide green infrastructure program, then Penn Station alone",resolved,reworded
MCB5,2022,769bf33482aa,2023,a41c58ba279c,0.678,unsure,2023 mixes Home-Stat funding with repeated case manager request,sonnet,reworded
MCB5,2022,da332324d81a,2023,c309c307d5c9,0.364,same,same medical respite program or beds for discharged patients,sonnet,reworded
MCB5,2021,212ff72481d8,2023,c6e902481828,0.359,unsure,Broadway street lights versus district-wide City Lights Phase II,sonnet,reworded
MCB5,2022,9cbb79b1c1a2,2023,d6d9d703f44f,0.517,same,Same Heiskell Library HVAC replacement; new amount,sonnet,reworded
MCB5,2022,3f9923425010,2023,de354943430e,0.3,same,"same capital for HPD Supportive Housing Loan Program, 2023 adds M&O",sonnet,reworded
MCB5,2022,a6b37ef53164,2023,df41ae37e7f5,1.0,same,Same 800 computers for School of the Future,sonnet,reworded
MCB5,2020,c2666b11ad29,2023,e56c1b719844,0.316,different,school mental health professionals versus B-HEARD teams expansion,sonnet,reworded
MCB5,2022,41c5b37da84e,2023,e56c1b719844,0.314,different,mental health beds versus B-HEARD team expansion,sonnet,reworded
MCB5,2021,5c6eb40065dc,2023,ebccfb0ddede,0.3,same,same NYPL operating funds for library hours and programs,sonnet,reworded
MCB5,2021,fb1d0c75ca9a,2023,f711a0653bf7,0.619,different,"a district-wide green infrastructure program, then Greeley Square alone",resolved,reworded
MCB5,2023,5b61413d146d,2024,11ce06e5663c,0.544,same,"same Flatiron Plaza and Worth Square reconstruction, new cost",sonnet,reworded
MCB5,2022,5c24573b3e50,2024,25806b2bef43,0.445,different,bike corrals and storage versus electric bike charging stations,sonnet,reworded
MCB5,2023,82074a180693,2024,2f85ff0f2c31,0.938,same,"Same Park Avenue South median restoration, carried over",sonnet,reworded
MCB5,2021,bf1572e117b8,2024,50d6e1567709,0.361,unsure,rest of the plazas versus all temporary Broadway plazas made permanent,sonnet,reworded
MCB5,2023,cddb3f5867ec,2024,50d6e1567709,0.309,different,plaza seating upgrade versus permanent Broadway plaza reconstruction,sonnet,reworded
MCB5,2022,41c5b37da84e,2024,5564b8487b7e,0.312,different,mental health beds versus full-time school nurses,sonnet,reworded
MCB5,2023,f711a0653bf7,2024,5702e957809c,0.798,same,"same green infrastructure request, 2024 widens from Greeley Square",sonnet,reworded
MCB5,2023,e56c1b719844,2024,71890d1ecf8a,0.883,same,"same B-HEARD expansion request, agency relabeled",sonnet,reworded
MCB5,2023,d6d9d703f44f,2024,7d4c0e55e87f,0.447,same,"same Heiskell HVAC replacement, 2024 adds roof and new amount",sonnet,reworded
MCB5,2022,249b20badc85,2024,8141cca7f905,0.392,same,"same Clean Curbs program funding, now an expansion",sonnet,reworded
MCB5,2021,5dbe913cd936,2024,9d17ddedbacc,0.411,different,electric buses versus electric car charging stations,sonnet,reworded
MCB5,2023,331d9d6f882c,2024,a02cbd764b37,0.322,same,same permanent Midtown Business Recovery Detail and more beat officers,sonnet,reworded
MCB5,2023,0cc9152ce99a,2024,b988fa85cf4f,0.608,different,Ponding at 12 W 31st versus pothole at 42nd and 6th,sonnet,reworded
MCB5,2021,9a1bafe68c5d,2024,b988fa85cf4f,0.353,different,ponding on a bike lane versus pothole at 42nd and 6th,sonnet,reworded
MCB5,2023,fc54958a966a,2024,ed0fb652fd87,0.327,different,197-a planning funds versus study of low-FAR sites,sonnet,reworded
MCB5,2023,b5033c000bfe,2024,f0235c0e8715,0.318,same,same funding for tenant legal services against eviction,sonnet,reworded
MCB5,2021,58671ac05254,2024,fce1fd1db725,0.433,different,8th Ave subway grates versus widening 8th Ave,sonnet,reworded
MCB5,2024,25806b2bef43,2025,00d2c505dd42,0.755,same,same bike charging stations in CB5,sonnet,reworded
MCB5,2024,e426c0839ee5,2025,02a16f6cf96d,0.782,different,a district-wide accessibility request versus one school,resolved,reworded
MCB5,2023,01d10cd08671,2025,02c481e26fcc,0.327,different,DOT after-hours inspectors versus Open Restaurants program funding,sonnet,reworded
MCB5,2022,fe2d19ed88b7,2025,03c4003b8502,0.314,different,district-wide reinstated collection versus more pickups near Grand Central,sonnet,reworded
MCB5,2024,50d6e1567709,2025,07bb612815f3,0.468,same,"same permanent Broadway plazas, 2025 asks to extend scope to remaining blocks",sonnet,reworded
MCB5,2024,6c640641e865,2025,09b50deb6d45,0.655,same,same permanent bike infrastructure on CB5 side streets,sonnet,reworded
MCB5,2024,71890d1ecf8a,2025,0f43c8057334,0.402,different,B-HEARD expansion versus Intensive Mobile Treatment teams,sonnet,reworded
MCB5,2024,0df94e7764e6,2025,7f724be885ae,0.463,same,same Garment District street light replacement,sonnet,reworded
MCB5,2024,e426c0839ee5,2025,8c5e62b5927e,0.718,different,a district-wide accessibility request versus one school,resolved,reworded
MCB5,2023,8e0e4294517a,2025,918f6a0f7226,0.424,same,same Summer Youth Employment Program funding,sonnet,reworded
MCB5,2024,7ac7454e4205,2025,93e3fccd0ac7,0.309,unsure,"2025 text only says funding for supportive housing, now under HRA",sonnet,reworded
MCB5,2023,f04752ed4177,2025,981321679db8,0.342,different,special needs programs versus Fair Student Funding,sonnet,reworded
MCB5,2023,fc54958a966a,2025,9ee385eef441,0.305,unsure,197-a planning funds versus Penn Station land use visioning,sonnet,reworded
MCB5,2024,66e401936d37,2025,ad18a28f93c5,0.35,different,Restaurant Row shared street versus Broadway 27th-32nd shared street,sonnet,reworded
MCB5,2024,e426c0839ee5,2025,ad6e70ad3ece,0.639,different,a district-wide accessibility request versus one school building,resolved,reworded
MCB5,2023,56273c270ef8,2025,b43419068dec,0.427,unsure,after-hours inspectors versus noise cameras plus inspectors,sonnet,reworded
MCB5,2022,6bb5b6e05202,2025,b43419068dec,0.404,different,noise meters versus noise cameras and inspectors,sonnet,reworded
MCB5,2024,71890d1ecf8a,2025,b5e40eada18c,0.431,different,B-HEARD expansion versus suicide prevention and substance abuse program,sonnet,reworded
MCB5,2024,52674310cd24,2025,bd2f08e106f1,0.354,different,Director of Public Realm position versus Penn Station public realm capital,sonnet,reworded
MCB5,2024,73f6d6ad39c9,2025,c2306b850031,0.322,same,Same Garment District sidewalk widening; now adds Eighth Avenue,sonnet,reworded
MCB5,2024,11ce06e5663c,2025,c3a31ee18656,0.566,same,"Same Flatiron plazas permanent reconstruction, new amount and phase",sonnet,reworded
MCB5,2024,9952be1f8db6,2025,d51106921e97,0.782,same,Same 28th Street corridor drainage request,sonnet,reworded
MCB5,2024,e426c0839ee5,2025,de07659c342a,0.696,different,a district-wide accessibility request versus one school,resolved,reworded
MCB5,2024,f0235c0e8715,2025,ee87f7b0cd95,0.423,same,the same funding for tenant legal representation,resolved,reworded
MCB5,2023,12084bd96ad1,2025,faa09b2f4f47,0.683,same,same street-level air quality monitoring in corridors and play areas,sonnet,reworded
MCB5,2025,547dd623934a,2026,03522e46c52a,0.678,same,same Grand Central area vending enforcement,sonnet,reworded
MCB5,2024,b68ba642b8dc,2026,03e3e7c62be6,0.476,unsure,snow plow versus general Madison Square Park equipment,sonnet,reworded
MCB5,2024,9203cfc33d32,2026,0bfe9e646d90,0.513,same,same Madison Square Park permanent fencing replacing temporary fencing,sonnet,reworded
MCB5,2024,b68ba642b8dc,2026,17c688fb3be1,0.322,different,Madison Sq Park snow plow versus Madison Ave sidewalk extension study,sonnet,reworded
MCB5,2024,b68ba642b8dc,2026,1ed3555baf61,0.489,same,same Madison Square Park snow equipment,sonnet,reworded
MCB5,2025,18cfabedec41,2026,2724456729c3,0.809,same,Same PS 340 heavy duty copiers,sonnet,reworded
MCB5,2025,981321679db8,2026,282619661a75,0.878,same,same Fair Student Funding request,sonnet,reworded
MCB5,2024,7d4c0e55e87f,2026,377832533a14,0.327,same,same Heiskell library HVAC replacement; roof swapped for elevator,sonnet,reworded
MCB5,2025,bbe7f547dff8,2026,53d6e73a2923,0.344,different,bike lane enforcement signage versus Union Square East bike lane redesign,sonnet,reworded
MCB5,2025,ee87f7b0cd95,2026,541f8eb4b573,0.944,same,same Local Law 53 and tenant representation funding,sonnet,reworded
MCB5,2024,71890d1ecf8a,2026,59d5e150f033,0.302,same,same B-HEARD expansion funding,sonnet,reworded
MCB5,2025,89fc5d1969a8,2026,5c7c2f70f153,0.326,different,Broadway Plaza pedestrian protection versus public art installations,sonnet,reworded
MCB5,2025,c63ad3c4ee29,2026,76082240540a,0.855,same,same class size reduction funding,sonnet,reworded
MCB5,2025,433aa1e15141,2026,80bbb614cf43,0.495,same,same LPC research staff,sonnet,reworded
MCB5,2025,e9a1e2326ebd,2026,8190335bf230,0.405,unsure,school nurses versus school social workers for student mental health,sonnet,reworded
MCB5,2025,54ba874df7ec,2026,88c54de8e684,0.845,same,same Promise NYC child care pilot continuation,sonnet,reworded
MCB5,2025,5aaf4f918b21,2026,8f2d5e33ceda,0.888,same,same climate financial disclosure team,sonnet,reworded
MCB5,2025,695adbe8a5a6,2026,939a08d9d5dc,0.321,different,LPC enforcement staff versus NYPD bike enforcement officers,sonnet,reworded
MCB5,2025,ad18a28f93c5@1f2971,2026,9950d497360f,1.0,same,"same Broadway shared street phase 2, 27th to 32nd Street",sonnet,site
MCB5,2025,7aabf9e71ddc,2026,9e2f26cbc192,0.913,same,same carbon capture building pilot,sonnet,reworded
MCB5,2023,161a6f9c953a,2026,a32bbbcb8631,0.322,same,same ELLA program funding request,sonnet,reworded
MCB5,2025,bbe7f547dff8,2026,a3acbb047205,0.314,same,"same bike lane enhancements and signage, reworded",sonnet,reworded
MCB5,2025,547dd623934a,2026,a6a1f2494a67,0.582,same,"same Grand Central area vending enforcement, agency changed",sonnet,reworded
MCB5,2025,b5e40eada18c,2026,aba8d3096c60,0.766,same,same suicide prevention and mental health funding,sonnet,reworded
MCB5,2025,e741ab857aaf,2026,c0a5d4e1ffa7,0.732,same,same curb containers for Flatiron NoMad district,sonnet,reworded
MCB5,2025,70686a35ae8f,2026,cd45afb4a51e,0.937,same,same real-time passenger information signs on CB5 routes,sonnet,reworded
MCB5,2025,c3a31ee18656,2026,cd4f96a45569,0.49,same,Same Flatiron Broadway plazas permanent reconstruction,sonnet,reworded
MCB5,2025,0f43c8057334,2026,cf263e8c721d,0.666,same,"same IMT expansion for supportive housing, 2026 adds ACT teams",sonnet,reworded
MCB5,2025,3fa595daeeb9,2026,d19aafb12fc9,0.761,same,same semi-private shelter and emergency beds funding,sonnet,reworded
MCB5,2025,5bc133a58882,2026,d39e15310a0b,0.568,different,a grant program versus a loan program,resolved,reworded
MCB5,2026,cf263e8c721d,2027,0ece2e6ebf9b,0.308,different,IMT/ACT mental health teams vs NYPD Quality of Life teams,sonnet,reworded
MCB5,2026,cf263e8c721d,2027,1104bda60dce,0.855,same,same IMT and ACT team funding,sonnet,reworded
MCB5,2026,42cfe8bcbd03,2027,1d6afa6dc191,0.453,different,study of construction methods vs building permanent sidewalk extensions,sonnet,reworded
MCB5,2026,53d6e73a2923,2027,1ded6ab925d8,0.521,same,same Union Square East trash bins and bike lane redesign study,sonnet,reworded
MCB5,2026,b4701427fa91,2027,216ba1648f0a,0.364,different,different Broadway plazas; electrical access vs permanent plaza work,sonnet,reworded
MCB5,2026,d37ae9d9807b,2027,2a2ffa999561,0.839,same,"same mid-block crosswalk at Feldman Center, W 27th St",sonnet,reworded
MCB5,2026,3b2748163f11,2027,2c4384bc0a7b,0.694,same,same PEP officer funding and hiring,sonnet,reworded
MCB5,2026,cdac781a6c2d,2027,2da195661bd5,0.493,unsure,2026 general restroom expansion versus two Madison Square Park restrooms,sonnet,reworded
MCB5,2026,556d7c0d1a9e,2027,366c197b76c4,0.621,same,same AHTP funding restoration,sonnet,reworded
MCB5,2026,cd4f96a45569,2027,37762aaabac1,0.805,same,same Broadway plazas permanent materials 21st to 26th Street,sonnet,reworded
MCB5,2024,fce1fd1db725,2027,40a140406ece,0.359,different,widen 8th Ave versus study of added lights on 7th and 8th,sonnet,reworded
MCB5,2026,42cfe8bcbd03,2027,40a140406ece,0.308,different,sidewalk extension construction study vs street light siting study,sonnet,reworded
MCB5,2026,85195bc4ca4a,2027,4a525bb8b89d,0.87,same,same Project FIND senior services funding,sonnet,reworded
MCB5,2026,cc190cdca3ad,2027,56194d1f6f47,0.822,same,"same 7th Ave interagency task force, agency changed",sonnet,reworded
MCB5,2026,7f2095c0b198,2027,57e9b38e69c5,0.484,unsure,"air monitoring both years, but scope differs: corridors and playgrounds vs congestion pricing",sonnet,reworded
MCB5,2026,ff584bb740bd,2027,5f247990566b,0.652,same,same case management for new arrivals; agency changed to HRA,sonnet,reworded
MCB5,2026,59d5e150f033,2027,68482db19404,0.703,same,same B-HEARD expansion in district,sonnet,reworded
MCB5,2026,cdb63404c8bb,2027,72b10ea0ec17,0.761,same,same recording equipment and training for community boards,sonnet,reworded
MCB5,2026,966c2c9c82fc,2027,75cd760bbe3f,0.925,same,same Broadway plaza lighting between 36th and 41st,sonnet,reworded
MCB5,2025,89fc5d1969a8,2027,80c2470826a7,0.396,different,Broadway plaza 47th-48th versus Broadway plaza 41st-42nd,sonnet,reworded
MCB5,2026,5c7c2f70f153,2027,80c2470826a7,0.374,different,Broadway plaza public art versus permanent plaza at 41st-42nd,sonnet,reworded
MCB5,2026,c48109024d8d,2027,89664abdc1b4,0.648,same,same Baruch College Campus High School added floor lease,sonnet,reworded
MCB5,2026,6ddfb2946c04,2027,91c17264a989,0.634,same,same medical respite beds request,sonnet,reworded
MCB5,2026,3b69bdef178d,2027,945bf0a179bf,0.548,different,DSNY inspectors vs DOT outdoor dining inspectors,sonnet,reworded
MCB5,2026,f6377dcb33ce,2027,94650154b921,0.512,same,same bike and e-scooter rider education campaign,sonnet,reworded
MCB5,2025,e9a1e2326ebd,2027,ae0166d958be,0.309,different,school nurses versus senior mental health services,sonnet,reworded
MCB5,2026,aba8d3096c60,2027,ae0166d958be,0.302,different,general DOHMH mental health programming vs DFTA senior mental health services,sonnet,reworded
MCB5,2026,1c7a4c1fa011,2027,c31395fa1e9f,0.794,same,"same street lights study, same side streets",sonnet,reworded
MCB5,2026,5c7c2f70f153,2027,c564f962e6ac,0.766,same,same public art at Broadway plazas,sonnet,reworded
MCB5,2026,377832533a14,2027,c94393d436a3,0.864,same,same Heiskell library elevator and HVAC funding,sonnet,reworded
MCB5,2024,7d4c0e55e87f,2027,c94393d436a3,0.409,same,same Heiskell library HVAC replacement; roof swapped for elevator,sonnet,reworded
MCB5,2026,5343bab35253,2027,cbb1d971d42b,0.425,same,same homeless outreach hiring; NOW restates THEN title,sonnet,reworded
MCB5,2026,772cf4f8fc2c,2027,cc5bcbd4bba7,0.715,same,"same Murray Hill Academy Camp Ramapo and drumline programs, higher amounts",sonnet,reworded
MCB5,2026,df78f2e77b24,2027,cd1da50ee6a1,0.678,same,"same Murray Hill Academy student laptops, new amount",sonnet,reworded
MCB5,2026,316a68b3e5a8,2027,d283da347be9,0.746,same,"same case management workload funding, NOW adds detail",sonnet,reworded
MCB5,2025,5bc133a58882,2027,d4dc6b57edf2,0.301,same,same LPC grants for exterior work on landmarked buildings,sonnet,reworded
MCB5,2026,870b569aeab1,2027,d8550213011d,0.635,same,"same Union Square Park infrastructure renovation, 2027 adds water lines",sonnet,reworded
MCB5,2026,1ccb370e8cac,2027,d8c7c8a63a76,0.694,same,same traffic calming at Park Ave South and 29th St,sonnet,reworded
MCB5,2026,f9f3f9c4b5fb,2027,e07414414ade,0.516,same,"same noise camera funding, 2026 adds inspectors and 7th Avenue focus",sonnet,reworded
MCB5,2026,d19aafb12fc9,2027,e123af5446ca,0.463,different,shelter beds versus mental health hospital beds,sonnet,reworded
MCB5,2026,17c688fb3be1,2027,e7b65da36049,0.543,same,"same Madison Ave sidewalk extension study, 42nd to 57th",sonnet,reworded
MCB5,2026,49c37f4d753f,2027,e9613cc86e95,0.936,same,"same 42nd St reconstruction, near-identical text",sonnet,reworded
MCB5,2026,1ed3555baf61,2027,f1d64dfcd202,0.78,unsure,Karcher snow system installation versus a vehicle purchase for it; same project unclear,sonnet,reworded
MCB5,2024,b68ba642b8dc,2027,f1d64dfcd202,0.39,same,"same Madison Square Park snow plow equipment, now Karcher system vehicle",sonnet,reworded
MCB5,2026,20d0144b72a9,2027,f40d262d3bdb,0.565,different,EDC CleaNYC graffiti removal vs MTA transit graffiti removal,sonnet,reworded
MCB5,2026,0d4d7f13c93e,2027,fc1115119f84,0.664,same,same LPC enforcement staff increase,sonnet,reworded
MCB6,2020,12e6ff2a6735,2021,0af052ab8dc9,0.736,same,same park maintenance and gardener staffing,sonnet,reworded
MCB6,2020,abade6560518,2021,14ad32cf77f9,0.972,same,same ACS preventive services funding,sonnet,reworded
MCB6,2020,cb70dfe36244,2021,15d16ae2b5aa,0.431,same,"Same Asser Levy windows and HVAC repair, now with more items",sonnet,reworded
MCB6,2020,25d5b6096563,2021,15d16ae2b5aa,0.302,different,54th Street Rec Center versus Asser Levy Recreation Center,sonnet,reworded
MCB6,2020,d457c2865ba1,2021,1c609b89c299,0.357,same,Same East River Esplanade completion and updated timelines request,sonnet,reworded
MCB6,2020,07c9495b5026,2021,2619a649dec0,0.362,same,Same Epiphany Library exterior envelope and facade renovation,sonnet,reworded
MCB6,2020,b9088ccffc31,2021,34321578d51a,0.884,same,same NYPL full hours and seven-day service at three branches,sonnet,reworded
MCB6,2020,fe64dfab5352,2021,51aee85939cf,0.947,same,Same Dag Hammarskjold Park garden video cameras,sonnet,reworded
MCB6,2020,6b858886efe6,2021,5340aa2cf54e,0.473,same,same Straus Houses lobby doors with layered access control,sonnet,reworded
MCB6,2020,182aabc92fe1,2021,5c5a87dc3339,0.326,same,same walkway counters in CD6,sonnet,reworded
MCB6,2020,a31d595804c8,2021,68f568d3398d,0.663,same,"same Queens Midtown Tunnel entrance traffic study, same boundaries",sonnet,reworded
MCB6,2020,fe7157539d25,2021,bf2a2b81c7ba,0.515,same,same subway station elevators and accessible entrances,sonnet,reworded
MCB6,2020,1614f2a5cb59,2021,c2081cdd78f7,0.401,same,"same supportive housing for formerly homeless, NOW adds provider funding",sonnet,reworded
MCB6,2020,51bbe55a4adc,2021,c4b29759162d,0.535,same,"same vaccination promotion; identical title, THEN has no text",sonnet,reworded
MCB6,2020,5a728e6e0d97,2021,c5c5de25243f,0.948,same,same DFTA home care funding,sonnet,reworded
MCB6,2020,61c4a7081013,2021,dd70b2eea083,0.734,same,same Peter Detmold Park water access; THEN also stairs,sonnet,reworded
MCB6,2020,ec7205c6f2fe,2021,df1668ce021f,0.979,same,"same library electronic resources at Kips Bay, Epiphany, Grand Central",sonnet,reworded
MCB6,2020,0da5ba0a75fc,2021,e0892bda7635,0.361,same,same DOT paving crew staffing for street repair,sonnet,reworded
MCB6,2020,d805f642cd03,2021,f22356d77acd,0.911,same,same LPC staffing increase,sonnet,reworded
MCB6,2020,3aae0b05f904,2021,fd3ce5148dec,0.563,same,Same Tudor City entrance ramp lights repair,sonnet,reworded
MCB6,2021,8458ba0f7f26,2022,07b742965083,0.652,same,Same PS 116 security system request,sonnet,reworded
MCB6,2021,df1668ce021f,2022,0f1c8fda6961,0.859,same,same library electronic resources at three branches,sonnet,reworded
MCB6,2021,c4b29759162d,2022,10c2617fb3a9,0.678,same,same vaccination promotion; NOW adds Covid-19 vaccine rollout,sonnet,reworded
MCB6,2021,080d8f82318b,2022,18674c7c7af1,0.757,same,same low- and moderate-income housing preservation and development in CD6,sonnet,reworded
MCB6,2021,1b4a830fd248,2022,1d1e96bb83e9,0.384,same,same City-owned multi-use space for CB6 office and meetings,sonnet,reworded
MCB6,2021,07edf04bfdea,2022,2fae76e011c4,0.343,same,"same dedicated outreach team near Bellevue South Park, area widened",sonnet,reworded
MCB6,2021,bf2a2b81c7ba,2022,36d89ec4f153,0.535,same,"same subway accessibility upgrades, NOW names 59th and Lexington",sonnet,reworded
MCB6,2021,7bad852ad42d,2022,42616dd6aceb,0.471,same,Same Murphy's Brothers Playground comfort station,sonnet,reworded
MCB6,2021,5c5a87dc3339,2022,4eb8f5f9cd1b,0.905,same,same automatic walkway counters in CD6,sonnet,reworded
MCB6,2021,7ada1562788e,2022,4f2c902da6ab,0.984,same,same express bus layover location request,sonnet,reworded
MCB6,2021,382224e37b37,2022,5634e266683e,0.995,same,Same new parkland on underused waterfront parcels,sonnet,reworded
MCB6,2021,0af052ab8dc9,2022,6779d788dc5d,0.712,same,"same park maintenance staffing: gardener, parks workers, welders",sonnet,reworded
MCB6,2021,14ad32cf77f9,2022,6c63dae4261b,0.987,same,same ACS preventive services funding,sonnet,reworded
MCB6,2021,1af5735adbd9,2022,7ba8776dab8d,0.353,same,same ask to raise or baseline community board budgets; new rationale,sonnet,reworded
MCB6,2021,15d16ae2b5aa,2022,7f01a4cf30cb,0.819,same,"same Asser Levy Recreation Center renovation list, reworded",sonnet,reworded
MCB6,2021,1c609b89c299,2022,896b28167034,0.916,same,same East River Esplanade and bikeway timelines request,sonnet,reworded
MCB6,2021,bd50d73814c4,2022,8b616dd180fc,0.662,same,same Ralph J. Bunche Park bluestone sidewalk reconstruction,sonnet,reworded
MCB6,2021,e0892bda7635,2022,9d166d0d0a0c,0.975,same,same DOT paving crews for street repair,sonnet,reworded
MCB6,2021,cfd370a89362,2022,a7100e4dfe1a,0.942,same,same DPR programming to offset ESCR park losses,sonnet,reworded
MCB6,2021,c5c5de25243f,2022,acd63f5dd24b,0.93,same,same DFTA home care funding,sonnet,reworded
MCB6,2021,1ae0096b52d6,2022,c48693e2c2fc,0.81,same,same noise inspector text; NOW filed under DOT with traffic-study title,sonnet,reworded
MCB6,2021,a6d3b10e03eb,2022,ecf043eb3702,0.577,same,same senior center funding and use of other facilities,sonnet,reworded
MCB6,2021,1ae0096b52d6,2022,fbcbf49fc9e5,0.842,same,same DEP noise inspector staffing,sonnet,reworded
MCB6,2022,896b28167034,2023,3719d9530906,0.535,same,"same East River Esplanade gap-closing ask, narrowed to stalled segments",sonnet,reworded
MCB6,2022,6779d788dc5d,2023,4bfe5f7630e8,0.663,same,same park maintenance staffing request,sonnet,reworded
MCB6,2022,5634e266683e,2023,6922b98fb31c,0.836,same,same new park on 34th Street and 30th Street waterfront sites,sonnet,reworded
MCB6,2020,accb5daf8437@5564ce,2023,6cc9a5d30865@9ee2c7,1.0,same,same Bellevue South Park video security; agency changed,sonnet,site
MCB6,2021,42e80357d626@5564ce,2023,6cc9a5d30865@9ee2c7,1.0,same,same Bellevue South Park video security; agency changed,sonnet,site
MCB6,2022,2c8f09aa0dc8@5564ce,2023,6cc9a5d30865@9ee2c7,1.0,same,same Bellevue South Park video security; agency changed,sonnet,site
MCB6,2021,51aee85939cf@c943bb,2023,73d23d1a684f@49d498,1.0,same,same Dag Hammarskjold Park garden cameras; address versus cross streets,sonnet,site
MCB6,2022,6be255f1949f@c943bb,2023,73d23d1a684f@49d498,1.0,same,same Dag Hammarskjold Park garden cameras; address versus cross streets,sonnet,site
MCB6,2022,1d1e96bb83e9,2023,7fd3f9cf60a2,0.864,same,same City-owned multi-use facility for CB6 office and meetings,sonnet,reworded
MCB6,2022,94f24c88e544,2023,9d140183cea0,0.937,same,same senior programming in existing facilities and CBOs,sonnet,reworded
MCB6,2022,62c5232af901,2023,9e1c4ab2bafb,0.822,same,same dog run at Murphy Brothers Playground in ESCR plans,sonnet,reworded
MCB6,2022,640081b17090,2023,a4d2d9cfd028,0.938,same,"same graffiti removal program restoration, identical text",sonnet,reworded
MCB6,2022,ecf043eb3702,2023,a823b6e4ff62,0.601,same,same new senior center and shared facility programming,sonnet,reworded
MCB6,2022,10c2617fb3a9,2023,ab2e3f27a783,0.721,same,same vaccination promotion and misinformation request,sonnet,reworded
MCB6,2022,d5b919e5a165,2023,b67bc5c5116a,0.919,same,same Straus Houses lobby doors with layered access,sonnet,reworded
MCB6,2022,b9053c718ad7,2023,d0e6d29e3553,0.879,same,same Rec Center 54 elevator and locker room repairs; renamed center,sonnet,reworded
MCB6,2022,fbcbf49fc9e5,2023,fbcbf49fc9e5,0.997,same,identical DEP noise inspector request,sonnet,reworded
MCB6,2023,a298dcebf180,2024,081b2c9a5e08,0.709,same,same research on restroom and shower facilities for homeless,sonnet,reworded
MCB6,2023,5351bc0b2ee0,2024,5351bc0b2ee0,0.965,same,identical text on homeless students; only agency label changed,sonnet,reworded
MCB6,2020,accb5daf8437@5564ce,2024,6cc9a5d30865@9ee2c7,1.0,same,same Bellevue South Park video security; agency changed,sonnet,site
MCB6,2021,42e80357d626@5564ce,2024,6cc9a5d30865@9ee2c7,1.0,same,same Bellevue South Park video security; agency changed,sonnet,site
MCB6,2022,2c8f09aa0dc8@5564ce,2024,6cc9a5d30865@9ee2c7,1.0,same,same Bellevue South Park video security; agency changed,sonnet,site
MCB6,2021,51aee85939cf@c943bb,2024,73d23d1a684f@49d498,1.0,same,same Dag Hammarskjold Park garden cameras; address versus cross streets,sonnet,site
MCB6,2022,6be255f1949f@c943bb,2024,73d23d1a684f@49d498,1.0,same,same Dag Hammarskjold Park garden cameras; address versus cross streets,sonnet,site
MCB6,2023,a7a6bb0a0507,2024,b2cc7df03336,0.531,same,"same Asser Levy Recreation Center upgrades; windows, locker rooms, LEDs kept",sonnet,reworded
MCB6,2023,1180525b6485,2024,c86f734f8ccd,0.762,same,same new public restrooms in CD6; NOW names priority site,sonnet,reworded
MCB6,2024,23448cbcfa00,2025,3fc7969a64e4,0.817,same,same NYPL baselining and increase for district branches,sonnet,reworded
MCB6,2024,73d23d1a684f,2025,47622a538fcc,0.975,same,same cameras in Dag Hammarskjold garden area; Park renamed Plaza,sonnet,reworded
MCB6,2024,3862aa3ec3d6,2025,535c8162d3da,0.983,same,same organics collection expansion; frequency raised to three times weekly,sonnet,reworded
MCB6,2024,d6a8ed053722,2025,5707ec81c993,0.86,same,"same supportive housing in CD6, Kenmore Hall rationale",sonnet,reworded
MCB6,2020,accb5daf8437@5564ce,2025,6cc9a5d30865@9ee2c7,1.0,same,same Bellevue South Park video security; agency changed,sonnet,site
MCB6,2021,42e80357d626@5564ce,2025,6cc9a5d30865@9ee2c7,1.0,same,same Bellevue South Park video security; agency changed,sonnet,site
MCB6,2022,2c8f09aa0dc8@5564ce,2025,6cc9a5d30865@9ee2c7,1.0,same,same Bellevue South Park video security; agency changed,sonnet,site
MCB6,2024,2d1b126f2dda,2025,7baa096e612f,0.872,same,same Murphy Brothers Playground comfort station,sonnet,reworded
MCB6,2024,90a65a4a8e8b,2025,938e79d77abb,0.33,different,a broad park upgrade versus entrance cameras split off to NYPD,resolved,reworded
MCB6,2024,293cd1891357,2025,9db9a60a713f,0.986,same,same St. Vartan Park pickleball and handball court renovation,sonnet,reworded
MCB6,2025,98339ed881a8,2026,10d3ad6dae2f,0.352,same,"same new senior-serving center in CD6, relabeled intergenerational",sonnet,reworded
MCB6,2025,d602aeaa68d9,2026,3e5f57968d7f,0.684,same,same DHS police presence in shelters instead of private security,sonnet,reworded
MCB6,2025,2880354b9f4d,2026,4580f34b429d,0.751,same,same Asser Levy Recreation Center capital upgrades,sonnet,reworded
MCB6,2025,d3c194fb4d6d,2026,55be381563df,0.982,same,same Right to Counsel and tenant protection funding,sonnet,reworded
MCB6,2025,89008385697a,2026,7efcc61aad53,0.954,same,same age-in-place support funding for seniors,sonnet,reworded
MCB6,2025,a7b14a6daccb,2026,a09ab1bd3a63,0.477,same,same more frequent public litter basket collection,sonnet,reworded
MCB6,2025,50817f417528,2026,a28723ac21de,0.809,same,same new park on 34th Street and 30th Street waterfront sites,sonnet,reworded
MCB6,2025,35983bd80a3b,2026,b7481a243d3a,0.979,same,"same Stuyvesant Square park capital repairs, reworded",sonnet,reworded
MCB6,2025,68f568d3398d,2026,d1b459929446,0.938,same,"same Queens Midtown Tunnel entrance traffic study, same boundaries",sonnet,reworded
MCB6,2020,811bebae835f@51865d,2026,e647d0505315,1.0,same,same Glick Park fountain restoration; Register cross streets differ,sonnet,site
MCB6,2021,811bebae835f@51865d,2026,e647d0505315,1.0,same,same Glick Park fountain restoration; Register cross streets differ,sonnet,site
MCB6,2022,811bebae835f@b6231e,2026,e647d0505315,1.0,same,same Glick Park fountain restoration; Register cross streets differ,sonnet,site
MCB6,2022,811bebae835f@51865d,2026,e647d0505315,1.0,same,same Glick Park fountain restoration; Register cross streets differ,sonnet,site
MCB6,2023,811bebae835f@b6231e,2026,e647d0505315,1.0,same,same Glick Park fountain restoration; Register cross streets differ,sonnet,site
MCB6,2024,811bebae835f@b6231e,2026,e647d0505315,1.0,same,same Glick Park fountain restoration; Register cross streets differ,sonnet,site
MCB6,2025,811bebae835f@b6231e,2026,e647d0505315,1.0,same,same Glick Park fountain restoration; Register cross streets differ,sonnet,site
MCB6,2025,7ef99b178759@5221d6,2027,2b9add4211c5,1.0,same,same Glick Park five-block water access; Register location recorded differently,sonnet,site
MCB6,2026,407d9cef96b3,2027,45de48e8d2eb,0.859,same,"same CB operating budget baseline and equalization; amount raised to $500,000",sonnet,reworded
MCB6,2026,924dba5a2939,2027,6fbfa60bcd73,0.309,different,supportive housing construction vs DHS outreach and case management funding,sonnet,reworded
MCB6,2026,924dba5a2939,2027,7911035b690b,0.347,different,built supportive housing vs expense funding for needs assessment and site study,sonnet,reworded
MCB6,2026,2b08bf0c2486,2027,7a50b6968de4,0.521,same,"same larger CB6 office with big meeting room, seats raised to 150",sonnet,reworded
MCB6,2020,811bebae835f@51865d,2027,e647d0505315,1.0,same,same Glick Park fountain restoration; Register cross streets differ,sonnet,site
MCB6,2021,811bebae835f@51865d,2027,e647d0505315,1.0,same,same Glick Park fountain restoration; Register cross streets differ,sonnet,site
MCB6,2022,811bebae835f@b6231e,2027,e647d0505315,1.0,same,same Glick Park fountain restoration; Register cross streets differ,sonnet,site
MCB6,2022,811bebae835f@51865d,2027,e647d0505315,1.0,same,same Glick Park fountain restoration; Register cross streets differ,sonnet,site
MCB6,2023,811bebae835f@b6231e,2027,e647d0505315,1.0,same,same Glick Park fountain restoration; Register cross streets differ,sonnet,site
MCB6,2024,811bebae835f@b6231e,2027,e647d0505315,1.0,same,same Glick Park fountain restoration; Register cross streets differ,sonnet,site
MCB6,2025,811bebae835f@b6231e,2027,e647d0505315,1.0,same,same Glick Park fountain restoration; Register cross streets differ,sonnet,site
MCB7,2020,85fc359f0156,2021,07d8e773f62c,0.466,same,same litter basket service funding; NOW baselines the FY20 increase,sonnet,reworded
MCB7,2020,c5f84704c590,2021,38393851d10f,0.48,same,same baselining of one-time community board grants,sonnet,reworded
MCB7,2020,f6de39413754,2021,5660f47d384b,0.446,same,same permanent supportive housing funding; agency and type shifted,sonnet,reworded
MCB7,2020,f96a06ed4617,2021,680c4004cee1,0.823,same,same audible signals for visually impaired pedestrians,sonnet,reworded
MCB7,2020,aefbab4c1a3c,2021,6e327e618fa6,0.306,same,same SNAP enrollment outreach; THEN text implies the ask,sonnet,reworded
MCB7,2020,874265e10b78,2021,c0b1b2e04587,0.529,different,home-delivered meal capacity vs higher meal reimbursement rates,sonnet,reworded
MCB7,2020,377bb23cd62f,2021,edbc58378b04,0.693,same,same Riverside Park 72nd Street kayak dock repair,sonnet,reworded
MCB7,2021,60578b049f3d,2022,32db2cfe35dd,0.446,same,same DYCD afterschool baseline funding,sonnet,reworded
MCB7,2021,fafc09872a87,2022,3a231b1e69f4,0.562,same,same intersection safety improvements; NOW drops location list,sonnet,reworded
MCB7,2021,d7090c7be30f,2022,3df2748be33b,0.323,same,same NYPL funding and expanded service days,sonnet,reworded
MCB7,2021,02d4224c05cd,2022,4b21bbdc8993,0.348,unsure,"Riverside Park paths versus Riverside Drive sidewalks, 104th-110th; same work unclear",sonnet,reworded
MCB7,2021,47308d81f4b1,2022,536a1ef14afa,0.551,same,"same Matthew Sapolin Playground upgrade at PS 199, comfort station added",sonnet,reworded
MCB7,2021,eecd5aa5d4be,2022,62cf2b65d454,0.733,same,same enforcement targeting TLC-licensed vehicles,sonnet,reworded
MCB7,2020,ec53ced6768c,2022,7fdc8644734b,0.974,same,same MCB7 curb-cut repair text,sonnet,reworded
MCB7,2020,24aa15a30169,2022,86283ee324cd,0.369,same,same mental health training for NYPD officers,sonnet,reworded
MCB7,2021,ffea3af77482,2022,8ff3d505b439,0.762,same,"same Performing Arts Library renovation, same systems listed",sonnet,reworded
MCB7,2021,93d9ac05abd8,2022,951df7af64f7,0.551,same,same Summer Youth Employment funding; NOW seeks restoration of cuts,sonnet,reworded
MCB7,2020,676af1946435,2022,b5d9f6f038c3,0.54,same,same Happy Warrior Playground play area and parkhouse,sonnet,reworded
MCB7,2021,edbc58378b04,2022,c2921c6aec2a,0.747,same,same Riverside Park 72nd Street kayak dock restoration,sonnet,reworded
MCB7,2021,4acb76ba2726,2022,c7c2995bd607,0.95,same,same PEP officers for Riverside Park and District 7,sonnet,reworded
MCB7,2020,ad7f3abbbf08,2022,c7d14b13c0da,0.784,same,same anti-idling enforcement staff,sonnet,reworded
MCB7,2021,02d4224c05cd,2022,d80f82533b00,0.606,same,"same Riverside Park paths and sidewalk work, West 95th to 110th",sonnet,reworded
MCB7,2021,5fd3f5fb0a8d,2022,ecaa155c6011,0.344,different,Transfer Bridge phase 3 versus Riverside Park South comfort station,sonnet,reworded
MCB7,2021,db5d1d72d7c3,2022,fedd588593bb,0.833,same,same Parks permanent workforce funding,sonnet,reworded
MCB7,2022,d675af4443a5,2023,011969de5b4c,0.822,same,same additional Safe Haven shelter in CD7,sonnet,reworded
MCB7,2022,61ed0b115500,2023,06de6cc0e373,0.779,same,same food insecurity program funding; NOW names more providers,sonnet,reworded
MCB7,2022,d80f82533b00,2023,235e4f6c61ea,0.694,same,"same Riverside Park path and sidewalk reconstruction, 95th to 110th",sonnet,reworded
MCB7,2022,58dcce5386f4,2023,2fe6db43c5e5,0.423,same,same NYCHA repair and preservation in CD7,sonnet,reworded
MCB7,2022,4fec980bb78d,2023,31f2180c5ee6,0.731,same,same Manhattan Outreach Consortium street outreach funding,sonnet,reworded
MCB7,2022,c2921c6aec2a,2023,3e5ff3d164c0,0.401,same,same Riverside Park kayak dock rebuild for kayak program,sonnet,reworded
MCB7,2022,682618657155,2023,41e55f51141e,0.463,same,same Frederick Douglass Playground renovation; NOW adds Sol Bloom Playground,sonnet,reworded
MCB7,2022,5076f523b4ff,2023,46dbf6dc39cf,0.424,same,same school accessibility goal in District 3; count reduced,sonnet,reworded
MCB7,2022,b470a64e4a34,2023,49c9691058f8,0.493,same,same funding for supportive housing services and operations in CD7,sonnet,reworded
MCB7,2022,8accf49950d4,2023,4a2ce76af3c2,0.541,same,same free broadband for all NYCHA households,sonnet,reworded
MCB7,2022,b077f2ee50ef,2023,4bcda4c34817,0.862,same,same City purchase of threatened SROs through Neighborhood Pillars,sonnet,reworded
MCB7,2022,b545ada7ca80,2023,4c34f06e4a26,0.383,different,child abuse provider training vs adult and adolescent sexual assault services,sonnet,reworded
MCB7,2022,853f6b4ec3ba,2023,4d9a3e176045,0.438,different,district speed cameras versus HHP exit study and 96th/West End calming,sonnet,reworded
MCB7,2022,8accf49950d4,2023,5494b99f9b79,0.461,same,same free NYCHA broadband; Capital relabeled Expense,sonnet,reworded
MCB7,2022,a9498849209b,2023,5b857fa8962f,0.724,same,same Riverside Park 78th Street underpass step-ramp rebuild,sonnet,reworded
MCB7,2022,ecaa155c6011,2023,5e2082fd358a,0.545,same,same Riverside Park South comfort station in designated plans; location shifted,sonnet,reworded
MCB7,2022,fedd588593bb,2023,5ff21eca8af7,0.625,same,same Parks permanent workforce rebuild; NOW adds seasonal staff,sonnet,reworded
MCB7,2022,c7c2995bd607,2023,64fa61b9caa5,0.816,same,same PEP officers for Riverside Park and District 7,sonnet,reworded
MCB7,2022,29c107fb1be9,2023,71672b7f1e44,0.381,same,same Covid-19 testing for nursing home staff,sonnet,reworded
MCB7,2022,45cb18e369c6,2023,7852ce71b4ac,0.86,same,same Neighborhood Pillars purchases in Manhattan Valley,sonnet,reworded
MCB7,2022,86283ee324cd,2023,86f1a4603e47,0.526,same,"same NYPD mental health training; agency relabeled, NOW adds ICAT",sonnet,reworded
MCB7,2022,355a463609a5,2023,88a424f1d912,0.482,same,same Gertrude Ederle skylight replacement; NOW names the center,sonnet,reworded
MCB7,2021,91fda6b74ad7,2023,979dd603d1aa,0.336,same,same subway station accessibility request,sonnet,reworded
MCB7,2022,f985be0e893b,2023,d8c78b13a574,0.916,same,same NYPD overtime funding; NOW names precincts,sonnet,reworded
MCB7,2022,b545ada7ca80,2023,e14d9c169e25,0.83,same,same medical provider training on child sexual assault care,sonnet,reworded
MCB7,2022,eba7f011006a,2023,e51d5ab560e8,0.46,same,same solar trash compactors; NOW adds trash cans and basket collection,sonnet,reworded
MCB7,2022,d57135f346fb,2023,eefc29136593,0.836,same,same health clinic for abused children in CD7,sonnet,reworded
MCB7,2023,145d634e062e,2024,005ca6259cd7,0.795,same,same school safety staff request; NOW drops nurses,sonnet,reworded
MCB7,2023,4bcda4c34817,2024,49c6dcbca905,0.948,same,same threatened SRO preservation; NOW names Project Find,sonnet,reworded
MCB7,2023,e14d9c169e25,2024,6336f2855dcf,0.585,same,same child abuse trauma training for medical providers,sonnet,reworded
MCB7,2023,41e55f51141e,2024,6cabb783d935,0.472,same,the same Frederick Douglass Playground renovation; the second playground changed,resolved,reworded
MCB7,2023,46dbf6dc39cf,2024,7962f7b39aa7,0.967,same,same school accessibility goal in District 3; fewer schools requested,sonnet,reworded
MCB7,2023,a056005601f1,2024,9f568d1c5264,0.778,same,same expansion of CSD3 language and dual language programs,sonnet,reworded
MCB7,2023,d8c78b13a574,2024,c08fb6356501,0.961,same,"same NYPD overtime for 20th, 24th and Central Park precincts",sonnet,reworded
MCB7,2023,4c34f06e4a26,2024,ca258e59ebff,0.998,same,same Crime Victims Treatment Center funding for sexual assault survivors,sonnet,reworded
MCB7,2023,e4495ec0ea85,2024,e4f81f953887,0.954,same,same West 72nd Street cross-town protected bike lane study request,sonnet,reworded
MCB7,2023,4d9a3e176045,2024,e912082fa007,0.519,same,same study of 96th Street Henry Hudson Parkway southbound exit,sonnet,reworded
MCB7,2023,979dd603d1aa,2024,ea682ea38a1e,0.851,same,same accessible subway stations; NOW names stations,sonnet,reworded
MCB7,2024,e4f81f953887,2025,101f7b024d47,0.728,same,same West 72nd Street protected bike lane study; other streets added,sonnet,reworded
MCB7,2024,e912082fa007,2025,193b6aeef08a,0.44,unsure,NOW has no text; cannot tell what is asked beyond generic title,sonnet,reworded
MCB7,2022,62cf2b65d454,2025,193b6aeef08a,0.34,unsure,later request has no explanation or location,sonnet,reworded
MCB7,2024,cd6865fa353f,2025,19bba15a6295,0.49,same,same solar trash compactors and trash cans in CD7; agency changed,sonnet,reworded
MCB7,2024,383f5886818b,2025,209a8219dfd4,0.355,different,general food insecurity programs vs congregate meals at senior centers,sonnet,reworded
MCB7,2024,005ca6259cd7,2025,2b8451683892,0.46,unsure,"NOW has no text; broad staffing category, THEN was school safety staff",sonnet,reworded
MCB7,2024,5494b99f9b79,2025,5b1e59cd6dd6,0.39,same,same free NYCHA broadband with training; agency relabeled HRA,sonnet,reworded
MCB7,2024,1e41c3b85593,2025,6b0cf05d1041,0.441,same,same more frequent garbage pickup in high-traffic areas for rat control,sonnet,reworded
MCB7,2022,0cd43e53ce4b,2025,7580d0f67b4a,0.491,same,"same school nurses request, now elementary schools",sonnet,reworded
MCB7,2022,af25eba3e5af,2025,9221c13076e4,0.313,different,variable signal timing pilot versus new lights at busy intersections,sonnet,reworded
MCB7,2024,e912082fa007,2025,965fee09c44b,0.374,different,96th St parkway exit study vs raised crossings on Broadway,sonnet,reworded
MCB7,2024,2b947c695573,2025,c29effdfe0f6,0.724,same,same in-person teacher professional development; NOW adds dyslexia training,sonnet,reworded
MCB7,2024,a406898ff644,2025,c431e427ee9f,0.379,different,NYPL library staffing for programs vs DYCD youth programming funding,sonnet,reworded
MCB7,2024,4615e6ddf1f4,2025,d10c511b06a9,0.742,same,same crisis center for medical respite for unhoused people,sonnet,reworded
MCB7,2025,7580d0f67b4a,2026,06349190d962,0.718,same,same school nurse request; NOW names specific schools,sonnet,reworded
MCB7,2025,6b7c4216e389,2026,19a3c959e5cc,0.389,different,Riverside Park entrances vs library doors and lift,sonnet,reworded
MCB7,2025,193b6aeef08a,2026,2a556e4c5382,0.384,unsure,"THEN has no text; NOW asks M79-SBS neck-downs, link unknowable",sonnet,reworded
MCB7,2025,01636634c44b,2026,431f87aba453,0.337,same,"same Bloomingdale Library renovation, basement focus",sonnet,reworded
MCB7,2025,7f33333b9c86,2026,520828c432cc,0.848,same,"same Manhattan Valley Neighborhood Pillars purchases, near-identical text",sonnet,reworded
MCB7,2025,6b7c4216e389,2026,6eb6b93da7a8,0.408,different,Riverside Park entrances vs library doors and lift,sonnet,reworded
MCB7,2025,6b0cf05d1041,2026,72817dcb7c24,0.822,same,same more frequent garbage pickup for rat control; NOW adds management,sonnet,reworded
MCB7,2025,6cabb783d935,2026,95035fc6ee4f,0.677,same,same Frederick Douglass Playground renovation; NOW drops Happy Warrior,sonnet,reworded
MCB7,2025,235e4f6c61ea,2026,f2b2654360bd,0.903,same,same Riverside Park path and sidewalk reconstruction; start moved to 97th,sonnet,reworded
MCB7,2026,c1c86f2e906e,2027,003aede64411,0.415,same,"same NYCHA repairs of doors, elevators, security; patrols added",sonnet,reworded
MCB7,2026,520828c432cc,2027,014ad056f85c,0.421,same,same Neighborhood Pillars push for Manhattan Valley; Open Door added,sonnet,reworded
MCB7,2026,4937b98bdb5a,2027,0454bfafca15,0.629,same,same funding for food pantries and food insecurity programs,sonnet,reworded
MCB7,2026,209a8219dfd4,2027,09d000ae2229,0.841,same,same congregate meals funding at senior centers,sonnet,reworded
MCB7,2026,9f568d1c5264,2027,0c6f7d9c898d,0.906,same,same CSD3 language access programs expansion,sonnet,reworded
MCB7,2026,72817dcb7c24,2027,0e1dfa474d5e,0.534,same,same more frequent garbage and recycling pickup for rats,sonnet,reworded
MCB7,2026,c8c428e81786,2027,21a47d231e12,0.592,same,same home delivered meals funding for seniors,sonnet,reworded
MCB7,2026,cbfa1d5fed1a,2027,2870c57768d0,0.898,same,same intergenerational programs funding,sonnet,reworded
MCB7,2026,c431e427ee9f,2027,2a8ce295f26a,0.356,same,same increased youth programming funding,sonnet,reworded
MCB7,2026,55310ef78894,2027,2d861b6cd675,0.561,same,same cost of living adjustment for DYCD-funded staff,sonnet,reworded
MCB7,2026,5ff21eca8af7,2027,2e7625fba2bf,0.543,same,same restore permanent and seasonal parks staff,sonnet,reworded
MCB7,2026,c63530a025f1,2027,313ed1c53781,0.697,same,same hire and train UPK/Pre-K CBO staff for referrals; broader framing,sonnet,reworded
MCB7,2026,2e51011d63f6,2027,3d8544f7d011,0.573,same,same air conditioners for Joan of Arc complex; DOE to SCA,sonnet,reworded
MCB7,2026,ca4faddd8331,2027,42ff265588d9,0.376,same,same West 94th brick crossings repair; expansion to other streets added,sonnet,reworded
MCB7,2025,d93451c580ef,2027,4c6892700ab5,0.367,different,"loading zones across the district, then on Central Park West and West End Avenue only",resolved,reworded
MCB7,2026,31f2180c5ee6,2027,9fb7ee7ddda6,0.904,same,same Manhattan Outreach Consortium funding,sonnet,reworded
MCB7,2026,b7596d9afbf3,2027,a1f993aa3053,0.695,same,"same new/renovated park restrooms in MCD7, reworded",sonnet,reworded
MCB7,2026,19bba15a6295,2027,a98bb3d18193,0.497,same,same solar compactors and sealed trash cans; Empire Bins added,sonnet,reworded
MCB7,2026,101f7b024d47,2027,aa3c5f60b860,0.323,same,same crosstown protected bike lane on 72nd; study phase became install,sonnet,reworded
MCB7,2026,c78887d70190,2027,abe5be5ba6d7,0.807,same,same SRO purchase by nonprofits like Project Find,sonnet,reworded
MCB7,2026,f2b2654360bd,2027,f21171f15f86,0.9,same,same Riverside Park path and sidewalk reconstruction 97th to 110th,sonnet,reworded
MCB7,2026,5af2e2b408a7,2027,fafa6ec75a42,0.587,same,same school social workers at same schools; nurses and psychologists added,sonnet,reworded
MCB8,2020,239619f4036a,2021,134c2a6f46ac,0.597,same,same additional DCA inspectors for sidewalk cafes,sonnet,reworded
MCB8,2020,16764a10e932,2021,1be1138ea172,0.46,same,same additional DOB inspectors for code enforcement; auditors added,sonnet,reworded
MCB8,2020,a21dbc6d781d,2021,1cbce56c3b0a,1.0,same,same Pre-K seats in CB8; 3-K added,sonnet,reworded
MCB8,2020,2a5895f70e0f,2021,25ca0b0cfbf1,0.857,same,identical Esplanade repair and water access request,sonnet,reworded
MCB8,2020,1d871d69113a,2021,34222ad3314c,1.0,same,identical DHS and HPD housing for vulnerable residents,sonnet,reworded
MCB8,2020,7972d8f49064,2021,42ebaf47c9ec,0.87,same,same audible accessible crossing signals in CB8,sonnet,reworded
MCB8,2020,e26cae8fa780,2021,51430ac89442,0.742,same,same funding for permanent housing for homeless people,sonnet,reworded
MCB8,2020,72fc8035bb84,2021,7be62be00d2c,0.844,same,identical DOT pothole and repaving request; Expense to Capital,sonnet,reworded
MCB8,2020,25e941ea0245,2021,98d6028dee21,0.795,same,same more workers to inspect and repair DOT bridges and roads,sonnet,reworded
MCB8,2020,1ab521eb48d3,2021,b0f214fcf4d4,0.541,different,general traffic control agents versus Truck Traffic Enforcement Unit,sonnet,reworded
MCB8,2020,eb5035ed0fdb,2021,b2d2151bfc7c,0.804,same,same rat-proof solar compactor baskets; title differs,sonnet,reworded
MCB8,2020,59d49021c651,2021,fc4f3db2028b,0.521,different,tree guards and tree pits versus planting new trees,sonnet,reworded
MCB8,2021,76d93d99cb2f,2022,14f430005ac6,0.965,same,same Out of School Time and daycare funding,sonnet,reworded
MCB8,2021,1cbce56c3b0a,2022,1cbce56c3b0a,1.0,same,identical 3-K and Pre-K seats request,sonnet,reworded
MCB8,2021,0dc7fe21a8f7,2022,1f72fb1232c3,0.73,same,same air conditioning or HVAC in homeless shelters,sonnet,reworded
MCB8,2021,a11090172e03,2022,6af8877ece8c,0.837,same,"same fully built East River park 60th to 63rd, Haswell Green Park",sonnet,reworded
MCB8,2021,76d93d99cb2f,2022,7ead67840e20,0.31,different,after school and daycare funding versus new high school,sonnet,reworded
MCB8,2021,96545694c3ac,2022,823d25fe172a,0.676,same,same homeless outreach personnel overnight; mental health services added,sonnet,reworded
MCB8,2021,a11090172e03,2022,917191bfb74a,0.927,same,"same fully built East River park 60th to 63rd, Haswell Green Park",sonnet,reworded
MCB8,2021,db9122a53a2a,2022,9e7c50ca3f5e,0.959,same,same more affordable housing; income band widened,sonnet,reworded
MCB8,2021,1be1138ea172,2022,a3b732ca919c,0.957,same,same DOB inspectors and auditors; signage mention added,sonnet,reworded
MCB8,2021,76d93d99cb2f,2022,b7df9b295d18,0.313,different,after school and daycare funding versus new elementary schools,sonnet,reworded
MCB8,2021,7be62be00d2c,2022,cc089a3c07d2,0.912,same,same DOT pothole repair and repaving; frequency wording changed,sonnet,reworded
MCB8,2021,fc4f3db2028b,2022,fc4f3db2028b,1.0,same,identical street tree planting request,sonnet,reworded
MCB8,2022,1cbce56c3b0a,2023,1cbce56c3b0a,1.0,same,identical 3-K and Pre-K seats request,sonnet,reworded
MCB8,2022,7ead67840e20,2023,571e1d5dee14,0.68,different,one new high school versus general seats at all grade levels,sonnet,reworded
MCB8,2022,4e46fa99fd15,2023,9de939f60fe8,0.381,different,citywide youth workforce programs versus Isaacs Center youth services,sonnet,reworded
MCB8,2020,b0405f6e9019,2023,9de939f60fe8,0.356,different,Isaacs senior center bathroom repair versus Isaacs youth services,sonnet,reworded
MCB8,2022,fc4f3db2028b,2023,fc4f3db2028b,1.0,same,identical street tree planting request,sonnet,reworded
MCB8,2023,1d16136c7012,2024,074c846d5f90,0.34,different,"different park, Honeylocust versus Samuel Seabury Playground",sonnet,reworded
MCB8,2023,40514dc1f75a,2024,16fa6e11bae3,0.722,different,same library but HVAC versus accessibility upgrade,sonnet,reworded
MCB8,2023,1cbce56c3b0a,2024,1cbce56c3b0a,1.0,same,identical 3-K and Pre-K seats request,sonnet,reworded
MCB8,2023,917191bfb74a,2024,2492537819e6,0.682,same,"same Andrew Haswell Green Park phase 3 funding, shorter wording",sonnet,reworded
MCB8,2023,45b5e6b5ff2d,2024,34b6624baf68,0.427,unsure,DCA sidewalk cafe inspectors versus DOT outdoor dining inspectors; agency and scope shifted,sonnet,reworded
MCB8,2023,40de19d32503,2024,3e6338890b41,0.491,same,same East River Esplanade structural and seawall repair; extent narrowed,sonnet,reworded
MCB8,2023,587debbc59de,2024,4b70e141af75,0.942,same,same additional PEP officers in all district parks,sonnet,reworded
MCB8,2023,b2d2151bfc7c,2024,4d8dcfc32e45,0.893,same,"same rat-proof solar compactor containers, wording only",sonnet,reworded
MCB8,2023,1918f9d413e9,2024,5a0e3a169cc7,0.923,same,same exterminators for rodents in all CB8 parks,sonnet,reworded
MCB8,2023,1d16136c7012,2024,6888acbec272,0.383,different,"different park, Honeylocust versus 24 Sycamore",sonnet,reworded
MCB8,2023,c35c36ee0725,2024,78ec20d4c222,0.74,same,same 19th Precinct air conditioning; now part of full renovation,sonnet,reworded
MCB8,2023,2c851ac8a097,2024,9b0252b32991,0.879,same,same DOHMH enforcement of food vendor rules,sonnet,reworded
MCB8,2023,98e9f6aeb3f1,2024,d5935d9a204e,0.623,same,same DHS and HPD vulnerable housing; Safe Haven 91st St named,sonnet,reworded
MCB8,2023,14f430005ac6,2024,dbc5a49cc6ff,0.719,same,identical Out of School Time and daycare funding,sonnet,reworded
MCB8,2023,8fcb4b7a9d25,2024,ed21fc7ad89e,0.996,same,same Ruppert Park redesign and irrigation,sonnet,reworded
MCB8,2023,45b5e6b5ff2d,2024,f65094ea072b,0.542,same,same DCWP inspectors for outdoor dining enforcement; mobile vendors added,sonnet,reworded
MCB8,2023,fc4f3db2028b,2024,fc4f3db2028b,1.0,same,identical street tree planting request,sonnet,reworded
MCB8,2024,ed21fc7ad89e,2025,0a4585a628e2,0.322,same,same Ruppert Park reconstruction; now seeks one contract and speed,sonnet,reworded
MCB8,2024,1cbce56c3b0a,2025,1cbce56c3b0a,1.0,same,identical 3-K and Pre-K seats request,sonnet,reworded
MCB8,2024,d5935d9a204e,2025,25f3ecc3d9d6,0.902,same,same DHS and HPD vulnerable housing; Safe Havens added,sonnet,reworded
MCB8,2022,7ead67840e20,2025,92e1ea0c74b5,0.528,same,same request for a new high school in CD8,sonnet,reworded
MCB8,2024,571e1d5dee14,2025,92e1ea0c74b5,0.359,different,general seats at all levels versus one new high school,sonnet,reworded
MCB8,2024,16fa6e11bae3,2025,d5ee7a1d4789,0.559,same,same 67th Street Library accessibility; now names the lift,sonnet,reworded
MCB8,2024,fc4f3db2028b,2025,fc4f3db2028b,1.0,same,identical street tree planting request,sonnet,reworded
MCB8,2025,49875b61f183,2026,030c3726246c,0.969,same,identical funding for older adult services,sonnet,reworded
MCB8,2025,e47601644ef4,2026,0645116714eb,0.473,same,same small business grants and loans for recovery,sonnet,reworded
MCB8,2025,78ec20d4c222,2026,09b3f27bd971,0.396,different,19th Precinct renovation versus more police officers,sonnet,reworded
MCB8,2025,1cbce56c3b0a,2026,0dbd8d8c11f3,0.564,same,"same 3K and Pre-K seats; DOE to SCA, construction wording",sonnet,reworded
MCB8,2024,571e1d5dee14,2026,0dbd8d8c11f3,0.441,different,"seats at every school level, then 3K and Pre-K construction only",resolved,reworded
MCB8,2025,1cbce56c3b0a,2026,1cbce56c3b0a,1.0,same,identical 3-K and Pre-K seats request,sonnet,reworded
MCB8,2025,c53b3c08b271,2026,36b1593c543a,0.601,same,same increased rodent control funding; district-wide with 85th Street emphasis,sonnet,reworded
MCB8,2025,4f468627c687,2026,551175df59e7,0.402,different,park-wide walkways versus the park house and a pickleball court,resolved,reworded
MCB8,2025,e6449d2fef06,2026,716036cb2240,0.941,same,same year-round parks workers and APSWs funding,sonnet,reworded
MCB8,2025,3e63e7918aab,2026,74c352e2b97e,0.33,different,Esplanade structural repair versus Esplanade call boxes and markings,sonnet,reworded
MCB8,2025,1a9e4e77391c,2026,c4a4aa0bd300,0.934,same,same Sunday service at one CB8 library,sonnet,reworded
MCB8,2025,2492537819e6,2026,ca88d36f17e9,0.904,same,same Andrew Haswell Green Park; phase 3 then phase 2B,sonnet,reworded
MCB8,2025,f24ca0a32c54,2026,df5e158be1c2,0.414,different,install catch basin at 72nd versus clean catch basins at 87th,sonnet,reworded
MCB8,2025,78ec20d4c222,2026,edabcce847a3,0.717,same,same 19th Precinct renovation and air conditioning,sonnet,reworded
MCB8,2025,fc4f3db2028b,2026,fc4f3db2028b,1.0,same,identical street tree planting request,sonnet,reworded
MCB8,2026,0ee7956ae1ce,2027,036269235e87,0.533,different,traffic agents and crossing guards versus bike and scooter officers alone,resolved,reworded
MCB8,2026,221dff2681fc,2027,0aad6befa425,0.451,same,same DSNY recycling and organics support; now continued support,sonnet,reworded
MCB8,2026,09b3f27bd971,2027,113a8eb30a57,0.306,different,more police officers versus 19th Precinct cooling system,sonnet,reworded
MCB8,2026,fb5d94b9da3a,2027,129b52ddbeca,0.726,same,same traffic agents near Queensboro Bridge; streets named,sonnet,reworded
MCB8,2026,8b978d39c498,2027,1bbb5ba44bf1,0.864,same,identical Stanley Isaacs Playground repairs at 96th Street,sonnet,reworded
MCB8,2026,ca88d36f17e9,2027,2b85f9f68946,0.952,same,same Andrew Haswell Green Phase 2B work,sonnet,reworded
MCB8,2026,9b0252b32991,2027,38d44f149d9d,0.631,same,same DOHMH enforcement of food vendor rules,sonnet,reworded
MCB8,2026,770a24b42718,2027,40ea34d9224b,0.692,same,same ACS funding for abuse and neglect prevention,sonnet,reworded
MCB8,2026,0dbd8d8c11f3,2027,447bc1bdb6a7,0.762,same,same 3-K and Pre-K seats; SCA to DOE,sonnet,reworded
MCB8,2024,571e1d5dee14,2027,447bc1bdb6a7,0.58,different,"seats at every school level, then 3K and Pre-K seats only",resolved,reworded
MCB8,2026,df5e158be1c2,2027,45a538575f9c,0.724,same,same catch basin cleaning at 2nd Avenue and 87th; more locations,sonnet,reworded
MCB8,2026,df5e158be1c2,2027,4871685d1f58,0.679,same,same catch basin cleaning at 87th and Second; more locations,sonnet,reworded
MCB8,2026,f24ca0a32c54,2027,4ec0d5caa6cf,0.453,same,same 72nd and Second NW corner drainage; fix unspecified now,sonnet,reworded
MCB8,2026,43732c201033,2027,55032fbd54c9,0.56,different,Seabury Playground reconstruction versus restroom building renovation,sonnet,reworded
MCB8,2026,9ecd7465f5ae,2027,5f33c6117243,0.578,same,same Ruppert Park reconstruction and restroom; expedite wording,sonnet,reworded
MCB8,2026,36b1593c543a,2027,76f0ec4dfa0d,0.534,same,"same rodent control, 85th Street; 88th Street added",sonnet,reworded
MCB8,2026,fc4f3db2028b,2027,7d1c680e6de0,0.735,same,same planting of missing street trees,sonnet,reworded
MCB8,2026,5a0e3a169cc7,2027,7e4b5e06b8e6,0.465,same,same exterminators in all parks; rodent-resistant plants added,sonnet,reworded
MCB8,2026,19f6093cb7d0,2027,7ea80eb277dd,0.871,same,same funding for community board staff retention and pay,sonnet,reworded
MCB8,2026,0ee7956ae1ce,2027,81b52f2dedf7,0.574,same,"parking enforcement, one component of earlier bundle, now stands alone",sonnet,reworded
MCB8,2026,34b6624baf68,2027,82376f79a92c,0.676,same,identical DOT outdoor dining inspectors request,sonnet,reworded
MCB8,2026,0062041f2689,2027,8faeda977625,0.325,different,"67th Street library lift repair versus facade, windows and HVAC",sonnet,reworded
MCB8,2026,6806258a39d9,2027,b963ecf2d739,0.349,different,Isaacs Center youth services versus rodent extermination at Isaacs Houses,sonnet,reworded
MCB8,2026,8e508324d1bd,2027,c5d72e0043ab,0.619,same,same Board of Elections poll sites and machine technicians,sonnet,reworded
MCB8,2026,8a8d033b019e,2027,c98f6e37d3f4,0.717,same,same permanent housing for homeless; HRA to DHS,sonnet,reworded
MCB8,2026,a3b732ca919c,2027,ca63c25a6f72,0.81,same,same DOB inspectors and auditors for code enforcement,sonnet,reworded
MCB8,2026,dbc5a49cc6ff,2027,ccc791f4e823,0.859,same,same Out of School Time and daycare funding,sonnet,reworded
MCB8,2026,0645116714eb,2027,e082f0d1b85b,0.834,same,"same small business grants, loans and support; services added",sonnet,reworded
MCB8,2026,e90142860de3,2027,e1eb21b06b2c,0.635,same,"same East River Esplanade structural and seawall repair, 59th to 96th",sonnet,reworded
MCB8,2026,0bce4ffd6f8f,2027,eb64a74ee45a,0.916,same,same 24 Sycamores Park reconstruction; earlier entry only a name,sonnet,reworded
MCB8,2026,f65094ea072b,2027,ec2121c7f503,0.389,same,"same mobile food vendor inspectors; outdoor dining dropped, agency shifted to DSNY",sonnet,reworded
MCB8,2026,75ffbe39e6d6,2027,fdc4d98a31f3,0.912,same,identical Carl Schurz Park restroom renovation,sonnet,reworded
MCB9,2020,b05e13d15400,2021,10284eaa62ea,0.849,same,same pruning of trees to deter illegal activity in parks,sonnet,reworded
MCB9,2020,e04a617a6464,2021,11e8725be314,0.896,same,same developer incentive for affordable artist housing,sonnet,reworded
MCB9,2020,36dc1008dc1a,2021,141270d2d50d,0.966,same,same NYPD LGBTQ Outreach Unit funding; 30th Precinct added,sonnet,reworded
MCB9,2020,024baeb7c62a,2021,14759ca9616d,0.916,same,"same Morningside Park stairs at 114th and 122nd, lighting",sonnet,reworded
MCB9,2020,b203ca237e65,2021,14a769da60ee,0.599,same,same adult job training and placement funding; HRA to SBS,sonnet,reworded
MCB9,2020,2624ebb55277,2021,2002170c587c,0.802,same,same NYCHA maintenance staff for garbage control,sonnet,reworded
MCB9,2020,443faea5902d,2021,2351d7b841db,0.623,same,same Morningside Heights rezoning study,sonnet,reworded
MCB9,2020,719475824730,2021,2dc0e23e3ddc,0.827,same,same additional Housing Bureau police,sonnet,reworded
MCB9,2020,86de967b1ec5,2021,2ea2651fcb8c,0.92,same,same Manhattanville Houses architectural renovations,sonnet,reworded
MCB9,2020,a86bdcca1c2b,2021,3ad4b6963a4f,0.844,same,same Morningside Park baseball field renovation,sonnet,reworded
MCB9,2020,5d43e525d773,2021,4da1d1bbb7a4,0.771,same,same culturally sensitive curriculum for CD9 schools,sonnet,reworded
MCB9,2020,8ae031537a3b,2021,520f68fd5eee,0.917,same,same tax incentives for developers to include art spaces,sonnet,reworded
MCB9,2020,bab2b9cc5ea2,2021,638e92f77bc2,0.519,different,LGBTQ youth housing versus general supportive housing,sonnet,reworded
MCB9,2020,452b02cf9412,2021,6595a64c5918,0.879,same,"same 12th Avenue sewer, sinkhole, repaving and sidewalk work",sonnet,reworded
MCB9,2020,8eb2f6f8e995,2021,6e05962ea3d5,0.892,same,same NYCHA recycling facilities funding; agency listed differently,sonnet,reworded
MCB9,2020,8eb2f6f8e995,2021,6ef0506812f4,0.373,different,NYCHA recycling facilities versus library facility upgrades,sonnet,reworded
MCB9,2020,1ad200ab9550,2021,7f500e20e4db,0.471,same,same Grant Houses day care playground at 1299 Amsterdam Avenue,sonnet,reworded
MCB9,2020,6ad0e88df74a,2021,86169cc36192,0.689,same,same St. Nicholas Park playground renovation,sonnet,reworded
MCB9,2020,89ec68cf7878,2021,884fbfd8c0f3,0.891,same,same six full-time park workers for same three parks,sonnet,reworded
MCB9,2020,37bfcd4a00af,2021,8a7ac0abb111,0.498,unsure,bike path lighting and other safety measures versus specific speed bumps and bollards,sonnet,reworded
MCB9,2020,783515e99290,2021,92f6f7b49cf4,0.504,same,same Hamilton Grange Library window replacement,sonnet,reworded
MCB9,2020,f90483db092c,2021,948f71a1fbf1,0.422,unsure,specific comfort stations versus generic category text with no detail,sonnet,reworded
MCB9,2020,045c25d68c46,2021,9bc27407b13d,0.915,same,same Tenant Interim Lease building repairs,sonnet,reworded
MCB9,2020,0f2f3707fd64,2021,a7dfd79b9f54,0.59,same,same NYCHA security personnel hiring,sonnet,reworded
MCB9,2020,4f302c950c46,2021,af4d7a49350a,0.475,same,same laptops for local libraries,sonnet,reworded
MCB9,2020,649a6eec1f79,2021,af89a476ba9c,0.958,same,same DYCD youth outreach to connect families with resources,sonnet,reworded
MCB9,2020,95ebbc7448e9,2021,b1a9917db535,0.347,different,LGBTQ immigrant outreach versus homeless street outreach,sonnet,reworded
MCB9,2020,703f0481d8c0,2021,c5b14c30d2a3,0.701,same,same security cameras and front-door security at three NYCHA houses,sonnet,reworded
MCB9,2020,0665d9e5a273,2021,d0f7d2292793,0.69,same,same Jacob Schiff Playground renovation on Amsterdam Avenue,sonnet,reworded
MCB9,2020,6a9e6756ac43,2021,d21240bb2fcf,0.405,different,K-8 school construction versus senior housing,sonnet,reworded
MCB9,2020,eb4becd00f95,2021,d5279ff816d4,0.815,same,same LGBTQ immigrant outreach; immigrant scope broadened,sonnet,reworded
MCB9,2020,069844441edb,2021,dcab536dceab,0.853,same,same Artisan Market space acquisition,sonnet,reworded
MCB9,2020,c7b6a14ae9cc,2021,edd2d0531c27,0.859,same,same Alexander Hamilton Playground renovation at Hamilton Place,sonnet,reworded
MCB9,2020,37bfcd4a00af,2021,ee1fe41c0e94,0.357,different,bike path lighting versus speed bumps and bollards,resolved,reworded
MCB9,2020,86de967b1ec5,2021,fc665897658f,0.634,different,"different NYCHA site, Manhattanville Houses versus Audubon Houses",sonnet,reworded
MCB9,2021,433594dbb962,2022,08dff6a95ec7,0.582,same,same Section 202 senior housing restoration; NORC focus added,sonnet,reworded
MCB9,2021,4f2ea181c8ae,2022,175d0ed314c8,0.831,same,same technical assistance for struggling HDFCs; homeowners added,sonnet,reworded
MCB9,2021,fe9247ec9548,2022,3cf03339a9d7,0.883,same,same low-interest HDFC repair loans; homeowners added,sonnet,reworded
MCB9,2021,0630ef667c2a,2022,421c20a94326,0.948,same,"same Annunciation Park turf, playground, security and lighting work",sonnet,reworded
MCB9,2021,6595a64c5918,2022,6d9ec50fb8e8,0.871,same,"same 12th Avenue sewer, sinkhole and repaving work; interceptor detail added",sonnet,reworded
MCB9,2020,434cdc219fe5,2022,7a1645e337a8,0.425,same,same HPD code enforcement personnel funding,sonnet,reworded
MCB9,2021,b1a9917db535,2022,a90cac548479,0.541,different,homeless outreach generally versus outreach to homeless LGBTQ youth,sonnet,reworded
MCB9,2020,95ebbc7448e9,2022,a90cac548479,0.381,different,LGBTQ immigrant outreach versus homeless LGBTQ youth outreach,sonnet,reworded
MCB9,2021,c1767f3fb0d2,2022,aa98670c0e7b,0.668,same,same NYPD parking facilities; 26th and 30th named,sonnet,reworded
MCB9,2021,456b9e010335,2022,ab9a03f8de07,0.756,same,same 30th Precinct ADA renovation; 26th Precinct added,sonnet,reworded
MCB9,2021,791738401851,2022,adfb4742f8f8,0.646,same,same 611 West 112th Street SRO acquisition for LGBTQ housing,sonnet,reworded
MCB9,2021,edd2d0531c27@6ec908,2022,b0764cbd4a85@4ab2d5,1.0,same,same Alexander Hamilton Playground at Hamilton Place; cross streets differ,sonnet,site
MCB9,2021,14759ca9616d,2022,c3140a5faf1a,0.843,same,"same Morningside Park stairs at 114th and 122nd, lighting",sonnet,reworded
MCB9,2021,c1e9681f998b,2022,dfb7f8811e8c,0.642,same,same pest and rat control; other pests added,sonnet,reworded
MCB9,2021,7f500e20e4db,2022,e22e7da03b2e,0.422,same,same Grant Houses day care playground at 1299 Amsterdam Avenue,sonnet,reworded
MCB9,2021,af4d7a49350a,2022,fda0de3a7e04,0.51,same,same library laptops; WiFi hotspots added,sonnet,reworded
MCB9,2022,47895f6582c5,2023,310f6dd0a30c,0.32,different,St. Nicholas Park playground versus Wilson Major Morris Center roof and interior,sonnet,reworded
MCB9,2022,92f6f7b49cf4,2023,3485a173c5c7,0.301,unsure,Hamilton Grange windows now one item in broad two-library package,sonnet,reworded
MCB9,2022,4dfc5c050b9d,2023,4dfc5c050b9d,0.921,same,same supportive housing at Childs Memorial Tabernacle site,sonnet,reworded
MCB9,2022,92f6f7b49cf4,2023,53a97511662c,0.301,unsure,Hamilton Grange windows now one item in broad two-library package,sonnet,reworded
MCB9,2022,8981368a5bf0,2023,75ed0fe4e8f0,0.983,same,"same Cure Violence expansion into Hamilton Heights, W 134th to 143rd",sonnet,reworded
MCB9,2021,d0f7d2292793@93bd09,2023,806fbd6eb8a8@ad39d1,1.0,same,same Jacob Schiff playground on Amsterdam Ave; cross streets cut short,sonnet,site
MCB9,2022,222b81906a19@93bd09,2023,806fbd6eb8a8@ad39d1,1.0,same,same Jacob Schiff playground on Amsterdam Ave; cross streets cut short,sonnet,site
MCB9,2022,c644ca1f9727,2023,80d947f0709c,0.469,unsure,maintain six-day library service versus outdoor programming and digital services,sonnet,reworded
MCB9,2022,3eab2fb91fb7,2023,9639952f33af,0.915,same,same 3560 Broadway theater and air-rights affordable housing project,sonnet,reworded
MCB9,2022,8b7aebabed66,2023,c1730477563d,0.725,same,same PEP officers; now names Jacob Schiff Park as the high-crime area,sonnet,reworded
MCB9,2022,ab9a03f8de07,2023,effbac795cb3,0.358,different,precinct ADA renovation versus WiFi and tablets for seniors,sonnet,reworded
MCB9,2021,948f71a1fbf1,2023,f5daa1801936,0.75,unsure,generic park request versus St. Nicholas Park Playground,sonnet,reworded
MCB9,2023,e879db9da1d8,2024,0517cab4a663,0.974,same,identical food distribution and anti-hunger efforts request,sonnet,reworded
MCB9,2022,47895f6582c5,2024,1b0cf578bf61,0.326,different,St. Nicholas playground renovation versus closed staircase at 134th Street,sonnet,reworded
MCB9,2023,f5daa1801936,2024,1b0cf578bf61,0.305,different,St. Nicholas Playground renovation versus reopening the 134th Street staircase,sonnet,reworded
MCB9,2021,d0f7d2292793@93bd09,2024,806fbd6eb8a8@ad39d1,1.0,same,same Jacob Schiff playground on Amsterdam Ave; cross streets cut short,sonnet,site
MCB9,2022,222b81906a19@93bd09,2024,806fbd6eb8a8@ad39d1,1.0,same,same Jacob Schiff playground on Amsterdam Ave; cross streets cut short,sonnet,site
MCB9,2023,8c5802491164,2024,cabf275a48a1,0.906,same,same new or expanded facility for Columbia Secondary School at 425 W 123rd,sonnet,reworded
MCB9,2021,3ad4b6963a4f,2024,d8919dd543d9,0.435,different,Morningside baseball field versus PS 36 professional development,sonnet,reworded
MCB9,2023,adfb4742f8f8,2024,dca3b59227dc,0.498,different,"a different building, 611 West 112th versus 610 West 111th Street",resolved,reworded
MCB9,2024,4dfc5c050b9d,2025,4dfc5c050b9d,0.921,same,same supportive housing at Childs Memorial Tabernacle site,sonnet,reworded
MCB9,2021,d0f7d2292793@93bd09,2025,806fbd6eb8a8@ad39d1,1.0,same,same Jacob Schiff playground on Amsterdam Ave; cross streets cut short,sonnet,site
MCB9,2022,222b81906a19@93bd09,2025,806fbd6eb8a8@ad39d1,1.0,same,same Jacob Schiff playground on Amsterdam Ave; cross streets cut short,sonnet,site
MCB9,2024,0517cab4a663,2025,e879db9da1d8,0.974,same,"same food distribution request, DASNY typo for DSNY",sonnet,reworded
MCB9,2024,078e83bae2c1,2025,f5daa1801936,0.382,different,stairs rebuilding versus playground renovation; different work in St. Nicholas Park,sonnet,reworded
MCB9,2021,86169cc36192@9d15cc,2025,f5daa1801936@32b3dc,1.0,different,"the West 140th Street playground through FY2022, the West 133rd Street one from FY2025",resolved,site
MCB9,2022,47895f6582c5@9d15cc,2025,f5daa1801936@32b3dc,1.0,different,"the West 140th Street playground through FY2022, the West 133rd Street one from FY2025",resolved,site
MCB9,2025,4dfc5c050b9d,2026,075e54936b26,0.918,same,same supportive housing at Childs Memorial Tabernacle site,sonnet,reworded
MCB9,2025,819240d972f9,2026,5c212467d09f,0.951,same,"same youth outreach funding, enrichment wording added",sonnet,reworded
MCB9,2025,806fbd6eb8a8,2026,964d6bc9327d,0.834,same,same Jacob Schiff Park playground renovation on Amsterdam Avenue,sonnet,reworded
MCB9,2025,6f7ccefd9679,2026,a80b8c9957fc,0.332,different,stairs and lighting versus rec area courts and picnic reconstruction,sonnet,reworded
MCB9,2025,d193bc906d28,2026,d193bc906d28,1.0,unsure,no explanation in either year,rule,reworded
MCB9,2025,828047d70336,2026,d5d37b2aa78e,0.875,same,"same youth mental health funding, anti-bullying detail added",sonnet,reworded
MCB9,2025,dd7373a91fd3,2026,deeb99b92434,0.859,same,"same senior WiFi and tablets, digital literacy added",sonnet,reworded
MCB9,2026,c34b26cdf9cc,2027,295dfd28d398,0.888,same,same Hamilton Grange Senior Center flood repair,sonnet,reworded
MCB9,2026,95bbe7a09f66,2027,2c605a464bb8,0.357,different,playground renovation versus daylighting at different intersection,sonnet,reworded
MCB9,2026,a48cf972db69,2027,40507cf724e4,0.36,different,corridor streetscape plan versus one intersection daylighting,sonnet,reworded
MCB9,2026,95bbe7a09f66,2027,4a946e753c23,0.328,different,playground renovation versus daylighting at different intersection,sonnet,reworded
MCB9,2026,b4bc5e6e6881,2027,51855462b33e,0.42,different,music teacher versus literacy interventionist at PS 125,sonnet,reworded
MCB9,2026,91f119c7c4db,2027,831423c7e1b0,0.746,same,same laptops and WiFi for all schools,sonnet,reworded
MCB9,2026,d18455559606,2027,9cfbd2d90be9,0.336,different,lighting versus widening and separating paths on Cherry Walk,sonnet,reworded
MCB9,2026,cfd23baa5f78,2027,b0798bef349f,0.629,unsure,"angle parking dropped; same intersection, shared crosswalk shortening",sonnet,reworded
MCB9,2026,075e54936b26,2027,d6a83453c681,1.0,same,same Childs Memorial Tabernacle supportive housing site,sonnet,reworded
QCB1,2020,730fa5a728f4,2021,074341f81154,0.503,same,same additional TLC inspectors,sonnet,reworded
QCB1,2020,4cfef8b80f3f,2021,0eab061171d2,0.552,different,new Whitey Ford Field comfort station versus Hallets Cove comfort station repair,sonnet,reworded
QCB1,2020,c700a3f4e188,2021,1eca95adff32,0.779,same,"same elderly services request, identical wording",sonnet,reworded
QCB1,2020,faa24d932efd,2021,3940faf8985b,0.733,same,same ice skating rink at Astoria Pool Complex,sonnet,reworded
QCB1,2020,0e8717a662dd,2021,4dedc1d30fa6,0.884,same,same 16-passenger van for Parks personnel,sonnet,reworded
QCB1,2020,f29467f73c3a,2021,614f8c0613d6,0.412,same,same catch basin cleaning manpower in CD1,sonnet,reworded
QCB1,2020,4196c982b227,2021,676854644ae0,0.352,same,same added manpower for street repair,sonnet,reworded
QCB1,2020,4ca5cc0a3c68,2021,7bf230819326,0.82,same,same full-time park maintenance workers for CD1,sonnet,reworded
QCB1,2020,6b505ae9e53b,2021,a3d52281ff6d,0.322,different,Hallets Cove pier reconstruction versus waterfront cleanup at 36th Avenue,sonnet,reworded
QCB1,2020,e93a46926a2d,2021,a64d7a79ed92,0.983,same,same additional building inspectors for CD1,sonnet,reworded
QCB1,2020,0f46a5d0c2f4,2021,a6a656eddb73,0.712,same,same taxi smart card pilot program for CD1,sonnet,reworded
QCB1,2020,01e3ec0d539e,2021,badd0e7dd884,0.677,same,same additional restaurant and rodent health inspectors,sonnet,reworded
QCB1,2020,58f775a41fb1,2021,c531b077ba30,0.653,same,same added uniformed officers for 114 Precinct,sonnet,reworded
QCB1,2020,b0317320b728,2021,c7eca140e0cb,0.685,same,same library funding and security cameras in CD1,sonnet,reworded
QCB1,2020,772c5d10f00c,2021,e4c19bf4df2e,0.322,different,"different study area, Ravenswood versus Northern Blvd",sonnet,reworded
QCB1,2020,d663349d251a,2021,e851b0492988,0.305,same,"same sanitation police and graffiti core; garage dropped, derelict cars added",sonnet,reworded
QCB1,2020,1206f92d9d32,2021,f4a43f05fccc,0.918,same,same ADA roll-out mat for Astoria Park Great Lawn,sonnet,reworded
QCB1,2021,614f8c0613d6,2022,01bdc765b732,0.85,same,same catch basin cleaning manpower request,sonnet,reworded
QCB1,2021,ad25d3462288,2022,77b006aa016e,0.818,same,"same tech labs in SD30 schools, capital versus expense",sonnet,reworded
QCB1,2021,6b5498ebf8d7,2022,b2de8e274d0e,0.433,same,"same Queensbridge Park renovation, concession building dropped",sonnet,reworded
QCB1,2021,30438331bf8e,2022,cb6d7b26c13e,0.732,same,"same science labs in SD30 schools, capital versus expense",sonnet,reworded
QCB1,2021,bbceff724cdd,2022,e47bf9a49d47,0.701,same,"same Rainey Park renovation, fewer listed items",sonnet,reworded
QCB1,2021,db4162fe13d4,2022,f869783532f4,0.965,same,"same vocational training request, identical wording",sonnet,reworded
QCB1,2022,77b006aa016e,2023,19371b8cca42,1.0,same,same technology labs in SD30 schools,sonnet,reworded
QCB1,2022,74bfa782561e,2023,357217e0b247,0.893,same,same 32 Street combined sewer reconstruction,sonnet,reworded
QCB1,2022,64583e8ebd48,2023,517ba1a27e7f,0.948,same,same air and noise monitoring in CD1,sonnet,reworded
QCB1,2022,cb6d7b26c13e,2023,5a622cb10ebe,0.877,same,same science labs in SD30 schools,sonnet,reworded
QCB1,2022,065367762f98,2023,5ca21b5b4f26,0.884,same,same tablets for low and mid-income seniors,sonnet,reworded
QCB1,2022,f30ee7a1558b,2023,79071cc39f77,0.898,same,same roll-out ADA platform mat for Astoria Park Great Lawn,sonnet,reworded
QCB1,2022,16cb4452d318,2023,79d099007a4b,0.946,same,same Astoria Park Great Lawn power supply,sonnet,reworded
QCB1,2022,90dbec880b2f,2023,83c1703eab80,0.708,same,same 5G electromagnetic radiation study,sonnet,reworded
QCB1,2022,90c0f9ee11f1,2023,a1f25703a917,0.966,same,same derelict car removal funding in CD1,sonnet,reworded
QCB1,2022,09e322f98beb,2023,c3d0f9b629a6,0.96,same,same Parks employee for early Socrates Sculpture Park opening,sonnet,reworded
QCB1,2022,eada26371bf7,2023,d31b773d5da6,0.848,same,same Hallets Cove promenade resurfacing at Astoria Houses,sonnet,reworded
QCB1,2022,7af576126f74,2023,d9e5bd1c59ad,0.867,same,same technology training programs for seniors,sonnet,reworded
QCB1,2022,dcfadd46e1dd,2023,dcfadd46e1dd,0.954,same,same SD30 STEM funding request,sonnet,reworded
QCB1,2022,e68af7515774,2023,f2c2517f9619,0.843,same,same HPD Community Land Trust funding,sonnet,reworded
QCB1,2022,659b6de7f2bf,2023,f3784ed38ea3,0.936,same,same Mt. Sinai Queens sixth-floor ICU funding,sonnet,reworded
QCB1,2022,ddfbfa4d64a5,2023,f885006174a3,0.94,same,same 16-passenger van for Parks personnel,sonnet,reworded
QCB1,2020,f4c2b1a05655@956e24,2024,1bdc6188ba5c@8a0ab1,1.0,same,same Dutch Kills Playground named in text; other street recorded,sonnet,site
QCB1,2021,f4c2b1a05655@956e24,2024,1bdc6188ba5c@8a0ab1,1.0,same,same Dutch Kills Playground named in text; other street recorded,sonnet,site
QCB1,2022,f4c2b1a05655@956e24,2024,1bdc6188ba5c@8a0ab1,1.0,same,same Dutch Kills Playground named in text; other street recorded,sonnet,site
QCB1,2023,1bdc6188ba5c@956e24,2024,1bdc6188ba5c@8a0ab1,1.0,same,same Dutch Kills Playground named in text; other street recorded,sonnet,site
QCB1,2021,3940faf8985b@fdf013,2024,3940faf8985b@993c76,1.0,same,same Astoria Park pool complex ice rink; fuller versus shorter park name,sonnet,site
QCB1,2022,4759ff792255@e920dd,2024,3940faf8985b@993c76,1.0,same,same Astoria Park pool complex ice rink; fuller versus shorter park name,sonnet,site
QCB1,2023,4759ff792255@e920dd,2024,3940faf8985b@993c76,1.0,same,same Astoria Park pool complex ice rink; fuller versus shorter park name,sonnet,site
QCB1,2023,79d099007a4b@f86415,2024,5dbe63319175@6d288d,1.0,same,same Astoria Park Great Lawn power supply named in text; other street,sonnet,site
QCB1,2023,bd1cdd71d07a,2024,6b8cf5eb7b08,0.331,different,Ditmars Playground comfort station versus Belgian block crosswalks,sonnet,reworded
QCB1,2020,ff97eb0fc5ef@40c512,2024,708c8571544e@82349f,1.0,same,same Woodtree Playground named in text; other street recorded,sonnet,site
QCB1,2021,ff97eb0fc5ef@40c512,2024,708c8571544e@82349f,1.0,same,same Woodtree Playground named in text; other street recorded,sonnet,site
QCB1,2022,ff97eb0fc5ef@40c512,2024,708c8571544e@82349f,1.0,same,same Woodtree Playground named in text; other street recorded,sonnet,site
QCB1,2023,ff97eb0fc5ef@40c512,2024,708c8571544e@82349f,1.0,same,same Woodtree Playground named in text; other street recorded,sonnet,site
QCB1,2020,a92bd327f537@5308a4,2024,7253dd07106d@fc000f,1.0,same,same QW1 sanitation garage named in text; address versus street only,sonnet,site
QCB1,2021,a92bd327f537@5308a4,2024,7253dd07106d@fc000f,1.0,same,same QW1 sanitation garage named in text; address versus street only,sonnet,site
QCB1,2022,a92bd327f537@5308a4,2024,7253dd07106d@fc000f,1.0,same,same QW1 sanitation garage named in text; address versus street only,sonnet,site
QCB1,2023,548368eae53f@5308a4,2024,7253dd07106d@fc000f,1.0,same,same QW1 sanitation garage named in text; address versus street only,sonnet,site
QCB1,2020,4cfef8b80f3f@64611d,2024,b7ae8f0b34a9@cf945f,1.0,same,same Whitey Ford Field comfort station named in text; other street recorded,sonnet,site
QCB1,2021,2e516a3c6d6a@64611d,2024,b7ae8f0b34a9@cf945f,1.0,same,same Whitey Ford Field comfort station named in text; other street recorded,sonnet,site
QCB1,2022,2e516a3c6d6a@64611d,2024,b7ae8f0b34a9@cf945f,1.0,same,same Whitey Ford Field comfort station named in text; other street recorded,sonnet,site
QCB1,2023,2e516a3c6d6a@64611d,2024,b7ae8f0b34a9@cf945f,1.0,same,same Whitey Ford Field comfort station named in text; other street recorded,sonnet,site
QCB1,2020,8a7a8c4604ca@3c17b9,2024,f54ec3ab5d89@e7ab95,1.0,same,same Whitey Ford Field seawall named in text; other street recorded,sonnet,site
QCB1,2021,8a7a8c4604ca@c1bf5a,2024,f54ec3ab5d89@e7ab95,1.0,same,same Whitey Ford Field seawall named in text; other street recorded,sonnet,site
QCB1,2022,7ce5436954cc@c1bf5a,2024,f54ec3ab5d89@e7ab95,1.0,same,same Whitey Ford Field seawall named in text; other street recorded,sonnet,site
QCB1,2023,8a7a8c4604ca@c1bf5a,2024,f54ec3ab5d89@e7ab95,1.0,same,same Whitey Ford Field seawall named in text; other street recorded,sonnet,site
QCB1,2020,f4c2b1a05655@956e24,2025,1bdc6188ba5c@8a0ab1,1.0,same,same Dutch Kills Playground named in text; other street recorded,sonnet,site
QCB1,2021,f4c2b1a05655@956e24,2025,1bdc6188ba5c@8a0ab1,1.0,same,same Dutch Kills Playground named in text; other street recorded,sonnet,site
QCB1,2022,f4c2b1a05655@956e24,2025,1bdc6188ba5c@8a0ab1,1.0,same,same Dutch Kills Playground named in text; other street recorded,sonnet,site
QCB1,2023,1bdc6188ba5c@956e24,2025,1bdc6188ba5c@8a0ab1,1.0,same,same Dutch Kills Playground named in text; other street recorded,sonnet,site
QCB1,2021,3940faf8985b@fdf013,2025,3940faf8985b@993c76,1.0,same,same Astoria Park pool complex ice rink; fuller versus shorter park name,sonnet,site
QCB1,2022,4759ff792255@e920dd,2025,3940faf8985b@993c76,1.0,same,same Astoria Park pool complex ice rink; fuller versus shorter park name,sonnet,site
QCB1,2023,4759ff792255@e920dd,2025,3940faf8985b@993c76,1.0,same,same Astoria Park pool complex ice rink; fuller versus shorter park name,sonnet,site
QCB1,2020,a92bd327f537@5308a4,2025,548368eae53f@fc000f,1.0,same,same QW1 sanitation garage named in text; address versus street only,sonnet,site
QCB1,2021,a92bd327f537@5308a4,2025,548368eae53f@fc000f,1.0,same,same QW1 sanitation garage named in text; address versus street only,sonnet,site
QCB1,2022,a92bd327f537@5308a4,2025,548368eae53f@fc000f,1.0,same,same QW1 sanitation garage named in text; address versus street only,sonnet,site
QCB1,2023,548368eae53f@5308a4,2025,548368eae53f@fc000f,1.0,same,same QW1 sanitation garage named in text; address versus street only,sonnet,site
QCB1,2020,4cfef8b80f3f@64611d,2025,77d55e65daa3@cf945f,1.0,same,same Whitey Ford Field comfort station named in text; other street recorded,sonnet,site
QCB1,2021,2e516a3c6d6a@64611d,2025,77d55e65daa3@cf945f,1.0,same,same Whitey Ford Field comfort station named in text; other street recorded,sonnet,site
QCB1,2022,2e516a3c6d6a@64611d,2025,77d55e65daa3@cf945f,1.0,same,same Whitey Ford Field comfort station named in text; other street recorded,sonnet,site
QCB1,2023,2e516a3c6d6a@64611d,2025,77d55e65daa3@cf945f,1.0,same,same Whitey Ford Field comfort station named in text; other street recorded,sonnet,site
QCB1,2020,8a7a8c4604ca@3c17b9,2025,8a7a8c4604ca@e7ab95,1.0,same,same Whitey Ford Field seawall named in text; other street recorded,sonnet,site
QCB1,2021,8a7a8c4604ca@c1bf5a,2025,8a7a8c4604ca@e7ab95,1.0,same,same Whitey Ford Field seawall named in text; other street recorded,sonnet,site
QCB1,2022,7ce5436954cc@c1bf5a,2025,8a7a8c4604ca@e7ab95,1.0,same,same Whitey Ford Field seawall named in text; other street recorded,sonnet,site
QCB1,2023,8a7a8c4604ca@c1bf5a,2025,8a7a8c4604ca@e7ab95,1.0,same,same Whitey Ford Field seawall named in text; other street recorded,sonnet,site
QCB1,2024,a550c3c3ba3c,2025,bf8d1aa7732d,0.566,same,"same RFK bridge bike ramp, study phase versus construction",sonnet,reworded
QCB1,2023,79d099007a4b@f86415,2025,e96be9a41421@6d288d,1.0,same,same Astoria Park Great Lawn power supply named in text; other street,sonnet,site
QCB1,2020,ff97eb0fc5ef@40c512,2025,ff97eb0fc5ef@82349f,1.0,same,same Woodtree Playground named in text; other street recorded,sonnet,site
QCB1,2021,ff97eb0fc5ef@40c512,2025,ff97eb0fc5ef@82349f,1.0,same,same Woodtree Playground named in text; other street recorded,sonnet,site
QCB1,2022,ff97eb0fc5ef@40c512,2025,ff97eb0fc5ef@82349f,1.0,same,same Woodtree Playground named in text; other street recorded,sonnet,site
QCB1,2023,ff97eb0fc5ef@40c512,2025,ff97eb0fc5ef@82349f,1.0,same,same Woodtree Playground named in text; other street recorded,sonnet,site
QCB1,2025,a45c1eb1e859,2026,1249d88596d2,0.798,same,same 20th Road sewer main replacement,sonnet,reworded
QCB1,2025,45391d06f132,2026,5937b21eec10,0.717,same,same DOE study to locate sites for new schools,sonnet,reworded
QCB1,2025,99108758f017,2026,5d6026b29878,0.359,different,"Socrates Park seawall repair versus drainage, elevated lawn and plantings",sonnet,reworded
QCB1,2025,f623808ebcaf,2026,9446e2a445d2,0.325,different,NYCHA repairs versus dedicated Section 9 housing,sonnet,reworded
QCB1,2021,3940faf8985b@fdf013,2026,9e98efa15088,1.0,same,same Astoria Park pool complex ice rink; location moved into explanation,sonnet,site
QCB1,2022,4759ff792255@e920dd,2026,9e98efa15088,1.0,same,same Astoria Park pool complex ice rink; location moved into explanation,sonnet,site
QCB1,2023,4759ff792255@e920dd,2026,9e98efa15088,1.0,same,same Astoria Park pool complex ice rink; location moved into explanation,sonnet,site
QCB1,2025,6d64f6871efb,2026,e2534e0762fe,0.573,different,ball field and waterfront access versus dog run at Whitey Ford Field,sonnet,reworded
QCB1,2026,5abf9918f9c2,2027,065e068027e7,0.702,same,"same drug awareness education, vaping and parent training added",sonnet,reworded
QCB1,2025,f695d69e7fa6,2027,0816474f50f5,0.505,same,same FDNY battery concrete saw kits,sonnet,reworded
QCB1,2026,1249d88596d2,2027,2cb69a2b2537,0.98,same,same 20th Road and 21st Street sewer main replacement,sonnet,reworded
QCB1,2026,967fb782ca05,2027,2eb26ece8009,0.926,same,same permanent generators in every fire house,sonnet,reworded
QCB1,2026,491279031a61,2027,4393a830f8ba,0.868,same,"same CD1Q senior center upgrades, identical wording",sonnet,reworded
QCB1,2026,1dd2b7783f3a,2027,487833446575,0.758,same,same evening inspectors with NYPD for MARCHES,sonnet,reworded
QCB1,2026,41f3035d0b53,2027,4d0208891759,0.836,same,"same dance, music and theater funding for schools",sonnet,reworded
QCB1,2026,9e98efa15088,2027,a0261216f339,0.463,unsure,"capital ice rink versus expense winter activation, market or rink",sonnet,reworded
QCB1,2026,289669c0dad6,2027,a8c678dbab9c,0.825,same,same park sanitation pickups and receptacles,sonnet,reworded
QCB1,2026,df5a4bacf4b1,2027,c13738b3dbcc,0.857,same,same additional senior center staffing,sonnet,reworded
QCB1,2026,92cb91acb3b8,2027,cede00a70456,0.521,same,"same added health inspectors, bars and nightlife added",sonnet,reworded
QCB1,2025,0f350c16490b,2027,d7146d63687c,0.466,same,same Northern Boulevard land use study in CD1,sonnet,reworded
QCB1,2026,fbfadd6860cf,2027,d7146d63687c,0.37,different,"different study area, Ravenswood versus Northern Boulevard",sonnet,reworded
QCB10,2020,0e4347e3cd23,2021,0e4347e3cd23,1.0,same,identical SNAP outreach campaign request,sonnet,reworded
QCB10,2020,dd6a3fc29e70,2021,2a5910e9140e,0.317,unsure,now text names no equipment; cannot tell if generators,sonnet,reworded
QCB10,2020,a9dc05f0683e,2021,31011bb8f199,0.837,same,same added DOB staff to address illegal conversions,sonnet,reworded
QCB10,2020,c3bac2684be3,2021,32eeabe5a6e1,0.651,unsure,then location not stated; now names P.O. Edward Byrne Park,sonnet,reworded
QCB10,2020,dd6a3fc29e70,2021,33f3e6b41ca5,0.97,same,identical purchase of generators request,sonnet,reworded
QCB10,2020,b0d782502168,2021,415c280e57c6,0.65,same,same five-day HRA site and staffing in CD10Q,sonnet,reworded
QCB10,2020,628a551c2df3,2021,628a551c2df3,1.0,same,identical Judge Park playground upgrade request,sonnet,reworded
QCB10,2020,74ea786e4ef6,2021,74ea786e4ef6,1.0,same,identical precinct locker room upgrade request,sonnet,reworded
QCB10,2020,8fed1a57fe8d,2021,8841cfaf3042,0.939,same,identical daily park maintenance equipment request,sonnet,reworded
QCB10,2020,97109bf25b19,2021,8fb587aa6a78,0.895,same,same added DOT engineering and planning staff,sonnet,reworded
QCB10,2020,94c2b88ac1eb,2021,94c2b88ac1eb,1.0,same,identical request for JTP workers for cleaning,sonnet,reworded
QCB10,2020,9b20da743752,2021,9b20da743752,1.0,same,identical mental health services support request,sonnet,reworded
QCB10,2021,0e4347e3cd23,2022,0e4347e3cd23,1.0,same,identical SNAP outreach campaign request,sonnet,reworded
QCB10,2021,9b20da743752,2022,1a7dc9cb6006,0.953,same,"identical mental health services support, title wording changed",sonnet,reworded
QCB10,2021,628a551c2df3,2022,628a551c2df3,1.0,same,identical Judge Park playground upgrade request,sonnet,reworded
QCB10,2021,74ea786e4ef6,2022,74ea786e4ef6,1.0,same,identical precinct locker room upgrade request,sonnet,reworded
QCB10,2021,8841cfaf3042,2022,8fed1a57fe8d,0.939,same,identical daily park maintenance equipment request,sonnet,reworded
QCB10,2021,94c2b88ac1eb,2022,94c2b88ac1eb,1.0,same,identical request for JTP workers for cleaning,sonnet,reworded
QCB10,2021,33f3e6b41ca5,2022,dd6a3fc29e70,0.97,same,identical purchase of generators request,sonnet,reworded
QCB10,2022,0e4347e3cd23,2023,0e4347e3cd23,1.0,same,identical SNAP outreach campaign request,sonnet,reworded
QCB10,2022,1a7dc9cb6006,2023,1a7dc9cb6006,1.0,same,identical mental health services support request,sonnet,reworded
QCB10,2022,d2ab1281c461,2023,3377210b8d21,0.832,same,same 104th Street grading and paving; full reconstruction note added,sonnet,reworded
QCB10,2022,628a551c2df3,2023,628a551c2df3,1.0,same,identical Judge Park playground upgrade request,sonnet,reworded
QCB10,2022,502c9123c1c9,2023,8849f735b82f,0.917,same,same smoke and CO detector funding for seniors,sonnet,reworded
QCB10,2022,8fed1a57fe8d,2023,8fed1a57fe8d,1.0,same,identical daily park maintenance equipment request,sonnet,reworded
QCB10,2022,94c2b88ac1eb,2023,94c2b88ac1eb,1.0,same,identical request for JTP workers for cleaning,sonnet,reworded
QCB10,2022,dd6a3fc29e70,2023,dd6a3fc29e70,1.0,same,identical purchase of generators request,sonnet,reworded
QCB10,2022,97120b1454f8,2023,f43b3322dae9,0.881,same,same purchase of high-end litter baskets,sonnet,reworded
QCB10,2023,73e165f69f26,2024,02f438dc30d3,0.901,same,same State of Good Repair park capital program,sonnet,reworded
QCB10,2023,8fed1a57fe8d,2024,0bad97dea50f,0.956,same,same new equipment for daily park maintenance,sonnet,reworded
QCB10,2023,0e4347e3cd23,2024,0e4347e3cd23,1.0,same,identical SNAP outreach campaign request,sonnet,reworded
QCB10,2023,1a7dc9cb6006,2024,1a7dc9cb6006,1.0,same,identical mental health services support request,sonnet,reworded
QCB10,2023,628a551c2df3,2024,628a551c2df3,1.0,same,identical Judge Park playground upgrade request,sonnet,reworded
QCB10,2023,8849f735b82f,2024,a423606b244b,0.572,same,same FDNY smoke and carbon monoxide alarm funding,sonnet,reworded
QCB10,2023,5a6c4e5b187b,2024,da3a63d27635,0.986,same,same staffing for park landscapes and horticulture,sonnet,reworded
QCB10,2023,dd6a3fc29e70,2024,dd6a3fc29e70,1.0,same,identical purchase of generators request,sonnet,reworded
QCB10,2024,0e4347e3cd23,2025,0e4347e3cd23,1.0,same,identical SNAP outreach campaign request,sonnet,reworded
QCB10,2024,1a7dc9cb6006,2025,1a7dc9cb6006,1.0,same,identical mental health services support request,sonnet,reworded
QCB10,2024,f495b91d5db5,2025,3e65f0946dec,0.517,same,"same additional Parks mobile maintenance crew, detail dropped",sonnet,reworded
QCB10,2024,dd6a3fc29e70,2025,50de00d06041,0.814,different,"FDNY generators versus NYPD generators, different facilities",sonnet,reworded
QCB10,2024,628a551c2df3,2025,628a551c2df3,1.0,same,identical Judge Park playground upgrade request,sonnet,reworded
QCB10,2024,32eeabe5a6e1,2025,78931b8eb5e3,0.854,same,same P.O. Edward Byrne Park comfort station or restroom,sonnet,reworded
QCB10,2024,dd6a3fc29e70,2025,dd6a3fc29e70,1.0,same,identical purchase of generators request,sonnet,reworded
QCB10,2024,628a551c2df3,2025,f455a591d23f,0.425,different,"different park, Judge Park versus Rocket Playground",sonnet,reworded
QCB10,2024,dd6a3fc29e70,2025,fcb635b4f984,0.3,different,FDNY generators versus off-road gator vehicles,sonnet,reworded
QCB10,2025,0e4347e3cd23,2026,0e4347e3cd23,1.0,same,identical SNAP outreach campaign request,sonnet,reworded
QCB10,2025,1a7dc9cb6006,2026,1a7dc9cb6006,1.0,same,identical mental health services support request,sonnet,reworded
QCB10,2025,71079434df7a,2026,25e9663f6bf9,1.0,same,same ambulances with lifts for patients over 500 lbs,sonnet,reworded
QCB10,2025,628a551c2df3,2026,628a551c2df3,1.0,same,identical Judge Park playground upgrade request,sonnet,reworded
QCB10,2025,dd6a3fc29e70,2026,dd6a3fc29e70,1.0,same,identical purchase of generators request,sonnet,reworded
QCB10,2025,f455a591d23f,2026,f455a591d23f,1.0,same,identical Rocket Playground reconstruction request,sonnet,reworded
QCB10,2026,6ab8c0b5fec3,2027,1803064ac993,0.701,different,"FDNY gators versus Parks Department gators, different agency and use",sonnet,reworded
QCB10,2026,1a7dc9cb6006,2027,1a7dc9cb6006,1.0,same,identical mental health services support request,sonnet,reworded
QCB10,2026,628a551c2df3,2027,628a551c2df3,1.0,same,identical Judge Park playground upgrade request,sonnet,reworded
QCB10,2026,dd6a3fc29e70,2027,6ca4200fd6fc,0.736,same,"identical purchase of generators request, new title",sonnet,reworded
QCB10,2026,ab9976108b9c,2027,6cfd8889f221,0.81,same,"same DFTA case management and services bundle, new items added",sonnet,reworded
QCB10,2026,f455a591d23f,2027,ff8f32f00b49,0.862,same,identical Rocket Playground reconstruction request,sonnet,reworded
QCB11,2020,b18872e60375,2021,3d5d38f3734c,0.96,same,same more frequent hazardous waste drop-off events,sonnet,reworded
QCB11,2020,0691f2ca60fe,2021,8c2c2d63ea00,0.98,same,same 42 Avenue median curb replacement; pedestrian ramps added,sonnet,reworded
QCB11,2021,3f32f96fb4cf,2022,59c6d6989ef4,0.757,same,same Commonwealth Boulevard triangle sidewalk installation,sonnet,reworded
QCB11,2022,e923c4be84bc,2023,1ece68cf35a0,0.856,same,"same Bayside Library expansion, vertical extension or relocation",sonnet,reworded
QCB11,2022,d06a7c011f3f,2023,29d29494ee33,0.362,different,Union Turnpike mall curbs versus 210th Street reconstruction,sonnet,reworded
QCB11,2022,6689e096f4ea,2023,319eab12b14d,0.389,unsure,Location matches then but text lists three other camera intersections,sonnet,reworded
QCB11,2022,331a7525d609,2023,4a2e394c4feb,0.633,different,"different park, John Golden Park versus Crocheron Park pond",sonnet,reworded
QCB11,2022,305f7960f65d,2023,4d812eac5df8,0.798,same,same street reconstruction in Douglas Manor and Douglaston Hill,sonnet,reworded
QCB11,2022,e456b16b7f0f,2023,5c9389e1079c,0.974,same,same LIE service road sound pads to Fresh Meadow Lane,sonnet,reworded
QCB11,2022,8db09a760c24,2023,619d593ff0af,0.988,same,same Northern Boulevard north sidewalk shared pedestrian-bicycle path,sonnet,reworded
QCB11,2022,b523e2017055,2023,677de22d5f4a,0.692,same,same 46th Avenue and 188th Street center mall repairs,sonnet,reworded
QCB11,2022,b8a554c178be,2023,73cdf3408009,0.339,different,one drainage site versus a district list of sites,resolved,reworded
QCB11,2022,ad98aaaa57eb,2023,77642f434a3a,0.562,unsure,one lot became part of a larger acquisition,resolved,reworded
QCB11,2022,fe509a6c88e0,2023,77642f434a3a,0.527,same,"Same acquisition of remaining Udall's Cove lots, now itemized",sonnet,reworded
QCB11,2022,45a35ef9e653,2023,f89e365edaa1,0.81,same,same added DOB support staff for examiners and inspectors,sonnet,reworded
QCB11,2023,d254dc71d7cb,2024,b2d3f3d295dd,0.626,same,"same transfer of Block 8082 Lot 55 to Parks, owner changed",sonnet,reworded
QCB11,2023,b201a7f6e400,2024,fa642f3cdb02,0.748,same,same free after-school programs for all schools,sonnet,reworded
QCB11,2024,f81b08f0f279,2025,155f5a589064,0.818,same,same added officers for 111th Precinct attrition,sonnet,reworded
QCB11,2024,59c6d6989ef4,2025,2041e9947203,0.688,unsure,triangle sidewalk versus longer Commonwealth Blvd stretch; overlap unclear,sonnet,reworded
QCB11,2022,b8a554c178be,2025,2041e9947203,0.485,different,storm sewer at Marathon Pkwy versus Commonwealth Blvd sidewalk,sonnet,reworded
QCB11,2024,619d593ff0af,2025,70aeabe67082,0.419,same,"Same Northern Boulevard greenway, Douglaston Parkway to 223rd Street",sonnet,reworded
QCB11,2024,73cdf3408009,2025,a3d2816cbe4b,0.457,same,same drainage and storm drain list; more locations added,sonnet,reworded
QCB11,2024,cd02e1b80696,2025,aed0da6e2a0d,0.741,same,same street tree pruning cycle funding,sonnet,reworded
QCB11,2024,d9e3f5dd8eec,2025,e3080dc6305d,0.873,same,same Auburndale senior center in western district,sonnet,reworded
QCB11,2025,faae3f2564b3,2026,0cdbe51baaa0,0.607,same,"same Udall's Cove remaining-lot acquisition; lot list updated, Lot 170 repeats",sonnet,reworded
QCB11,2026,e3080dc6305d,2027,36aa1df856b3,0.941,same,same Auburndale senior center in western district,sonnet,reworded
QCB12,2020,17c34c43f7fe,2021,083029f0cd70,0.995,same,same Linden Boulevard and 195th Street curb request,sonnet,reworded
QCB12,2020,e5ae2b3c133d,2021,0d1605ccafbc,0.929,same,same Brinkerhoff Avenue and 176th Street reconstruction,sonnet,reworded
QCB12,2020,f42123276115,2021,13143196009a,0.983,same,"same 204th Street reconstruction, Jamaica Avenue to LIRR",sonnet,reworded
QCB12,2020,5f9c82ae2177,2021,355b46797564,0.976,same,"same 191 Street reconstruction, Hillside to Jamaica Avenue",sonnet,reworded
QCB12,2020,5d7b3eaf542e,2021,6077d21c05bb,0.676,same,same sidewalk from LIRR tunnel to Farmers Boulevard,sonnet,reworded
QCB12,2020,8177295d9f1d,2021,8353e0d89370,0.949,same,same curb installation at 109th Avenue and 171 Street,sonnet,reworded
QCB12,2020,82b7bc214d34,2021,877fa3131349,0.745,same,same Baisley Boulevard to Linden Boulevard turnoff request,sonnet,reworded
QCB12,2020,484feddf9d03,2021,92ca06747c33,0.863,same,same South Jamaica street construction request,sonnet,reworded
QCB12,2020,bcb1a0c3b237,2021,a68127a77b29,0.465,different,street lights at Parsons Blvd/Archer Ave versus Archer Ave/153rd Street,sonnet,reworded
QCB12,2020,71bc3c115610,2021,b1685316fc2f,0.896,same,"same Foch Boulevard reconstruction, Merrick to 167th Street",sonnet,reworded
QCB12,2020,935b3170cd50,2021,bc61d7f01f6b,0.915,same,same turn signal on Farmers Boulevard at Linden Boulevard,sonnet,reworded
QCB12,2021,7e686fcd7d32,2022,215e8cde5478,0.957,same,same 91st Avenue dead-end street reconstruction at 197th Street,sonnet,reworded
QCB12,2021,71bc3c115610,2022,544052651a4f,0.968,same,"same Foch Boulevard reconstruction, Merrick to 167th Street",sonnet,reworded
QCB12,2021,f651d64a44da,2022,72ec642f39f3,0.921,same,"same Foch Boulevard reconstruction, Marsden Street to Merrick Boulevard",sonnet,reworded
QCB12,2020,308c1937b42a,2022,72ec642f39f3,0.579,different,Foch Blvd sewers east of Merrick versus reconstruction west of Merrick,sonnet,reworded
QCB12,2021,b5f7bfb5f43d,2022,93a31428d551,0.88,same,same Linden Boulevard and 195th Street curb request,sonnet,reworded
QCB12,2021,5d7b3eaf542e,2022,c852d5e00b1b,0.851,same,same sidewalk from LIRR tunnel to Farmers Boulevard,sonnet,reworded
QCB12,2021,be6c262b75bf,2022,fbfeff81e545,0.915,same,"same curb funding on 188th and nearby streets, category label changed",sonnet,reworded
QCB12,2021,e5c5229f06c3,2022,ff97be8c6c0e,0.355,different,park rangers for five parks versus programming at Haggerty Park,sonnet,reworded
QCB12,2022,2abae5ca4f7b,2023,16b163be074e,0.99,same,same curbs and sidewalks near Sayres Avenue and 179th Place,sonnet,reworded
QCB12,2022,46fee7d409b6,2023,30a9374d1e1a,0.578,different,Curb construction versus flooding projects at 116th Road and 194th Street,sonnet,reworded
QCB12,2022,4f3149fa1ed1,2023,32b48d149576,0.693,same,same seven-day basket collection for congested downtown Jamaica,sonnet,reworded
QCB12,2022,2a151c24263d,2023,49bd9b63fe09,0.958,same,same Brinkerhoff Avenue and 176th Street reconstruction,sonnet,reworded
QCB12,2022,df93d96bb110,2023,530bc42cfe59,1.0,same,same street lighting at 183rd Street and Hillside Avenue,sonnet,reworded
QCB12,2022,9cd373467a17,2023,63560df4ed7f,0.751,same,"same 150th Street storm sewer, Liberty to Archer Avenue",sonnet,reworded
QCB12,2022,114e2f012d25,2023,6a72bf288b3d,0.961,same,"same five added traffic control inspectors, identical text",sonnet,reworded
QCB12,2022,eaae50ad2d30,2023,952033b71fab,0.737,same,same repaving south of Liberty Avenue and 103rd Road area,sonnet,reworded
QCB12,2022,0d1605ccafbc,2023,a1e148c55a19,0.952,same,same Brinkerhoff Avenue reconstruction request,sonnet,reworded
QCB12,2022,d15cf33891a3,2023,c08a15ab6632,0.887,same,"same forestry staff doubling request, near-identical text",sonnet,reworded
QCB12,2022,eaae50ad2d30,2023,c3557f5c2b0c,0.826,same,same repaving south of Liberty Avenue and 103rd Road area,sonnet,reworded
QCB12,2022,ddf9edfdc5c8,2023,c52fdcf3316d,0.99,same,same South Jamaica street construction request,sonnet,reworded
QCB12,2022,165e51b94b30,2023,c93cbcdb9f90,0.885,same,same curb installation on 117th Avenue and 190th Street,sonnet,reworded
QCB12,2022,46fee7d409b6,2023,ce01df3a9a70,0.607,same,"same curb construction on 116th Road, 194th to 195th Street",sonnet,reworded
QCB12,2022,3c80fb11ccfe,2023,d5ff61054f4c,0.878,same,same South Jamaica street construction request,sonnet,reworded
QCB12,2024,530bc42cfe59,2025,648ca8c9347c,0.486,unsure,FY2025 request has no text or location; cannot compare,sonnet,reworded
QCB12,2024,cdf9665e7919,2025,648ca8c9347c,0.428,unsure,Now has no text or location; cannot compare with Parsons and Archer lighting,sonnet,reworded
QCB12,2022,bc61d7f01f6b,2025,648ca8c9347c,0.375,unsure,later request has no explanation or location,sonnet,reworded
QCB12,2024,c8a6f41bca7b,2025,7dcb050531cf,0.334,different,Hillside/Sutphin lighting versus Sutphin Boulevard underpass lighting,sonnet,reworded
QCB12,2024,4b2aa78f7e7f,2025,8b3c14cdb004,0.502,same,same Archer Ave and 153rd Street corner lighting,sonnet,reworded
QCB12,2024,7edbe8326a2b,2025,9d0b837ebf3b,0.304,unsure,FY2025 request has no text or location; cannot compare,sonnet,reworded
QCB12,2025,6eda8e94380f,2026,0ac5c9952fb8,0.949,same,"same Boys and Girls Youth Center, near-identical text",sonnet,reworded
QCB12,2025,8b3c14cdb004,2026,11cba06eb1f6,0.405,different,"153rd Street versus 158 Street, different subway stop location",sonnet,reworded
QCB12,2025,be6c262b75bf,2026,3f7799c7facc,0.886,same,same DOT curb streets verbatim; HPD agency and senior-housing sentence look like entry error,sonnet,reworded
QCB12,2025,648ca8c9347c,2026,648ca8c9347c,1.0,unsure,both blank with generic street light title; site unknowable,sonnet,reworded
QCB12,2025,4b2aa78f7e7f,2026,8acd3ce350e4,0.772,different,"153 Street versus 158 Street, different intersection",sonnet,reworded
QCB12,2025,c3557f5c2b0c,2026,e9b2207c107d,0.973,same,"same street repair blocks, typo fixed",sonnet,reworded
QCB13,2020,be3823cbe419,2021,209a48c6e3f0,0.341,different,Commercial district needs assessment versus bus stop at Farmers Boulevard,sonnet,reworded
QCB13,2020,39d4736c3284,2021,9e9450c6705c,0.321,same,same DOB enforcement of paved-over yards and illegal curb cuts,sonnet,reworded
QCB13,2020,98c84640dd2a,2021,e46e97df457f,0.569,same,"same lawn care equipment funding, more detail added",sonnet,reworded
QCB13,2020,dd6f7f68355a,2022,29d86d611ebd,0.324,different,commercial strip garbage pickups versus sinking street at catch basins,sonnet,reworded
QCB13,2021,5c2b65bcca06,2022,5c2b65bcca06,1.0,same,identical request to increase funding for senior programming,sonnet,reworded
QCB13,2021,424cef2f2e43,2022,ac6a9ed98bb5,0.37,different,Francis Lewis Boulevard median versus Union Turnpike medians,sonnet,reworded
QCB13,2021,930aa3fc73d2,2022,ed3e53596903,0.349,different,"security staff versus maintenance equipment, different kind of thing",sonnet,reworded
QCB13,2020,69d5b4b79e25,2022,fec88e24745a,0.409,different,Braddock Ave bridge repair versus street segment reconstruction,sonnet,reworded
QCB13,2022,2d38f418d7e6,2023,0dd8609e39ce,0.347,same,same new 116th Precinct house; later year notes funding and groundbreaking,sonnet,reworded
QCB13,2020,be3823cbe419,2023,1687a5ad18cb,0.322,different,Springfield Gardens assessment versus Linden Blvd assessment,sonnet,reworded
QCB13,2022,3c69b852ecfd,2023,45d8d03a0d17,0.726,same,same SNAP senior center programming funding,sonnet,reworded
QCB13,2022,129ed36377fa,2023,8647308d75f7,0.316,different,"benches in Springfield Park versus Reading Garden, different project",sonnet,reworded
QCB13,2022,ed3e53596903,2023,a4a96aa53c2b,0.945,same,"same parks maintenance equipment request, one item dropped",sonnet,reworded
QCB13,2022,424cef2f2e43,2023,a693077f767b,0.747,same,same Francis Lewis Boulevard center median curbing at 133 Avenue,sonnet,reworded
QCB13,2020,dd6f7f68355a,2023,d0b6be7c6833,0.464,different,Jericho Turnpike garbage pickups versus commercial district assessment,sonnet,reworded
QCB13,2022,129ed36377fa,2023,efa1d859c7f4,0.467,different,"park benches versus broadband in Springfield Park, different amenity",sonnet,reworded
QCB13,2022,53eaa8a5d7af,2023,f079da3f08c9,0.928,same,same Q77 extension two blocks south at Springfield Boulevard,sonnet,reworded
QCB13,2022,29d86d611ebd@158090,2023,feca5bc6d6a6@91ae11,1.0,same,"the same sinking catch basins on one strip of Commonwealth Boulevard, cross streets narrowed",resolved,site
QCB13,2023,feca5bc6d6a6,2024,104e48715fbc,0.613,same,same Commonwealth Boulevard sinking street near catch basins at 87 Avenue,sonnet,reworded
QCB13,2023,a693077f767b,2024,212ce65d30e8,0.642,same,same Francis Lewis Boulevard center median curbing,sonnet,reworded
QCB13,2023,f71e7c4d5c97,2024,3261f48aa5ce,0.453,different,Springfield Boulevard median versus Hollis Court Boulevard median,sonnet,reworded
QCB13,2023,a693077f767b,2024,424cef2f2e43,0.747,same,same Francis Lewis Boulevard center median curbing,sonnet,reworded
QCB13,2020,424cef2f2e43@a8734c,2024,424cef2f2e43@8b0ea9,1.0,different,different intersection: Francis Lewis Blvd at 133rd Avenue versus 130th Avenue,sonnet,site
QCB13,2021,424cef2f2e43@a8734c,2024,424cef2f2e43@8b0ea9,1.0,different,different intersection: Francis Lewis Blvd at 133rd Avenue versus 130th Avenue,sonnet,site
QCB13,2022,424cef2f2e43@56ca48,2024,424cef2f2e43@8b0ea9,1.0,different,different intersection: Francis Lewis Blvd at 133rd Avenue versus 130th Avenue,sonnet,site
QCB13,2023,45d8d03a0d17,2024,4695360af624,0.523,different,SNAP programming funding versus SNAP new building renovation,sonnet,reworded
QCB13,2023,8647308d75f7,2024,6dca38b092fd,0.834,same,"same Reading Garden project, later phase",sonnet,reworded
QCB13,2022,3c3ce8542b42,2024,8218a44c8290,0.349,different,highway grass maintenance versus repaving Grand Central Pkwy service road,sonnet,reworded
QCB13,2023,feca5bc6d6a6,2024,8218a44c8290,0.33,different,Commonwealth Boulevard catch basins versus Grand Central service road repaving,sonnet,reworded
QCB13,2023,0dd8609e39ce,2024,8452326d8463,0.733,same,"same 116th Precinct project, status update",sonnet,reworded
QCB13,2023,82430e7e6db5,2024,9ed943f6e2ae,0.792,same,same Union Turnpike center median curbing near 249th Street,sonnet,reworded
QCB13,2023,169292ad653a,2024,a978b8b99055,0.441,different,"Springfield Boulevard repaving, adjacent but different stretches",sonnet,reworded
QCB13,2023,feca5bc6d6a6,2024,a978b8b99055,0.319,different,Commonwealth Boulevard catch basins versus Springfield Boulevard roadway,sonnet,reworded
QCB13,2023,f71e7c4d5c97,2024,c05f400ddf98@224ebe,0.872,same,"same Springfield Boulevard center median repair, same 112 to 120 Avenue stretch",sonnet,reworded
QCB13,2024,d8d3b95feefa@4aeffb,2025,4cf980946aab,0.853,same,same repaving of 147 Avenue at same stretch; only title changed,sonnet,reworded
QCB13,2022,2f21d89f3df8,2025,583d8d88f198,0.38,different,130th Ave bridge parapet versus Brookville Blvd reconstruction,sonnet,reworded
QCB13,2023,21af78f60299,2025,583d8d88f198,0.338,different,Brookville Park upgrade versus Brookville Blvd reconstruction,sonnet,reworded
QCB13,2024,6dca38b092fd,2025,6dca38b092fd,1.0,same,identical Reading Garden construction request,sonnet,reworded
QCB13,2024,753b654ea480,2025,707bc7347fd3,0.99,same,"same Hillside Ave left turn lane expansion, near-identical text",sonnet,reworded
QCB13,2023,1687a5ad18cb,2025,7742a9b4a30e,0.353,different,commercial district assessment versus Springfield Blvd median barrier,sonnet,reworded
QCB13,2024,c05f400ddf98@224ebe,2025,7742a9b4a30e,0.336,different,"median repair versus new bollard barrier at 119 Avenue crossover, different work",sonnet,reworded
QCB13,2024,c05f400ddf98@9ffea8,2025,83e4c6880de2,0.481,different,"different work and stretch, center median versus roadway reconstruction",sonnet,reworded
QCB13,2024,9ed943f6e2ae,2025,989a09edc597,0.604,same,Same Union Turnpike center median curbing; now covers longer stretch,sonnet,reworded
QCB13,2024,2f1cd3176965,2025,cbdec386238b,0.937,same,same after-school enrichment for under-performing elementary schools; district 26 and mental health added,sonnet,reworded
QCB13,2024,8218a44c8290,2025,cd26a9c64c57,0.946,same,same Grand Central service road repaving near Little Neck Parkway,sonnet,reworded
QCB13,2020,424cef2f2e43@a8734c,2025,da4bc4c8b700@8b0ea9,1.0,different,different intersection: Francis Lewis Blvd at 133rd Avenue versus 130th Avenue,sonnet,site
QCB13,2021,424cef2f2e43@a8734c,2025,da4bc4c8b700@8b0ea9,1.0,different,different intersection: Francis Lewis Blvd at 133rd Avenue versus 130th Avenue,sonnet,site
QCB13,2022,424cef2f2e43@56ca48,2025,da4bc4c8b700@8b0ea9,1.0,different,different intersection: Francis Lewis Blvd at 133rd Avenue versus 130th Avenue,sonnet,site
QCB13,2024,212ce65d30e8@a8734c,2025,da4bc4c8b700@8b0ea9,1.0,different,different intersection: Francis Lewis Blvd at 133rd Avenue versus 130th Avenue,sonnet,site
QCB13,2024,d8d3b95feefa@ed8291,2025,f441d8718b51,0.847,same,"the same 134 Road repaving, and the FY2025 Register gives only the 217 Street end",resolved,reworded
QCB13,2020,424cef2f2e43@a8734c,2026,2b90d0186993,1.0,different,different intersection: Francis Lewis Blvd at 133rd Avenue versus 130th Avenue,sonnet,site
QCB13,2021,424cef2f2e43@a8734c,2026,2b90d0186993,1.0,different,different intersection: Francis Lewis Blvd at 133rd Avenue versus 130th Avenue,sonnet,site
QCB13,2022,424cef2f2e43@56ca48,2026,2b90d0186993,1.0,different,different intersection: Francis Lewis Blvd at 133rd Avenue versus 130th Avenue,sonnet,site
QCB13,2024,212ce65d30e8@a8734c,2026,2b90d0186993,1.0,different,different intersection: Francis Lewis Blvd at 133rd Avenue versus 130th Avenue,sonnet,site
QCB13,2025,cd26a9c64c57,2026,5b8965600774,0.588,same,same Grand Central service road repaving near Little Neck Parkway,sonnet,reworded
QCB13,2025,989a09edc597,2026,9915e6378b65,0.5,same,same Union Turnpike center median curb upgrade,sonnet,reworded
QCB13,2025,83e4c6880de2,2026,ae54e051ad47,0.416,same,the Register puts both at 121st Avenue and Laurelton Parkway,resolved,reworded
QCB13,2025,f441d8718b51,2026,e4b60f730019,0.568,same,the Register puts both at 134th Road and 217th Street,resolved,reworded
QCB13,2020,424cef2f2e43@a8734c,2027,2b90d0186993,1.0,different,different intersection: Francis Lewis Blvd at 133rd Avenue versus 130th Avenue,sonnet,site
QCB13,2021,424cef2f2e43@a8734c,2027,2b90d0186993,1.0,different,different intersection: Francis Lewis Blvd at 133rd Avenue versus 130th Avenue,sonnet,site
QCB13,2022,424cef2f2e43@56ca48,2027,2b90d0186993,1.0,different,different intersection: Francis Lewis Blvd at 133rd Avenue versus 130th Avenue,sonnet,site
QCB13,2024,212ce65d30e8@a8734c,2027,2b90d0186993,1.0,different,different intersection: Francis Lewis Blvd at 133rd Avenue versus 130th Avenue,sonnet,site
QCB13,2026,049cd65e6d06,2027,72e3d1d2a7c7,0.58,different,different stretch: Brookville Blvd versus 147 Avenue,sonnet,reworded
QCB13,2025,4cf980946aab,2027,72e3d1d2a7c7,0.412,unsure,"147 Avenue repaving; cross streets differ, possibly same corridor",sonnet,reworded
QCB13,2026,32e3a8594a67,2027,b31d10ca35b9,0.688,same,same Gunn Playground repaving and land purchase; status updated,sonnet,reworded
QCB13,2026,a4a96aa53c2b,2027,f03d815a3517,0.546,different,disjoint equipment lists: dump truck and pickup versus Gator vehicles and scissor lift,sonnet,reworded
QCB13,2025,930aa3fc73d2,2027,f03d815a3517,0.312,different,park security staff versus Gator vehicles and scissor lift,sonnet,reworded
QCB14,2020,9bd04de4745e,2021,086a75279379,0.307,different,ball fields community center versus Sunset Cove environmental education,sonnet,reworded
QCB14,2020,81637c560a72,2021,24d0fd18ee96,0.303,different,Beach 62nd Street park versus Bayview Park park house,sonnet,reworded
QCB14,2020,1eec0d569115,2021,271461737d71,0.96,same,identical Seagirt Blvd reconstruction request,sonnet,reworded
QCB14,2020,789e08eba1dc,2021,4941f0f23b65,0.346,different,Rockaway Point Blvd sewers versus street cleaning,sonnet,reworded
QCB14,2020,717a0e83c076,2021,717a0e83c076,1.0,same,identical request to remove Cross Bay Bridge tolls,sonnet,reworded
QCB14,2020,8cbbb0ac30b4,2021,8cbbb0ac30b4,1.0,same,identical NYCHA building maintenance request,sonnet,reworded
QCB14,2020,c815ea4406f6,2021,c815ea4406f6,1.0,same,same Seagirt Boulevard safety fence,sonnet,reworded
QCB14,2020,63087e89ba56,2021,e5395f0cfa08,0.339,different,shade structures versus restrooms at Beach 108 ferry terminal,sonnet,reworded
QCB14,2020,dfaf98d1d02b,2021,e5395f0cfa08,0.337,different,Ferry parking and hours versus restrooms at ferry terminal,sonnet,reworded
QCB14,2020,f820276bb2a7,2021,fe97297c492f,0.435,different,Dog run parking lot versus Beach 84th Street storm and sanitary sewers,sonnet,reworded
QCB14,2020,789e08eba1dc,2021,fe97297c492f,0.389,different,Rockaway Point Blvd sewers versus Beach 84th Street sewers,sonnet,reworded
QCB14,2021,24d0fd18ee96,2022,24d0fd18ee96,1.0,same,identical park house at Bayview Park,sonnet,reworded
QCB14,2021,2bc5e7e21c64,2022,280cf298f660,0.436,same,"same request for more summer police officers, new reason",sonnet,reworded
QCB14,2021,5b99edff68ef,2022,2e7a4688c45b,0.706,same,identical Nest and Horizon programs funding; agency label differs,sonnet,reworded
QCB14,2021,4941f0f23b65,2022,2f3fc0423621,0.898,same,identical Rockaway Point Blvd cleaning request,sonnet,reworded
QCB14,2021,43153490439b,2022,43af6f650f97,0.813,unsure,"vague texts (street flooding versus sewers needed), no street named in either",sonnet,reworded
QCB14,2021,717a0e83c076,2022,717a0e83c076,1.0,same,identical request to remove Cross Bay Bridge tolls,sonnet,reworded
QCB14,2021,dfaf98d1d02b,2022,83d5ca2cc9d6,0.921,same,same Beach 108th Street ferry parking lot and weekend hours,sonnet,reworded
QCB14,2021,50706a0ab357,2022,986e50d22098,0.884,same,"same Rockaway Beach Blvd/Edgemere Ave widening, Beach 62nd to Seagirt Blvd",sonnet,reworded
QCB14,2021,8cbbb0ac30b4,2022,bd89e66a05e2,1.0,same,identical NYCHA building maintenance request,sonnet,reworded
QCB14,2021,c815ea4406f6,2022,c815ea4406f6,1.0,same,same Seagirt Boulevard safety fence,sonnet,reworded
QCB14,2022,e129b24e3e0e,2023,0f1ef3b3a5bf,0.626,same,same Broad Channel environmental education program; agency moved to Parks,sonnet,reworded
QCB14,2022,c0a957e84a4f,2023,16855c3b8eb3,0.33,unsure,"boat ramp study on Jamaica Bay, site unnamed; Rockaway Community Park link unclear",sonnet,reworded
QCB14,2022,86425e2d97fc,2023,1d947d307ee3,0.395,different,more park enforcement staff versus emergency PA system on boardwalk,sonnet,reworded
QCB14,2020,789e08eba1dc,2023,1e9bde9f190d,0.493,different,Rockaway Point Blvd sewers versus sidewalk replacement,sonnet,reworded
QCB14,2022,2f3fc0423621,2023,1e9bde9f190d,0.48,different,street cleaning versus sidewalk replacement on Rockaway Point Blvd,sonnet,reworded
QCB14,2022,2e7a4688c45b,2023,231b52a86560,1.0,same,identical Nest and Horizon programs funding,sonnet,reworded
QCB14,2022,bd19c16f9742,2023,29bea12d8cb9,0.641,same,"same Beach 84 Street storm and sanitary sewers, study and design phase",sonnet,reworded
QCB14,2021,f820276bb2a7,2023,29bea12d8cb9,0.58,different,dog run parking lot versus Beach 84th Street sewer study,sonnet,reworded
QCB14,2020,789e08eba1dc,2023,29bea12d8cb9,0.363,different,Rockaway Point Blvd sewers versus Beach 84th Street sewer study,sonnet,reworded
QCB14,2021,f820276bb2a7,2023,2f141565b839,0.553,different,dog run parking lot versus Beach Channel Drive medians,sonnet,reworded
QCB14,2022,5384c6a7cfca,2023,2f141565b839,0.425,different,Beach 88th Street park versus Beach Channel Drive median plantings,sonnet,reworded
QCB14,2022,81637c560a72,2023,41734eba43d9,0.515,different,new park and playground versus park house at that park,sonnet,reworded
QCB14,2022,0acf99f47cd5,2023,4259fcddbcc2,0.463,same,same Cross Bay Blvd flooding and drainage fix south of Addabbo Bridge,sonnet,reworded
QCB14,2022,8872e562f768,2023,449cbd3d286c,0.526,same,same study of health technical and aviation high schools,sonnet,reworded
QCB14,2022,0acf99f47cd5,2023,529aa1254be9,0.364,unsure,later text names only project code HW631 under DOT; cannot link to Addabbo drainage,sonnet,reworded
QCB14,2022,943b20366d49,2023,52a009c24e1b,0.351,same,"same CB14 bulkhead repair to protect streets, reworded",sonnet,reworded
QCB14,2022,c815ea4406f6,2023,5fc2ac633a92,0.84,same,same Seagirt Boulevard safety fence,sonnet,reworded
QCB14,2022,a2b542dbae89,2023,74b892ed8ebb,0.481,same,same Norton Drive seawall and storm sewers; agency moved DOT to DEP,sonnet,reworded
QCB14,2022,55c470037e7b,2023,8253248d037d,0.428,same,"same Broad Channel street raising and storm sewers; study phase, agency changed",sonnet,reworded
QCB14,2022,986e50d22098,2023,843c73ccf6ed,0.495,same,same Rockaway Beach Blvd/Edgemere Ave widening; now study and design,sonnet,reworded
QCB14,2022,9bd04de4745e,2023,8690ff220f67,0.351,different,Broad Channel ball fields community center versus natural gas study,sonnet,reworded
QCB14,2022,5384c6a7cfca,2023,8b7eb48727cf,0.421,same,"same Beach 88th Street Bayview Park building project, reworded as park house",sonnet,reworded
QCB14,2022,9a81e623719c,2023,914215a14440,0.774,same,same removal of old wood jetties along shore,sonnet,reworded
QCB14,2022,dceb917603a8,2023,a8e6b61f881f,0.376,different,gifted programs versus Head Start centers,sonnet,reworded
QCB14,2022,1518f39b045c,2023,b3e49a93957b,0.486,same,"same seven-day litter basket pickup, wording changed",sonnet,reworded
QCB14,2022,63087e89ba56,2023,b7e7fc85bf96,0.674,same,"same shade structures along boardwalk, Beach 73 added",sonnet,reworded
QCB14,2022,d39780631ff4,2023,bfbf95c813f1,0.613,same,same study of widening Rockaway Beach Blvd from Beach 110th Street,sonnet,reworded
QCB14,2022,eaf56de02207,2023,c38033e8e71c,0.987,same,same Beacon and Compass funding in CB14,sonnet,reworded
QCB14,2022,a49b4cb4e1fc,2023,c619478a228a,0.829,same,same five sewer locations; later year is study phase,sonnet,reworded
QCB14,2022,22bf07f7c0b7,2023,d774e3d08a05,0.564,same,"same tier 2 or 3 trauma center for CB14, study phase wording",sonnet,reworded
QCB14,2022,943b20366d49,2023,e510c6e16aa6,0.965,same,same bulkhead repair at all street ends; seawalls added to wording,sonnet,reworded
QCB14,2022,2f3fc0423621,2023,f442028303ae,0.586,same,"same Rockaway Point Blvd cleaning, both sides, wording changed",sonnet,reworded
QCB14,2022,ec1cbf2ef418,2023,f7e1a41502e8,0.89,same,same Shorefront Parkway design and reconstruction,sonnet,reworded
QCB14,2022,22f34f14c658,2023,fa8522e03852,0.501,different,different stretch: Beach 62 St to Seagirt versus Seagirt Blvd to Nassau line,sonnet,reworded
QCB14,2021,271461737d71,2023,fa8522e03852,0.324,same,same Seagirt Blvd reconstruction,sonnet,reworded
QCB14,2023,1a789a95dc48,2024,0661f3eb3903,1.0,same,identical Rockaway Point Blvd sanitary sewers request,sonnet,reworded
QCB14,2023,231b52a86560,2024,1e7ee7c3a798,0.923,same,identical Nest and Horizon programs funding,sonnet,reworded
QCB14,2023,d774e3d08a05,2024,2d08cb6edb05,0.683,same,"same CB14 trauma center study, funding added",sonnet,reworded
QCB14,2023,87b50b4192bb,2024,5ea4912502ca,1.0,same,same water safety program for school-age children,sonnet,reworded
QCB14,2023,bab3979e3f0a,2024,85c85eb7aa0d,0.503,unsure,annexes at two schools versus a new school,resolved,reworded
QCB14,2023,5fc2ac633a92@5dc049,2024,943be6c1c8ab@54371f,1.0,same,same Seagirt Boulevard safety fence named in text; Register street cut short,sonnet,site
QCB14,2023,c8565207b8ec,2024,9d590f039900,0.927,same,"same east-west roadway improvement text, minor wording change",sonnet,reworded
QCB14,2023,f7e1a41502e8,2024,d059a075a0c0,0.89,same,same Shorefront Parkway design and reconstruction,sonnet,reworded
QCB14,2023,6548c2273aa1,2024,f6561b44c8cb,0.941,same,"same check valves and tide gates on storm outfalls, Jamaica Bay added",sonnet,reworded
QCB14,2023,b7e7fc85bf96,2024,f8dbfb601073,0.712,same,same boardwalk shade structures; all district playgrounds added,sonnet,reworded
QCB14,2024,0661f3eb3903,2025,0661f3eb3903,0.891,same,identical Rockaway Point Blvd sanitary sewers request,sonnet,reworded
QCB14,2024,fc480b9fbc32,2025,0b1927105cfb,0.694,same,same emergency PA system along full boardwalk,sonnet,reworded
QCB14,2024,1e7ee7c3a798,2025,2705e2bef9ea,1.0,same,identical Nest and Horizon programs funding,sonnet,reworded
QCB14,2024,f8dbfb601073,2025,44a398365ed1,0.71,same,same shade structures at district playgrounds and boardwalk,sonnet,reworded
QCB14,2024,943be6c1c8ab,2025,588ebf68d4cc,0.57,same,same Seagirt Boulevard median safety fence to Camp Road,sonnet,reworded
QCB14,2024,730bb1edc843,2025,730bb1edc843,0.805,same,identical Jamaica Bay economic development recreation plan; agency label changed,sonnet,reworded
QCB14,2024,0740a7a2c428,2025,9018e20587aa,0.745,same,identical sewer study at same five locations,sonnet,reworded
QCB14,2024,a2c09b75babd,2025,a2c09b75babd,0.674,same,identical Mobi mats at beach ramps and entrances,sonnet,reworded
QCB14,2024,41734eba43d9,2025,c1236242c84c,0.838,same,same Beach 62 St and Thursby Ave park house; park/playground added,sonnet,reworded
QCB14,2024,d6bc0c79d9fd,2025,d6bc0c79d9fd,0.673,same,identical Norton Drive seawall and storm sewers request,sonnet,reworded
QCB14,2024,41734eba43d9,2025,d89a6e13b881,0.448,unsure,later explanation blank; park house link unconfirmed,sonnet,reworded
QCB14,2024,2d08cb6edb05,2025,dd88efca78cd,0.386,same,"same CB14 trauma center request, new rationale",sonnet,reworded
QCB14,2025,cc16e5ac57b3,2026,04618c05e540,0.82,same,"same school-based tutoring and remediation programming, area wording changed",sonnet,reworded
QCB14,2025,0661f3eb3903,2026,2b60b64767d5,0.891,same,identical Rockaway Point Blvd sanitary sewers request,sonnet,reworded
QCB14,2025,29bea12d8cb9,2026,3640968893c8,0.874,same,"same Beach 84 Street sewers study, dead end named",sonnet,reworded
QCB14,2024,1e9bde9f190d,2026,5940e9a75b84,0.305,same,same Rockaway Point Blvd south side sidewalk replacement,sonnet,reworded
QCB14,2025,20b82118d963,2026,5e8792286b63,0.482,same,"same Tribute Park mosaic restoration or replacement, later stage",sonnet,reworded
QCB14,2025,c1236242c84c,2026,65a1a110931d,0.655,same,"same Thursby Park at Beach 62 St, park house dropped",sonnet,reworded
QCB14,2025,aa67c46a18df,2026,69979f2f08ae,0.737,same,"same Vernam Barbados recreational area study, details added",sonnet,reworded
QCB14,2025,93753db6ab60,2026,6bdebe272182,0.536,same,same Beach 108th Street ferry landing facilities and weekend hours,sonnet,reworded
QCB14,2025,730bb1edc843,2026,7a7990d2fc73,0.797,same,identical Jamaica Bay economic development recreation plan,sonnet,reworded
QCB14,2025,29bea12d8cb9,2026,7b59d2053845,0.424,different,different site: Beach 84 St sewers versus Bay 32nd St reconstruction,sonnet,reworded
QCB14,2024,dceb917603a8,2026,84078be78749,0.729,same,same gifted and talented programs funding,sonnet,reworded
QCB14,2025,29bea12d8cb9,2026,8ba5b400846d,0.393,different,different street: Beach 84 St sewers versus Beach 30th St drainage study,sonnet,reworded
QCB14,2025,01a1eba8f28f,2026,91910154d1dc,0.502,unsure,"same Cure Violence sentence, but NOW shifts to NYPD Argus street cameras",sonnet,reworded
QCB14,2025,9a6ef992bcfd,2026,99dec7d2c605,0.825,unsure,new school in 11691/11692 now specified as magnet JHS/HS; THEN categorized elementary,sonnet,reworded
QCB14,2023,bab3979e3f0a,2026,99dec7d2c605,0.417,different,PS 217/318 annex versus new junior high and high school,sonnet,reworded
QCB14,2023,2f141565b839,2026,9d1f7acce146,0.533,same,same Beach Channel Drive median reconstruction B.98th-B.109th,sonnet,reworded
QCB14,2025,d2217fa05bf6,2026,a30df8d1c223,0.659,same,identical trauma center request with added rationale,sonnet,reworded
QCB14,2025,843c73ccf6ed,2026,a5d2016e3278,0.936,same,"same Rockaway Beach Blvd widening study, endpoint Beach 32 to 38",sonnet,reworded
QCB14,2025,9bd04de4745e,2026,ad28ed3758c4,0.501,different,American ball fields phase 3 versus Broad Channel street raising,sonnet,reworded
QCB14,2025,795bdc1e2690,2026,ad28ed3758c4,0.395,different,natural gas service study versus Broad Channel street raising,sonnet,reworded
QCB14,2025,03bb5f642fd8,2026,b6ee0f20d3b5,0.498,same,same added permanent and seasonal Parks staff for beach season,sonnet,reworded
QCB14,2025,3bec6e5c534e,2026,c198bc6c73c6,0.696,same,"same peninsula-wide traffic study with hurricane evacuation, near-identical text",sonnet,reworded
QCB14,2025,29bea12d8cb9,2026,d20a9e8dc2ad,0.574,different,different streets: Beach 84 St versus Beach 35th-37th Streets sewers,sonnet,reworded
QCB14,2023,2f141565b839,2026,d20a9e8dc2ad,0.331,different,Beach Channel Drive medians versus sewers on B.35th-37th Streets,sonnet,reworded
QCB14,2025,d6bc0c79d9fd,2026,dd326d8a94e1,0.428,same,"same Norton Drive and Bay 32 St seawall protection, berm option added",sonnet,reworded
QCB14,2025,c38033e8e71c,2026,e104975da98a,0.726,same,same Beacon and Compass funding in CB14,sonnet,reworded
QCB14,2025,29bea12d8cb9,2026,f9367fc2e74d,0.342,different,different site: Beach 84 St versus Norton Ave Beach 43-49 St sewers,sonnet,reworded
QCB14,2025,9018e20587aa,2026,fa4e3f5f1a36,0.745,same,identical sewer study at same five locations,sonnet,reworded
QCB14,2025,55c470037e7b,2026,ff95b62a0189,0.418,unsure,"THEN bundles reconstruction, street raising, storm sewers; NOW only drainage study",sonnet,reworded
QCB14,2026,8b005edf66d9,2027,0d1280f09092,0.876,same,same parking for Rockaway Freeway Dog Run,sonnet,reworded
QCB14,2026,853860fd6c76,2027,1cf2a789e122,0.377,different,"Mobi mats purchase versus scissor lift, Gators and Dingo machines",sonnet,reworded
QCB14,2026,297152c417d6,2027,233d0c184fa7,0.672,unsure,district-wide parks plan versus specific Thursby Ave park; shared water-access wording,sonnet,reworded
QCB14,2026,7a7990d2fc73,2027,9cb07a01fd57,0.644,same,same Jamaica Bay recreational plan study; boat ramp and dock detail added,sonnet,reworded
QCB14,2026,b6ee0f20d3b5,2027,a0f395313936,0.762,same,same beach-season Parks staffing; PEP officers and gardeners added,sonnet,reworded
QCB14,2026,3b72bea26208,2027,b11906703a3d,0.319,different,Far Rockaway lighting versus Beach 86 St park restrooms,sonnet,reworded
QCB2,2020,72c37da374e0,2021,19db1616684d,0.869,same,"identical sewers and catch basins request, same locations",sonnet,reworded
QCB2,2020,059cd0fc4d6a,2021,4bf4f71df570,0.372,different,water regulator and sewers versus Woodside commercial district improvement,sonnet,reworded
QCB2,2020,6aa70732ad25,2021,9ade5b0bc253,0.699,same,same EDC waterfront space north of 44th Drive; DOE building detail added,sonnet,reworded
QCB2,2020,6aa70732ad25,2021,a03c06ae3fdb,0.428,unsure,"same area and aim, but NOW broadens to piers and all city waterfront property",sonnet,reworded
QCB2,2020,ae3c283a2b55,2021,bc3e09a700ed,0.535,same,same air quality monitoring in CB2; vendor testing and locations added,sonnet,reworded
QCB2,2020,0943f2d8f4bf,2021,c2c4b93e5afa,0.964,same,"same Borden Avenue reconstruction with catch basins, typo fixed",sonnet,reworded
QCB2,2020,2f1172ade8a7,2021,ca90bc558819,0.463,different,61st Street reconstruction versus district-wide storm sewer inspection,sonnet,reworded
QCB2,2020,72c37da374e0,2021,ca90bc558819,0.325,different,Specific sewer construction locations versus district-wide storm sewer inspection,sonnet,reworded
QCB2,2020,1029b99db072,2021,deedd0da9f6c,0.974,same,same new 108th Precinct station house; parking added,sonnet,reworded
QCB2,2020,fb3b6c45f504,2021,f6d7a016333c,0.301,different,Sidewalk paver replacement versus business-district streetscape with lighting; different scope and agency,sonnet,reworded
QCB2,2021,f11d728eb648,2022,0e3a07e13611,0.86,same,"same truck traffic enforcement on 48th Street, drag racing added",sonnet,reworded
QCB2,2021,ca90bc558819,2022,18c50d8b3a3c,0.809,same,same district-wide storm sewer inspection and funding,sonnet,reworded
QCB2,2021,22b52ca054cc,2022,1bd127ee2632,0.821,same,same additional middle school in CB2; analysis phase to site search,sonnet,reworded
QCB2,2021,a03c06ae3fdb,2022,1c9c764df787,0.8,same,same public land along 44th Drive waterfront; transfer to Parks specified,sonnet,reworded
QCB2,2021,12d5d09010d8,2022,210cd28c289d,0.519,different,code inspectors versus litigation attorneys at HPD,sonnet,reworded
QCB2,2021,6f8f7cb5f2d1,2022,24cf69da2614,0.821,same,identical Civil War monument refurbishment in Old Calvary Cemetery,sonnet,reworded
QCB2,2021,9ade5b0bc253,2022,30df89fb7ebb,0.719,same,same transfer of DOE building for community arts and maker space,sonnet,reworded
QCB2,2021,de9e3262dec0,2022,37349712a22a,0.439,different,park security versus park maintenance,sonnet,reworded
QCB2,2021,99146ee53639,2022,3880a77f3232,0.304,different,Court Square Park revitalization versus Court Square Library site,sonnet,reworded
QCB2,2021,de35aab6c62d,2022,46b65aa4ddaf,0.771,same,"same immigrant services funding, ESL replaces translation example",sonnet,reworded
QCB2,2021,5364bc7a4608,2022,65dffc2db9b8,0.804,same,same Queens Boulevard service road reconstruction; western limit extended,sonnet,reworded
QCB2,2021,ab49f4900789,2022,6c6101be7556,0.615,same,same tree pruning and stump removal funds in Sunnyside Gardens,sonnet,reworded
QCB2,2021,deedd0da9f6c,2022,6f89dfee8fb5,0.953,same,same new 108th Precinct station house; now identify location phase,sonnet,reworded
QCB2,2021,20ebf8498fcc,2022,7107b47bd321,1.0,same,same FDNY minimum of five per engine and ladder company,sonnet,reworded
QCB2,2021,25a24c412bdd,2022,8ae2a91ed86b,0.931,same,same flag pole replacement at Van Dam triangle park,sonnet,reworded
QCB2,2021,0e8d4bce42af,2022,8d1ab45a8f1d,0.533,same,same Blissville park site acquisition; greenway study added,sonnet,reworded
QCB2,2021,232a2ebbf728,2022,99008f4dd587,0.502,same,same planting of new and replacement street trees in CB2,sonnet,reworded
QCB2,2021,d39740d83ec4,2022,b29a369c91dd,0.424,same,"same Hunters Point sewer reconstruction, drainage plan detail",sonnet,reworded
QCB2,2021,4bf4f71df570,2022,b362a33fba2f,0.698,same,"same Woodside commercial district improvement, 56th to 69th Street",sonnet,reworded
QCB2,2021,f8e7f8736932,2022,b57a1611e07b,0.433,same,"same social adult day services funding, now remote",sonnet,reworded
QCB2,2021,63883fd70766,2022,bb21805f811c,0.662,different,different youth workforce program: Queens Connect versus summer youth employment,sonnet,reworded
QCB2,2021,25a1e34bb20e,2022,c08e88573eb2,0.494,different,study of business needs versus rent relief for small businesses,sonnet,reworded
QCB2,2021,1bf216c7a56e,2022,c2181f482dde,0.382,same,same CB2 affordable housing sites request; DOE building acquisition dropped,sonnet,reworded
QCB2,2021,2969e125b7d9,2022,c4d1b73884bd,0.482,same,"the same park maintenance funding, now as staff for trash pickup",resolved,reworded
QCB2,2021,6e02d47874a3,2022,c58658f8f027,0.655,same,same Hunters Point senior center site acquisition,sonnet,reworded
QCB2,2021,ddb177d01819,2022,c812e42e17ff,0.962,same,same Vernon Boulevard reconstruction at 53rd Avenue and Newtown Creek,sonnet,reworded
QCB2,2021,c45bebb0ea79,2022,c82c6e2238a3,0.65,same,"same added officers at 108th Precinct, new reason",sonnet,reworded
QCB2,2021,73a0f1273556,2022,dca8a8bc197a,0.983,same,"same new health care facilities and primary care for CB2, COVID added",sonnet,reworded
QCB2,2021,5af232fa6130,2022,e495f6114d17,0.357,unsure,bridge reconstruction plus lighting versus lighting only on same bridge and surroundings,sonnet,reworded
QCB2,2021,7376888f56c5,2022,e5b81cf10861,0.475,same,"same graffiti removal funding across CB 2, different agency",sonnet,reworded
QCB2,2021,de9e3262dec0,2022,f072dd1558b2,1.0,same,same increased security funding for all CB 2 parks,sonnet,reworded
QCB2,2022,8ce21d4b8f6d,2023,1dabd8a52a0c,0.858,same,"same Rafferty Triangle and Citicorp park, building renamed",sonnet,reworded
QCB2,2022,fa16798f21b5,2023,2130153acf18,0.87,same,"same food truck inspection funding, location emphasis added",sonnet,reworded
QCB2,2022,f072dd1558b2,2023,35283a8a48d5,0.452,different,all-parks security versus security at Hunters Point South Park only,sonnet,reworded
QCB2,2022,54c303275d46,2023,3543e824cbfe,0.963,same,same Cornerstone and Beacon expansion at PS 343,sonnet,reworded
QCB2,2022,37349712a22a,2023,407f28952cca,0.535,same,"same all-parks maintenance, now names priority parks",sonnet,reworded
QCB2,2022,0e3a07e13611,2023,57d76027fadf,0.326,different,truck enforcement on 48th Street versus staff for drug and gang crime,sonnet,reworded
QCB2,2022,b6f82c69b9e9,2023,592939ca02d5,0.445,different,pier condition assessment versus public programming of DOT sites,sonnet,reworded
QCB2,2022,c2181f482dde,2023,66a953fdae68,0.44,same,same ask to work with CB 2 to identify affordable housing sites,sonnet,reworded
QCB2,2022,06bf3def990d,2023,7502aed75798,0.766,same,"same pest control funding, mosquito control matches West Nile spraying",sonnet,reworded
QCB2,2022,6c6101be7556,2023,80a4b29d8eba,0.737,same,"same Sunnyside Gardens tree pruning and stump removal, sidewalk repair added",sonnet,reworded
QCB2,2022,6770e9c7c5c5,2023,96c8f5c23c12,0.694,same,same Lake Vernon site acquisition at 44-02 Vernon Boulevard,sonnet,reworded
QCB2,2022,e19e3474cd5e,2023,a3cfced13ba4,0.648,same,"same bathymetric survey, water quality tests added",sonnet,reworded
QCB2,2022,0bd5a459e051,2023,aaf439dc0713,0.968,same,same irrigation repair on Jackson Avenue medians,sonnet,reworded
QCB2,2022,cef2bb76a896,2023,b557bbb3700a,0.984,same,same sidewalk paver replacement on Roosevelt Avenue corridor,sonnet,reworded
QCB2,2022,18c50d8b3a3c,2023,b85c2ad72ace,0.783,same,"same storm sewer inspection funding, sewer capacity study added",sonnet,reworded
QCB2,2022,1c9c764df787,2023,c8806f9e63a8,0.973,same,"same waterfront land transfer and piers request, near-identical text",sonnet,reworded
QCB2,2022,8dcf39917538,2023,cbbeeb286114,0.403,same,"same comprehensive transportation study east of Sunnyside Yards, focus reworded",sonnet,reworded
QCB2,2022,4414fd6c16ff,2023,d604ed1b0856,0.421,different,waterfront DOE building reuse study versus Roosevelt Avenue corridor zoning study,sonnet,reworded
QCB2,2022,cef2bb76a896,2023,d604ed1b0856,0.343,different,Sidewalk paver replacement versus Roosevelt Avenue land use and zoning study,sonnet,reworded
QCB2,2021,d0489510c332,2023,d604ed1b0856,0.321,different,Woodside Ave water regulator and sewers versus Roosevelt Ave zoning study,sonnet,reworded
QCB2,2022,899572095c70,2023,d7ac1345d8a0,0.819,same,"same Hunters Point street reconstruction, streets listed differently",sonnet,reworded
QCB2,2022,18c50d8b3a3c,2023,e68dcfb6708a,0.361,different,district-wide sewer inspection versus specific Skillman Avenue and side street segments,sonnet,reworded
QCB2,2022,6c6101be7556,2023,f309e55667c6,0.372,unsure,lead item now district arborist evaluation; pruning ask overlaps but differs,sonnet,reworded
QCB2,2023,56b4b481a022,2024,147dac919b89,0.715,same,same funds for third-party land use expert on CB 2 rezonings,sonnet,reworded
QCB2,2023,b57a1611e07b,2024,1f9a146b5c06,0.667,same,same remote social adult day services funding,sonnet,reworded
QCB2,2023,d604ed1b0856,2024,2ee7bc1b6c66,0.802,same,same Roosevelt Avenue corridor planning and zoning study,sonnet,reworded
QCB2,2023,8d1ab45a8f1d,2024,35d548dea600,0.811,same,the same Review Avenue greenway study; the park acquisition dropped,resolved,reworded
QCB2,2023,80a4b29d8eba,2024,3808874a0998,0.879,same,"same Sunnyside tree pruning and stump removal, arborist evaluation added",sonnet,reworded
QCB2,2023,10d8c1a03257,2024,532a392a9e7c,0.307,different,Dutch Kills tree planting versus 29th Street bulkhead repair,sonnet,reworded
QCB2,2023,8d1ab45a8f1d,2024,574291aeeccd,0.791,same,same Blissville park and Review Avenue greenway study,sonnet,reworded
QCB2,2023,57ae74a15f90,2024,57ebd2d1dbd3,0.55,same,same technology funds to modernize community boards,sonnet,reworded
QCB2,2023,9610c273bc7c,2024,581c916895ed,0.358,different,different streets: Winfield Industrial versus Wynwoode,sonnet,reworded
QCB2,2023,cbbeeb286114,2024,8c3e18def18e,0.815,same,"same transportation study east of Sunnyside Yards, near-identical text",sonnet,reworded
QCB2,2023,dca8a8bc197a,2024,9567e6b39af2,0.332,different,new primary care facilities versus women's health and birthing center,sonnet,reworded
QCB2,2023,b557bbb3700a,2024,b1fcaaa6857e,0.981,same,same sidewalk paver replacement on Roosevelt Avenue,sonnet,reworded
QCB2,2023,35283a8a48d5,2024,c052da5316f5,0.371,different,park security funding versus new lighting at Hunters Point South Park,sonnet,reworded
QCB2,2023,35283a8a48d5,2024,f0e7ec9b45cf,0.445,different,security at one park versus district-wide security plus trash pickup,sonnet,reworded
QCB2,2022,f072dd1558b2,2024,f0e7ec9b45cf,0.432,same,same park security funding in CB2; trash pickup added,sonnet,reworded
QCB2,2024,9b8bf531596b,2025,11a05a122058,0.808,same,same Dutch Kills street trees for new public space under LIC ramps,sonnet,reworded
QCB2,2024,dabca97aba3c,2025,1c3d1d71f116,0.848,same,same lead in drinking water testing for schools and senior centers,sonnet,reworded
QCB2,2024,da67fadc1f11,2025,1cd72bdf5b66,0.889,same,same study of public land reuse as cultural and recreation center,sonnet,reworded
QCB2,2024,61ee84220169,2025,226d74e9c48b,0.996,same,same graffiti removal funding across CB 2,sonnet,reworded
QCB2,2024,147dac919b89,2025,2ecfa8333ab8,0.852,same,same funds for third-party land use expert at CB 2,sonnet,reworded
QCB2,2024,480dea5b1067,2025,38b7f2d9bcdb,0.837,same,"same DFTA senior program funding and community survey, reordered",sonnet,reworded
QCB2,2024,8f5b38f3cd24,2025,3f424593db45,0.678,same,"same Court Square Library, from finding location to relocating",sonnet,reworded
QCB2,2024,cc3ef0701689,2025,483146cba38a,0.519,unsure,park study near 47th Avenue; unclear if same site as MTA land,sonnet,reworded
QCB2,2024,2ee7bc1b6c66,2025,4d307aaa4082,0.829,same,"same Roosevelt Avenue corridor zoning study, now a detailed plan",sonnet,reworded
QCB2,2024,006ff8cafc7f,2025,5350cbfac83f,0.957,same,same Vernon Boulevard reconstruction and waterfront access at 53rd Avenue,sonnet,reworded
QCB2,2024,f4c48738871e,2025,541eb4b39688,0.853,same,same truck traffic enforcement on 48th Street and Skillman Avenue,sonnet,reworded
QCB2,2024,b85c2ad72ace,2025,5ba07201e31c,0.708,same,same sewer stress request; capacity study now throughout CB 2,sonnet,reworded
QCB2,2024,3808874a0998,2025,6063e24ac7c4,0.788,same,"same Sunnyside forestry funds with arborist evaluation, reordered",sonnet,reworded
QCB2,2024,55a0f9e4558d,2025,61397d9f02f4,0.903,same,"same Bradley Avenue bioswale near Van Dam, location reworded",sonnet,reworded
QCB2,2024,bb21805f811c,2025,67bb320075e5,0.99,same,"same summer youth employment program funding, continued",sonnet,reworded
QCB2,2024,01a66d311988,2025,6dcc7cacac3f,0.829,same,"same DOT manpower for pothole crews and traffic studies, now an increase",sonnet,reworded
QCB2,2024,1f9a146b5c06,2025,77542abf79e1,0.958,same,same remote social adult day services funding,sonnet,reworded
QCB2,2024,90fce26f5089,2025,79057e38d786,0.936,same,same TLC taxi medallion loan forgiveness research,sonnet,reworded
QCB2,2024,a350b310c6ef,2025,7b722eee98cf,0.337,different,61st Street/Roosevelt streetscape versus new LIRR station at Sunnyside Yards,sonnet,reworded
QCB2,2024,aceb21e260b4,2025,7bbd390fed17,0.499,same,same city-sponsored food pantry with Sunnyside Community Services,sonnet,reworded
QCB2,2024,ef04ebd6353e,2025,808f00988285,0.32,different,community composting versus more trash and recycling receptacles,sonnet,reworded
QCB2,2024,c052da5316f5,2025,8cf623c9dc36,0.783,same,same lighting at new Hunters Point South Park area,sonnet,reworded
QCB2,2024,980448c4cd78,2025,93268847d45e,0.946,same,"same Access-A-Ride efficiency request, study added",sonnet,reworded
QCB2,2024,b1fcaaa6857e,2025,a45c89fd51d4,0.529,different,sidewalk paver replacement versus broader Roosevelt Avenue streetscape package and DOT study,sonnet,reworded
QCB2,2024,a350b310c6ef,2025,a45c89fd51d4,0.527,same,"Same 61st Street and Roosevelt Avenue streetscape request, near-verbatim; now adds study",sonnet,reworded
QCB2,2024,c8806f9e63a8,2025,a543b3a4f449,0.423,same,same transfer of DOT property for open public space,sonnet,reworded
QCB2,2024,c4d3dc428b60,2025,b13663d39f31,0.552,different,school supply purchase funding versus study of unmet needs,sonnet,reworded
QCB2,2024,e495f6114d17,2025,bc73ca6614a6,0.96,unsure,bridge lighting versus bridge reconstruction,resolved,reworded
QCB2,2024,71f4b2c886e2,2025,bd0f8513d3a9,0.926,same,"same smoke and carbon monoxide detector distribution, wider recipients",sonnet,reworded
QCB2,2024,8202d424d66b,2025,c7ec154a21f9,0.9,same,"same Windmuller Park electricity request, neighborhood corrected",sonnet,reworded
QCB2,2024,e68dcfb6708a,2025,c96c844f3bc9,0.884,same,"same Skillman Avenue sewer inspection segments, priority areas added",sonnet,reworded
QCB2,2024,35d548dea600,2025,cead5c85d5d6,0.446,same,same Blissville Review Avenue greenway feasibility study; amenities added,sonnet,reworded
QCB2,2024,57d76027fadf,2025,dd8fc2509828,0.783,different,substance use specialist near shelters versus general crime-fighting staff,sonnet,reworded
QCB2,2024,7e9843a67fd2,2025,f8cb7c514bfe,0.65,same,"same Court Square elementary school, analysis phase to completion",sonnet,reworded
QCB2,2025,6fc5bb0ee9b2,2026,033d5f9c42d2,0.602,different,"elevators at 33rd and 46th Streets only, mostly different stations",sonnet,reworded
QCB2,2025,83956811279f,2026,08dab2b99f75,0.711,different,"general park maintenance versus waste containers in parks, now DSNY",sonnet,reworded
QCB2,2025,8be880722857,2026,09466b4320c9,0.397,different,homelessness study versus workforce program support for unhoused,sonnet,reworded
QCB2,2025,61397d9f02f4,2026,193591811aba,0.75,same,"same Bradley Avenue bioswale, sewer backflow reason added",sonnet,reworded
QCB2,2025,ef0e4317b756,2026,1f8962ce694c,0.807,same,"same CB 2 street tree funding, Blissville emphasis added",sonnet,reworded
QCB2,2025,2db5f04c8f12,2026,1f9602f1f3ea,0.808,same,"same Winfield Industrial Streets reconstruction, boundaries adjusted",sonnet,reworded
QCB2,2024,6f89dfee8fb5,2026,2e49ef262630,0.311,same,same new precinct house request; suggested site added,sonnet,reworded
QCB2,2025,ca656504cd87,2026,2ea10f3b0aa7,0.693,same,"same pedestrian safety work over Sunnyside Yards, barrier added",sonnet,reworded
QCB2,2025,9984b550fc50,2026,3bdb3d6b8cad,0.313,same,"same bus frequency improvement in CB 2, routes versus frequency wording",sonnet,reworded
QCB2,2025,718664ef7b5e,2026,41b8c781ac22,0.954,same,"same CB 2 flooding boundaries, study becomes capital project",sonnet,reworded
QCB2,2025,8be880722857,2026,44a8479abd68,0.935,same,"same homelessness study and comprehensive approach, identical text",sonnet,reworded
QCB2,2025,87eda68b93dd,2026,59e366af445e,0.817,different,battery charging in shelters versus multifamily buildings,sonnet,reworded
QCB2,2025,483146cba38a,2026,6c85cbfbd52d,0.883,same,same study for new park south of 47th Avenue in Sunnyside,sonnet,reworded
QCB2,2025,6fc5bb0ee9b2,2026,6f51d75b6358,0.814,same,"same transit accessibility priorities, one station dropped",sonnet,reworded
QCB2,2025,cead5c85d5d6,2026,8080fc1b2e0f,0.783,same,"same Review Avenue greenway, feasibility study becomes implementation",sonnet,reworded
QCB2,2025,8ae2a91ed86b,2026,82a084f9f6b4,0.735,same,same Van Dam Park triangle flagpole and flag at Blissville memorial,sonnet,reworded
QCB2,2024,cc3ef0701689,2026,8f3aa83cfa82,0.399,same,"same 29th Street and 47th Ave public space, study then park",sonnet,reworded
QCB2,2025,8be880722857,2026,b204bf2c72db,0.476,different,study of homelessness approach versus providing supportive housing,sonnet,reworded
QCB2,2025,8be880722857,2026,c94c154d9ece,0.354,different,homelessness study versus mental health support for unhoused,sonnet,reworded
QCB2,2025,5350cbfac83f,2026,cbbcaba83586,0.631,same,same Vernon Boulevard street end waterfront access at 53rd Avenue,sonnet,reworded
QCB2,2025,9d7a9b728d19,2026,f8acd7a9ef36,0.696,same,"same new senior center replacing St. Mary's, new suggested location",sonnet,reworded
QCB2,2024,6f89dfee8fb5,2026,fa4fd84f7de6,0.342,different,new precinct house versus more 108th Precinct officers,sonnet,reworded
QCB2,2025,ae2ab0524e00,2026,faf8572a6fbc,0.903,same,same immigrant services and community organization funding,sonnet,reworded
QCB2,2025,dca8a8bc197a,2026,fbcada7ddbcc,0.87,same,"same H+H primary care expansion, services listed",sonnet,reworded
QCB2,2025,45ac83f8d707,2026,ff6d9811e617,0.582,same,"same sewer and catch basin reconstruction for flooding, narrower area",sonnet,reworded
QCB2,2026,4d307aaa4082,2027,0503766825f8,0.772,same,same Roosevelt Avenue corridor zoning plan,sonnet,reworded
QCB2,2026,82a084f9f6b4,2027,111a3c0c0dc2,0.647,same,same Blissville Veterans Memorial flagpole completion,sonnet,reworded
QCB2,2026,2264c8ce607c,2027,13aacbb36a2e,0.443,same,"same more library hours, now naming Sunnyside and Woodside branches",sonnet,reworded
QCB2,2026,932e19d4998a,2027,1ca6327b09f5,0.492,different,backflow study versus storm sewer inspection on Greenpoint Avenue segment,sonnet,reworded
QCB2,2026,ff6d9811e617,2027,471a50858377,0.452,different,sewer reconstruction versus evaluating green infrastructure on same streets,sonnet,reworded
QCB2,2025,f6c12f217b79,2027,471a50858377,0.446,different,Dutch Kills bioswale versus Wynwood streets flooding evaluation,sonnet,reworded
QCB2,2025,532a392a9e7c,2027,4b1a50847714,0.378,different,"Bulkhead repair versus greenway maintenance, different work",sonnet,reworded
QCB2,2026,11a05a122058,2027,4b1a50847714,0.306,different,street trees for new public space versus greenway maintenance and lighting,sonnet,reworded
QCB2,2026,99146ee53639,2027,52482dfd5193,0.743,same,same Court Square Park fountain and park restoration,sonnet,reworded
QCB2,2026,f8acd7a9ef36,2027,607d3e17f104,0.663,same,same senior center site acquisition replacing St. Mary's center,sonnet,reworded
QCB2,2026,fa4fd84f7de6,2027,65b3891637ba,0.765,same,same more uniformed officers at 108th Precinct,sonnet,reworded
QCB2,2024,64729f9d2fc7,2027,7f63c292f9b6,0.321,different,"barriers under highway overpasses, then netting under the LIRR overpasses",resolved,reworded
QCB2,2026,afcc448f91f9,2027,7f63c292f9b6,0.316,different,street lighting under overpasses versus pigeon netting,sonnet,reworded
QCB2,2026,ff6d9811e617,2027,809f9944b4b0,0.969,same,"same sewer and catch basin reconstruction, 60th to 65th Place",sonnet,reworded
QCB2,2026,193591811aba,2027,8157786ffa3d,0.316,different,Bradley Avenue bioswale versus Borden Avenue dead end park,sonnet,reworded
QCB2,2026,8cf623c9dc36,2027,8f7162133a69,0.68,same,same lighting at Hunters Point South Park,sonnet,reworded
QCB2,2026,1f9602f1f3ea,2027,b09217e4e0a4,0.659,different,full Winfield street reconstruction versus pedestrian ramps only,sonnet,reworded
QCB2,2026,c96c844f3bc9,2027,b880688a8240,0.625,same,"same Skillman Avenue storm sewer inspection, side streets dropped",sonnet,reworded
QCB2,2026,6f51d75b6358,2027,dc6d71a604f7,0.499,same,"same elevator priorities at four stations, Vernon/Jackson added",sonnet,reworded
QCB2,2026,193591811aba,2027,decc0392c2d6,0.781,same,same Bradley Avenue bioswale near Blissville,sonnet,reworded
QCB3,2020,46bb23dfefbc,2021,0581bf7bf00f,0.588,same,same DOB Compliance Unit staffing increase,sonnet,reworded
QCB3,2020,cdf41825a00b,2021,109b750d9894,0.984,same,same back-up generator for Engine 307,sonnet,reworded
QCB3,2020,c299cfb07a3d,2021,14b21821f146,0.498,same,same traffic study at 114th Street and Astoria Boulevard GCP entrance,sonnet,reworded
QCB3,2020,339ba9c81b5f,2021,1b37425935f6,0.33,different,separate sewer study at intersections versus more DEP personnel,sonnet,reworded
QCB3,2020,cd16444dc9b8,2021,20d639aee4b9,0.688,same,same night and weekend consumer affairs agents for street vending,sonnet,reworded
QCB3,2020,49b3b178541b,2021,2fefdd802d56,0.982,same,same Community Board 3 street resurfacing list; minor segment changes,sonnet,reworded
QCB3,2020,39052496160c,2021,3816e5c0af3b,0.971,same,"same affordable housing for middle and low income, seniors emphasized",sonnet,reworded
QCB3,2020,05bbb4b9d127,2021,5bf27e0766f5,0.52,same,"same cameras at 27th and 31st Drive overpasses on Ditmars, agency changed",sonnet,reworded
QCB3,2020,d474fe8d5d51,2021,636828fd18ac,0.574,same,same request to share 311 data with community boards,sonnet,reworded
QCB3,2020,49b3b178541b,2021,67c09175f134,0.3,different,Street resurfacing versus adding street lights,sonnet,reworded
QCB3,2020,26b8aeca8bd8,2021,7f29b5a91f2a,0.875,same,same Engine 307 kitchen upgrade,sonnet,reworded
QCB3,2020,4490cd169fba,2021,7fc171e1ee26,0.798,same,same three-times-daily litter basket collection on commercial strips,sonnet,reworded
QCB3,2020,b5e55638f2e9,2021,8084c187dea1,0.939,same,same Veterans Plaza sitting area upgrade at 32nd Avenue and 94th Street,sonnet,reworded
QCB3,2020,840a4105accc,2021,83b697f8722a,0.739,same,"same library in northwest CB 3, Lexington School site suggested",sonnet,reworded
QCB3,2020,e9dbe5dfdece,2021,8b9d34957519,0.323,same,"same senior apartment retrofit, tax abatement mechanism added",sonnet,reworded
QCB3,2020,281c2f2d0d13,2021,9aeb97fb9639,0.923,same,"same new school construction in CB 3, high school sites",sonnet,reworded
QCB3,2020,26b8aeca8bd8,2021,a75d25c9cb39,0.301,different,Engine 307 kitchen versus citywide medical rapid response vehicle,sonnet,reworded
QCB3,2020,863527bb68e5,2021,beb1f3771f02,0.649,same,same traffic study of GCP exit at 114th Street and Northern Boulevard,sonnet,reworded
QCB3,2020,577eca60aba8,2021,c191548a7b35,0.372,same,Same Gorman Park rehabilitation; now phase 2 courts,sonnet,reworded
QCB3,2020,39052496160c,2021,c40a827120c3,0.846,same,"same affordable housing construction for low income families, groups reworded",sonnet,reworded
QCB3,2020,49b3b178541b,2021,c620d32d204c,0.505,different,street resurfacing versus Roosevelt Avenue sanitation cleaning,sonnet,reworded
QCB3,2020,1dffea7dda1b,2021,dc044c5ee4a3,0.861,same,same dedicated tower apparatus for the 115th Precinct,sonnet,reworded
QCB3,2020,f23b09c85c66,2021,f23b09c85c66,1.0,same,same apparatus door replacement at Engine 307,sonnet,reworded
QCB3,2021,6c3697c157d5,2022,0f66033fbfa5,0.62,same,"same Roosevelt Avenue lighting, slightly different extent",sonnet,reworded
QCB3,2021,12f09c898cd6,2022,1d55d42bac1b,0.972,same,same 25th Avenue step street redesign at Butler Street,sonnet,reworded
QCB3,2021,f0e3b3f20549,2022,67555ba9e04f,0.669,same,same district-wide traffic study,sonnet,reworded
QCB3,2021,c191548a7b35,2022,6a0bdd240229,1.0,same,same Gorman Park phase 2 courts and catch basin work,sonnet,reworded
QCB3,2021,c216459b825c,2022,732fb924442d,0.844,same,same staffing for park landscape and horticultural maintenance,sonnet,reworded
QCB3,2021,b0a651e30ae4,2022,8e6cda1557f6,0.956,same,same dog park at unused land by 94th Street GCP entrance,sonnet,reworded
QCB3,2021,c40a827120c3,2022,a313d4e56932,0.99,same,"same affordable housing construction, income group reworded",sonnet,reworded
QCB3,2021,7f29b5a91f2a,2022,acb458a341d0,0.758,same,same Engine 307/154 kitchen upgrade,sonnet,reworded
QCB3,2021,109b750d9894,2022,cdf41825a00b,0.984,same,same back-up generator for Engine 307,sonnet,reworded
QCB3,2020,656cd9d11282,2023,0fadff9b5a18,0.401,different,Astoria Blvd area sewers versus Junction Blvd intersection study,sonnet,reworded
QCB3,2022,2fefdd802d56,2023,0fadff9b5a18,0.393,different,street resurfacing list versus Junction Boulevard intersection study,sonnet,reworded
QCB3,2022,ee159d9b344a,2023,1514d247d396,0.479,same,"same Flushing Bay Promenade repairs including pavers, fencing and rails added",sonnet,reworded
QCB3,2022,39a14875d686,2023,39a14875d686,1.0,same,"same call for more hospitals, identical text",sonnet,reworded
QCB3,2022,1b97dd7bfa7f,2023,3b84e83fe6f5,0.475,same,same HPD inspector staffing increase,sonnet,reworded
QCB3,2022,9aeb97fb9639,2023,438046bb37d5,0.929,same,same new school facilities in CB 3 with Willets Point high school,sonnet,reworded
QCB3,2022,23b09bed7f02,2023,4bf5f30c1673,0.888,same,same hiring of NYPD personnel including custodial staff for 115th Precinct,sonnet,reworded
QCB3,2022,d904dfab75b0,2023,7868b1621c0a,0.777,same,same traffic study at 114th Street and Astoria Boulevard,sonnet,reworded
QCB3,2022,3f53cf77f328,2023,78d6c96b0ef4,0.907,same,same Veterans Plaza sitting area upgrade; Park expansion wording added,sonnet,reworded
QCB3,2022,ee159d9b344a,2023,a0da208e5db9,0.436,same,"same Flushing Bay Promenade paver repair, agency and cause reworded",sonnet,reworded
QCB3,2022,2fefdd802d56,2023,a80eb2219494,0.978,same,same Community Board 3 street resurfacing list; Northern Boulevard segment dropped,sonnet,reworded
QCB3,2022,acb458a341d0,2023,acb458a341d0,1.0,same,same Engine 307/154 kitchen upgrade,sonnet,reworded
QCB3,2022,8ece85d38d82,2023,b2ef3c717215,0.671,same,same Flushing Bay Promenade bathrooms reopened,sonnet,reworded
QCB3,2022,ec087e2b4594,2023,b40bbe0dc067,0.87,unsure,request changed to dredging; explanation still describes holding tanks,sonnet,reworded
QCB3,2021,d65956ddc410,2023,c1327f480a14,0.315,different,"10-patient medical service vehicle versus bariatric ambulance, different vehicle",sonnet,reworded
QCB3,2022,727534365520,2023,d5e1bfa78ac3,0.86,same,same FDNY Rapid Response Vehicle for citywide use,sonnet,reworded
QCB3,2022,db89664a2c88,2023,df9a9f69909c,0.879,same,"same FDNY Medical Services Vehicle for Queens, now Capital",sonnet,reworded
QCB3,2022,f194d7a6c8b8,2023,f194d7a6c8b8,1.0,same,"same MTA system wide compliance request, identical text",sonnet,reworded
QCB3,2022,b6257be12d59,2024,20afddf86aa7,0.469,different,ER upgrade and more beds versus new hospital or annex,sonnet,reworded
QCB3,2023,b2ef3c717215,2024,25d83d0c823e,0.609,same,"same Flushing Bay Promenade bathroom restoration, more facilities added",sonnet,reworded
QCB3,2023,1a4781e7f814,2024,3a2b08ffc45c,0.725,same,"same added Roosevelt Avenue cleaning services, 69th to 114th Streets",sonnet,reworded
QCB3,2023,7868b1621c0a,2024,40a3a5613419,0.807,same,same traffic study at 114th Street and Astoria Boulevard,sonnet,reworded
QCB3,2023,6cf7ee5629bf,2024,42eba11c125f,0.565,different,sewer/water unit staff versus inspectors for Flushing Bay dumping,sonnet,reworded
QCB3,2023,4bf5f30c1673,2024,431d1a1534ae,0.745,same,"same restoration of NYPD personnel for 115th Precinct, reworded",sonnet,reworded
QCB3,2023,67c09175f134,2024,479e9670bb38,0.341,different,street lights Junction Boulevard to Roosevelt Avenue versus 73rd Street segment,sonnet,reworded
QCB3,2023,438046bb37d5,2024,5b59169336c2,0.76,unsure,narrows from new school facilities to the Willets Point high school only,sonnet,reworded
QCB3,2023,8b4a687f66b6,2024,5e3ae514ea3a,1.0,same,same graffiti removal program increase in CD3,sonnet,reworded
QCB3,2023,24f4a830a490,2024,660ec8360f52,0.55,same,"same food pantry program funding, agency changed",sonnet,reworded
QCB3,2023,66af961d98dd,2024,66af961d98dd,1.0,same,"same sidewalk replacement at Landing Lights A, identical text",sonnet,reworded
QCB3,2023,b90d888421ed,2024,7c363ec3fc60,0.652,same,"same MLP sanitation funding for section 31, same Boody Street location",sonnet,reworded
QCB3,2023,c32ee0df2078,2024,8b8af83a19f4,0.94,same,"same Jackson Heights performing arts center, seating detail added",sonnet,reworded
QCB3,2023,10736ce75bca,2024,955738d19449,0.698,same,same independent electrical source at Travers Park stage,sonnet,reworded
QCB3,2023,1c61ab4406be,2024,99172596fdff,0.772,same,same rodent abatement funding increase,sonnet,reworded
QCB3,2023,cf964472c9eb,2024,9e5398a25ce4,0.78,same,same traffic study of Grand Central Parkway exit at 114th and Northern,sonnet,reworded
QCB3,2023,acb458a341d0,2024,a0d1418b7557,0.925,same,same FDNY Engine 307/154 kitchen upgrade,sonnet,reworded
QCB3,2023,732fb924442d,2024,a20e0cb6df96,0.441,same,same staffing for park landscape maintenance,sonnet,reworded
QCB3,2023,8e6cda1557f6,2024,bf7185597212,0.953,same,same dog park on unused land at 94th Street GCP entrance,sonnet,reworded
QCB3,2023,c1327f480a14,2024,c1327f480a14,1.0,same,"same Bariatric Ambulance Unit purchase, identical text",sonnet,reworded
QCB3,2023,b40bbe0dc067,2024,ddc2e2b7f33c,0.942,same,"same Flushing Bay dredging request, wording changed",sonnet,reworded
QCB3,2023,dcb86b9e52ed,2024,e2576b7b3350,0.851,same,same citywide basement apartment code pilot program,sonnet,reworded
QCB3,2022,bca1e4b54779,2024,e803a052221a,0.954,same,"Same 90th Street Playground renovation, reworded",sonnet,reworded
QCB3,2024,67c09175f134,2025,02df061a68af,0.815,same,same street lights at Junction Blvd and Roosevelt Ave,sonnet,reworded
QCB3,2024,660ec8360f52,2025,2fb6df4d54a3,0.752,same,"same food pantry funding, related agency",sonnet,reworded
QCB3,2024,ec807be4896b,2025,3f48cf03d2f5,0.419,different,"Northern Playground differs from Gorman Park, which is separately requested in FY2025",sonnet,reworded
QCB3,2024,9da084d6f2a1,2025,405d0856cea8,0.445,same,same conversion of combined sewers to dedicated system,sonnet,reworded
QCB3,2024,9e5398a25ce4,2025,5e9e4ba88138,0.356,same,same study of 114th Street and Northern Blvd exit,sonnet,reworded
QCB3,2023,9f98624a7dcb,2025,605b3d17258b,0.5,unsure,"paver repair on the Promenade, then a request that leads with new lighting",resolved,reworded
QCB3,2024,1514d247d396,2025,605b3d17258b,0.425,different,"lighting plus pavers versus fencing, rails and pavers; lighting is new work",sonnet,reworded
QCB3,2024,66af961d98dd,2025,66af961d98dd,1.0,same,"identical text, Landing Lights A sidewalks",sonnet,reworded
QCB3,2024,a80eb2219494,2025,7cf2aa18133e,0.322,different,street resurfacing versus power-washing; different work,sonnet,reworded
QCB3,2023,505c4d5ed663,2025,95e38f6049d9,0.962,same,Same ramp and railings rehab under the Marina,sonnet,reworded
QCB3,2024,342dab4d7602,2025,95fb87a557e8,0.792,same,same Gorman Park multipurpose area and exercise equipment,sonnet,reworded
QCB3,2024,a0d1418b7557,2025,a0d1418b7557,1.0,same,identical FDNY Station 307/154 kitchen upgrade,sonnet,reworded
QCB3,2024,85c11466e348,2025,b80fd19dff2d,0.689,same,same seven-day library hours with late closing,sonnet,reworded
QCB3,2024,e803a052221a,2025,bccad2ca1e77,0.662,same,same 90th Street Playground renovation,sonnet,reworded
QCB3,2024,40a3a5613419,2025,bce70553d3b0,0.404,same,same traffic study at 114th Street and Astoria Blvd,sonnet,reworded
QCB3,2024,c1327f480a14,2025,c1327f480a14,1.0,same,"identical text, bariatric ambulance unit",sonnet,reworded
QCB3,2024,ec807be4896b,2025,c781af3a94d1,0.592,same,same Gorman Park phase two courts upgrade,sonnet,reworded
QCB3,2024,20afddf86aa7,2025,ca17d435b849,0.984,same,same new hospital in Corona/East Elmhurst,sonnet,reworded
QCB3,2024,1514d247d396,2025,d41dd79371ab,0.496,same,same Malcolm X Promenade fence and paver repairs,sonnet,reworded
QCB3,2024,d65d13fc0361,2025,d5849fe2326d,0.958,same,"same curb repair funding, near-identical text",sonnet,reworded
QCB3,2024,99172596fdff,2025,daf805db75ff,0.396,same,same rodent abatement funding increase,sonnet,reworded
QCB3,2024,78d6c96b0ef4,2025,f26c239c769e,0.685,same,same Veterans Memorial Park sitting area upgrade and expansion,sonnet,reworded
QCB3,2024,8b8af83a19f4,2025,fce7f9cc5e11,0.315,different,performing arts center versus recreational center,sonnet,reworded
QCB3,2025,3f48cf03d2f5,2026,0b044a1787c2,0.682,same,"same phase 2 courts project, Northern renamed Gorman Playground",sonnet,reworded
QCB3,2025,bce70553d3b0,2026,135b1e874876,0.732,same,same traffic study at 114th Street and Astoria Blvd,sonnet,reworded
QCB3,2025,955738d19449,2026,2d479920eb88,0.349,different,stage electrical source versus park lighting,sonnet,reworded
QCB3,2025,5e9e4ba88138,2026,381280201353,0.762,same,same study of 114th Street and Northern Blvd exit,sonnet,reworded
QCB3,2025,66af961d98dd,2026,639e09bb2870,0.514,different,sidewalk replacement versus ballfield renovation at Landing Lights A,sonnet,reworded
QCB3,2025,66af961d98dd,2026,66af961d98dd,1.0,same,"identical text, Landing Lights A sidewalks",sonnet,reworded
QCB3,2024,16c59c61257e,2026,730ef9279ec0,0.575,same,"Same Northern Playground upgrade, reworded",sonnet,reworded
QCB3,2025,02df061a68af,2026,82bbbf1e85cc,1.0,same,same street lights at Junction Blvd and Roosevelt Ave,sonnet,reworded
QCB3,2025,a0d1418b7557,2026,a0d1418b7557,1.0,same,same FDNY Station 307/154 kitchen upgrade,sonnet,reworded
QCB3,2024,66e8708ef5a0,2026,b396aa83fc2e,0.839,same,Cameras at Ditmars Blvd overpasses repeated; one extra site dropped,sonnet,reworded
QCB3,2024,16c59c61257e,2026,b82f2b126158,0.381,different,"Restroom-only work versus whole playground upgrade, narrower scope",sonnet,reworded
QCB3,2021,71d6037b8e08@878d67,2026,ba6e8c8f7ca6,1.0,same,same 75th to 78th Streets and 31st Avenue named in text; new title,sonnet,site
QCB3,2022,12981817caac@ba4347,2026,ba6e8c8f7ca6,1.0,same,same 75th to 78th Streets and 31st Avenue named in text; new title,sonnet,site
QCB3,2023,12981817caac@ba4347,2026,ba6e8c8f7ca6,1.0,same,same 75th to 78th Streets and 31st Avenue named in text; new title,sonnet,site
QCB3,2024,12981817caac@ba4347,2026,ba6e8c8f7ca6,1.0,same,same 75th to 78th Streets and 31st Avenue named in text; new title,sonnet,site
QCB3,2025,c1327f480a14,2026,c1327f480a14,1.0,same,"identical text, bariatric ambulance unit",sonnet,reworded
QCB3,2026,2d479920eb88,2027,2d479920eb88,1.0,same,"identical text, Travers Park lighting",sonnet,reworded
QCB3,2026,d25b5552769d,2027,33b89599abfa,0.973,same,"same onsite interpreter hiring, one more venue named",sonnet,reworded
QCB3,2026,381280201353,2027,3f675ddc3bdb,0.332,different,traffic study versus Northern Blvd median greenery,sonnet,reworded
QCB3,2024,5b59169336c2,2027,639491bf1130,0.513,same,High school at Willets Point and DiBlasi site; early childhood added,sonnet,reworded
QCB3,2026,639e09bb2870,2027,639e09bb2870,1.0,same,"identical text, Landing Lights A ballfield renovation",sonnet,reworded
QCB3,2026,66af961d98dd,2027,66af961d98dd,1.0,same,"identical text, Landing Lights A sidewalks",sonnet,reworded
QCB3,2026,960d0c0618ad,2027,79b3c2f9eb65,0.892,same,"same phase 2 courts project, Northern renamed Gorman Playground",sonnet,reworded
QCB3,2024,0fadff9b5a18,2027,868fe2078231,0.481,different,Intersection study versus paving stone repair on 82nd Street,sonnet,reworded
QCB3,2026,d7c52d06baa3,2027,868fe2078231,0.434,different,street resurfacing versus paving stone repair on 82nd Street,sonnet,reworded
QCB3,2026,eb186fc19714,2027,870e1646d93a,0.343,different,different stretches of 23rd Avenue,resolved,reworded
QCB3,2026,8558ddc21d4a,2027,89630c183116,0.832,same,"same Promenade fencing and paver repairs, added tree-root detail",sonnet,reworded
QCB3,2026,960d0c0618ad,2027,9204f858b5a4,0.774,same,"same Northern Playground phase 2, added play equipment and restrooms",sonnet,reworded
QCB3,2024,16c59c61257e,2027,9204f858b5a4,0.441,same,"Northern Playground upgrade, now phase 2",sonnet,reworded
QCB3,2025,c781af3a94d1,2027,9204f858b5a4,0.324,different,"Gorman Park versus Northern Playground, different parks",sonnet,reworded
QCB3,2026,a0d1418b7557,2027,a0d1418b7557,1.0,same,"identical text, FDNY Station 307/154 kitchen",sonnet,reworded
QCB3,2026,d7c52d06baa3,2027,abbce60f8c0a,0.436,different,street resurfacing versus 34th Ave median care,sonnet,reworded
QCB3,2024,0fadff9b5a18,2027,abbce60f8c0a,0.318,different,Intersection study versus 34th Ave median care,sonnet,reworded
QCB3,2026,2d479920eb88,2027,b267e29d6e2f,0.604,different,Travers Park lighting versus basketball court regrading,sonnet,reworded
QCB3,2021,71d6037b8e08@878d67,2027,ba6e8c8f7ca6,1.0,same,same 75th to 78th Streets and 31st Avenue named in text; new title,sonnet,site
QCB3,2022,12981817caac@ba4347,2027,ba6e8c8f7ca6,1.0,same,same 75th to 78th Streets and 31st Avenue named in text; new title,sonnet,site
QCB3,2023,12981817caac@ba4347,2027,ba6e8c8f7ca6,1.0,same,same 75th to 78th Streets and 31st Avenue named in text; new title,sonnet,site
QCB3,2024,12981817caac@ba4347,2027,ba6e8c8f7ca6,1.0,same,same 75th to 78th Streets and 31st Avenue named in text; new title,sonnet,site
QCB3,2026,c1327f480a14,2027,c1327f480a14,1.0,same,"identical text, bariatric ambulance unit",sonnet,reworded
QCB3,2026,8aa6165af380,2027,cd789016e0a0,0.374,different,PEP officers versus homeless services personnel,sonnet,reworded
QCB3,2026,d087aaa93eef,2027,d087aaa93eef,1.0,same,"identical text, I.S. 227 restroom reconstruction",sonnet,reworded
QCB3,2026,f3b436e98242,2027,db9088911baf,0.674,different,baseball field renovation versus basketball court resurfacing,sonnet,reworded
QCB3,2026,061595f30c20,2027,eb1ee6f61693,0.99,same,"same new hospital, urgent care option added",sonnet,reworded
QCB4,2020,95aa343e29f1,2021,0850746dcda4,0.839,same,same middle school after-school programs for SD24,sonnet,reworded
QCB4,2020,d0fb102ed878,2021,191ea42ec5db,0.937,same,same new reference library near 108th Street and Corona Avenue,sonnet,reworded
QCB4,2020,aba3dd3647e2,2021,2912445ba779,0.676,same,same Clement C Moore Playground redesign,sonnet,reworded
QCB4,2020,ea3b49700310,2021,39948156768f,0.511,same,same graffiti removal funding request,sonnet,reworded
QCB4,2020,d49916fa0517,2021,3ea29db2eca0,0.863,same,"same William F. Moore Park renovation, same Corona Avenue location",sonnet,reworded
QCB4,2020,a1850bece949,2021,4a7bd6fde527,0.315,different,school organics pickups versus neighborhood organics program for Corona and Elmhurst,sonnet,reworded
QCB4,2020,ee7b7d9ecdc4,2021,7889afc87fbb,0.747,same,"same accessibility study of stations, list partly overlapping",sonnet,reworded
QCB4,2020,db8d067be4b4,2021,94498778eb57,0.887,same,same satellite precinct for western Elmhurst,sonnet,reworded
QCB4,2020,08739d98f429,2021,95d5d96a9597,0.955,same,same MetroCards for low-income residents,sonnet,reworded
QCB4,2020,8f3732400383,2021,9df6374819f1,0.599,same,same streetscape improvements on both corridors,sonnet,reworded
QCB4,2020,9c5bba095746,2021,ab97753015f7,1.0,same,"same elementary after-school programs, identical text",sonnet,reworded
QCB4,2020,ebdb4ef176a6,2021,b0f4d0bf58b3,0.3,different,Corona Plaza renovation versus new plaza in South Elmhurst,sonnet,reworded
QCB4,2020,b0de2e526cbc,2021,b526b308fb06,0.997,same,"same Middleburgh Triangle upgrade with benches, plantings and signage",sonnet,reworded
QCB4,2020,d0920d0cece1,2021,be7462618511,0.477,different,library renovation versus outdoor sitting area behind completed library,sonnet,reworded
QCB4,2020,a875803a6142,2021,c4741ef4791c,0.944,same,same DOT curb replacement funding increase,sonnet,reworded
QCB4,2020,5ff89b54d216,2021,c69b9c1527bd,0.785,same,same Hoffman Park jogging track and court repairs,sonnet,reworded
QCB4,2020,914308ac3893,2021,ce429e3b1dfc,0.951,same,same reopening of LIRR station on Broadway at Whitney Avenue,sonnet,reworded
QCB4,2020,abc87bf967cf,2021,f953355c8539,0.972,same,same youth center with land acquisition,sonnet,reworded
QCB4,2021,92e3c36b711e,2022,0df1a927fdd1,0.784,same,same school technology upgrades,sonnet,reworded
QCB4,2021,94498778eb57,2022,2cc09aa4dabf,0.678,same,same satellite precinct for western Elmhurst malls,sonnet,reworded
QCB4,2021,4cf2282463b9,2022,50627006eac5,0.694,same,same new high school for SD24,sonnet,reworded
QCB4,2021,d15c87e3f82c,2022,53bf88e8ecaa,1.0,same,"same street vendor law workshops, identical text",sonnet,reworded
QCB4,2021,1cd405d36840,2022,5921f44763c5,0.865,same,same small business incubator for street vendors,sonnet,reworded
QCB4,2021,5d8739ea7e81,2022,848002584106,0.879,same,same Parks recreation center for CB4,sonnet,reworded
QCB4,2021,2a2204b84220,2022,a391a0ffc354,0.553,same,same rehabilitation center within CB4,sonnet,reworded
QCB4,2021,903b3a21ad80,2022,a7dee072e0d6,0.896,same,same tree pruning cycle funding,sonnet,reworded
QCB4,2021,31721e7099dd,2022,a9d9fb366746,0.713,same,same DOHMH staffing and literature funding,sonnet,reworded
QCB4,2021,2912445ba779,2022,a9db1303a0ff,0.849,same,"same Clement C Moore Playground work, comfort station added",sonnet,reworded
QCB4,2021,5bbea5674042,2022,df55b4cfb334,0.719,same,"same firehouse rehabilitation, later names specific houses",sonnet,reworded
QCB4,2021,bf78d935332c,2022,e3123647608f,0.982,same,"same downed utility wires request, near-identical text",sonnet,reworded
QCB4,2021,069cf5e9717e,2022,f4802b28ccd5,0.86,same,same phase 2 of FMCP reflecting pools renovation,sonnet,reworded
QCB4,2022,5179b3bd6d57,2023,09ed33d356ed,0.554,unsure,"same intersection; traffic mitigation versus a reconducted traffic study, work type unclear",sonnet,reworded
QCB4,2022,df55b4cfb334,2023,1bb26c45f322,0.957,same,same renovation of three named firehouses,sonnet,reworded
QCB4,2022,5fc7e8469d5a,2023,4ebf5ee81e46,0.834,same,"same Elmhurst history museum, or space",sonnet,reworded
QCB4,2022,67857824fda6,2023,5a0f22ec2aa2,0.56,same,same traffic enforcement agents at same intersections,sonnet,reworded
QCB4,2022,555fa4cd200e,2023,7c0645be0911,0.969,same,same Corona Golf Playground fitness equipment upgrade on 46 Avenue,sonnet,reworded
QCB4,2022,68635f20e1a4,2023,9197079ef0ce,0.934,same,same emergency housing for displaced households,sonnet,reworded
QCB4,2022,fd6aeaac9e99,2023,b45266d37add,0.469,same,same DOB code enforcement inspector funding,sonnet,reworded
QCB4,2020,e7bb67d510bb,2023,ba3631e8c9a7,0.312,same,"Same Sparrows Nest garden at 54-01 101st St, improvements requested again",sonnet,reworded
QCB4,2022,9aa1e061d3c1,2023,d7836cc1ec49,0.726,same,"same Fair Fares funding, related agency",sonnet,reworded
QCB4,2022,375f3ba2145a,2023,e6e1f8302624,0.411,same,same 114th Street stretch by Grand Central Parkway needing curb and sidewalk,sonnet,reworded
QCB4,2022,7889afc87fbb,2023,ef86a61e3fbe,0.537,same,"same station accessibility study, Woodhaven Blvd added",sonnet,reworded
QCB4,2023,bc4b2cd9ed7a,2024,08b7eb79c34a,0.488,different,Corona Plaza lighting versus Corona Avenue Broadway to Sautell Ave,sonnet,reworded
QCB4,2023,bc4b2cd9ed7a,2024,1084af00f4f2,0.459,same,same Type M street lights at Corona Plaza,sonnet,reworded
QCB4,2023,bc4b2cd9ed7a,2024,490a1cee18dd,0.453,different,Type M lights at Corona Plaza versus Broadway 74th Street to Queens Blvd,sonnet,reworded
QCB4,2023,9197079ef0ce,2024,51c858dac544,0.845,same,same emergency housing for displaced households,sonnet,reworded
QCB4,2021,b526b308fb06@16f99e,2024,53bb9f468bec@ce5515,1.0,same,"same Middleburgh Triangle at Corona Ave, 90th St, 48th Ave; later text drops other triangles",sonnet,site
QCB4,2022,b526b308fb06@16f99e,2024,53bb9f468bec@ce5515,1.0,same,"same Middleburgh Triangle at Corona Ave, 90th St, 48th Ave; later text drops other triangles",sonnet,site
QCB4,2023,b526b308fb06@16f99e,2024,53bb9f468bec@ce5515,1.0,same,"same Middleburgh Triangle at Corona Ave, 90th St, 48th Ave; later text drops other triangles",sonnet,site
QCB4,2023,7c0645be0911,2024,555fa4cd200e,0.969,same,same Corona Golf Playground upgrade on 46 Avenue,sonnet,reworded
QCB4,2023,d4228ce90b86,2024,684b5d7b81a9,0.534,same,same ACE cleaning program on the same corridors,sonnet,reworded
QCB4,2023,9eee3dab1545,2024,6e60fae70559,0.565,same,same Triangle 90 renovation; earlier request bundled it with Answer Triangle,sonnet,reworded
QCB4,2023,3418855b2dc1,2024,906f28261075,0.431,same,same Manuel de Dios Triangle redesign to remove raised center,sonnet,reworded
QCB4,2023,9ad2d1679e69,2024,99a1db990d77,0.46,same,same dual-bin recycling trucks for district,sonnet,reworded
QCB4,2023,f4b01812ae78,2024,b8b2b97d8d79,0.601,same,same DEP street survey for flooding with identical street list,sonnet,reworded
QCB4,2023,41008900edf6,2024,befe7b0b73e0,0.823,same,"same dirty sidewalk enforcement, cameras added",sonnet,reworded
QCB4,2023,d321c68c2eb5,2024,d403005bbf12,0.991,same,"same banking development district meeting, identical text",sonnet,reworded
QCB4,2023,66b81484f2cb,2024,eb08760539f3,0.448,same,same illegal posting enforcement along Roosevelt Avenue 72nd to 114th Streets,sonnet,reworded
QCB4,2023,9eee3dab1545,2024,fa601c49b550,0.383,same,Answer Triangle renovation was part of earlier bundled request with Triangle 90,sonnet,reworded
QCB4,2024,1d1e88197c95,2025,015075f062dd,0.91,same,"same traffic enforcement agents, identical locations",sonnet,reworded
QCB4,2024,b8b2b97d8d79,2025,04992fbca3f3,0.771,same,same DEP survey of identical list of flooded streets in Corona,sonnet,reworded
QCB4,2024,490db867bffa,2025,0be66ca71b32,0.526,same,same DOHMH rat and mosquito control funding,sonnet,reworded
QCB4,2024,08b7eb79c34a,2025,27d560473579,0.672,same,same Type M street lights on Corona Avenue,sonnet,reworded
QCB4,2024,fc2d8bf14e80,2025,4e92bc71b701,0.365,unsure,new South Elmhurst medical facility versus unstated ask about Elmhurst Hospital,sonnet,reworded
QCB4,2024,09ed33d356ed,2025,538cf3f660bf,0.435,same,same reconducted traffic study at National and 102nd Streets,sonnet,reworded
QCB4,2023,62bbfa788b4f@695aea,2025,62bbfa788b4f@d286ad,1.0,same,"same Junction Boulevard corridor, Roosevelt Avenue to Horace Harding, named in text",sonnet,site
QCB4,2024,cd06082b8e0f,2025,6875ebbab757,0.896,same,"same historical signage in parks, more parks named",sonnet,reworded
QCB4,2024,fc96d228baf2,2025,78a52d02c584,0.481,same,same off-street parking for 110 Precinct vehicles,sonnet,reworded
QCB4,2024,99a1db990d77,2025,8887fbb6a723,0.859,same,same dual-bin recycling trucks,sonnet,reworded
QCB4,2024,ba3631e8c9a7,2025,8e3bc2cb5b65,0.407,different,Sparrows Nest Community Garden versus Corona Peach Tree Community Garden,sonnet,reworded
QCB4,2024,7555f204acb2,2025,ba82049ed3e9,0.557,same,same Breaking Ground outreach vehicles,sonnet,reworded
QCB4,2024,ca7ba0372e15,2025,c9a09d0fa34f,0.448,same,"same senior needs study, disabled population added",sonnet,reworded
QCB4,2024,fa601c49b550,2025,d306f9c0ab81,0.95,same,same Answer Triangle renovation to fix sinking center and sidewalk,sonnet,reworded
QCB4,2024,18d67a5cfa7f,2025,f669636079b9,0.442,different,street reconstruction near 41st Avenue versus rain garden maintenance staffing,sonnet,reworded
QCB4,2024,206195a3a398,2025,f669636079b9,0.344,same,Same DEP staffing for green infrastructure and rain garden maintenance,sonnet,reworded
QCB4,2024,53bb9f468bec,2025,fbb37df4028a,0.89,same,"same Middleburgh Triangle upgrades with bus stop, plantings and signs",sonnet,reworded
QCB4,2024,7b9281c573b1@84d0c3,2026,2feee8450ff5,1.0,same,same Roosevelt Avenue lighting east of 103rd Street; 108th Street lies within 104th to 114th,sonnet,site
QCB4,2025,7b9281c573b1@84d0c3,2026,2feee8450ff5,1.0,same,same Roosevelt Avenue lighting east of 103rd Street; 108th Street lies within 104th to 114th,sonnet,site
QCB4,2025,6de434c1f659,2026,5a7757764bef,0.508,same,"same new or expanded high school, related agency",sonnet,reworded
QCB4,2025,f953355c8539,2026,6614f851fe26,0.516,same,same youth center with land purchase,sonnet,reworded
QCB4,2025,5f7afa8ff8b7,2026,66f2e11ba576,0.684,same,same DOT curb replacement funding increase,sonnet,reworded
QCB4,2025,fbb37df4028a,2026,69852bfcaa7d,0.302,different,Libra Triangle at Justice Avenue versus Middleburgh Triangle,sonnet,reworded
QCB4,2025,62bbfa788b4f,2026,9171fff2c09d,0.716,same,"same Junction Boulevard corridor reconstruction, Roosevelt Avenue to Horace Harding",sonnet,reworded
QCB4,2025,e4cae096d7b1,2026,99b1f2e3d99f,0.981,same,"same station accessibility study, identical list",sonnet,reworded
QCB4,2025,015075f062dd,2026,a815532500d7,0.88,same,"same traffic enforcement agents, same locations",sonnet,reworded
QCB4,2025,f669636079b9,2026,c2d6c381f621,0.874,same,same rain garden maintenance staffing,sonnet,reworded
QCB4,2025,6261758a1ee0,2026,df0334a8304d,0.638,same,same independent urban planner funding for boards,sonnet,reworded
QCB4,2025,0df1a927fdd1,2026,e519b8cb41a4,0.358,same,"same school technology upgrades, related agency",sonnet,reworded
QCB4,2025,ab97753015f7,2026,ea4902233d34,0.418,same,same elementary after-school programs,sonnet,reworded
QCB4,2025,befe7b0b73e0,2026,ffbe58313d72,0.928,same,same dirty sidewalk enforcement on same corridors,sonnet,reworded
QCB4,2026,2feee8450ff5,2027,08135794edea,0.399,unsure,Roosevelt Ave lighting: 104th-114th stretch versus entire 70th-114th length,sonnet,reworded
QCB4,2024,6e60fae70559,2027,08135794edea,0.333,different,Triangle 90 park renovation versus Roosevelt Ave street lights,sonnet,reworded
QCB4,2026,1d8d0b293526,2027,175e4f4ac34a,0.663,same,same affordable early childhood education programs,sonnet,reworded
QCB4,2026,c544ec179118,2027,1a5a080b53d1,0.791,same,same green infrastructure study of 111th Street at 44th Ave,sonnet,reworded
QCB4,2026,4b50bc70e26e,2027,45e3d49e8631,0.907,same,same small business technology training,sonnet,reworded
QCB4,2026,e519b8cb41a4,2027,49b13a615a3b,0.509,same,"same school technology upgrades, same agency",sonnet,reworded
QCB4,2026,c2d6c381f621,2027,586aea3892a9,0.802,same,same rain garden maintenance staffing,sonnet,reworded
QCB4,2026,ea4902233d34,2027,5cf363c30250,0.973,same,"same K-5 after-school programs, identical text",sonnet,reworded
QCB4,2026,f83e190921b2,2027,63846d85aa52,0.961,same,same DEP rainfall and drainage capacity study,sonnet,reworded
QCB4,2026,6fb082263e91,2027,66b4b7a18f5a,0.929,same,"same survey of flooded streets, rain gardens added",sonnet,reworded
QCB4,2026,a815532500d7,2027,978747942e58,0.966,same,"same traffic enforcement agents, identical locations",sonnet,reworded
QCB4,2026,13ed95ae3d5c,2027,9cb17a1a3833,0.795,same,same DOHMH rat and mosquito control funding,sonnet,reworded
QCB4,2026,504b23b1ea91,2027,bf88ad0a9204,0.985,same,"same ACE funding, identical corridors",sonnet,reworded
QCB4,2026,a8e9eb21e5b8,2027,cff0aad0d917,0.355,same,same funding for more DOB building inspectors,sonnet,reworded
QCB4,2026,9171fff2c09d,2027,de7c262bbef9,0.916,same,same Junction Blvd corridor reconstruction,sonnet,reworded
QCB4,2026,10354da2f207,2027,e825aaaa1410,0.941,same,"same commercial needs assessment, same corridors",sonnet,reworded
QCB4,2026,5a7757764bef,2027,ec55e7e8e254,0.624,same,same high school expansion in SD24,sonnet,reworded
QCB4,2026,a8f152426b34,2027,f8f8e46e915f,0.954,same,same Type M street lights on Corona Avenue,sonnet,reworded
QCB5,2020,2a999883d15f,2021,12d5498702a9,0.971,same,same new school space including a new high school at Cooper Avenue,sonnet,reworded
QCB5,2020,fb9eda751972,2021,2adda8757375,1.0,same,same added 104th Precinct patrol officers,sonnet,reworded
QCB5,2020,8659ddd779b1,2021,4944d438cda2,0.811,same,same Glendale sewer reconstruction on 77 and 78 Avenues,sonnet,reworded
QCB5,2020,d6f5c46c99a7,2021,68bcc1b8735a,0.977,same,same athletic field at DEP Newtown Creek aeration facility site,sonnet,reworded
QCB5,2020,ed18a5b4f70b,2021,b8229f70474b,0.9,same,same catch basin reconstruction and new basins,sonnet,reworded
QCB5,2020,71bf2202f58b,2021,bf86aa10d789,0.947,same,same continued funding for Ridgewood Medical Center on Onderdonk Avenue,sonnet,reworded
QCB5,2021,4944d438cda2,2022,1986444af5b4,0.41,same,"same Glendale sewer reconstruction, 77 Avenue focus",sonnet,reworded
QCB5,2021,b8229f70474b,2022,3182699da26f,0.643,same,same catch basin reconstruction and new basins,sonnet,reworded
QCB5,2021,6676c1077cd8,2022,3cbfd11b57f8,0.542,same,"same rehabilitation of 104th Precinct station house, details differ",sonnet,reworded
QCB5,2021,01a06327ac09,2022,4a63ffa6f923,0.951,same,same LIRR bridge abutment reconstruction and painting at Cooper Avenue underpass,sonnet,reworded
QCB5,2021,b9eda939cf95,2022,64f2b165beca,0.988,same,same South Middle Village streets reconstruction (HWQ 708),sonnet,reworded
QCB5,2021,180c1659757d,2022,88b355ad2f28,0.324,different,Fresh Pond Road reconstruction versus Benninger Playground reconstruction,sonnet,reworded
QCB5,2021,3e5abbfb6057,2022,96f38ec63ffc,0.972,same,same Maspeth community and recreation center,sonnet,reworded
QCB5,2021,4e9bebd77ec8,2022,9ab6aebb2afc,1.0,same,same Myrtle Avenue commercial strip curb and sidewalk improvements,sonnet,reworded
QCB5,2021,2daf036ff20f,2022,a5fd9c6f67ed,0.933,same,same Dry Harbor Playground Phase II with tunnel and pathways,sonnet,reworded
QCB5,2021,12d5498702a9,2022,b10fee0de485,0.899,same,same new school space including a new high school in Queens,sonnet,reworded
QCB5,2021,86ed6e5c1c05,2022,d501bb61060e,0.908,same,"same Rosemary's Playground softball field reconstruction, courts added",sonnet,reworded
QCB5,2021,3d0b895a87e5,2022,df9ff32053ed,0.462,same,same Evergreen Park Playground Phase III softball field reconstruction,sonnet,reworded
QCB5,2021,9ef5ac50fdbc,2022,ea22e15f9d46,0.959,same,same 80th Street Bridge east sidewalk widening; structural review added,sonnet,reworded
QCB5,2021,d510dc801171,2022,f7c086a4f35e,0.935,same,"same Union Turnpike Mall lighting and curb restoration, Myrtle to Woodhaven",sonnet,reworded
QCB5,2021,fbd5f4a18e20,2022,fa0eb102d7ec,0.995,same,same replacement of Grand Avenue bridge over Newtown Creek,sonnet,reworded
QCB5,2022,df9ff32053ed,2023,3312458c5938,0.505,same,"same Evergreen Park Playground Phase III, now with funded design details",sonnet,reworded
QCB5,2022,d501bb61060e,2023,9c353c5d29d8,0.341,different,Rosemary's Playground versus Mafera Park,sonnet,reworded
QCB5,2022,21af5c617022,2023,fae283e232d3,0.897,same,same added 104th Precinct patrol personnel,sonnet,reworded
QCB5,2023,c180b44b78cb,2024,0a18421baa49,0.973,same,"same Myrtle Avenue sidewalk, curb and ramp reconstruction, Fresh Pond to Wyckoff",sonnet,reworded
QCB5,2023,b10fee0de485,2024,0f651d68cdec,0.58,same,same new high school construction plus school upgrades; vocational school emphasized,sonnet,reworded
QCB5,2023,5ace3b6aaf31,2024,2283086f9c85,0.966,same,same arterial highway cleaning and maintenance workers,sonnet,reworded
QCB5,2023,d589effe86d5,2024,22b6b7a79036,1.0,same,same Sanitation cleaning personnel for illegal dumping and litter baskets,sonnet,reworded
QCB5,2023,5f42a304734c,2024,2d0363659282,0.956,same,same funding for local youth educational and recreational programs,sonnet,reworded
QCB5,2023,0e1ef6fe75a8,2024,3009e5b4897d,0.947,same,"same toilet facility in Juniper Valley Park, same bounded area",sonnet,reworded
QCB5,2023,e430f4ad2ac0,2024,41a68589c2c2,0.952,same,same green infrastructure for stormwater runoff,sonnet,reworded
QCB5,2023,f14804b33602,2024,425618e45b3c,0.997,same,same Maspeth intersection safety improvements at Grand Avenue and 69th Street,sonnet,reworded
QCB5,2023,385ff4a21917,2024,51088160fd85,0.993,same,same Newtown Creek public access and athletic field at aeration facility,sonnet,reworded
QCB5,2023,ea22e15f9d46,2024,524c019d25d9,0.99,same,same 80th Street Bridge sidewalk widening and structural review,sonnet,reworded
QCB5,2023,9ab6aebb2afc,2024,554f0a7070d1,0.997,same,same Myrtle Avenue commercial strip curb and sidewalk improvements,sonnet,reworded
QCB5,2023,b96f20de34d1,2024,773361eb6032,0.974,same,same Queens Bureau of Child Welfare satellite office,sonnet,reworded
QCB5,2023,a3b30c1a4e83,2024,7b8f3c1f773e,0.992,same,"same Queens Forestry Division funding for pruning, stumps, dead trees",sonnet,reworded
QCB5,2023,3312458c5938,2024,820848b4abda,0.982,same,same Evergreen Park Playground reconstruction with funded courts and skate park,sonnet,reworded
QCB5,2023,967a72b8eca0,2024,950680eae4bd,0.995,same,same continued comprehensive Queens sewer system study,sonnet,reworded
QCB5,2023,ad06eb62a774,2024,a9ada6c41ebb,1.0,same,same Ridgewood Reservoir Phase II and Highland Park rehabilitation,sonnet,reworded
QCB5,2023,5d07c1dde5ac,2024,ac44b0720cc4,1.0,same,"same identical HPD funding request for inspectors, loans, legal services",sonnet,reworded
QCB5,2023,1680876c12a2,2024,c32bc0db833b,0.989,same,same Glendale sewer redesign for flooding near 77 Avenue,sonnet,reworded
QCB5,2023,ff00d80901fc,2024,cafc87744ebe,0.973,same,same Rosemary's Playground softball field and basketball courts reconstruction,sonnet,reworded
QCB5,2023,5ff32a1a7381,2024,cd0a6e4a5b46,0.976,same,same additional Queens rat control inspectors and baiting staff,sonnet,reworded
QCB5,2023,3dbbac0ad7e2,2024,d1b7ad417f45,0.988,same,same Palmetto Street reconstruction in Ridgewood,sonnet,reworded
QCB5,2023,00dc3691e942,2024,d59962dc6799,0.959,same,same DEP field workers for Water and Sewer Operations,sonnet,reworded
QCB5,2023,367ec9b267e4,2024,e15e75ef5198,1.0,same,same five-day school garbage collection and new five-day school recycling,sonnet,reworded
QCB5,2023,928f1b3ddc9e,2024,e52e37efb890,0.982,same,"same hire traffic agents, crossing guards, school safety officers, reordered",sonnet,reworded
QCB5,2023,c9f173059e36,2024,efd59cd90d7d,0.976,same,same operations staff for wastewater pollution control odor monitoring,sonnet,reworded
QCB5,2023,fa0eb102d7ec,2024,efdda5d7fd24,0.959,same,same Grand Avenue bridge replacement over Newtown Creek,sonnet,reworded
QCB5,2023,a5fd9c6f67ed,2024,fd0a9c183717,1.0,same,same Dry Harbor Playground Phase II with tunnel and pathways,sonnet,reworded
QCB5,2024,a9ada6c41ebb,2025,205d6290cc36,0.953,same,same Ridgewood Reservoir Phase 2 rehabilitation; pedestrian access added to title,sonnet,reworded
QCB5,2024,b8c09612982a,2025,60604c3426dd,0.895,same,"same more 104th Precinct patrol officers, same ask",sonnet,reworded
QCB5,2024,820848b4abda,2025,7d1b487c24a6,1.0,same,"same Evergreen Park Playground reconstruction, phase label changed",sonnet,reworded
QCB5,2024,c32bc0db833b,2025,9dd69f778bbc,0.971,same,same Glendale sewer redesign for flooding near 77 Avenue,sonnet,reworded
QCB5,2025,69b4f9d74cf3,2026,04b56787bd00,0.832,same,same mini comfort stations at same three playgrounds; Juniper Valley added,sonnet,reworded
QCB5,2022,4a63ffa6f923@d29486,2026,54a46a4aba17,1.0,same,same Cooper Avenue underpass abutments and LIRR bridge painting; flooding added,sonnet,site
QCB5,2023,4a63ffa6f923@d29486,2026,54a46a4aba17,1.0,same,same Cooper Avenue underpass abutments and LIRR bridge painting; flooding added,sonnet,site
QCB5,2025,2b9805334978,2026,7b2f8503a008,0.946,same,same six-day library service at local branches; seven days for some added,sonnet,reworded
QCB5,2022,4a63ffa6f923@d29486,2027,4701f2abe35e,1.0,same,same Cooper Avenue underpass abutments and LIRR bridge painting; flooding added,sonnet,site
QCB5,2023,4a63ffa6f923@d29486,2027,4701f2abe35e,1.0,same,same Cooper Avenue underpass abutments and LIRR bridge painting; flooding added,sonnet,site
QCB5,2026,773361eb6032,2027,5f5c5a3872f0,0.62,same,"same Queens child welfare satellite office with evening hours, ACS naming changed",sonnet,reworded
QCB5,2026,7b2f8503a008,2027,920ac8f73d4d,0.918,same,"same more days of service at local libraries, six-day target now seven",sonnet,reworded
QCB5,2026,8a6992ea66d3,2027,9e68881b56b3,0.912,same,same Juniper Valley lower ballfields reconstruction; now only fields 2 and 4 remain,sonnet,reworded
QCB5,2026,cb3298eb9467,2027,f51c64da1894,0.949,same,same replace deteriorated catch basins and add new ones in CB5Q,sonnet,reworded
QCB6,2020,1254f0aedc21,2021,0ece3a7330a6,0.97,same,same forestry funding for stump removal and pruning,sonnet,reworded
QCB6,2020,e65b7b8c3936,2021,1fd2cb2c14c3,0.807,same,same air conditioning for JHS 190 summer program,sonnet,reworded
QCB6,2020,7353074de951,2021,29c9ae05d839,0.554,different,library expansion at Rego Park versus ADA entrance repairs at three libraries,sonnet,reworded
QCB6,2020,1510f42ad523,2021,2fab5c0ff8e8,0.865,same,same senior center funding; EISEP dropped from wording,sonnet,reworded
QCB6,2020,e46a8fa8d46e,2021,4e14154a8576,0.603,same,same upgrade all CB 6 sewers for growing population,sonnet,reworded
QCB6,2020,1f5d86a4fc7a,2021,ba43c47d88ea,0.427,same,same more Buildings Department inspectors and support staff,sonnet,reworded
QCB6,2020,9d431d391cfc,2021,cb54d2f38135,0.762,same,same pedestrian timing devices and safety improvements in CB 6,sonnet,reworded
QCB6,2021,4e14154a8576,2022,b3defadffafe,0.553,same,same continued upgrade of all CB 6 sewers,sonnet,reworded
QCB6,2021,dfe795d72333,2022,c5a33f27883a,0.656,unsure,general homeless services funding versus specific social services for shelter residents in CB6,sonnet,reworded
QCB6,2021,dfe795d72333,2022,c8a1d37ba515,0.357,different,general homeless services expense versus capital housing for homeless in CB 6,sonnet,reworded
QCB6,2021,408577442c26,2022,dfae6a26843f,0.81,same,same street repairs throughout CB 6; curbs mentioned,sonnet,reworded
QCB6,2022,a127d5ffdae8,2023,04953bf4fdf7,0.354,different,solar panels versus ADA accessibility renovations at schools,sonnet,reworded
QCB6,2022,dfae6a26843f,2023,1564f0766536,0.69,same,same street resurfacing and curb repairs throughout CB 6,sonnet,reworded
QCB6,2022,4742e4aaa854,2023,1b24d44231d3,0.406,different,temporary library annex expense versus capital expansion of Rego Park Library,sonnet,reworded
QCB6,2022,2fab5c0ff8e8,2023,3714e11ed50f,0.341,different,senior centers and EISEP versus mental health services for homebound seniors,sonnet,reworded
QCB6,2022,c4892315012f,2023,49e7828e1a4c,0.925,same,same recruit and retain school crossing guards,sonnet,reworded
QCB6,2022,4742e4aaa854,2023,7b81c97d3908,0.949,same,"same Rego Park Library expansion and reconstruction, same address",sonnet,reworded
QCB6,2022,29c9ae05d839,2023,912367e2249c,0.495,different,ADA library entrances versus new Rego Park Library annex,sonnet,reworded
QCB6,2022,959e685e735e,2023,9481908e6136,0.705,same,same subway station cleaning and maintenance funding; Covid added,sonnet,reworded
QCB6,2022,29c9ae05d839,2023,964d4552b56f,0.876,same,same ADA accessible entrances at CB 6 libraries,sonnet,reworded
QCB6,2022,d86cac9344c2,2023,97ff432177f4,0.622,same,same school security camera funding to complete and upgrade,sonnet,reworded
QCB6,2022,a08f52e2d854,2023,98001371edcd,0.944,same,same pedestrian timing devices and traffic safety improvements district-wide,sonnet,reworded
QCB6,2022,f9c82c5806d1,2023,d3af69edfca9,0.306,different,subway security cameras versus elevators at subway stations,sonnet,reworded
QCB6,2022,b3defadffafe,2023,da255d68098e,0.593,same,same CB 6 sewer upgrade funding; climate storm severity added as reason,sonnet,reworded
QCB6,2022,a127d5ffdae8,2023,e134433e1d38,0.796,same,same solar panels at all CB 6 public schools,sonnet,reworded
QCB6,2022,2fab5c0ff8e8,2023,e942c228a86b,0.604,same,same senior center and EISEP funding; extra items added,sonnet,reworded
QCB6,2022,d1cacf4f20ca,2023,f2fc45524d12,0.357,different,general park improvements versus Horace Harding Park ball field resurfacing,sonnet,reworded
QCB6,2022,ff20ac0c1b87,2023,f608f3ef425b,0.543,unsure,LIE sound barriers versus planting vegetation as sound barrier; means changed,sonnet,reworded
QCB6,2022,98b384d67199,2023,faf23db9a80e,0.462,same,"same water bottle fillers at all CB 6 schools, now completion",sonnet,reworded
QCB6,2023,98001371edcd,2024,0db1b64a74e8,0.493,same,"same safety request with pedestrian timing devices; now adds medians, sidewalks, resurfacing",sonnet,reworded
QCB6,2023,773d9f3e3783,2024,2fdb60758ef9,0.89,same,"same aging in place funding for NORCs, caregiver support, friendly visiting",sonnet,reworded
QCB6,2023,ff635e7d9406,2024,39b9e02ec7fd,0.678,same,"same traffic safety and design studies at Union Tpke, Jewel Ave, Alderton",sonnet,reworded
QCB6,2023,964d4552b56f,2024,3b91147a4dc5,0.964,same,same ADA accessibility upgrades at three CB6 libraries,sonnet,reworded
QCB6,2023,7b81c97d3908,2024,5c5fe9a36448,0.83,same,same full reconstruction of Rego Park Library,sonnet,reworded
QCB6,2023,9910435fe09c,2024,850c55e06589,0.448,unsure,narrow Access-A-Ride GPS software versus broader elderly transportation programs listing it,sonnet,reworded
QCB6,2023,f2fc45524d12,2024,8792041614b7,0.304,different,softball field resurfacing versus new garbage cans at basketball court,sonnet,reworded
QCB6,2023,97ff432177f4,2024,9ba27b90d8c0,0.803,same,"same school security cameras completion and upgrade, capital versus expense label",sonnet,reworded
QCB6,2023,6c4270bba405,2024,9e677973edc3,0.459,same,same Gator utility vehicle purchase for CB 6 parks,sonnet,reworded
QCB6,2023,e134433e1d38,2024,a0c5787d3f84,0.487,different,installing solar panels versus a feasibility study,resolved,reworded
QCB6,2023,faf23db9a80e,2024,b3ef8f9420e4,0.341,different,school water fountain conversion versus park fountain water pressure,sonnet,reworded
QCB6,2023,f9c82c5806d1,2024,ca050dd3c7e8,0.735,different,subway security cameras versus platform screen doors,sonnet,reworded
QCB6,2022,0785470052a7,2024,f594f64b56ca,0.364,different,Street lights versus security cameras,sonnet,reworded
QCB6,2023,133072126e80,2025,1b8429fc34c2,0.929,same,"Snow removal laborers, same request reworded",sonnet,reworded
QCB6,2024,5722bf3752e3,2025,24ef196844a3,0.868,same,same elevators at all district stations; LIRR stations added,sonnet,reworded
QCB6,2023,d4accfa92be4,2025,3db1e169f1e2,0.984,same,"Open Streets funding, same request reworded",sonnet,reworded
QCB6,2024,3b91147a4dc5,2025,99b598b5493b,0.524,different,ADA entrance repairs at three libraries versus modernizing North Forest Park library,sonnet,reworded
QCB6,2024,a4225aa29595,2025,a4225aa29595,0.646,same,same identical business district signage request,sonnet,reworded
QCB6,2024,f594f64b56ca,2025,cb04c3e82574,0.326,different,business district security cameras versus speed humps,sonnet,reworded
QCB6,2022,0785470052a7,2025,cb04c3e82574,0.324,different,Street lights versus speed humps,sonnet,reworded
QCB6,2024,60a844878be0,2025,ceb7d651e24a,0.469,same,"same new schools for housing growth, high school focus; now Forest Hills HS split",sonnet,reworded
QCB6,2025,be4ab57f83a3,2026,01ceb2d10a92,0.404,same,same affordable senior housing funding; now names SARA program,sonnet,reworded
QCB6,2025,b3ef8f9420e4,2026,04d1923f70b5,0.428,different,maintain existing park fountains versus install new fountains at Macdonald Park,sonnet,reworded
QCB6,2024,05ee612e11a4,2026,27bf3a53628b,0.458,same,"Forest Hills LIRR elevators, more detail",sonnet,reworded
QCB6,2025,7e76b9d2eb69,2026,4a24dcdaa574,0.718,same,same affordable housing with CB6-aligned AMI bands; ELLA named,sonnet,reworded
QCB6,2025,f9c82c5806d1,2026,4ec8b7f77442,0.637,same,same security cameras at all CB 6 subway stations,sonnet,reworded
QCB6,2025,faf23db9a80e,2026,52f3d891da0e,0.672,different,school water bottle refill conversion versus park water fountains,sonnet,reworded
QCB6,2025,61b6ea645912,2026,6aef657bb811,0.332,different,"Gator utility vehicle versus trash packer, different park equipment",sonnet,reworded
QCB6,2025,ccb427237445,2026,6d3dac54479c,0.914,same,same HPD basement apartment conversion pilot program,sonnet,reworded
QCB6,2025,b3ef8f9420e4,2026,97e9e54ebce0,0.772,same,same park water fountain pressure and maintenance,sonnet,reworded
QCB6,2025,2c6a73bfd426,2026,a38ee5b56339,0.976,same,"same Argus cameras on Austin St, Metropolitan Ave, 108th St",sonnet,reworded
QCB6,2025,2513a99e51f2,2026,c32d1d24340b,0.855,same,same identical alternative transportation programs for seniors and disabled,sonnet,reworded
QCB6,2025,cb04c3e82574,2026,d51384c270e8,0.697,same,same speed humps at Austin St and 67th Rd; chicanes added,sonnet,reworded
QCB6,2025,9704b1d8282e,2026,d84dd718516a,0.832,same,same subway cleaning and maintenance funding; buses and security added,sonnet,reworded
QCB6,2025,24ef196844a3,2026,dcfcb803f678,0.638,same,"same elevators at all subway stations, 63rd Drive highlighted; LIRR dropped",sonnet,reworded
QCB6,2025,9e9913950f40,2026,f49afefa0a75,0.329,unsure,multi-pronged affordable housing funding narrowed to community land trusts plus publicity,sonnet,reworded
QCB6,2025,f65626794867,2026,fb1b8dc45e6b,0.344,different,expand organics and curbside composting service versus composting education only,sonnet,reworded
QCB6,2025,1b24d44231d3,2026,ffdd7b0f38c0,0.841,same,same temporary Rego Park Library annex during construction,sonnet,reworded
QCB6,2026,04d1923f70b5,2027,39d288420bb4,0.442,same,same install water fountains in CB6 parks lacking them,sonnet,reworded
QCB6,2026,352ba454a539,2027,3fb7e16b688b,0.406,same,same infrastructure to support housing in CB6; agency changed and list trimmed,sonnet,reworded
QCB6,2026,775054ff414b,2027,5b4ab15bd5fd,0.44,same,"same Ehrenreich Playground upgrade, more detail",sonnet,reworded
QCB6,2026,f49afefa0a75,2027,5c8fef322594,0.941,same,same identical community land trust funding and publicity request,sonnet,reworded
QCB6,2026,ca399105ced6,2027,600767823b72,0.471,same,"same Willow Lake Playground upgrade, more detail",sonnet,reworded
QCB6,2026,27bf3a53628b,2027,6e9aca22e56a,0.874,same,same two elevators at Forest Hills LIRR station,sonnet,reworded
QCB6,2026,2c426e27b096,2027,8db560a97afb,0.308,different,community composting programs expense versus smart composting bins on four streets,sonnet,reworded
QCB6,2026,d2641a885383,2027,9e268ae4bf43,0.886,same,same continue JHS 190 Beacon plus more youth programs in CB 6,sonnet,reworded
QCB6,2026,b7b53ecb6536,2027,b5cec8703ea3,0.947,same,"same identical senior center, EISEP, shopping and mental health list",sonnet,reworded
QCB6,2026,8638f837be39,2027,c22bbc1049e2,0.452,same,same new high school seats around Forest Hills High School,sonnet,reworded
QCB6,2026,6aef657bb811,2027,c442b038fc97,0.681,same,same trash packer purchase for CB6 parks; now mini model,sonnet,reworded
QCB6,2025,3db1e169f1e2,2027,c8017036341c,0.895,same,Open Streets funding; School Streets added,sonnet,reworded
QCB6,2026,352ba454a539,2027,e2fcfc59aec1,0.7,unsure,"multi-item housing infrastructure request cut to sewers only, same rationale sentence",sonnet,reworded
QCB6,2026,8ba3c71e58a7,2027,e83b8d5ae652,0.429,same,same noise cameras in CB6 for vehicle noise,sonnet,reworded
QCB6,2026,dcfcb803f678,2027,e9c570ee62b7,0.622,same,"same 63rd Drive subway elevator, highlighted in earlier all-stations request",sonnet,reworded
QCB6,2026,cf344cb21415,2027,ea727d963233,0.657,same,"same platform screen doors at CB6 subway stations, stations prioritized",sonnet,reworded
QCB6,2026,b7b53ecb6536,2027,f1e5391e3525,0.303,different,senior center and home service expense funding versus senior center capital upgrades,sonnet,reworded
QCB6,2026,0bb66c7f6030,2027,f496c340bf91,0.382,different,library ADA capital repairs versus seven-day library service expense,sonnet,reworded
QCB6,2026,6d3dac54479c,2027,f7bed1ff7dda,0.531,same,same HPD loans and technical help for homeowner basement and ADU conversions,sonnet,reworded
QCB7,2020,4e20f12e97f2,2021,09401bfc42a7,0.495,unsure,whole Kissena Corridor Park reconstruction versus only its Meditation Garden component,sonnet,reworded
QCB7,2020,ef4726497a79,2021,0d01ccf63723,0.98,same,"same sewer reconstruction at 138th and 137th Streets, catch basins",sonnet,reworded
QCB7,2020,5041a2d6d962,2021,25a133b112ba,1.0,same,same identical multilingual library materials request,sonnet,reworded
QCB7,2020,da6f4e994ffd,2021,32d235335b5a,0.68,same,same HPD staff attorneys for housing case backlog,sonnet,reworded
QCB7,2020,3b95db274adb,2021,411258d0a46f,0.972,same,same paths and lighting at Flushing Meadows and Joe Michael's Mile; signage added,sonnet,reworded
QCB7,2020,336976e8af92,2021,43f9230baee9,0.429,same,same more supplies and equipment for park maintenance and programs,sonnet,reworded
QCB7,2020,8249b78ab4e2,2021,4ee5fc776366,0.332,unsure,FDNY funding bundles share only training and salvage unit; other items differ,sonnet,reworded
QCB7,2020,62d0d13a842e,2021,4f6627379711,0.547,same,same commercial muni-meters for parking turnover,sonnet,reworded
QCB7,2020,b0f147bf153b,2021,5189ecb4abb5,0.527,same,"same DOT personnel for studies, signs, markings, bridges, resurfacing, condensed",sonnet,reworded
QCB7,2020,63bd26033b57,2021,5830b35a18b8,0.642,same,same maintain funding for same Flushing cultural nonprofits; Bowne House added,sonnet,reworded
QCB7,2020,2fabe3bff00a,2021,84f21afb8db1,0.406,unsure,NBDP and industrial development versus generic aid for local business costs,sonnet,reworded
QCB7,2020,09c28071ce56,2021,9602aa1482c2,0.686,same,"same firehouse generators, GPS, smoke and CO detectors, CPR kits",sonnet,reworded
QCB7,2020,0c88635758ca,2021,9843eabb0a89,0.797,same,same DOT vehicles and equipment for engineering and arterial highway crews,sonnet,reworded
QCB7,2020,9eb3fe938f17,2021,aa510c2d613f,0.732,same,"same McNeil Park reconstruction with paths, playground, sidewalk; seawall dropped",sonnet,reworded
QCB7,2020,cd9a60afbe9d,2021,b83bc3ef0d3f,0.679,same,"same bus depot drainage reconstruction, Flushing depot named Casey Stengel",sonnet,reworded
QCB7,2020,f511646fd9aa,2021,da320bd37c22,0.957,same,same firehouse upgrade for E295 and E297 generators and systems,sonnet,reworded
QCB7,2020,3fc7981596f8,2021,e07add81d417,0.967,same,"same more DOB inspectors, tribunal capacity and support staff",sonnet,reworded
QCB7,2020,3355ca612f71,2021,e186cdad72e4,0.615,same,same HRA food assistance and transportation vouchers for seniors and immigrants,sonnet,reworded
QCB7,2020,74fb540d3eda,2021,ec30b60c03f6,0.811,same,"same NYPD truck boots, tow truck, plate readers, Argus cameras",sonnet,reworded
QCB7,2020,5998009c9bec,2021,efdaf9746111,0.805,same,"same park sidewalk installation, identical rationale, park named in later year",sonnet,reworded
QCB7,2021,85ebd5990036,2022,0d9d9d9eb9c3,0.984,same,"same Flushing Airport site soft recreation development, no heavy trucking",sonnet,reworded
QCB7,2021,0a07c4ee5502,2022,47cdfd8863dd,0.817,same,"same continued Queens Botanical Garden upgrade, greenhouse heating and education center",sonnet,reworded
QCB7,2021,84f21afb8db1,2022,4a318da42666,0.787,same,same identical funding for local businesses facing rising costs,sonnet,reworded
QCB7,2021,6da5b0c0d587,2022,4c416d2a11e0,0.744,same,same locker room upgrade for female officers and new hires; 109th Pct named,sonnet,reworded
QCB7,2021,efdaf9746111,2022,9b717e06e4d6,0.965,same,same George Hugh Harvey Park sidewalk installation on service road and 20th Ave,sonnet,reworded
QCB7,2021,f2cb714b365a,2022,ac11e89a7a82,0.898,same,same Poppenhusen Institute capital funding; sidewalk and lamp amount added,sonnet,reworded
QCB7,2021,245f881b37b5,2022,c693b3d06b5b,0.806,same,same DFTA develop additional senior sites; North Flushing center named,sonnet,reworded
QCB7,2021,39b0d57d0ea7,2022,c9d94d3d8282,0.733,same,same Little Bay Park reconstruction; only remaining fitness track phase listed,sonnet,reworded
QCB7,2022,4a318da42666,2023,06d23fd10ce4,0.569,same,same funding for local businesses facing rising costs; agency now SBS,sonnet,reworded
QCB7,2022,b83bc3ef0d3f,2023,1b5e29eeab45,0.571,same,"same Casey Stengel Bus Depot drainage reconstruction, asked of MTA instead of DOT",sonnet,reworded
QCB7,2022,a480ced57a56,2023,1e4b3e0c213c,0.931,same,same upgrade E.R.S. fire alarm call boxes,sonnet,reworded
QCB7,2022,d353d82d69df,2023,228786e7d5c2,1.0,same,same Flushing Memorial Field comfort station and park house reconstruction,sonnet,reworded
QCB7,2022,da320bd37c22,2023,4b3cbb8aa039,0.942,same,"same CB7 firehouse rehabilitation for engines 273, 274, 295, 297",sonnet,reworded
QCB7,2022,6d9b794f263c,2023,50bbb233258b,0.911,same,same Kissena Corridor Park reconstruction; Velodrome added,sonnet,reworded
QCB7,2022,39e5f33dbe18,2023,52993af92633,0.977,same,same Frank Golden Park drainage and natural turf reconstruction,sonnet,reworded
QCB7,2022,0d9d9d9eb9c3,2023,554a4fab345d,0.927,same,same Flushing Airport site soft recreational development,sonnet,reworded
QCB7,2022,c9d94d3d8282,2023,60cb4f49cb14,0.416,different,Little Bay Park fitness track versus new playground,sonnet,reworded
QCB7,2022,7efd1ae383e7,2023,65192ef1d406,0.994,same,same Kissena Park Phases III to VI reconstruction,sonnet,reworded
QCB7,2022,e3b8cda10c58,2023,713d3c1c9b37,0.894,same,same continued and increased senior center funding,sonnet,reworded
QCB7,2022,172e50f5ad88,2023,76ca8ca46452,0.768,same,"same NYPD truck boots, tow truck, plate readers; more equipment added",sonnet,reworded
QCB7,2022,2de0e10cdce0,2023,8ba2d7e20473,0.865,same,"the same College Point Boulevard reconstruction, with 18th Avenue added",resolved,reworded
QCB7,2022,fb177011abed,2023,a1fba47d8ce1,0.956,same,same Union Street reconstruction from Northern Boulevard to Parsons Boulevard,sonnet,reworded
QCB7,2022,47cdfd8863dd,2023,ba257759b13d,0.548,same,same Queens Botanical Garden upgrade including new Education Center,sonnet,reworded
QCB7,2022,9b717e06e4d6,2023,bfb73cb452d9,0.885,same,same George Hugh Harvey Park sidewalks; Whitestone Expressway segment added,sonnet,reworded
QCB7,2022,86dd42739fef,2023,c0492200a11d,0.881,same,same Mitchell Linden sewer construction at 138th and 137th Streets,sonnet,reworded
QCB7,2022,dc328d3dc455,2023,c4a26f4dd445,0.919,same,"same NYPD personnel for 109th Precinct, DARE, civilians, crossing guards; K9",sonnet,reworded
QCB7,2022,4c416d2a11e0,2023,c83bf28d07bd,0.706,same,same 109th Precinct locker room upgrade; driveway and plumbing added,sonnet,reworded
QCB7,2022,7dbc2ff5619f,2023,cbbf75f93181,0.875,same,same implementation of College Point Corporate Park traffic study recommendations,sonnet,reworded
QCB7,2022,2de0e10cdce0,2023,cd2b16a9c827,0.387,same,"Same College Point Boulevard reconstruction, 14th to 23rd Avenues",sonnet,reworded
QCB7,2022,070904dbc929,2023,de0814b57d23,0.947,same,same Nature Center at southwest corner of Meadow Lake,sonnet,reworded
QCB7,2022,4d2e2965712f,2023,ebfa208257d0,1.0,same,same reconstruction of 20th Avenue and 127th Street,sonnet,reworded
QCB7,2022,aa510c2d613f,2023,ee37e9d71282,0.881,same,"same MacNeil Park paths, playground, sidewalk; waterfront and cobblestone added",sonnet,reworded
QCB7,2022,5dc6765f046f,2023,f37a21f302d9,0.899,same,same #7 line mezzanine exit into 39-07 Prince Street,sonnet,reworded
QCB7,2023,c4a26f4dd445,2024,09952839ef6b,0.716,same,"Same 109th Precinct additional personnel request, wording expanded",sonnet,reworded
QCB7,2023,926f0a5ac5d0,2024,0e68661f32ef,0.367,same,same increase in CB7 staffing budget from OMB,sonnet,reworded
QCB7,2023,ebfa208257d0,2024,105bef1f5c1e,0.81,same,same reconstruction of 20th Avenue and 127th Street,sonnet,reworded
QCB7,2023,cbbf75f93181,2024,16873b854eee,0.516,same,"same College Point Corporate Park traffic study recommendations, ancillary airport road",sonnet,reworded
QCB7,2023,61ef9c4a45c8,2024,355955f99e79,0.711,same,"Same DOT personnel for field studies, signs, lane markings and milling",sonnet,reworded
QCB7,2023,c83bf28d07bd,2024,3853fa5389ea,0.69,same,"same 109th Precinct renovation of driveway, locker rooms, plumbing",sonnet,reworded
QCB7,2023,713d3c1c9b37,2024,405e2cb2f179,0.608,same,"Same senior center funding request, more detail and response text",sonnet,reworded
QCB7,2023,808e10e49a64,2024,42ea44aa5a05,0.611,same,same Cross Island Parkway service road reconstruction and resurfacing,sonnet,reworded
QCB7,2023,d48b717fa7be,2024,4b765eafd064,0.888,same,same new Bay Terrace park near Waters Edge Drive; comfort station added,sonnet,reworded
QCB7,2023,411258d0a46f,2024,4fac3313fb95,0.717,same,"same paths, lighting, signage at Flushing Meadows and Joe Michael's Mile",sonnet,reworded
QCB7,2023,80e33068f5d9,2024,520bae306e9d,0.804,same,Same Fire Marshal personnel and fire setter program funding,sonnet,reworded
QCB7,2023,88ab9fe0c30d,2024,6338cc154ede,0.617,same,"Same SNAP and food assistance request, wording revised",sonnet,reworded
QCB7,2023,46f073ecc47f,2024,690c18781bca,0.912,same,same Poppenhusen Institute historic building upgrade in College Point,sonnet,reworded
QCB7,2023,554a4fab345d,2024,6c7413798a6a,0.731,same,same Flushing Airport site expansion and soft recreational use,sonnet,reworded
QCB7,2023,1e4e90037e2e,2024,7b198c455314,0.794,same,same Willets Point Phase II capital reconstruction,sonnet,reworded
QCB7,2023,4b3cbb8aa039,2024,7c65be5284b5,0.508,same,"same CB7 firehouse rehabilitation for engines 273, 274, 295, 297",sonnet,reworded
QCB7,2023,50bbb233258b,2024,8586f84451fd,0.471,same,"same Kissena Corridor Park reconstruction with Velodrome, ballfields, sidewalk",sonnet,reworded
QCB7,2023,76ca8ca46452,2024,8bba2270c48b,0.806,same,"Same NYPD equipment list: truck boots, tow truck, plate readers, snow plow",sonnet,reworded
QCB7,2023,bfb73cb452d9,2024,914a01fd87e6,0.715,same,"same George Hugh Harvey Park service road sidewalk, remaining portion",sonnet,reworded
QCB7,2023,e07add81d417,2024,9e714a673c7c,0.758,same,"Same request for more DOB inspectors and support staff, response text added",sonnet,reworded
QCB7,2023,a1fba47d8ce1,2024,ac383b94e6e2,0.562,same,same Union Street and Willets Point Boulevard reconstruction,sonnet,reworded
QCB7,2023,fdee3e564f93,2024,b545d2ab91d1,0.874,same,"Same FDNY personnel, training, units and civilian fire inspectors request",sonnet,reworded
QCB7,2023,1b5e29eeab45,2024,b64df9aa2153,0.639,same,same Casey Stengel Bus Depot drainage reconstruction,sonnet,reworded
QCB7,2023,85638666e4eb,2024,d76a2438c97b,0.765,same,"Same Parks maintenance personnel request, tennis court contracting detail added",sonnet,reworded
QCB7,2023,c9a5b816e5ce,2024,d9bbd494ed4c,0.891,same,same Flushing Airport redesign with Linden Place realignment and retention pond,sonnet,reworded
QCB7,2023,26abc755cee6,2024,e895db683b27,0.638,same,same satellite NYPD facility for Flushing Meadows Corona Park; Bay Terrace added,sonnet,reworded
QCB7,2024,914a01fd87e6,2025,02efc84a491e,0.75,same,Same George Hugh Harvey Park access and service road sidewalk,sonnet,reworded
QCB7,2024,cfac41a9ab89,2025,0c4bfc9fff1c,0.527,same,"Same firehouse equipment request: generators, detectors, CPR kits",sonnet,reworded
QCB7,2024,45962203b92c,2025,1125c0359340,0.83,same,Same Kissena Park Phase III to V reconstruction,sonnet,reworded
QCB7,2024,a24d805821ff,2025,126b4ab35054,0.43,same,same Mitchell Linden sewer construction and reconstruction,sonnet,reworded
QCB7,2024,9398a91d2b07,2025,1457733b0474,0.515,same,"Same new precinct request for CB7, 109th Precinct crime rationale",sonnet,reworded
QCB7,2024,77e9d5d466b9,2025,16b0a7487337,0.791,same,Same Frank Golden Fields Phase III drainage and recreation,sonnet,reworded
QCB7,2024,4e708348cae8,2025,19d2e8d209eb,0.806,same,Same Parks supplies and equipment request,sonnet,reworded
QCB7,2024,405e2cb2f179,2025,1d2a3ffe0621,0.339,same,"Same senior center funding request, new agency response text",sonnet,reworded
QCB7,2024,b04a9b4588d5,2025,2153a58056c6,0.758,same,same Muni Lot II reconstruction at 38th Avenue in Flushing,sonnet,reworded
QCB7,2024,0e68661f32ef,2025,28fffc319ae1,0.722,same,same increase in CB7 staffing budget from OMB,sonnet,reworded
QCB7,2024,faac12e2fe76,2025,4228cf015bf8,0.651,same,same reconstruction of King Street and nearby Flushing streets,sonnet,reworded
QCB7,2024,4c7390f3efe8,2025,42984f872439,0.506,same,"Same Sanitation weekend basket pickups, school and recycling collection",sonnet,reworded
QCB7,2024,c9e8a1f8ca31,2025,545eb3502f97,0.401,same,Same HPD staff and attorneys for housing code violations,sonnet,reworded
QCB7,2024,ac383b94e6e2,2025,694700e68828,0.765,same,same Union Street and Willets Point Boulevard reconstruction,sonnet,reworded
QCB7,2024,b64df9aa2153,2025,837d4aa33eb2,0.714,same,same Casey Stengel Bus Depot drainage reconstruction,sonnet,reworded
QCB7,2024,16873b854eee,2025,8a127ad7fb3b,0.907,same,"same College Point Corporate Park traffic study recommendations, ancillary airport road",sonnet,reworded
QCB7,2024,b545d2ab91d1,2025,97f8c42359f2,0.728,same,Same FDNY training and civilian fire inspector funding request,sonnet,reworded
QCB7,2024,19bb9ff710ed,2025,99d3e748aff9,0.812,same,same #7 line Prince Street access and mezzanine expansion,sonnet,reworded
QCB7,2024,690c18781bca,2025,a04182fc3aed,0.608,same,same Poppenhusen Institute renovation in College Point,sonnet,reworded
QCB7,2024,d86b555939b8,2025,a8eb14b22bc9,0.599,same,Same new senior center and Mitchell Linden reinstatement request,sonnet,reworded
QCB7,2024,6c7413798a6a,2025,aa3e57f02e6a,0.41,same,Same Flushing Airport street reconstruction and upgrade,sonnet,reworded
QCB7,2024,09952839ef6b,2025,b992492bde8c,0.957,same,"Same 109th Precinct personnel request, SIU replacement added",sonnet,reworded
QCB7,2024,8586f84451fd,2025,c17192c7bde2,0.548,same,"Same Kissena Corridor Park ball fields, sidewalk and comfort station bundle",sonnet,reworded
QCB7,2024,3a706967def0,2025,c78816aa1c83,0.957,same,Same deteriorated bus pad replacement request,sonnet,reworded
QCB7,2024,4fac3313fb95,2025,c7cbd7ba3038,0.449,same,Joe Michael's Mile lighting and signage carried forward; Flushing Meadows part dropped,sonnet,reworded
QCB7,2024,50da8c4a0609,2025,d72b5926d466,0.566,same,Same College Point Sport Park reconstruction and grading,sonnet,reworded
QCB7,2024,d09399660638,2025,e12a057d5733,0.735,same,Same DOT vehicle and equipment funding request,sonnet,reworded
QCB7,2024,520bae306e9d,2025,e92479c68ab6,0.549,same,Same Fire Marshal and juvenile fire setter program funding,sonnet,reworded
QCB7,2024,6d0448c0091a,2025,ec92d9ec9753,0.949,same,Same Small Business Services support for local businesses,sonnet,reworded
QCB7,2024,bc466fa4f5e9,2025,f6ab614eea65,0.529,same,"Same Flushing Memorial Field comfort station, park house and court upgrades",sonnet,reworded
QCB7,2024,7b198c455314,2025,f8d3782a23fa,0.442,same,Same Willets Point Phase II street reconstruction,sonnet,reworded
QCB7,2024,6338cc154ede,2025,f8f76d9dd943,0.768,same,"Same SNAP food assistance request, wording revised",sonnet,reworded
QCB7,2025,19d2e8d209eb,2026,654e5c1c84a5,0.884,same,Same Parks supplies and equipment request,sonnet,reworded
QCB7,2025,4228cf015bf8@2c6d85,2026,c121f0a0585e,1.0,same,same College Point Blvd street reconstruction; 37th Ave typo and location moved into text,sonnet,site
QCB7,2026,7b587bc6c041,2027,062de5666ade,0.72,same,Same Casey Stengel Bus Depot drainage reconstruction,sonnet,reworded
QCB7,2026,3d2e393fefc8,2027,133e1d561636,0.646,same,Same 109th Precinct driveway and locker room renovation,sonnet,reworded
QCB7,2025,126b4ab35054@1ad1fa,2027,319334159aec,1.0,same,"same Mitchell Linden area sewer project (1984); later text names 137th Street, also listed before",sonnet,site
QCB7,2024,d9bbd494ed4c,2027,33c85a47eb92,0.352,same,"Legacy Flushing Airport redesign, same (1980) tag, agency changed",sonnet,reworded
QCB7,2026,303b4cb79197,2027,39b73fd794f8,0.693,same,Same George Hugh Harvey Park access request; entry and staircase added,sonnet,reworded
QCB7,2026,6a421e194dca,2027,403f3ff636bd,0.921,same,Same Willets Point Phase II street reconstruction,sonnet,reworded
QCB7,2026,67b1ef5ca15d,2027,53a0a62950c5,0.602,same,"Same Flushing Memorial Field restroom, park house and court upgrades",sonnet,reworded
QCB7,2026,e12a057d5733,2027,65bb3502862a,0.741,same,Same DOT vehicle and equipment funding request,sonnet,reworded
QCB7,2026,a8eb14b22bc9,2027,65e5099fcea9,0.755,same,"Same Mitchell Linden senior center reinstatement, College Point center added",sonnet,reworded
QCB7,2026,7b0a8d0fb5df,2027,6e18aac6e3ee,0.753,same,"Same SNAP and food assistance request, wording trimmed",sonnet,reworded
QCB7,2026,28fffc319ae1,2027,84533e9843c3,0.841,same,Same CB7 staffing budget increase request,sonnet,reworded
QCB7,2026,7db696935bd7,2027,85e7d8668bf2,0.683,same,"Same new precinct request, Willets Point detail added",sonnet,reworded
QCB7,2026,bf62a7e44381,2027,9331afcee06a,0.56,same,Same Kissena Corridor ball fields and sidewalk; other items dropped,sonnet,reworded
QCB7,2026,d025be06d842,2027,9e5761741d5a,0.796,same,Same Frank Golden Fields Phase III,sonnet,reworded
QCB7,2026,75bda7f612f8,2027,a65df3536563,0.497,same,"Same fire house renovations for Engines 273, 274, 295, 297",sonnet,reworded
QCB7,2026,91edb02948ed,2027,adc4b4aa37bc,0.538,same,Same College Point Sport Park reconstruction and grading,sonnet,reworded
QCB7,2026,c7cbd7ba3038,2027,b87e0cf655d9,0.753,same,Same Joe Michael's Mile lighting and signage,sonnet,reworded
QCB7,2026,f659ad91c763,2027,ba551e9caee4,0.875,same,Same 109th Precinct additional personnel request,sonnet,reworded
QCB7,2026,5c4d250d3e43,2027,c531752312e0,0.64,unsure,"Same cultural groups, but Expense support versus Capital request, different origin years",sonnet,reworded
QCB7,2026,ebd62b04780b,2027,cee081eb4625,0.749,same,"Same Poppenhusen Institute renovation, shorter text",sonnet,reworded
QCB7,2026,eba0ebe22ee0,2027,db730767a384,0.811,same,"Same MacNeil Park reconstruction: paths, playground, sidewalk, seawall",sonnet,reworded
QCB7,2026,8bf33d431423,2027,e8a70a9c6ec3,0.806,same,Same 20th Avenue and 127th Street reconstruction,sonnet,reworded
QCB7,2026,36e61601ba7c,2027,fda7b31ace79,0.418,same,Same #7 line accessibility and Prince Street access,sonnet,reworded
QCB8,2020,7e669178a314,2021,0b43f115a75e,0.604,same,same Captain Tilly Park goose pond aerator; marked part of last year's request,sonnet,reworded
QCB8,2020,6f5a4109392a,2021,0f145204adbe,0.322,different,New sidewalk versus building roadway to mapped width on Goethals Avenue,sonnet,reworded
QCB8,2020,cb5948eccb46,2021,100b78bb990a,0.894,same,same Briarwood Family Shelter air conditioning request,sonnet,reworded
QCB8,2020,dbfa7139bb02,2021,1c0228896986,0.986,same,Same Parks enforcement personnel request,sonnet,reworded
QCB8,2020,0f667e4db539,2021,1d6a594646e6,0.966,same,"Same Beacon program funding, other after school programs added",sonnet,reworded
QCB8,2020,76e61696929f,2021,7650cd94c17b,0.934,same,same Hillcrest Library interior and exterior renovation,sonnet,reworded
QCB8,2020,28f3493e1ee4,2021,77bf2ea92d97,0.362,same,"186th Street trench restoration, marked part of last year's multi-street request",sonnet,reworded
QCB8,2020,b0c0d0004f8a,2021,8528578eaf64,0.713,same,Albert Mauro Playground renovation carried forward; three other playgrounds dropped,sonnet,reworded
QCB8,2020,f0f8d3689c08,2021,ccbcc148274d,0.494,same,"Hillcrest library computers and smart boards, marked part of last year's request",sonnet,reworded
QCB8,2020,57a0c025d23c,2021,cdbe62e98cd4,0.898,same,Same Hoover Playground athletic field conversion to baseball field,sonnet,reworded
QCB8,2020,aad11af0c492,2021,dfa7ef8b798c,0.942,same,same Utopia Parkway concrete median repair,sonnet,reworded
QCB8,2020,f0f8d3689c08,2021,f84451a3874f,0.647,same,"Same conference room computers and smart boards, narrowed to Pomonok",sonnet,reworded
QCB8,2021,a97c8a9d6be9,2022,088bf020b4e7,0.914,same,"Same Hoover/Manton basketball courts, resurface became reconstruct",sonnet,reworded
QCB8,2021,0f145204adbe@eb24c1,2022,0f145204adbe@f5654e,1.0,same,same Goethals Avenue partially built; other cross streets recorded,sonnet,site
QCB8,2021,cdbe62e98cd4,2022,88816f390ac5,0.888,same,"Same Hoover Playground field conversion, turf instead of baseball",sonnet,reworded
QCB8,2021,5a2406c66066,2022,8f47b4a91aec,0.569,different,Tuberculosis vans and sexual health versus COVID-19 funds,sonnet,reworded
QCB8,2021,bbd20a992e41,2022,9217c3bcdd79,0.326,different,Hoover/Manton Playground renovation versus cleaning the Main Street wall area,sonnet,reworded
QCB8,2021,0f145204adbe@eb24c1,2023,0f145204adbe@d2de02,1.0,same,same Goethals Avenue partially built; other cross streets recorded,sonnet,site
QCB8,2022,8f47b4a91aec,2023,8f47b4a91aec,1.0,same,Identical COVID-19 funds request,sonnet,reworded
QCB8,2023,6307c0b09068,2024,0cec387ce6f4,0.834,same,"same Captain Tilly Park goose pond aerator, pond work added",sonnet,reworded
QCB8,2021,0f145204adbe@eb24c1,2024,0f145204adbe@d2de02,1.0,same,same Goethals Avenue partially built; other cross streets recorded,sonnet,site
QCB8,2023,8ef993b6f133,2024,1cb76d2b0ae2,0.964,same,Same police mechanic hire,sonnet,reworded
QCB8,2023,f5671dcb6539,2024,4dbd50453640,0.485,different,Two playgrounds and basketball court versus pickleball courts and benches,sonnet,reworded
QCB8,2022,e76cffb6d82d@898810,2024,5495d90ba232@c489d2,1.0,same,same ponding sewer request on Salerno and Como Avenue; Clio Street shared,sonnet,site
QCB8,2023,8f47b4a91aec,2024,8f47b4a91aec,1.0,same,Identical COVID-19 funds request,sonnet,reworded
QCB8,2023,2b81aa6b3898,2024,b5e3d70e6aa3,1.0,same,Same Utopia Playground fencing and safety surfacing,sonnet,reworded
QCB8,2023,bf33b53af336,2024,c35cd93521d4,0.823,same,Same MERV disaster response vehicle for the Fire Department,sonnet,reworded
QCB8,2023,575b4fe190e5,2024,e390145b69f1,0.97,same,same Hillcrest Library interior and exterior renovation,sonnet,reworded
QCB8,2021,0f145204adbe@eb24c1,2025,0f145204adbe@d2de02,1.0,same,same Goethals Avenue partially built; other cross streets recorded,sonnet,site
QCB8,2023,088bf020b4e7,2025,1e659e821155,0.633,different,Basketball courts versus baseball field resurfacing,sonnet,reworded
QCB8,2024,a5d56750b8e9,2025,1e659e821155,0.614,different,playground and handball court renovation versus baseball field asphalt resurfacing,sonnet,reworded
QCB8,2024,db23e241745f,2025,4a2028ce2619,0.355,same,"same dedicated DOB inspector for community boards, extra inspectors added",sonnet,reworded
QCB8,2022,e76cffb6d82d@898810,2025,5495d90ba232@c489d2,1.0,same,same ponding sewer request on Salerno and Como Avenue; Clio Street shared,sonnet,site
QCB8,2024,cc2394f4efae,2025,78de9ecdd2cd,0.843,same,"Same street reconstruction list, two streets dropped",sonnet,reworded
QCB8,2024,4dbd50453640,2025,8ce7b87282d5,0.579,different,Pickleball courts versus ballfield drainage; separate requests in FY2025,sonnet,reworded
QCB8,2024,5bc6e17d5db6,2025,ba9db412e583,0.775,same,same smart boards for Hillcrest Library conference rooms,sonnet,reworded
QCB8,2024,8f47b4a91aec,2025,d59d22f8b6c4,0.641,unsure,COVID-19 funds versus all infectious diseases,resolved,reworded
QCB8,2024,7e26011dd1aa,2025,d885058efb17,0.887,same,Same Parks maintenance vehicles and equipment list,sonnet,reworded
QCB8,2024,741c428da9f0,2025,f35d699d3aee,0.922,same,same Briarwood Family Shelter air conditioning via electrical upgrade,sonnet,reworded
QCB8,2024,dda0a4448c8b,2025,f614c3e03656,0.735,same,"Same P.S. 173Q electrical, library and science lab upgrade",sonnet,reworded
QCB8,2021,0f145204adbe@eb24c1,2026,03b53c29508b,1.0,same,same Goethals Avenue partially built; location moved into explanation,sonnet,site
QCB8,2023,15f3544fb946,2026,0a967d1af984,0.441,same,Packer truck for Parks repeated; pick-up truck and gator added,sonnet,reworded
QCB8,2025,32432be9037a,2026,0e60a7161a97,0.308,different,"New tennis court redesign versus renovating existing tennis courts, site unnamed",sonnet,reworded
QCB8,2025,8ce7b87282d5,2026,13c51aa9a062,0.793,different,Ballfield drainage work dropped; only benches remain at Cunningham Park,sonnet,reworded
QCB8,2025,2956b1da698b,2026,3caec465d07a,0.708,same,"Same summer youth employment funding, increase became maintain",sonnet,reworded
QCB8,2025,053fb8bcb17f,2026,4b89c58a87dd,0.965,same,"Same Queens Boulevard Promenade renovation, fence repair added",sonnet,reworded
QCB8,2025,3bba9239b4c9,2026,4f80c2b2814e,0.65,same,"Same vacant lot cleaning funding, now framed as Vacant Lot Unit staffing",sonnet,reworded
QCB8,2025,d52c2f5ca642,2026,78a4446bdd70,0.607,same,"Same dedicated basket trucks request, street list dropped",sonnet,reworded
QCB8,2025,4dbd50453640,2026,8ef391e2846c,0.621,different,Cunningham Park rehabilitation versus Utopia Playground pickleball courts,sonnet,reworded
QCB8,2022,e76cffb6d82d@898810,2026,c567df236dea,1.0,same,same ponding sewer request on Salerno and Como Avenue; Clio Street shared,sonnet,site
QCB8,2025,c77e26fa724c,2026,e0454bc7f3db,0.983,same,"same JHS 217 woodworking lab, AI lab and AC; SCA instead of DOE",sonnet,reworded
QCB8,2026,07558a062d4d,2027,016c615414b7,0.378,different,Plaza maintenance funds versus lighting on the pedestrian bridge,sonnet,reworded
QCB8,2021,0f145204adbe@eb24c1,2027,03b53c29508b,1.0,same,same Goethals Avenue partially built; location moved into explanation,sonnet,site
QCB8,2026,13c51aa9a062,2027,13c51aa9a062,1.0,same,Identical Cunningham Park benches request,sonnet,reworded
QCB8,2026,b9081fd4ddc9,2027,364029414528,0.491,different,Wall area maintenance versus new trees at another location,sonnet,reworded
QCB8,2026,a5d56750b8e9,2027,b9114a9f5bee,0.378,unsure,"Hoover-Manton upgrade items changed; handball courts dropped, new equipment added",sonnet,reworded
QCB8,2022,e76cffb6d82d@898810,2027,c567df236dea,1.0,same,same ponding sewer request on Salerno and Como Avenue; Clio Street shared,sonnet,site
QCB8,2026,f11f2652b3bd,2027,cef485d6f44c,0.39,same,Same Brinkerhoff Memorial Cemetery maintenance funding,sonnet,reworded
QCB8,2026,70095a1738bd,2027,e4d61a237bd8,1.0,same,Same DOB inspectors for OSHA issues and Airbnb marshal,sonnet,reworded
QCB8,2026,07558a062d4d,2027,e9593e951318,0.806,same,"Same Van Wyck plaza maintenance funds, waste baskets added",sonnet,reworded
QCB8,2026,b9081fd4ddc9,2027,ebf1875f00d5,0.523,different,Maintaining area along wall versus painting the wall; different agency,sonnet,reworded
QCB9,2020,7f7124d7fb48,2021,0a5d35f2c784,0.376,same,Same surveillance cameras at high crime locations,sonnet,reworded
QCB9,2020,9833c96200a0,2021,126a2a24845f,0.635,same,"Same Beacon program at Middle School 210, expansion added",sonnet,reworded
QCB9,2020,59cfdd8c6201,2021,47f6d825e1b2,0.476,different,Welcome signs versus curb repair,sonnet,reworded
QCB9,2020,9d00e3152331,2021,86ace59f6b31,0.904,same,Same request for fair share of police officers,sonnet,reworded
QCB9,2020,4af10ddfa2ee,2021,9289beca3e95,0.691,same,Same community center with indoor pool in Richmond Hill and Ozone Park,sonnet,reworded
QCB9,2020,3cfe7241154c,2021,e5ab382970bb,0.849,same,"Same Phil Rizzuto Park ball fields and track, items added",sonnet,reworded
QCB9,2021,61448ea36e8f,2022,35f9880c1eb3,0.668,unsure,the earlier explanation is too vague to match,resolved,reworded
QCB9,2021,94da0cbec715,2022,8b747c76df67,1.0,same,same Richmond Hill Library renovation needing more funding,sonnet,reworded
QCB9,2021,25fdebd4b660,2022,9855d4d58daf,0.32,different,PS 56Q security cameras versus Chromebooks at another school,sonnet,reworded
QCB9,2020,ccba6d8dedef,2023,7bde3a462a06,0.362,different,"Tennis court resurfacing versus memorial garden, different site",sonnet,reworded
QCB9,2022,7bfa143dd681,2023,7bfa143dd681,1.0,same,Identical curbside recycling maintenance request,sonnet,reworded
QCB9,2022,b66edc661345,2023,98efda25a250,0.893,same,Same community center with indoor pool request,sonnet,reworded
QCB9,2022,a354004726b2,2023,bdd4d02a5dd4,0.914,same,"same Maurice Park full restoration, same location and Council funding note",sonnet,reworded
QCB9,2023,7bfa143dd681,2024,7bfa143dd681,1.0,same,Identical curbside recycling maintenance request,sonnet,reworded
QCB9,2023,7bde3a462a06,2024,8c0eefc5089e,0.371,different,memorial garden versus additional benches; different work,sonnet,reworded
QCB9,2022,cfc96ebb7b24,2024,8c0eefc5089e,0.301,unsure,"Benches in both, but earlier request names no park",sonnet,reworded
QCB9,2023,b5d8594058d2,2024,d5261967313d,0.314,different,Freedom Drive plank fencing versus security cameras at Phil Rizzuto Park,sonnet,reworded
QCB9,2023,34cafcb0670b,2024,ffae5ca52fe6,0.782,same,"same Jamaica Avenue lighting, identical text; stretch extended, shared Eldert Lane end",sonnet,reworded
QCB9,2024,2f0d1b884ac0,2025,26b8d9a77fb9,0.395,different,Q37 bus stop time clock versus Queens Boulevard median Greenstreet,sonnet,reworded
QCB9,2024,a19b18835756,2025,26b8d9a77fb9,0.365,different,Greenstreets on Woodhaven Boulevard versus Queens Boulevard medians; different site,sonnet,reworded
QCB9,2024,8c0eefc5089e,2025,3b8bd049056a,0.608,same,"Same Park Lane South benches, narrowed to the Overlook",sonnet,reworded
QCB9,2024,7bfa143dd681,2025,7bfa143dd681,1.0,same,Identical curbside recycling maintenance request,sonnet,reworded
QCB9,2024,ffae5ca52fe6,2025,9cfabf5b1465,0.58,same,"same Jamaica Avenue lighting, Lefferts Boulevard to Eldert Lane",sonnet,reworded
QCB9,2025,3b8bd049056a,2026,01cbefc74277,0.343,different,Benches versus ADA compliance at Overlook entrances,sonnet,reworded
QCB9,2025,3b8bd049056a,2026,28ea2c97786b,0.313,different,Benches versus ADA compliance at Overlook entrances,sonnet,reworded
QCB9,2024,b480cc9cf339,2026,44f8261b49da,0.507,different,Dog run upgrade versus security cameras,sonnet,reworded
QCB9,2025,4fd0481d50aa,2026,855464259ce9,0.685,same,same PS 62 gymnasium renovation; SCA instead of DOE,sonnet,reworded
QCB9,2025,4231fc4b7ffb,2026,8986d8817c74,0.869,same,Same center median cleaning request,sonnet,reworded
QCB9,2025,d2f555ab9e37,2026,9f55d54ba190,0.448,different,New running track versus canopy over existing PS 66 track,sonnet,reworded
QCB9,2025,7bfa143dd681,2026,b5a067257fe6,0.795,same,Same curbside recycling maintenance request,sonnet,reworded
QCB9,2025,b209d64dcb7a,2026,f90dbd762598,0.674,same,Same additional school crossing guards request,sonnet,reworded
QCB9,2026,1138f426952c,2027,1138f426952c,1.0,same,Identical PS 66 playground renovation,sonnet,reworded
QCB9,2026,94e37252855b,2027,35d9ec59e1c6,0.581,different,Security cameras versus table tennis court,sonnet,reworded
QCB9,2026,594e11b6c775,2027,594e11b6c775,1.0,same,Identical PS 55 gym upgrade,sonnet,reworded
QCB9,2026,855464259ce9,2027,855464259ce9,1.0,same,Identical PS 62 gymnasium renovation,sonnet,reworded
QCB9,2026,8986d8817c74,2027,8986d8817c74,1.0,same,Identical center median maintenance request,sonnet,reworded
QCB9,2026,4540fd78602c,2027,9826745f9912,0.623,different,New running track versus painted sidewalk markings,sonnet,reworded
QCB9,2026,94e37252855b,2027,b54b70bc411f,0.588,different,Security cameras versus bike racks at Rizzuto Park,sonnet,reworded
QCB9,2026,b5a067257fe6,2027,b5a067257fe6,1.0,same,Identical curbside recycling maintenance request,sonnet,reworded
QCB9,2026,94e37252855b,2027,be2c43ddd92b,0.604,different,Security cameras versus resurfacing interior walkways,sonnet,reworded
QCB9,2026,94e37252855b,2027,be3f1de79b14,0.623,different,Security cameras versus shade structure,sonnet,reworded
QCB9,2026,d81360cfeb37,2027,d81360cfeb37,1.0,same,Identical Greenhouse Playground reconstruction,sonnet,reworded
QCB9,2026,d8f4dfa0b1c4,2027,d8f4dfa0b1c4,1.0,same,Identical graffiti removal request,sonnet,reworded
QCB9,2026,94e37252855b,2027,ebd2e53fb5c4,0.698,different,Security cameras versus comfort station reconstruction,sonnet,reworded
QCB9,2025,740b89b79c0c,2027,f764e67bfa2e,0.59,different,Welcome signs versus street tree maintenance,sonnet,reworded
QCB9,2026,77159ca96963,2027,f764e67bfa2e,0.302,different,Woodhaven Boulevard Greenstreet plantings versus tree maintenance and pruning funding,sonnet,reworded
QCB9,2026,3dbd19ed7013,2027,fed2b9739f04,0.723,same,Same Argus cameras in high crime areas,sonnet,reworded
SICB1,2020,7375408ba5be,2021,02cd4642b7db,0.659,unsure,Earlier request has no text; general safety request cannot be matched,sonnet,reworded
SICB1,2020,98a986608520,2021,0a8c0aaba990,0.333,same,same Rosebank library; later request names site behind St. Mary's,sonnet,reworded
SICB1,2020,7375408ba5be,2021,2fb7a0443853,0.607,unsure,Earlier request has no text; pedestrian safety location unknown,sonnet,reworded
SICB1,2020,064bfb8b8fff,2021,3a80d5791e91,0.84,same,Same Cromwell Center rebuild above Lyons Pool,sonnet,reworded
SICB1,2020,4cace1ba5b0e,2021,445df05c481c,0.376,unsure,"later request has no location; water main category, earlier storm sewer on Theresa Place",sonnet,reworded
SICB1,2020,8f434b78c0a3,2021,445df05c481c,0.333,unsure,North Avenue storm sewer versus water main flooding request with no location,sonnet,reworded
SICB1,2020,7375408ba5be,2021,5f4f85aae48a,0.604,unsure,Earlier request has no text; general safety request cannot be matched,sonnet,reworded
SICB1,2020,31cc3bf8a104,2021,61a568bb0184,0.456,same,"Same elementary after school category, reason reworded",sonnet,reworded
SICB1,2020,7375408ba5be,2021,8c6d9bec31b5,0.43,unsure,Earlier request has no text; Clove Road request cannot be matched,sonnet,reworded
SICB1,2020,52237e2c9dbc,2021,be285c758f19,0.663,same,Same P.S. 21 support pole padding,sonnet,reworded
SICB1,2020,4cace1ba5b0e,2021,c68250660434,0.338,unsure,"later request has no location; water main category, earlier storm sewer on Theresa Place",sonnet,reworded
SICB1,2020,4cace1ba5b0e,2021,c83357a34f48,0.37,unsure,"later request has no location; water main category, earlier storm sewer on Theresa Place",sonnet,reworded
SICB1,2020,8f434b78c0a3,2021,cff1b8f73066,0.497,unsure,later sanitary sewer request has no location; earlier storm sewer on North Avenue,sonnet,reworded
SICB1,2020,8f8807358da8,2021,cff1b8f73066,0.364,unsure,Storm sewer Homeport to Bay Street versus sanitary sewer request with no location,sonnet,reworded
SICB1,2020,dafcbb2e7018,2021,dafcbb2e7018,1.0,same,Identical middle school capacity request,sonnet,reworded
SICB1,2020,02cd3ddd70f0,2021,dd41863d1490,0.428,unsure,the later text keeps only the reason; the shelter's location is gone,resolved,reworded
SICB1,2020,e0c3ee143ff2,2021,dd9880d741e4,0.393,same,Same exterior cameras on all City buildings,sonnet,reworded
SICB1,2020,4cace1ba5b0e,2021,e5f9605dc844,0.405,unsure,"later request has no location; water main category, earlier storm sewer on Theresa Place",sonnet,reworded
SICB1,2020,f6f7c575fbbb,2021,f6f7c575fbbb,1.0,same,Identical high school capacity request,sonnet,reworded
SICB1,2020,f7d89769233c,2021,f7d89769233c,1.0,same,Identical Dixon and Lake Avenues reconstruction,sonnet,reworded
SICB1,2021,c83357a34f48,2022,29057022065e,0.558,unsure,only a reason; the request and the place are missing,resolved,reworded
SICB1,2021,65531793c955,2022,65531793c955,1.0,same,Identical P.S. 21 schoolyard paving request,sonnet,reworded
SICB1,2021,e5f9605dc844,2022,847595f128ac,0.433,unsure,only a reason; the request and the place are missing,resolved,reworded
SICB1,2021,445df05c481c,2022,a0fe12ceb004,0.539,unsure,only a reason; the request and the place are missing,resolved,reworded
SICB1,2021,cff1b8f73066,2022,a271762a8c39,0.568,unsure,only a reason; the request and the place are missing,resolved,reworded
SICB1,2021,dd41863d1490,2022,a86221c04067,0.853,same,Identical bus rider shelter text,sonnet,reworded
SICB1,2021,9f2d2ce56b11,2022,ab0dd580abc4,0.672,same,Identical text on deteriorating streets,sonnet,reworded
SICB1,2021,dafcbb2e7018,2022,dafcbb2e7018,1.0,same,Identical middle school capacity request,sonnet,reworded
SICB1,2021,f6f7c575fbbb,2022,f6f7c575fbbb,1.0,same,Identical high school capacity request,sonnet,reworded
SICB1,2021,f7d89769233c,2022,f7d89769233c,1.0,same,Identical Dixon and Lake Avenues reconstruction,sonnet,reworded
SICB1,2021,935bdbda85e0,2023,1912bc8b158a,0.633,same,Howard Ave and Clove Rd turn lane; property purchase dropped,sonnet,reworded
SICB1,2020,6814b1b8e932,2023,503968499198,0.487,same,Victory Blvd Manor to SIE flooding control repeated,sonnet,reworded
SICB1,2022,847595f128ac,2023,503968499198,0.474,unsure,then gives only a reason; now names Victory Blvd storm sewers,sonnet,reworded
SICB1,2020,249d42ab7702,2023,58c95ac90f7e,0.548,same,"Auburn Ave sewer between Stewart and Willowbrook, reworded",sonnet,reworded
SICB1,2022,a271762a8c39,2023,58c95ac90f7e,0.499,unsure,then gives only a reason; now names Auburn Avenue sewer,sonnet,reworded
SICB1,2021,cff1b8f73066,2023,58c95ac90f7e,0.343,unsure,"Earlier sewer request names no street, Auburn Ave unconfirmed",sonnet,reworded
SICB1,2022,f6f7c575fbbb,2023,58d1646d1423,0.345,different,"generic capacity ask vs specific Maritime High School, no textual link",sonnet,reworded
SICB1,2021,dd9880d741e4,2023,850ba89757b9,0.792,same,"Exterior cameras on City buildings, same request",sonnet,reworded
SICB1,2022,8306d2a38b2f,2023,850ba89757b9,0.67,unsure,then gives only a reason; now asks exterior cameras on City buildings,sonnet,reworded
SICB1,2022,dafcbb2e7018,2023,884841740bc1,0.857,same,"same middle school ask, now names Mariners Harbor",sonnet,reworded
SICB1,2022,772d49bcbb32,2023,96130313aff8,0.352,unsure,"same site; truck access and new pier versus offshore wind infrastructure, work unclear",sonnet,reworded
SICB1,2020,02cd3ddd70f0,2023,a37b8508fa3d,0.836,same,"Targee and Osgood bus shelter replacement, reworded",sonnet,reworded
SICB1,2022,a86221c04067,2023,a37b8508fa3d,0.592,unsure,then gives only a reason; now names Osgood and Targee shelter,sonnet,reworded
SICB1,2022,a0fe12ceb004,2023,cee9e49772cb,0.574,unsure,then gives only a reason; now names Bailey Place and Northfield storms,sonnet,reworded
SICB1,2021,445df05c481c,2023,cee9e49772cb,0.31,unsure,"Earlier request names no site, so Bailey Place match unknown",sonnet,reworded
SICB1,2022,ab0dd580abc4,2023,cf11b8d1109a,0.581,unsure,then gives only a reason; now names Lake and Walker Avenues,sonnet,reworded
SICB1,2023,0d705a8805d4,2024,022b56664d84,0.959,same,"same SBS routes request, typo fixed",sonnet,reworded
SICB1,2023,e0b1b09d0512,2024,3e89e24c965a,0.639,different,ADA renovation of four libraries vs facade repair at West Brighton,sonnet,reworded
SICB1,2023,7914dc7bd2b6,2024,52a6216d47df,0.496,same,Forest Avenue sewers to Broadway repeated; side streets dropped,sonnet,reworded
SICB1,2023,1105ab732e0b,2024,71bdba7f6c2d,0.815,same,"same Colonial Court curb replacement, same location; Tompkins segment not repeated",sonnet,reworded
SICB1,2023,1105ab732e0b,2024,b034f51ab195,0.749,unsure,curbs on Hylan and Lyman versus Colonial Court and Tompkins; sites unclear,sonnet,reworded
SICB1,2023,3753f6462369,2024,d85b00851bed,0.841,same,"same DOB illegal conversion enforcement, adds BEST squad funding",sonnet,reworded
SICB1,2024,71bdba7f6c2d,2025,208ae8d5c763,0.33,unsure,"Colonial Court and Broadway curbs versus curbs Broadway to Elizabeth Street, street unnamed",sonnet,reworded
SICB1,2024,3e89e24c965a,2025,24b99b8f0967,0.534,different,West Brighton facade repair vs ADA renovation at three libraries,sonnet,reworded
SICB1,2024,ee7db900d3ec,2025,24b99b8f0967,0.534,unsure,"Library ADA renovations overlap by three branches, but then limited itself to Port Richmond",sonnet,reworded
SICB1,2024,58d1646d1423,2025,2914f5dbead2,0.922,same,"same Maritime school, grades 6-12 added",sonnet,reworded
SICB1,2024,3760cdad69e9,2025,4905e8db6126,0.589,same,"same park bathrooms and fountains, now names three parks",sonnet,reworded
SICB1,2024,7b71692905e0,2025,6226e6f2594c,0.681,same,"same Pier 1 repair, added reason",sonnet,reworded
SICB1,2022,847595f128ac,2025,95da9960089b,0.358,unsure,Earlier flooding request names no site,sonnet,reworded
SICB1,2024,cf11b8d1109a,2025,b19b30e85c5a,0.778,same,"same Lake and Walker reconstruction, street name corrected",sonnet,reworded
SICB1,2025,dd6c69b32d98,2026,1912bc8b158a,0.525,different,buying Augustinian property vs left-turn lane at Howard and Clove,sonnet,reworded
SICB1,2025,24b99b8f0967,2026,51f1bd05d165,0.524,unsure,"ADA library renovation carried over, but now says only Port Richmond",sonnet,reworded
SICB1,2025,2914f5dbead2,2026,5c9ce27a4220,0.735,same,"same Maritime school, now junior high, DOE to SCA",sonnet,reworded
SICB1,2025,9a0879ac6121,2026,671963fce365,0.612,different,North Shore Greenway vs park bathrooms and fountains,sonnet,reworded
SICB1,2025,6226e6f2594c,2026,7b71692905e0,0.681,same,"same Pier 1 repair, reason dropped",sonnet,reworded
SICB1,2025,15ea16f66e69,2026,92515fa425dd,0.863,same,"same Delafield curbs and pitch request, location restated",sonnet,reworded
SICB1,2025,2ed6dab00c03,2026,9707e57726ec,0.508,same,"same smart lights request, now names Bay Street intersections",sonnet,reworded
SICB1,2025,02bab2af029c,2026,a386451f6efd,0.398,unsure,NY Wheel traffic at Jersey Street vs six-intersection Richmond Terrace signals,sonnet,reworded
SICB1,2025,1ad920ef4022,2026,ada173868a00,0.783,same,"same domestic violence survivor services request, DA program",sonnet,reworded
SICB1,2025,9a4ccac6eb72,2026,b9a25cdf2d9e,0.973,same,same adult literacy funding request,sonnet,reworded
SICB1,2025,75de834a22ba,2026,eaa315f8b875,0.619,same,"same Stapleton station safety upgrade, cameras and lighting added",sonnet,reworded
SICB1,2026,7b71692905e0,2027,f2bfc27b13f8,0.842,same,"same Pier 1 repair, DPR to EDC",sonnet,reworded
SICB2,2020,66b78370307d,2021,00b39b2b4ee9,0.976,same,same library security camera funding,sonnet,reworded
SICB2,2020,af3cfada1f33,2021,26faf02ea12f,0.853,same,"same St. George to Bay Ridge ferry request, DOT to EDC",sonnet,reworded
SICB2,2020,7a200e34791a,2021,3efc701e8da0,0.974,same,"same tree-care personnel funding, pruning reworded as maintenance",sonnet,reworded
SICB2,2020,6504e5d7d458,2021,6edfcf33e4a7,0.874,same,same rehabilitation of vacant Sea View campus buildings,sonnet,reworded
SICB2,2020,8436f3165dd3,2021,909a882dad3b,0.41,different,ambulance power-lift equipment vs brush fire unit vehicles,sonnet,reworded
SICB2,2021,a29bdbe12873,2022,3d29692da08b,0.979,same,same FDNY satellite training facility at former St. John Villa Academy,sonnet,reworded
SICB2,2021,26faf02ea12f,2022,4ad798faa2ff,0.997,same,same St. George to Bay Ridge ferry funding,sonnet,reworded
SICB2,2021,e8f91415c343,2022,6ee6efc21b0a,0.797,same,"same Meals on Wheels funding, recipient count changed",sonnet,reworded
SICB2,2021,858dd8989245,2022,71eea965eaed,0.912,same,same DOHMH rat control funding,sonnet,reworded
SICB2,2021,33af3e2224b9,2022,a47013fd594a,0.861,same,same tree stump removal staffing,sonnet,reworded
SICB2,2021,ce797084013c,2022,bfa39dcb0e48,0.912,same,same EMS Academy supplies funding,sonnet,reworded
SICB2,2021,26faf02ea12f,2022,c1c22d08e84d,0.355,same,same St. George to Bay Ridge and DUMBO ferry,sonnet,reworded
SICB2,2021,6edfcf33e4a7,2022,d66ce078b14f,0.943,same,same rehabilitation of vacant Sea View campus buildings,sonnet,reworded
SICB2,2021,00f1b18b4519,2022,e6655271351c,0.398,different,New Dorp High School gym versus New Dorp Library HVAC,sonnet,reworded
SICB2,2022,d8142c639979,2023,1640249ade7e,0.891,same,same Parks PEP officer funding,sonnet,reworded
SICB2,2022,6ee6efc21b0a,2023,46ff13093f9e,0.498,same,same Meals on Wheels funding,sonnet,reworded
SICB2,2022,a5befa0c0c47,2023,503cd8b1af15,0.982,same,same storm sewer at South Gannon and Sheraden Avenues,sonnet,reworded
SICB2,2022,6a2c69c3848f,2023,5b5ceb657aca,0.983,same,"same study of piers, docks and bulkheads",sonnet,reworded
SICB2,2022,65eb4454ef59,2023,5f083a58b157,0.924,same,"same school truck and recycling help, DSNY to DOE",sonnet,reworded
SICB2,2020,653e3a53ba52,2023,660164182ddb,0.517,different,Indoor pool versus crossing guards at the same school,sonnet,reworded
SICB2,2022,a47013fd594a,2023,695c4ff21930,0.817,same,same tree stump removal staffing,sonnet,reworded
SICB2,2022,1bb32dfa6222,2023,77227946886b,0.327,same,"same NYPL capital infrastructure funding, now briefer",sonnet,reworded
SICB2,2022,d8142c639979,2023,7aa8d8be6db1,0.633,same,same Parks security staffing request,sonnet,reworded
SICB2,2022,d3f24bb3b92d,2023,7e01a7482fda,0.991,same,same air conditioning for Staten Island schools,sonnet,reworded
SICB2,2022,3d29692da08b,2023,9137a8300e95,1.0,same,same FDNY satellite training facility at former St. John Villa Academy,sonnet,reworded
SICB2,2022,e1f5c10c5053,2023,9b1c354ce429,0.992,same,"same stormwater work on same streets, now called Bluebelt",sonnet,reworded
SICB2,2022,2fe5fbf7ea54,2023,c0ec282ec913,0.934,same,same added funding for JCC dementia programs,sonnet,reworded
SICB2,2022,3ffbbe475820,2023,c1c0e76896f0,0.998,same,same Long-Term Care Task Force request,sonnet,reworded
SICB2,2020,0b2dd3715bf6,2023,c724207f33ce,0.387,different,Midland pedestrian pathway versus Midland Playground renovation,sonnet,reworded
SICB2,2022,39945d766faf,2023,c724207f33ce,0.301,different,Father Capodanno Boulevard extension versus Midland Playground renovation,sonnet,reworded
SICB2,2022,311af1aa6f74,2023,d05527aa712b,0.333,same,same DSNY vacant lot cleaning; then states only the supporting study,sonnet,reworded
SICB2,2023,165a27c4cb50,2024,0de8f725c35e,0.968,same,same curbside organics program funding,sonnet,reworded
SICB2,2023,39945d766faf,2024,182e7c7de74c,0.714,different,Father Capodanno extension versus Midland Avenue street safety study,sonnet,reworded
SICB2,2021,b66112bb3baf,2024,2c9b7020b90c,0.372,same,"Older adult home care, case management, transportation funding; meals dropped",sonnet,reworded
SICB2,2023,90212f444670,2024,2dd90bc5b9fd,1.0,same,same Mid-Island Bluebelt acceleration,sonnet,reworded
SICB2,2023,d05527aa712b,2024,49b0291b9d5a,1.0,same,same vacant lot cleaning funding,sonnet,reworded
SICB2,2023,05a7fbd005ec,2024,4bcd510b357f,0.441,different,health and wellness campus with senior housing versus public hospital at Sea View,sonnet,reworded
SICB2,2023,660164182ddb,2024,7ae57f304cf3,1.0,same,same two crossing guards at Petrides School,sonnet,reworded
SICB2,2023,5128d301c508,2024,a770cebeca96,0.597,same,same Winfield Avenue Green Street ditch maintenance,sonnet,reworded
SICB2,2023,e6dec0fd2b90,2024,b8c42cca2cee,1.0,same,same curbside E-waste program funding,sonnet,reworded
SICB2,2023,d05527aa712b,2024,cdc0c7e30ca8,0.966,same,same vacant lot cleaning funding,sonnet,reworded
SICB2,2023,1c4c1d308f9f,2024,e70fa948ac99,0.582,same,same Sanitation Police headcount for illegal dumping,sonnet,reworded
SICB2,2023,308ce5558dbf,2024,ff54aaa598db,0.543,unsure,generic storm sewers vs Callan Avenue; Expense to Capital,sonnet,reworded
SICB2,2024,8ffda99461fa,2025,2ba3d44b2bfc,0.396,same,same school safety agent hiring,sonnet,reworded
SICB2,2024,2c9b7020b90c,2025,2c9b7020b90c,0.759,same,"identical home care staffing request, spacing differs",sonnet,reworded
SICB2,2024,ff54aaa598db,2025,864f797d2b5d,0.911,same,"same Callan Avenue storm sewers, Benedict Road added",sonnet,reworded
SICB2,2023,81081797718a,2025,e20e26c4bce1,0.336,same,More uniformed officers; headcount number changed,sonnet,reworded
SICB2,2025,23ef340251ab@39ebaf,2026,26b5a0f09a5f,1.0,same,same Willowbrook Park baseball fields; location truncated versus full,sonnet,site
SICB2,2025,e20e26c4bce1,2026,882f69fcaef9,0.757,same,same request to hire more uniformed officers,sonnet,reworded
SICB2,2025,4561e6cd16e0,2026,d1d31fc8ff63,0.81,same,same school nurse funding,sonnet,reworded
SICB2,2026,2ba3d44b2bfc,2027,3cc888bd4b25,0.334,same,"same school safety agent hiring, ratio detail added",sonnet,reworded
SICB2,2026,54ec2fef1bd5,2027,aa8f956d8355,0.457,same,same bullet-resistant vests for school safety agents,sonnet,reworded
SICB2,2026,26b5a0f09a5f,2027,c0df27bae4b7,0.57,same,same Willowbrook Park baseball field reconstruction,sonnet,reworded
SICB2,2026,b8c42cca2cee,2027,f87d48e2a57f,0.663,same,same curbside E-waste program funding,sonnet,reworded
SICB3,2020,02dd3cf42416,2021,4f96eaf9b6c2,0.848,same,same DOT curb component for DDC projects,sonnet,reworded
SICB3,2020,e5e9da3747dd,2021,772508fcd830,0.329,different,different sites: Buffalo/Durant/Emmett vs Albourne and Lenevar,sonnet,reworded
SICB3,2022,7c3bf1135adc,2023,090571fa32a0,0.768,same,same Charleston/Richmond Valley pump station,sonnet,reworded
SICB3,2022,5478840df528,2023,098c088efb60,0.559,same,same Arthur Kill Road widening and reconstruction; later request names phase B segment,sonnet,reworded
SICB3,2022,4fbb66a10bae,2023,2f00f0770fd6,0.634,same,same DCP process for turning private streets over to City,sonnet,reworded
SICB3,2022,4f96eaf9b6c2,2023,491ac3749d4b,0.36,different,DDC curb component vs curbs on streets lacking them,sonnet,reworded
SICB3,2022,5478840df528,2023,696883fff9a9,0.651,same,same Arthur Kill Road widening and reconstruction; later request names phase B segment,sonnet,reworded
SICB3,2022,b7d3637363a9,2023,69e5538b2b4a,0.544,same,same Stevenson Avenue curb for stormwater flooding; 54 Stevenson added,sonnet,reworded
SICB3,2022,5478840df528,2023,6b118c9428c3,0.372,same,"the same Arthur Kill Road widening, now as Phase III",resolved,reworded
SICB3,2022,ce219614a7bf,2023,76f189124524,0.584,same,same south shore senior aging-in-place programs,sonnet,reworded
SICB3,2022,01b2689c7507,2023,863f178b9565,0.929,same,same ARGUS camera request,sonnet,reworded
SICB3,2022,8d3634b72c44,2023,90044dc340dd,0.532,same,"same Kreischer, Androvette, Winant sewers; map amendment and Arthur Kill added",sonnet,reworded
SICB3,2022,4f96eaf9b6c2,2023,a1c9bce22428,0.319,different,DDC curb component vs curbs where none exist on streets,sonnet,reworded
SICB3,2022,5534f29d6e00,2023,c1bef9ff8c36,0.356,same,"same Sharrotts, Storer, Carlin sewers; map amendment added",sonnet,reworded
SICB3,2022,225bd816b1e3,2023,ca99fd2a2f9f,0.444,same,same stormwater flooding project south of Hylan between Richard and Swinnerton,sonnet,reworded
SICB3,2022,0c17e79e1989,2023,cbc1303d5161,0.9,same,same 123 Precinct replacement at Outerbridge Park and Ride,sonnet,reworded
SICB3,2022,5478840df528,2023,ffc196cf624f,0.64,same,same Arthur Kill Road widening and reconstruction; later request names phase A segment,sonnet,reworded
SICB3,2023,3ddac01d4dc7,2024,043e3156c938,0.758,same,same Lemon Creek Park comfort station,sonnet,reworded
SICB3,2023,2f00f0770fd6,2024,388640f1111d,0.982,same,"same DCP text amendment, now framed as a study",sonnet,reworded
SICB3,2023,a545e081ccf8,2024,3ca6d5eb9ad9,0.841,same,same DOT curb component for DDC projects,sonnet,reworded
SICB3,2025,20a51f96b987,2026,451a53ef9d69,0.722,same,"same drainage map amendment incl. Storer and Carlin, areas added",sonnet,reworded
SICB3,2023,156d4168f61e,2026,e1770d0926b1,0.351,same,"Street tree maintenance funding, tree and stump removal",sonnet,reworded
SICB3,2026,451a53ef9d69,2027,53c3f1080a92,0.79,same,"same drainage map amendment, reworded",sonnet,reworded
SICB3,2026,7142933f5464,2027,6ff0a8db0784,0.607,same,same illegal dumping enforcement with cameras,sonnet,reworded
SICB3,2026,0eb82298057b,2027,9b456bba6b91,0.698,same,same south shore senior programs request,sonnet,reworded
SICB3,2026,44db25d8121e,2027,b8587fa57dcd,0.867,same,"same Huguenot Avenue widening, Rathbun to Drumgoole",sonnet,reworded
SICB3,2026,759eb9a4cae1,2027,d871af370793,0.422,same,same new 123 Precinct at Outerbridge Park and Ride,sonnet,reworded
SICB3,2026,4deecfbd4ee1,2027,dca0c210a778,0.781,same,same Charleston/Richmond Valley pump station,sonnet,reworded
SICB3,2026,e1770d0926b1,2027,e447c0962157,0.48,same,same street tree maintenance request,sonnet,reworded
SICB3,2024,ace959b78f5d,2027,f7ed74611568,0.736,same,"Arthur Kill Road widening Phase III, same project",sonnet,reworded
